word,sw,phonetic,definition,translation,pos,collins,oxford,tag,bnc,frq,word_lower
the,the,ðә,"v. i. See Thee.
definite article. A word placed before nouns to limit or
   individualize their meaning.
adv. By that; by how much; by so much; on that account; -- used
   before comparatives; as, the longer we continue in sin, the more
   difficult it is to reform.",art. 那,a:100,5,1,zk gk,1,1,the
be,be,bi:,"v. have the quality of being; (copula, used with an adjective or a predicate noun)
v. be identical to; be someone or something
v. occupy a certain position or area; be somewhere
v. happen, occur, take place; this was during the visit to my parents' house""","v. 是, 表示, 在
[计] 后端, 总线允许",v:100,5,1,zk gk,2,2,be
of,of,ɒv,"prep. In a general sense, from, or out from; proceeding from;
   belonging to; relating to; concerning; -- used in a variety of
   applications; as:
prep. Denoting that from which anything proceeds; indicating
   origin, source, descent, and the like; as, he is of a race of kings; he
   is of noble blood.
prep. Denoting possession or ownership, or the relation of subject
   to attribute; as, the apartment of the consul: the power of the king; a
   man of courage; the gate of heaven.
prep. Denoting the material of which anything is composed, or that
   which it contains; as, a throne of gold; a sword of steel; a wreath of
   mist; a cup of water.
prep. Denoting part of an aggregate or whole; belonging to a
   number or quantity mentioned; out of; from amongst; as, of this little
   he had some to spare; some of the mines were unproductive; most of the
   company.
prep. Denoting that by which a person or thing is actuated or
   impelled; also, the source of a purpose or action; as, they went of
   their own will; no body can move of itself; he did it of necessity.
prep. Denoting reference to a thing; about; concerning; relating
   to; as, to boast of one's achievements.
prep. Denoting nearness or distance, either in space or time;
   from; as, within a league of the town; within an hour of the appointed
   time.
prep. Denoting identity or equivalence; -- used with a name or
   appellation, and equivalent to the relation of apposition; as, the
   continent of America; the city of Rome; the Island of Cuba.
prep. Denoting the agent, or person by whom, or thing by which,
   anything is, or is done; by.
prep. Denoting relation to place or time; belonging to, or
   connected with; as, men of Athens; the people of the Middle Ages; in
   the days of Herod.
prep. Denoting passage from one state to another; from.
prep. During; in the course of.","prep. 的, 属于",i:100,5,1,zk gk,3,4,of
and,and,ænd,"conj. A particle which expresses the relation of connection or
   addition. It is used to conjoin a word with a word, a clause with a
   clause, or a sentence with a sentence.
conj. In order to; -- used instead of the infinitival to,
   especially after try, come, go.
conj. It is sometimes, in old songs, a mere expletive.
conj. If; though. See An, conj.","conj. 和, 与
[计] 与",c:99/n:1,5,1,zk gk,4,3,and
a,a,ei,"n. the 1st letter of the Roman alphabet
n. the blood group whose red cells carry the A antigen","第一个字母 A; 一个; 第一的
art. [计] 累加器, 加法器, 地址, 振幅, 模拟, 区域, 面积, 汇编, 组件, 异步",a:99/t:1,5,1,zk gk,5,5,a
to,to,tu:,"prep. The preposition to primarily indicates approach and arrival,
   motion made in the direction of a place or thing and attaining it,
   access; and also, motion or tendency without arrival; movement toward;
   -- opposed to from.
prep. Hence, it indicates motion, course, or tendency toward a
   time, a state or condition, an aim, or anything capable of being
   regarded as a limit to a tendency, movement, or action; as, he is going
   to a trade; he is rising to wealth and honor.
prep. In a very general way, and with innumerable varieties of
   application, to connects transitive verbs with their remoter or
   indirect object, and adjectives, nouns, and neuter or passive verbs
   with a following noun which limits their action. Its sphere verges upon
   that of for, but it contains less the idea of design or appropriation;
   as, these remarks were addressed to a large audience; let us keep this
   seat to ourselves; a substance sweet to the taste; an event painful to
   the mind; duty to God and to our parents; a dislike to spirituous
   liquor.
prep. As sign of the infinitive, to had originally the use of last
   defined, governing the infinitive as a verbal noun, and connecting it
   as indirect object with a preceding verb or adjective; thus, ready to
   go, i.e., ready unto going; good to eat, i.e., good for eating; I do my
   utmost to lead my life pleasantly. But it has come to be the almost
   constant prefix to the infinitive, even in situations where it has no
   prepositional meaning, as where the infinitive is direct object or
   subject; thus, I love to learn, i.e., I love learning; to die for one's
   country is noble, i.e., the dying for one's country. Where the
   infinitive denotes the design or purpose, good usage formerly allowed
   the prefixing of for to the to; as, what went ye out for see? (Matt.
   xi. 8).
prep. In many phrases, and in connection with many other words, to
   has a pregnant meaning, or is used elliptically.
prep. Extent; limit; degree of comprehension; inclusion as far as;
   as, they met us to the number of three hundred.
prep. Effect; end; consequence; as, the prince was flattered to
   his ruin; he engaged in a war to his cost; violent factions exist to
   the prejudice of the state.
prep. Apposition; connection; antithesis; opposition; as, they
   engaged hand to hand.
prep. Accord; adaptation; as, an occupation to his taste; she has
   a husband to her mind.
prep. Comparison; as, three is to nine as nine is to twenty-seven;
   it is ten to one that you will offend him.
prep. Addition; union; accumulation.
prep. Accompaniment; as, she sang to his guitar; they danced to
   the music of a piano.
prep. Character; condition of being; purpose subserved or office
   filled.","prep. 到, 向, 趋于
adv. 向前",i:38/t:62,5,1,zk gk,7,7,to
have,have,hæv,"v. have or possess, either in a concrete or an abstract sense
v. have as a feature
v. have a personal or business relationship with someone
v. have left","vt. 有, 怀有, 拿, 进行
aux. 已经",n:1/v:99,5,1,zk gk,8,8,have
it,it,it,n the branch of engineering that deals with the use of computers and telecommunications to retrieve and store and transmit information,"pron. 它
[计] 信息论, 输入终端, 智能终端, 内捕获",p:100,5,1,zk gk,9,10,it
he,he,hi:,n. the 5th letter of the Hebrew alphabet,"pron. 他
n. 男孩, 男人, 雄性动物",p:100,5,1,zk gk,11,15,he
for,for,fɒ:,"prep. In the most general sense, indicating that in consideration
   of, in view of, or with reference to, which anything is done or takes
   place.
prep. Indicating the antecedent cause or occasion of an action;
   the motive or inducement accompanying and prompting to an act or state;
   the reason of anything; that on account of which a thing is or is done.
prep. Indicating the remoter and indirect object of an act; the
   end or final cause with reference to which anything is, acts, serves,
   or is done.
prep. Indicating that in favor of which, or in promoting which,
   anything is, or is done; hence, in behalf of; in favor of; on the side
   of; -- opposed to against.
prep. Indicating that toward which the action of anything is
   directed, or the point toward which motion is made; /ntending to go to.
prep. Indicating that on place of or instead of which anything
   acts or serves, or that to which a substitute, an equivalent, a
   compensation, or the like, is offered or made; instead of, or place of.
prep. Indicating that in the character of or as being which
   anything is regarded or treated; to be, or as being.
prep. Indicating that instead of which something else controls in
   the performing of an action, or that in spite of which anything is
   done, occurs, or is; hence, equivalent to notwithstanding, in spite of;
   -- generally followed by all, aught, anything, etc.
prep. Indicating the space or time through which an action or
   state extends; hence, during; in or through the space or time of.
prep. Indicating that in prevention of which, or through fear of
   which, anything is done.
conj. Because; by reason that; for that; indicating, in Old
   English, the reason of anything.
conj. Since; because; introducing a reason of something before
   advanced, a cause, motive, explanation, justification, or the like, of
   an action related or a statement made. It is logically nearly
   equivalent to since, or because, but connects less closely, and is
   sometimes used as a very general introduction to something suggested by
   what has gone before.
n. One who takes, or that which is said on, the affrimative side;
   that which is said in favor of some one or something; -- the antithesis
   of against, and commonly used in connection with it.","prep. 为, 因为, 至于
conj. 因为
[计] DOS批处理命令:对一组参数重复执行指定的命令",i:99/c:1,5,1,zk gk,12,13,for
not,not,nɒt,r. negation of a word or group of words,"adv. 不, 非, 未
[计] 非",c:1/r:99,5,1,zk gk,13,28,not
that,that,ðæt,"pron., a., conj., &  As a demonstrative pronoun (pl. Those),
   that usually points out, or refers to, a person or thing previously
   mentioned, or supposed to be understood. That, as a demonstrative, may
   precede the noun to which it refers; as, that which he has said is
   true; those in the basket are good apples.
pron., a., conj., &  As an adjective, that has the same
   demonstrative force as the pronoun, but is followed by a noun.
pron., a., conj., &  As a relative pronoun, that is
   equivalent to who or which, serving to point out, and make definite, a
   person or thing spoken of, or alluded to, before, and may be either
   singular or plural.
pron., a., conj., &  As a conjunction, that retains much of
   its force as a demonstrative pronoun.
pron., a., conj., &  To introduce a clause employed as the
   object of the preceding verb, or as the subject or predicate nominative
   of a verb.
pron., a., conj., &  To introduce, a reason or cause; --
   equivalent to for that, in that, for the reason that, because.
pron., a., conj., &  To introduce a purpose; -- usually
   followed by may, or might, and frequently preceded by so, in order, to
   the end, etc.
pron., a., conj., &  To introduce a consequence, result, or
   effect; -- usually preceded by so or such, sometimes by that.
pron., a., conj., &  In an elliptical sentence to introduce
   a dependent sentence expressing a wish, or a cause of surprise,
   indignation, or the like.
pron., a., conj., &  As adverb: To such a degree; so; as, he
   was that frightened he could say nothing.","a. 那, 那个
conj. 以致, 因为
pron. 那
adv. 那么, 那样",p:1/c:66/d:33,5,1,zk gk,14,12,that
you,you,ju:,"dat. & obj. The pronoun of the second person, in the nominative,
   dative, and objective case, indicating the person or persons addressed.
   See the Note under Ye.","pron. 你, 你们",p:100,5,1,zk gk,15,14,you
with,with,wið,"n. See Withe.
prep. With denotes or expresses some situation or relation of
   nearness, proximity, association, connection, or the like.
prep. To denote a close or direct relation of opposition or
   hostility; -- equivalent to against.
prep. To denote association in respect of situation or
   environment; hence, among; in the company of.
prep. To denote a connection of friendship, support, alliance,
   assistance, countenance, etc.; hence, on the side of.
prep. To denote the accomplishment of cause, means, instrument,
   etc; -- sometimes equivalent to by.
prep. To denote association in thought, as for comparison or
   contrast.
prep. To denote simultaneous happening, or immediate succession
   or consequence.
prep. To denote having as a possession or an appendage; as, the
   firmament with its stars; a bride with a large fortune.","prep. 和...在一起, 以, 由于",i:100,5,1,zk gk,16,16,with
on,on,ɒn,"a. in operation or operational
a. (of events) planned or scheduled
r. indicates continuity or persistence or concentration
r. in a state required for something to function or be effective","prep. 在...之上
adv. ...上去
a. 正起作用的
[计] 打开",i:91/r:8/j:1,5,1,zk gk ielts,17,17,on
they,they,ðei,"obj. The plural of he, she, or it. They is never used
   adjectively, but always as a pronoun proper, and sometimes refers to
   persons without an antecedent expressed.","pron. 他们, 它们",p:100,5,1,zk gk,18,21,they
do,do,du:,"n. the syllable naming the first (tonic) note of any major scale in solmization
v. get (something) done
v. proceed or get along
v. create or design, often in a certain way","v. 做, 进行, 完成",v:100,5,1,zk gk,19,18,do
by,by,bai,r. so as to pass a given point,"prep. 被, 经, 由, 在...之旁
adv. 经过, 在近处",i:97/r:3,5,1,zk gk,20,30,by
she,she,ʃi:,"obj. This or that female; the woman understood or referred to;
   the animal of the female sex, or object personified as feminine, which
   was spoken of.
obj. A woman; a female; -- used substantively.",pron. 她,p:100,5,1,zk gk,21,31,she
at,at,æt,n. 100 at equal 1 kip in Laos,"prep. 在, 向, 对
[计] 地址转换器, 异常传输, 自动订票",i:100,5,1,zk gk,22,22,at
this,this,θis,"pron. & a. As a demonstrative pronoun, this denotes something
   that is present or near in place or time, or something just mentioned,
   or that is just about to be mentioned.
pron. & a. As an adjective, this has the same demonstrative
   force as the pronoun, but is followed by a noun; as, this book; this
   way to town.","pron. 这, 本
a. 这, 本
adv. 这么",r:1/d:99,5,1,zk gk,23,20,this
but,but,bʌt,r and nothing more,"prep. 除了
conj. 但是
adv. 仅仅",i:2/c:98,5,1,zk gk,24,23,but
his,his,hiz,"pron. Belonging or pertaining to him; -- used as a pronominal
   adjective or adjective pronoun; as, tell John his papers are ready;
   formerly used also for its, but this use is now obsolete.
pron. The possessive of he; as, the book is his.","pron. 他的
[化] 组氨酸",a:98/p:2,5,1,zk gk,25,25,his
we,we,wi:,"pl.  of I
obj. The plural nominative case of the pronoun of the first
   person; the word with which a person in speaking or writing denotes a
   number or company of which he is one, as the subject of an action
   expressed by a verb.",pron. 我们,p:100,5,1,zk gk,26,24,we
from,from,frɒm,"prep. Out of the neighborhood of; lessening or losing proximity
   to; leaving behind; by reason of; out of; by aid of; -- used whenever
   departure, setting out, commencement of action, being, state,
   occurrence, etc., or procedure, emanation, absence, separation, etc.,
   are to be expressed. It is construed with, and indicates, the point of
   space or time at which the action, state, etc., are regarded as setting
   out or beginning; also, less frequently, the source, the cause, the
   occasion, out of which anything proceeds; -- the aritithesis and
   correlative of to; as, it, is one hundred miles from Boston to
   Springfield; he took his sword from his side; light proceeds from the
   sun; separate the coarse wool from the fine; men have all sprung from
   Adam, and often go from good to bad, and from bad to worse; the merit
   of an action depends on the principle from which it proceeds; men judge
   of facts from personal knowledge, or from testimony.","prep. 从, 来自, 根据",i:100,5,1,zk gk,27,26,from
which,which,hwitʃ,"a. Of what sort or kind; what; what a; who.
a. A interrogative pronoun, used both substantively and
   adjectively, and in direct and indirect questions, to ask for, or refer
   to, an individual person or thing among several of a class; as, which
   man is it? which woman was it? which is the house? he asked which route
   he should take; which is best, to live or to die? See the Note under
   What, pron., 1.
pron. A relative pronoun, used esp. in referring to an
   antecedent noun or clause, but sometimes with reference to what is
   specified or implied in a sentence, or to a following noun or clause
   (generally involving a reference, however, to something which has
   preceded). It is used in all numbers and genders, and was formerly used
   of persons.
pron. A compound relative or indefinite pronoun, standing for
   any one which, whichever, that which, those which, the . . . which, and
   the like; as, take which you will.","pron. 哪一个, 那一个",d:100,5,1,zk gk,28,58,which
or,or,ɒ:,"n a state in northwestern United States on the Pacific
n a room in a hospital equipped for the performance of surgical operations","conj. 或, 或者
[计] 或",c:100,5,1,zk gk,29,32,or
will,will,wil,"n. a fixed and persistent intent or purpose
n. a legal document declaring a person's wishes regarding the disposal of their property when they die
v. decree or ordain
v. determine by choice","n. 意志, 决心, 意愿, 意向, 干劲, 遗嘱
vt. 用意志的力量驱使, 决意, 愿意, 立遗嘱
vi. 下决心, 愿意
aux. 将, 愿意, 必须",n:3/v:97,4,1,zk gk,31,48,will
say,say,sei,"n. the chance to speak
v. communicate or express nonverbally
v. utter aloud
v. state as one's opinion or judgement; declare","vt. 说, 讲, 念, 说明, 指明
vi. 说, 讲
n. 意见, 发言权",r:1/v:99,5,1,zk gk ielts,32,19,say
as,as,æz,"n a very poisonous metallic element that has three allotropic forms; arsenic and arsenic compounds are used as herbicides and insecticides and various alloys; found in arsenopyrite and orpiment and realgar
n a United States territory on the eastern part of the island of Samoa
n a metric unit of length equal to one ten billionth of a meter (or 0.0001 micron); used to specify wavelengths of electromagnetic radiation
n any of several fat-soluble vitamins essential for normal vision; prevents night blindness or inflammation or dryness of the eyes
n one of the four nucleotides used in building DNA; all four nucleotides have a common phosphate group and a sugar (ribose)
n (biochemistry) purine base found in DNA and RNA; pairs with thymine in DNA and with uracil in RNA
n the basic unit of electric current adopted under the Systeme International d'Unites
n the 1st letter of the Roman alphabet
n the blood group whose red cells carry the A antigen
r to the same degree (often followed by `as')","adv. 同样地, 例如
prep. 做为, 当作
conj. 当...之时, 以...的方式, 像...一样, 因为
[计] 高级系统, 先进系统, 辅助存储器, 自治系统",i:34/c:53/r:13,5,1,zk gk ielts,33,33,as
would,would,wud,"imp. of Will
v. t. Commonly used as an auxiliary verb, either in the past
   tense or in the conditional or optative present. See 2d & 3d Will.
n. See 2d Weld.","aux. 将, 愿意",v:100,5,1,zk gk,34,41,would
their,their,ðєә,"pron. & a. The possessive case of the personal pronoun they;
   as, their houses; their country.",pron. 他们的,a:100,5,1,zk gk,36,36,their
there,there,ðєә,"n. a location other than here; that place
r. in or at that place
r. in that matter
r. to or toward that place; away from the speaker",adv. 在那里,p:70/r:29/n:1,5,1,zk gk,37,53,there
what,what,hwɒt,"pron., a., & adv. As an interrogative pronoun, used in asking
   questions regarding either persons or things; as, what is this? what
   did you say? what poem is this? what child is lost?
pron., a., & adv. As an exclamatory word: -- (a) Used absolutely
   or independently; -- often with a question following.
pron., a., & adv. Used adjectively, meaning how remarkable, or
   how great; as, what folly! what eloquence! what courage!
pron., a., & adv. Sometimes prefixed to adjectives in an
   adverbial sense, as nearly equivalent to how; as, what happy boys!
pron., a., & adv. As a relative pronoun
pron., a., & adv. Used substantively with the antecedent
   suppressed, equivalent to that which, or those [persons] who, or those
   [things] which; -- called a compound relative.
pron., a., & adv. Used adjectively, equivalent to the . . .
   which; the sort or kind of . . . which; rarely, the . . . on, or at,
   which.
pron., a., & adv. Used adverbially in a sense corresponding to
   the adjectival use; as, he picked what good fruit he saw.
pron., a., & adv. Whatever; whatsoever; what thing soever; --
   used indefinitely.
pron., a., & adv. Used adverbially, in part; partly; somewhat;
   -- with a following preposition, especially, with, and commonly with
   repetition.
n. Something; thing; stuff.
interrog. adv. Why? For what purpose? On what account?","pron. 什么
interj. 怎么, 多么
a. 什么的
adv. 到什么程度",d:100,5,1,zk gk,38,34,what
all,all,ɒ:l,"a. quantifier; used with either mass or count nouns to indicate the whole number or amount of or every one of a class
s. completely given to or absorbed by","a. 所有的, 全部的, 一切的
adv. 全部, 全然
pron. 全部
n. 全部",r:17/d:83,5,1,zk gk ielts,39,43,all
if,if,if,"conj. In case that; granting, allowing, or supposing that; --
   introducing a condition or supposition.
conj. Whether; -- in dependent questions.","conj. 如果, 是否, 无论何时, 假设, 即使
n. 条件
[计] DOS批处理命令:根据所测试的条件决定是否执行另一条命令",c:100,5,1,zk gk,40,40,if
get,get,get,"n. a return on a shot that seemed impossible to reach and would normally have resulted in a point for the opponent
v. come into the possession of something concrete or abstract
v. cause to move; cause to be in a certain position or condition
v. succeed in catching or seizing, especially after a chase","vt. 得到, 获得, 变成, 使得, 收获, 接通, 抓住, 染上
vi. 到达, 成为, 变得
n. (网球等)救球, 生殖, 幼兽
[计] 取得指令, 获取文件",v:100,5,1,zk gk ielts,41,39,get
her,her,hә:,"pron. & a. The form of the objective and the possessive case of
   the personal pronoun she; as, I saw her with her purse out.
pron. pl. Alt. of Here","pron. 她的, 她",a:70/p:30,5,1,zk gk,42,42,her
make,make,meik,"v. engage in
v. give certain properties to something
v. make or cause to be or to become
v. compel or make somebody or something to act in a certain way","vt. 制造, 安排, 创造, 构成, 使得, 产生, 造成, 整理, 布置, 引起, 到达, 进行
vi. 开始, 前进, 增大, 被制造, 被处理
n. 制造, 构造, 性情",n:1/v:99,3,1,zk gk ielts,43,45,make
go,go,gou,"n. a time for working (after which you will be relieved by someone else)
n. a board game for two players who place counters on a grid; the object is to surround and so capture the opponent's counters
v. follow a procedure or take a course
v. move away from a place into another direction","vi. 去, 走, 达到, 运转, 查阅, 消失, 结束, 放弃, 花费, 流传, 趋于, 打算, 剩下
vt. 以...打赌, 对付, 忍受, 出产, 为被捕者出(保释金)
n. 去, 尝试, 进行",v:100,5,1,zk gk ielts,44,35,go
who,who,hu:,n a United Nations agency to coordinate international health activities and to help governments improve health services,pron. 谁,p:100,5,1,zk gk,45,38,who
one,one,wʌn,"n. the smallest whole number or a numeral representing this number
n. a single person or thing
s. used of a single unit or thing; not two or more
s. having the indivisible character of a unit","n. 一(个)
pron. 一, 任何人
num. 一, 一个
a. 一致的, 完整的",p:31/m:64/n:5,5,1,zk gk ielts,46,51,one
see,see,si:,"n. the seat within a bishop's diocese where his cathedral is located
v. perceive by sight or have the power to perceive by sight
v. deem to be
v. be careful or certain to do something; make certain of something","vt. 看见, 查看, 参观, 游览, 理解, 知道, 同意
vi. 看, 观看, 注意, 知道, 考虑
n. 主教的职位",v:100,5,1,zk gk,47,67,see
so,so,sәu,"r. to a very great extent or degree
r. in a manner that facilitates
r. in such a condition or manner, especially as expressed or implied
r. to a certain unspecified extent or degree","adv. 如此, 如是, 如...那样
conj. 所以, 因此
pron. 这样",c:20/r:79/j:1,3,1,zk gk,48,55,so
know,know,nәu,"n. the fact of being aware of information that is known to few people
v. be cognizant or aware of a fact or a specific piece of information; possess knowledge or information about
v. know how to do or perform something
v. be aware of the truth of something; have a belief or faith in something; regard as true beyond any doubt","v. 知道, 了解, 认识, 确信",n:1/v:99,3,1,zk gk,49,47,know
time,time,taim,"n. an instance or single occasion for some event
n. a period of time considered as a resource under your control and sufficient to accomplish something
n. an indefinite period (usually marked by specific attributes or activities)
n. a suitable moment","n. 时间, 时侯, 时机, 时期, 期限, 次数, 节拍, 暂停, 规定时间
vt. 测定...的时间, 记录...的时间, 计时, 定时
a. 时间的, 记时的, 定时的, 定期的, 分期的
[计] DOS内部命令:用于显示或设定系统的时间",v:1/n:99,5,1,zk gk ielts,50,52,time
some,some,sʌm,"a. quantifier; used with either mass nouns or plural count nouns to indicate an unspecified number or quantity
s. relatively much but unspecified in amount or extent
s. relatively many but unspecified in number
s. remarkable","pron. 一些, 一部分, 若干
adv. 大约
a. 一些的, 少许的, 某一的",p:1/d:99,5,1,zk gk,53,60,some
when,when,hwen,"adv. At what time; -- used interrogatively.
adv. At what time; at, during, or after the time that; at or
   just after, the moment that; -- used relatively.
adv. While; whereas; although; -- used in the manner of a
   conjunction to introduce a dependent adverbial sentence or clause,
   having a causal, conditional, or adversative relation to the principal
   proposition; as, he chose to turn highwayman when he might have
   continued an honest man; he removed the tree when it was the best in
   the grounds.
adv. Which time; then; -- used elliptically as a noun.","conj. 当...的时候
adv. 何时, 什么时候
pron. 什么时侯
n. 时间",c:71/r:29,5,1,zk gk,54,57,when
could,could,kud,"imp. of Can
imp. Was, should be, or would be, able, capable, or
   susceptible. Used as an auxiliary, in the past tense or in the
   conditional present.","aux. 可以, 能",v:100,5,1,zk,55,71,could
year,year,jiә,"n. a period of time containing 365 (or 366) days
n. a period of time occupying a regular part of a calendar year that is used for some particular activity
n. the period of time that it takes for a planet (as, e.g., Earth or Mars) to make a complete revolution around the sun","n. 年, 年度, 年龄
[经] 年度",n:100,5,1,zk gk,56,54,year
into,into,'intu:,"prep. To the inside of; within. It is used in a variety of
   applications.
prep. Expressing entrance, or a passing from the outside of a
   thing to its interior parts; -- following verbs expressing motion; as,
   come into the house; go into the church; one stream falls or runs into
   another; water enters into the fine vessels of plants.
prep. Expressing penetration beyond the outside or surface, or
   access to the inside, or contents; as, to look into a letter or book;
   to look into an apartment.
prep. Indicating insertion; as, to infuse more spirit or
   animation into a composition.
prep. Denoting inclusion; as, put these ideas into other words.
prep. Indicating the passing of a thing from one form,
   condition, or state to another; as, compound substances may be resolved
   into others which are more simple; ice is convertible into water, and
   water into vapor; men are more easily drawn than forced into
   compliance; we may reduce many distinct substances into one mass; men
   are led by evidence into belief of truth, and are often enticed into
   the commission of crimes'into; she burst into tears; children are
   sometimes frightened into fits; all persons are liable to be seduced
   into error and folly.","prep. 进入...之内, 朝..., 深入...之中, 成为...状况",i:100,5,1,zk gk,57,65,into
its,its,its,n the branch of engineering that deals with the use of computers and telecommunications to retrieve and store and transmit information,pron. 它的,a:100,5,1,zk gk,58,78,its
then,then,ðen,"n. that time; that moment
s. at a specific prior time
r. subsequently or soon afterward (often used as sentence connectors)
r. in that case or as a consequence","adv. 然后, 当时
conj. 然后, 当时
n. 那时",r:99/j:1,5,1,zk gk,59,77,then
my,my,mai,"a. Of or belonging to me; -- used always attributively; as, my
   body; my book; -- mine is used in the predicate; as, the book is mine.
   See Mine.","pron. 我的
[医] 迈尔(热容单位)",a:100,5,1,zk gk,61,44,my
out,out,aut,"n. (baseball) a failure by a batter or runner to reach a base safely in baseball
v. reveal (something) about somebody's identity or lifestyle
v. be made known; be disclosed or revealed
a. not allowed to continue to bat or run","a. 外面的, 熄灭的, 结束的
adv. 在外, 熄灭, 出现
prep. 出自, 离去, 向",i:26/r:73/v:1,5,1,zk gk,62,64,out
about,about,ә'baut,"s. on the move
r. all around or on all sides
r. in the area or vicinity
r. used of movement to or among many different places or in no particular direction","prep. 在...周围, 大约, 有关, 关于
adv. 大约, 四处, 在附近, 周围",i:80/r:20,5,1,zk gk,63,46,about
think,think,θiŋk,"n. an instance of deliberate thinking
v. judge or regard; look upon; judge
v. expect, believe, or suppose
v. use or exercise the mind or one's power of reason in order to make inferences, decisions, or arrive at a solution or judgments","vt. 想, 考虑, 想起, 想像, 打算, 认为
vi. 思考, 料想
n. 想法
a. 思想的",n:1/v:99,5,1,zk gk,64,56,think
come,come,kʌm,"v. move toward, travel toward something or somebody or approach something or somebody
v. come to pass; arrive, as in due course
v. reach or enter a state, relation, condition, use, or position
v. to be the product or result","vi. 过来, 来, 到达, 出现, 开始
interj. 喂",v:100,5,1,zk gk ielts,65,70,come
your,your,juә,"pron. & a. The form of the possessive case of the personal
   pronoun you.","pron. 你的, 你们的",a:99/p:1,5,1,zk gk,66,69,your
now,now,nau,"n. the momentary present
r. in the historical present; at this point in the narration of a series of past events
r. used to preface a command or reproof or request
r. at the present moment","adv. 现在, 刚才, 目前
n. 现在
a. 现在的
conj. 由于",c:4/r:96,5,1,zk gk,67,72,now
no,no,nәu,"n. a negative
a. quantifier; used with either mass nouns or plural count nouns for indicating a complete or almost complete lack or zero quantity of
r. referring to the degree to which a certain quality is present
r. not in any degree or manner; not at all","n. 不, 拒绝, 否决票
a. 没有, 不是, 绝非
adv. 不",a:74/p:6/r:10/u:8/d:2,5,1,zk gk,68,93,no
other,other,'ʌðә,"a. not the same one or ones already mentioned or implied
s. recently past
s. very unusual; different in character or quality from the normal or expected","a. 其他的, 另外的, 从前的
pron. 其他的, 他人, 另外一个",i:4/p:8/j:88,5,1,zk gk,69,75,other
only,only,'әunli,"r. with nevertheless the final result
r. in the final outcome
r. except that; only this time she came out better""
r. never except when","a. 唯一的, 仅有的, 最佳的
adv. 只有, 仅仅, 只能
conj. 但是, 不过",r:76/j:24,5,1,zk gk,70,101,only
give,give,giv,"n. the elasticity of something that can be stretched and returns to its original length
v. cause to have, in the abstract sense or physical sense
v. transfer possession of something concrete or abstract to somebody
v. convey or reveal information","n. 弹性, 适应性
vt. 给, 授予, 供给, 产生, 发表, 付出, 献出, 让出
vi. 捐赠, 支持不住, 让步",v:100,5,1,zk gk ielts,71,98,give
good,good,gud,"n. benefit
n. moral excellence or admirableness
n. that which is pleasing or valuable or useful
a. having desirable or positive qualities especially those suitable for a thing specified","n. 善行, 好处, 利益
a. 好的, 优良的, 上等的, 愉快的, 有益的, 好心的, 慈善的, 虔诚的",r:2/j:94/n:4,5,1,zk gk ielts,73,110,good
more,more,mɒ:,"n. English statesman who opposed Henry VIII's divorce from Catherine of Aragon and was imprisoned and beheaded; recalled for his concept of Utopia, the ideal state
a. (comparative of `much' used with mass nouns) a quantifier meaning greater in size or amount or extent or degree
a. (comparative of `many' used with count nouns) quantifier meaning greater in number
r. used to form the comparative of some adjectives and adverbs","n. 更多
a. 多的, 程度较大的, 更大的
adv. 多, 更多, 进一步
[计] DOS外部命令:显示满屏后自动暂停, 并显示:""--More--"", 按任意键继续",r:55/d:44/n:1,5,1,zk,74,81,more
people,people,'pi:pl,"n. (plural) any group of human beings (men or women or children) collectively
n. members of a family line
v. fill with people
v. furnish with people","n. 人, 人民, 民族, 平民
vt. 使住满人, 居住于",v:1/n:99,5,1,zk gk,75,62,people
also,also,'ɒ:lsәu,r in addition,"adv. 也, 并且, 同样地",r:100,5,1,zk gk,77,87,also
any,any,'eni,"s. one or some or every or all without specification
r. to any degree or extent","a. 任何的
pron. 任何",r:2/d:98,5,1,zk gk,78,109,any
first,first,fә:st,"n. the first or highest in an ordering or series
n. the first element in a countable series
n. an honours degree of the highest class
a. preceding all others in time or space or degree","adv. 首先, 第一, 优先
a. 第一的
num. 第一
n. 开始, 第一",r:3/m:96/n:1,5,1,zk gk,79,86,first
very,very,'veri,"s. precisely as stated
r. used as intensifiers; `real' is sometimes used informally for `really'; `rattling' is informal
r. precisely so","a. 真正的, 恰好的, 十足的, 特有的
adv. 非常, 完全",r:92/j:8,5,1,zk gk,80,105,very
new,new,nju:,"a. not of long duration; having just (or relatively recently) come into being or been made or acquired or discovered
s. having no previous example or precedent or parallel
s. other than the former one(s); different
a. unaffected by use or exposure","a. 新的, 陌生的, 最近的, 不熟悉的
[法] 新发现的, 新的, 重新开始的",r:1/j:99,5,1,zk gk,81,88,new
look,look,luk,"n. the act of directing the eyes toward something and perceiving it visually
n. physical appearance
v. perceive with attention; direct one's gaze towards
v. give a certain impression or have a certain outward aspect","n. 一看, 神色, 样子, 面容
vi. 看, 注意, 朝着, 显得
vt. 打量, 看上去与...一样, 以眼色(或脸色)显示, 期待",n:12/v:88,5,1,zk gk,82,85,look
may,may,mei,n. the month following April and preceding June,"n. 五月
aux. 愿能, 可以, 愿意",v:100,4,1,zk gk ielts,83,119,may
should,should,ʃud,"imp. of Shall
imp. Used as an auxiliary verb, to express a conditional or
   contingent act or state, or as a supposition of an actual fact; also,
   to express moral obligation (see Shall); e. g.: they should have come
   last week; if I should go; I should think you could go.","aux. 应该, 将要",v:100,5,1,zk gk,85,121,should
way,way,wei,"n. the condition of things generally
n. a course of conduct
n. any artifact consisting of a road or path affording passage from one place to another
n. a journey or passage","n. 路, 路线, 路途, 方法, 道路, 情形, 规模, 习惯, 行业, 方面
adv. 远远地, 非常",r:2/n:98,5,1,zk gk toefl,86,84,way
use,use,ju:s,"n. the act of using
n. a particular service
n. (law) the exercise of the legal right to enjoy the benefits of owning property
v. put into service; make work or employ for a particular purpose or for its inherent or natural purpose","n. 使用, 习惯, 使用价值, 用法, 使用权
vt. 使用, 利用, 运用, 耗费
vi. 惯常",n:19/v:81,4,1,zk gk,87,92,use
like,like,laik,"n. a similar kind
n. a kind of person
v. find enjoyable or agreeable
v. be fond of","a. 相似的, 同样的
vt. 喜欢, 愿意, 想
vi. 喜欢, 希望
n. 爱好, 同样的人(或物)
prep. 象, 如同
adv. 可能",c:4/i:68/j:2/n:2/r:2/v:22,5,1,zk gk,88,74,like
than,than,ðæn,"conj. A particle expressing comparison, used after certain
   adjectives and adverbs which express comparison or diversity, as more,
   better, other, otherwise, and the like. It is usually followed by the
   object compared in the nominative case. Sometimes, however, the object
   compared is placed in the objective case, and than is then considered
   by some grammarians as a preposition. Sometimes the object is expressed
   in a sentence, usually introduced by that; as, I would rather suffer
   than that you should want.
adv. Then. See Then.","conj. 比, 除...外
prep. 比",i:9/c:91,5,1,zk gk,89,73,than
how,how,hau,"adv. In what manner or way; by what means or process.
adv. To what degree or extent, number or amount; in what
   proportion; by what measure or quality.
adv. For what reason; from what cause.
adv. In what state, condition, or plight.
adv. By what name, designation, or title.
adv. At what price; how dear.","adv. 如何, 怎样, 多少, 多么
n. 方式",r:100,5,1,zk gk,90,76,how
man,man,mæn,"n. an adult person who is male (as opposed to a woman)
n. the generic use of the word to refer to any human being
n. a male subordinate
n. an adult male person who has a manly character (virile and courageous competent)","n. 男人, 人类, 人
vt. 为...配备人手, 操纵, 使振奋
[计] 城域网, 手册",v:1/n:99,5,1,zk gk,91,94,man
find,find,faind,"v. come upon, as if by accident; meet with
v. come upon after searching; find the location of something that was missed or lost
v. come to believe on the basis of emotion, intuitions, or indefinite grounds
v. obtain through effort or management","vt. 发现, 感到, 找到, 认为, 得到
vi. 裁决
n. 发现
[计] 查找; DOS外部命令:在指定的文件或从键盘输入的文本行中
寻找指定的字符串, 将符合条件的行或行数输出到标准输出设备上",n:1/v:99,5,1,zk gk,92,95,find
our,our,'auә,"pl.  of I
possessive pron. Of or pertaining to us; belonging to us; as, our
   country; our rights; our troops; our endeavors. See I.",pron. 我们的,a:100,5,1,zk gk,93,79,our
want,want,wɒnt,"v. have need of
v. hunt or look for; want for a particular reason
v. wish or demand the presence of
v. be without, lack; be deficient in","n. 需要的东西, 缺乏, 贫困, 需要
vt. 要, 希望, 应该, 缺少
vi. 生活困苦, 需要, 缺少",n:1/v:99,5,1,zk gk gre,94,83,want
day,day,dei,"n. time for Earth to make a complete rotation on its axis
n. some point or period in time
n. a day assigned to a particular purpose or observance
n. the time after sunrise and before sunset while it is light outside","n. 天, 日子, 白天, 工作日
[医] 日(一昼夜), 昼, 白天",n:100,5,1,zk gk ielts,95,90,day
after,after,'ɑ:ftә,"s. located farther aft
r. behind or in the rear","prep. 在...之后, 由于
conj. 在...之后
adv. 后来",i:68/c:31/r:1,5,1,zk gk,96,120,after
between,between,bi'twi:n,"r. in the interval
r. in between",prep. 在...之间,i:98/r:1/j:1,5,1,zk gk,97,140,between
many,many,'meni,a. a quantifier that can be used with count nouns and is often preceded by `as' or `too' or `so' or `that'; amounting to a large but indefinite number,"n. 多数, 多数人
a. 许多的
pron. 许多",d:100,5,1,zk gk,98,99,many
because,because,bi'kɒ:z,"conj. By or for the cause that; on this account that; for the
   reason that.
conj. In order that; that.",conj. 因为,i:15/c:85,5,1,zk gk,101,89,because
back,back,bæk,"n. the posterior part of a human (or animal) body from the neck to the end of the spine
n. the part of something that is furthest from the normal viewer
n. (football) a person who plays in the backfield
n. the part of a garment that covers the back of your body","a. 后面的
vt. 使后退, 支持
vi. 倒退, 背靠
adv. 向后地
n. 背部, 后面",r:71/v:3/j:2/n:24,5,1,zk gk ielts,105,108,back
thing,thing,θiŋ,"n. a special situation
n. an action
n. a special abstraction
n. an artifact","n. 事物, 东西, 物, 用品, 事, 事件, 情况, 行为, 特征",n:100,5,1,zk gk,106,97,thing
tell,tell,tel,"n. a Swiss patriot who lived in the early 14th century and who was renowned for his skill as an archer; according to legend an Austrian governor compelled him to shoot an apple from his son's head with his crossbow (which he did successfully without mishap)
v. let something be known
v. narrate or give a detailed account of
v. discern or comprehend","vt. 告诉, 说, 吩咐, 断定, 知道
vi. 讲述, 泄密, 告发, 表明",v:100,5,1,zk gk,107,103,tell
such,such,sʌtʃ,"s. of so extreme a degree or extent
r. to so extreme a degree","a. 如此的, 这样的",i:37/d:63,5,1,zk gk,108,183,such
through,through,θru:,"s. (of a route or journey etc.) continuing without requiring stops or changes
r. from beginning to end
r. over the whole distance
r. to completion","adv. 穿越, 从头至尾, 到底, 因为
prep. 经过, 穿过
a. 对穿的, 直达的, 完结的",i:91/r:8/j:1,5,1,zk gk,109,112,through
over,over,'әuvә,"n. (cricket) the division of play during which six balls are bowled at the batsman by one player from the other team from the same end of the pitch
r. at or to a point across intervening space etc.
r. throughout an area
r. throughout a period of time","adv. 结束, 越过, 从头到尾
prep. 在...之上, 遍于...之上, 越过
a. 上面的
vt. 越过",i:58/n:1/r:40/j:1,5,1,zk gk,110,124,over
must,must,mʌst,"n. a necessary or essential thing
n. grape juice before or during fermentation
s. highly recommended","n. 必须, 未发酵葡萄汁, 绝对必要的事物
aux. 必须",n:1/v:99,5,1,zk,111,223,must
still,still,stil,"n. a static photograph (especially one taken from a movie and used for advertising purposes)
n. an apparatus used for the distillation of liquids; consists of a vessel in which a substance is vaporized by heat and a condenser where the vapor is condensed
v. lessen the intensity of or calm
v. make motionless","n. 蒸馏室, 寂静, 剧照
v. 蒸馏, (使)平静, (使)静止
a. 静止的, 不动的, 静寂的, 不起泡的, 静物摄影的
adv. 仍然, 更, 静止地
conj. 然而, 但是",n:1/r:95/j:4,5,1,zk gk toefl,112,126,still
child,child,tʃaild,"n. a young person of either sex
n. a human offspring (son or daughter) of any age
n. an immature childish person
n. a member of a clan or tribe","n. 孩子, 产物, 追随者
[医] 儿童",n:100,5,1,zk gk ielts,114,115,child
too,too,tu:,"r to a degree exceeding normal or proper limits
r in addition","adv. 也, 非常, 太",r:100,5,1,zk gk,115,133,too
put,put,put,"v. put into a certain place or abstract location
v. cause to be in a certain state; cause to be in a certain relation
v. attribute or give
v. cause (someone) to undergo something","vt. 放, 摆, 安置, 移动, 发射, 投掷, 写上, 表达, 使从事, 使受到, 驱使, 赋予
vi. 出发, 航行, 发芽
n. 掷, 股票出售权, 笨蛋
a. 固定不动的
[计] 发送文件",n:1/v:99,5,1,zk gk ielts,116,151,put
here,here,hiә,"n. the present location; this place
s. being here now
r. in or at this place; where the speaker or writer is
r. in this circumstance or respect or on this point or detail","adv. 在这里, 此时, 这里
n. 这里",r:99/n:1,5,1,zk gk,117,96,here
own,own,әun,"v. have ownership or possession of
s. belonging to or on behalf of a specified person (especially yourself); preceded by a possessive","n. 自己的
a. 自己的, 嫡亲的, 同胞的
vt. 拥有, 支配, 自认, 承认, 顺从于
vi. 承认, 供认",d:87/v:13,5,1,zk gk,118,148,own
oh,oh,әu,n a midwestern state in north central United States in the Great Lakes region,interj. (表示惊讶、恐怖、赞叹)哦,u:100,5,1,gk,120,411,oh
become,become,bi'kʌm,"v. enter or assume a certain state or condition
v. undergo a change or development
v. come into existence
v. enhance the appearance of","vi. 变成, 变得
vt. 适合",v:100,5,1,zk gk ielts,122,139,become
Mr,mr,'mistә(r),n a form of address for a man,"先生
[计] 存储器回收程序, 多重请求",,5,1,,123,191,mr
work,work,wә:k,"n. activity directed toward making or doing something
n. a product produced or accomplished through the effort or activity or agency of a person or thing
n. (physics) a manifestation of energy; the transfer of energy from one physical system to another expressed as the product of a force and the distance through which it moves a body in the direction of that force
v. exert oneself by doing mental or physical work for a purpose or out of necessity","n. 工作, 劳动, 职业, 行为, 功, 作品, 成果, 产品, 工程
vi. 工作, 劳动, 做, 运转, 起作用, 被加工
vt. 使工作, 使转动, 开动, 使用, 经营, 使逐渐变得, 造成",n:38/v:62,5,1,zk gk,125,117,work
old,old,әuld,"n. past times (especially in the phrase `in days of old')
a. (used especially of persons) having lived for a relatively long time or attained a specific age
a. of long duration; not new
s. (used for emphasis) very familiar","n. 以前, 往昔
a. 老的, 旧的, 古老的, 年长的, 老练的",j:99/n:1,5,1,zk gk,126,152,old
leave,leave,li:v,"n. the period of time during which you are absent from work or duty
n. permission to do something
v. go away from a place
v. go and leave behind, either intentionally or by neglect or forgetfulness","n. 许可, 告别, 请假, 休假
vt. 离开, 剩下, 遗忘, 委托, 丢弃
vi. 出发, 离开, 生叶",n:3/v:97,5,1,zk gk ielts,127,150,leave
life,life,laif,"n. a characteristic state or mode of living
n. the experience of being alive; the course of human events and activities
n. the course of existence of an individual; the actions and events that occur in living
n. the period during which something is functional (as between birth and death)","n. 生活, 生命, 人生, 世事, 生物, 寿命, 一生, 生命力, 灵魂, 无期徒刑
[医] 生活, 生存, 生命, 寿命",n:100,5,1,zk gk,128,114,life
great,great,greit,"n. a person who has achieved distinction and honor in some field
s. relatively large in size or number or extent; larger than others of its kind
s. of major significance or importance
s. remarkable or out of the ordinary in degree or magnitude or effect","a. 大的, 非常的, 主要的, 重大的, 崇高的, 伟大的
adv. 顺利地, 得意地
n. 全部, 大人物, 大师",r:2/j:98,5,1,zk gk,129,160,great
woman,woman,'wumәn,"n. an adult female person (as opposed to a man)
n. a female person who plays a significant role (wife or mistress or girlfriend) in the life of a particular man","n. 女人, 妇女, 女仆
a. 女用的, 女性的, 妇女的
vt. 贬称...为女人, 使成女人腔",n:100,5,1,zk gk,130,111,woman
where,where,hwєә,"pron. & conj. Whether.
adv. At or in what place; hence, in what situation, position,
   or circumstances; -- used interrogatively.
adv. At or in which place; at the place in which; hence, in the
   case or instance in which; -- used relatively.
adv. To what or which place; hence, to what goal, result, or
   issue; whither; -- used interrogatively and relatively; as, where are
   you going?
conj. Whereas.
n. Place; situation.","adv. 在哪里
pron. 哪里
n. 地点",c:52/r:48,5,1,zk gk,131,169,where
need,need,ni:d,"n. a condition requiring relief
n. anything that is necessary but lacking
v. have or feel a need for","n. 需要, 必须, 缺乏
vt. 需要, 必需
vi. 贫困, 有必要
aux. 需要",n:22/v:78,5,1,zk gk,132,132,need
seem,seem,si:m,"v. appear to exist
v. appear to one's own mind or opinion","vi. 象是, 似乎",v:100,5,1,zk gk,134,165,seem
feel,feel,fi:l,"n. an intuitive awareness; 
n. manual stimulation of the genital area for sexual pleasure
v. undergo an emotional sensation or be in a particular state of mind
v. perceive by a physical sensation, e.g., coming from the skin or muscles","vt. 感觉, 觉得, 触摸, 以为
vi. 有知觉, 摸索, 同情
n. 感觉, 觉得, 触摸",n:3/v:97,5,1,zk gk ielts,135,134,feel
system,system,'sistәm,"n. instrumentality that combines interrelated interacting artifacts designed to work as a coherent entity
n. a group of independent but interrelated elements comprising a unified whole
n. (physical chemistry) a sample of matter in which substances in different phases are in equilibrium
n. a complex of methods or rules governing behavior","n. 系统, 体系, 制度, 方式, 秩序, 分类原则
[计] 系统; 体制; 体系",n:100,5,1,gk cet4 cet6 ky toefl ielts,136,191,system
same,same,seim,"a. same in identity
a. closely similar or comparable in kind or quality or quantity or degree
s. unchanged in character or nature","a. 相同的, 同样的
pron. 相同的人(或事物)
adv. 同样地",r:1/d:99,5,1,zk gk,137,161,same
part,part,pɑ:t,"n. something determined in relation to something that includes it
n. something less than the whole of a human artifact
n. a portion of a natural object
n. that which concerns a person with regard to a particular role or situation","n. 部分, 局部, 零件, 要素, 等分, 职责, 角色, 部位
vt. 分开, 分离, 断绝, 区别, 分配
vi. 分开, 断裂, 分手
a. 部分的, 局部的
adv. 部分地, 有些",i:2/r:8/v:2/n:88,3,1,zk gk cet4 ky ielts,140,178,part
ask,ask,ɑ:sk,"v. inquire about
v. make a request or demand for something to somebody
v. direct or put; seek an answer to
v. consider obligatory; request and expect","vi. 问, 要求
vt. 问, 要求, 邀请, 需要",v:100,5,1,zk gk,141,131,ask
group,group,gru:p,"n. any number of entities (members) considered as a unit
n. (chemistry) two or more atoms bound together as a single unit and forming part of a molecule
n. a set that is closed, associative, has an identity element and every element has an inverse
v. arrange into a group or groups","n. 团体, 组, 团, 群
v. 聚合, 成群
[计] 创建组; 组, 用户组",v:1/n:99,5,1,zk gk ielts gre,142,163,group
number,number,'nʌmbә,"n. the property possessed by a sum or total or indefinite quantity of units or individuals
n. a concept of quantity involving zero and units
n. a select company of people
n. a numeral or string of numerals that is used for identification","n. 数, 数字, 数目, 号码
vt. 数, 计算, 共计
vi. 计算, 报数
[计] 数字",v:2/n:98,5,1,zk gk,143,204,number
yes,yes,jes,n. an affirmative,"adv. 是
n. 是, 同意
v. 同意",u:100,5,1,zk gk,144,258,yes
however,however,hau'evә,"r. despite anything to the contrary (usually following a concession)
r. by contrast; on the other hand; the second, however, took hours""
r. to whatever degree or extent
r. in whatever way or manner","adv. 然而, 无论如何, 究竟怎样
conj. 然而, 可是",r:100,5,1,zk gk cet4 ky,145,284,however
world,world,wә:ld,"n. people in general; especially a distinctive group of people with some shared interest
n. all of your experiences that determine how things appear to you
n. a part of the earth that can be considered separately
n. all of the living human inhabitants of the earth","n. 世界, 地球, 宇宙, 万物, 世人, 人间, 领域, 世事, 世故, 社会生活, 大量
[法] 世界, 地球, 世人",n:100,5,1,zk gk ielts,146,123,world
show,show,ʃәu,"n. the act of publicly exhibiting or entertaining
n. a social event involving a public performance or entertainment
v. give an exhibition of to an interested audience
v. make visible or noticeable","n. 显示, 表现, 展览, 卖弄, 炫耀, 外观, 演出, 洋相
vt. 表示, 显示, 展现, 陈列, 演出, 表明, 指出, 带领
vi. 露面, 显现, 演出
[计] 显示",n:30/v:70,5,1,zk gk,147,177,show
house,house,haus,"n. a dwelling that serves as living quarters for one or more families
n. the members of a religious community living together
n. the audience gathered together in a theatre or cinema
n. an official assembly having legislative powers","n. 房子, 住宅, 机构, 议院, 家族, 家庭
vt. 给...房子住, 收藏
vi. 住, 躲藏",v:8/n:92,5,1,zk gk toefl ielts,148,257,house
area,area,'єәriә,"n. a particular geographical region of indefinite boundary (usually serving some special purpose or distinguished by its people or culture or geography)
n. a subject of study
n. a part of an animal that has a special function or is supplied by a given artery or nerve
n. a part of a structure having some specific characteristic or function","n. 区域, 面积, 范围, 空地
[计] 区域",n:100,5,1,zk gk cet4 ky ielts,149,230,area
another,another,ә'nʌðә,s. any of various alternatives; some other,"a. 另外的, 再一的, 不同的
pron. 又一个, 另一个, 类似的另一个",p:6/d:94,5,1,zk gk,150,145,another
company,company,'kʌmpәni,"n. an institution created to conduct business
n. small military unit; usually two or three platoons
n. the state of being with someone
n. organization of performers and associated personnel (especially theatrical)","n. 公司, 友伴, 交往, 连队, 朋友, 一群
vt. 陪伴
vi. 交往",n:100,5,1,zk gk toefl ielts,151,189,company
high,high,hai,"n. a lofty level or position or degree
n. an air mass of higher than normal pressure
n. a state of sustained elation
n. a state of altered consciousness induced by alcohol or narcotics","n. 高度, 高处
a. 高的, 高级的, 主要的, 高尚的, 高原的, 高音的, 昂贵的, 傲慢的
adv. 高度地, 奢侈地",r:3/j:96/n:1,5,1,zk gk,152,141,high
most,most,mәust,"a. (superlative of `many' used with count nouns and often preceded by `the') quantifier meaning the greatest in number
a. the superlative of `much' that can be used with mass nouns and is usually preceded by `the'; a quantifier meaning the greatest in amount or extent or degree
r. used to form the superlative
r. very","n. 最多, 最大
a. 大多数的, 几乎全部的, 最多的
adv. 最, 最多, 极其",r:55/d:45,5,1,zk gk ielts,153,144,most
problem,problem,'prɒblәm,"n. a state of difficulty that needs to be resolved
n. a question raised for consideration or solution","n. 问题, 难题
a. 成问题的, 难处理的",n:100,5,1,zk gk,154,171,problem
against,against,ә'geinst,"prep. Abreast; opposite to; facing; towards; as, against the
   mouth of a river; -- in this sense often preceded by over.
prep. From an opposite direction so as to strike or come in
   contact with; in contact with; upon; as, hail beats against the roof.
prep. In opposition to, whether the opposition is of
   sentiment or of action; on the other side; counter to; in contrariety
   to; hence, adverse to; as, against reason; against law; to run a race
   against time.
prep. By of before the time that; in preparation for; so as
   to be ready for the time when.","prep. 反对, 对着, 倚靠",i:100,5,1,zk gk cet4 ky,155,180,against
again,again,ә'gein,r. anew,"adv. 再一次, 又, 到原处",r:100,5,1,zk gk,156,184,again
never,never,'nevә,"r. not ever; at no time in the past or future
r. not at all; certainly not; not in any circumstances","adv. 从不, 决不, 不曾
[法] 永不, 决不, 从来没有",r:100,5,1,zk gk,157,138,never
under,under,'ʌndә,"s. lower in rank, power, or authority
r. down to defeat, death, or ruin
r. through a range downward
r. into unconsciousness","prep. 在...之下, 低于
a. 下面的, 从属的
adv. 在下面",i:88/r:12,5,1,zk gk,158,225,under
try,try,trai,"v. make an effort or attempt
v. give pain or trouble to
v. test the limits of
v. melt (fat or lard) in order to separate out impurities","n. 尝试, 试验, 审理, 审判
vt. 试, 尝试, 试验, 考验, 审问, 提炼
vi. 尝试, 试图",n:2/v:98,5,1,zk gk,159,127,try
service,service,'sә:vis,"n. work done by one person or group that benefits another
n. an act of help or assistance
n. the act of public worship following prescribed rules
n. a company or agency that performs a public service; subject to government regulation","n. 服务, 贡献, 雇佣, 公职, 服役, 功劳, 仪式, 送达, 行政部门
vt. 保养, 维修
a. 武装部队的, 服务性的, 仆人的, 耐用的
[计] 服务, 业务",v:2/n:98,5,1,zk gk ielts,160,263,service
call,call,kɒ:l,"n. a telephone connection
n. a special disposition (as if from a divine source) to pursue a particular course
n. a demand especially in the phrase ""the call of duty""
n. a brief social visit","n. 呼叫, 访问, 打电话, 号召, 召集, 要求
vt. 呼叫, 召集, 打电话
vi. 叫喊, 访问, 叫牌
[计] 调用; 呼叫; DOS内部命令:在批处理文件中调用另一个批处理文件",n:17/v:83,5,1,zk gk ielts,161,122,call
hand,hand,hænd,"n. the (prehensile) extremity of the superior limb
n. ability
n. a position given by its location to the side of an object
n. the cards held in a card game by a given player at any given time","n. 手, 爪, 指针, 掌握, 协助, 人手, 手艺, 手迹, 支配, 插手
vt. 交给, 支持, 搀扶",v:8/n:92,4,1,zk gk ielts,163,174,hand
much,much,mʌtʃ,"n. a great amount or extent
a. (quantifier used with mass nouns) great in quantity or degree or extent
r. to a great degree or extent
r. very","n. 大量, 许多, 重要的事
a. 很多的, 重要的
adv. 多, 甚, 几乎",c:1/r:34/d:65,5,1,zk gk,164,146,much
school,school,sku:l,"n. an educational institution
n. a building where young people receive education
n. the process of being formally educated at a school
n. a body of creative artists or writers or thinkers linked by a similar style or by similar teachers","n. 学校, 鱼群, 门派, 学派
vt. 教育, 训练, 培养
vi. 成群地游",v:1/n:99,5,1,zk gk ielts gre,165,125,school
party,party,'pɑ:ti,"n. an organization to gain political power
n. a group of people gathered together for pleasure
n. a band of people associated temporarily in some activity
n. an occasion on which people can assemble for social interaction and entertainment","n. 宴会, 党, 政党, 团体, 当事人, 聚会
v. 举办聚会",v:1/n:99,5,1,zk gk toefl ielts,166,351,party
small,small,smɒ:l,"n. the slender part of the back
n. a garment size for a small person
a. limited or below average in number or quantity or magnitude or extent
s. slight or limited; especially in degree or intensity or scope","a. 小的, 少的, 小型的, 低微的, 小气的, 细微的
adv. 些微地
n. 狭小部分",r:1/j:99,5,1,zk gk,168,203,small
why,why,hwai,"n. the cause or intention underlying an action or situation, especially in the phrase `the whys and wherefores'","adv. 为什么
n. 原因, 理由",r:99/n:1,5,1,zk gk,169,158,why
each,each,i:tʃ,"s. (used of count nouns) every one considered individually
r. to or from every one of two or more (considered individually)","a. 每个, 每一
adv. 每个
pron. 每个, 个人, 各自",p:22/d:78,5,1,zk gk,170,192,each
keep,keep,ki:p,"n. the main tower within the walls of a medieval castle or fortress
v. keep in a certain state, position, or activity; e.g., ""keep clean""
v. retain possession of
v. look after; be the keeper of; have charge of","n. 生计, 维持, 保持
vt. 保持, 保存, 遵守, 看守, 整理, 维持, 履行, 经营, 拘留, 记帐
vi. 保持, 继续不断",n:1/v:99,5,1,zk gk ielts,171,156,keep
provide,provide,prә'vaid,"v. give what is desired or needed, especially support, food or sustenance
v. determine (what is to happen in certain contingencies), especially by including a proviso condition or stipulation
v. supply means of subsistence; earn a living
v. take measures in preparation for","vt. 提供, 供应, 规定, 预备
vi. 作准备, 抚养, 规定",v:100,5,1,zk gk cet4 cet6 ky toefl,172,262,provide
while,while,hwail,n. a period of indeterminate length (usually short) marked by some action or condition,"n. 一会儿, (一段)时间
conj. 当...的时候, 虽然
vt. 消磨",c:88/n:12,4,1,zk gk,173,153,while
off,off,ɒf,"a. not in operation or operational
s. below a satisfactory level
a. (of events) no longer planned or scheduled
s. in an unpalatable state","a. 关着的, 不再生效的, 处于...境况的, 休假的, 空闲的
adv. 走开, ...掉, ...下, 休息, 出发, 隔断
prep. 离开, 脱落, 不在从事......, 在...之外
vi. 离开, 滚开
vt. 杀死
n. 关闭状态
[计] 关闭, 清屏命令",i:35/r:63/j:2,5,1,zk gk,174,205,off
country,country,'kʌntri,"n. the territory occupied by a nation
n. an area outside of cities and towns","n. 国家, 乡村, 地区, 故乡
a. 乡下的, 农村的
[计] DOS外部命令:用于设定国家代码, 包括日期时间及货币格式",n:100,5,1,zk gk ielts,175,166,country
point,point,pɒint,"n. a geometric element that has position but no extension
n. the precise location of something; a spatially limited location
n. a brief version of the essential meaning of something
n. an instant of time","n. 点, 小数点, 标点, 地点, 要点, 特点, 尖端, 分数, 得分, 穴位
vt. 弄尖, 强调, 指出, 加标点于, 瞄准
vi. 指, 指向, 表明",v:27/n:73,5,1,zk gk cet4 cet6 ky ielts,176,211,point
hold,hold,hәuld,"n. power by which something or someone is affected or dominated
n. a stronghold
n. a cell in a jail or prison
v. have or hold in one's hands or grip","n. 把握, 把持力, 柄, 控制, 掌握, 监禁
vt. 保存, 握住, 拿住, 占据, 持有, 拥有
vi. 支持, 持续, 有效
n. 保留
[计] 保留",n:6/v:94,4,1,zk gk ielts gre,178,213,hold
really,really,'riәli,"r in accordance with truth or fact or reality
r in actual fact
r in fact (used as intensifiers or sentence modifiers)
r used as intensifiers; `real' is sometimes used informally for `really'; `rattling' is informal","adv. 实际上, 真实地, 实在",r:100,5,1,zk,179,143,really
week,week,wi:k,"n. any period of seven consecutive days
n. a period of seven consecutive days starting on Sunday","n. 星期, 周",n:100,5,1,zk gk,180,188,week
large,large,lɑ:dʒ,"n. a garment size for a large person
a. above average in size or number or quantity or magnitude or extent
s. fairly large or important in effect; influential
s. having broad power and range and scope","a. 大的, 大量的, 宽大的, 广博的
adv. 大大地, 夸大地",r:3/j:97,5,1,zk gk,181,220,large
member,member,'membә,"n. one of the persons who compose a social group (especially individuals who have joined and participate in a group organization)
n. anything that belongs to a set or class
n. an organization that is a member of another organization (especially a state that belongs to a group of nations)","n. 成员, 会员
[医] │肢, 肢体",n:100,5,1,zk gk,182,285,member
turn,turn,tә:n,"n. the act of changing or reversing the direction of the course
n. (game) the activity of doing something in an agreed succession
n. an unforeseen development
n. the act of turning away or in the opposite direction","n. 转弯, 转动, 旋转, 翻转, 一圈, 顺次, 改动, 变化, 性格, 特色, 形状, 转折
vt. 使旋转, 转弯, 转动, 使转向, 驱赶, 阻挡, 兑换, 改写, 使作对, 绕过, 使流通
vi. 转动, 转弯, 转向, 翻转, 回转, 改变, 转身, 变成, 变质, 晕眩, 易脱手",n:13/v:87,5,1,zk gk,183,170,turn
always,always,'ɒ:lweiz,"r. at all times; all the time and on every occasion
r. at any time or in any event
r. forever; throughout all time","adv. 总是, 始终",r:100,5,1,zk gk,185,206,always
follow,follow,'fɒlәu,"v. to travel behind, go after, come after
v. come as a logical consequence; follow logically
v. travel along a certain course
v. come after in time, as a result","vt. 跟随, 沿行, 遵循, 追求
vi. 跟随, 接着
n. 跟随, 追随",n:1/v:99,5,1,zk gk cet4 cet6 ky,186,325,follow
end,end,end,"n. either extremity of something that has length
n. the point in time at which something ends
n. the concluding parts of an event or occurrence
n. a final part or section","n. 结束, 终点, 目标, 末端, 梢, 死亡, 残余
v. 结束, 终结, 终止
[计] 端; 结束",v:36/n:64,5,1,zk gk ielts,187,278,end
without,without,wi'ðaut,"prep. On or at the outside of; out of; not within; as,
   without doors.
prep. Out of the limits of; out of reach of; beyond.
prep. Not with; otherwise than with; in absence of,
   separation from, or destitution of; not with use or employment of;
   independently of; exclusively of; with omission; as, without labor;
   without damage.
conj. Unless; except; -- introducing a clause.
adv. On or art the outside; not on the inside; not within;
   outwardly; externally.
adv. Outside of the house; out of doors.","prep. 没有, 不, 在...之外
adv. 在外面, 户外
n. 外面, 外部",i:98/r:2,5,1,zk gk,188,218,without
few,few,fju:,"n. a small elite group
a. a quantifier that can be used with count nouns and is often preceded by `a'; a small but indefinite number","a. 很少的, 不多的, 少数的
n. 少数",d:100,5,1,zk gk,189,185,few
within,within,wi'ðin,r on the inside,"n. 内部, 里头
adv. 在内部, 在内心里
prep. 在...之内",i:95/r:5,5,1,gk cet4 cet6 ky,190,352,within
local,local,'lәukәl,"n. public transport consisting of a bus or train that stops at all stations or stops
a. relating to or applicable to or concerned with the administration of a city or town or district rather than a larger area
a. of or belonging to or characteristic of a particular locality or neighborhood
a. affecting only a restricted part or area of the body","a. 地方性的, 当地的, 局部的, 乡土的, 本地的
n. 当地居民, 本地新闻, 局部
[计] 本地的; 局部",j:96/n:4,5,1,gk cet4 cet6 ky ielts,191,423,local
during,during,'djuәriŋ,"prep. In the time of; as long as the action or existence of;
   as, during life; during the space of a year.",prep. 在...的时候,i:100,5,1,zk gk,192,198,during
begin,begin,bi'gin,"n. Israeli statesman (born in Russia) who (as prime minister of Israel) negotiated a peace treaty with Anwar Sadat (then the president of Egypt) (1913-1992)
v. have a beginning, in a temporal, spatial, or evaluative sense
v. set in motion, cause to start
v. begin to speak or say","v. 开始
[计] 开始",v:100,5,1,zk gk,193,164,begin
state,state,steit,"n. the territory occupied by one of the constituent administrative districts of a nation
n. the way something is with respect to its main attributes
n. the group of people comprising the government of a sovereign state
n. a politically organized body of people under a single government","n. 州, 状态, 情形, 国家, 政府, 领土, 国务, 社会地位
a. 国家的, 正式的, 礼仪用的, 州的
vt. 说明, 陈述, 规定
[计] 状态",v:15/n:85,5,1,zk gk cet4 cet6 ky,194,137,state
bring,bring,briŋ,"v. take something or somebody with oneself somewhere
v. cause to come into a particular state or condition
v. cause to happen or to occur as a consequence
v. go or come after and bring or take back","vt. 带来, 产生, 促使, 提出
vi. 生产",v:100,5,1,zk gk ielts,195,215,bring
word,word,wә:d,"n. a unit of language that native speakers can identify
n. a brief statement
n. a verbal command for action
n. a word is a string of bits stored in computer memory","n. 话, 消息, 词, 诺言, 命令
vt. 用言辞表达
[计] 字",v:1/n:99,5,1,zk gk,196,244,word
although,although,ɒ:l'ðou,"conj. Grant all this; be it that; supposing that;
   notwithstanding; though.","conj. 虽然, 尽管",c:100,5,1,zk gk cet4 ky,197,378,although
before,before,bi'fɒ:,"r earlier in time; previously
r at or in the front","prep. 在...之前
conj. 在...之前
adv. 在前",i:51/c:31/r:18,5,1,zk gk,198,219,before
next,next,'nekst,r. at the time or occasion immediately following,"n. 下一个
a. 下一个的, 其次的, 贴近的
adv. 然后, 下次, 次于
[计] 近邻干扰",i:13/m:87,5,1,zk gk,199,217,next
family,family,'fæmәli,"n. a social unit living together
n. primary social group; parents and children
n. people descended from a common ancestor
n. (biology) a taxonomic group containing one or more genera","n. 家庭, 家人, 族
a. 家庭的",n:100,5,1,zk gk ielts,200,147,family
fact,fact,fækt,"n. a piece of information about circumstances that exist or events that have occurred
n. a statement or assertion of verified information about something that is the case or has happened
n. an event known to have happened or something known to have existed
n. a concept whose truth can be proved","n. 事实, 真实性, 真相, 细节, 论据",n:100,5,1,zk gk cet4 ky,201,235,fact
social,social,'sәuʃәl,"a. relating to human society and its members
a. living together or enjoying life in communities or organized groups
a. relating to or belonging to or characteristic of high society
s. composed of sociable people or formed for the purpose of sociability","a. 社会的, 群居的, 社交的
n. 联欢会",j:100,5,1,zk gk cet4 cet6 ky ielts,202,319,social
help,help,help,"v. give help or assistance; be of service
v. improve the condition of
v. be of use
v. contribute to the furtherance of","n. 帮忙, 帮助者, 补救办法, 有益的东西
vt. 帮助, 帮忙, 接济, 治疗, 款待
vi. 有用, 救命, 招待
[计] 帮助, 帮助程序; DOS外部命令: DOS命令的电子文件帮助程序",n:17/v:83,5,1,zk gk,204,167,help
start,start,stɑ:t,"n. the beginning of anything
n. a turn to be a starter (in a game at the beginning)
n. a line indicating the location of the start of a race or a game
n. the advantage gained by beginning early (as in a race)","n. 惊起, 出发, 开端, 起点, 吃惊, 有利条件
vi. 开始, 出发, 启动, 跳起, 吃惊, 出现, 松动, 脱落, 起价, 参赛
vt. 使惊起, 开动, 发动, 启动, 开始, 创办, 提议, 使松动, 使脱落, 起用
[计] 起始",n:11/v:89,5,1,zk gk,205,173,start
quite,quite,kwait,"r. to a degree (not used with a negative)
r. to the greatest extent; completely
r. of an unusually noticeable or exceptional or remarkable kind (not used with a negative)
r. actually or truly or to an extreme","adv. 相当, 完全, 十分",r:100,5,1,zk gk,206,561,quite
run,run,rʌn,"n. a score in baseball made by a runner touching all four bases safely
n. (American football) a play in which a player attempts to carry the ball through or past the opposing team
n. a regular trip
n. the act of running; traveling on foot at a fast pace","n. 跑, 赛跑, 奔跑, 奔跑的路程, 趋向, 流出, 运转时间, 连续
vi. 跑, 奔跑, 跑步, 赛跑, 竞赛, 行驶, 运转, 进行, 蔓延
vt. 使跑, 参赛, 追究, 驾驶, 开动, 管理, 经营, 使流出, 运行
a. 熔化的, 融化的, 浇铸的
run的过去式和过去分词
[计] 运行",n:15/v:85,5,1,zk gk,208,202,run
head,head,hed,"n. the upper part of the human body or the front part of the body in animals; contains the face and brains
n. a single domestic animal
n. a person who is in charge
n. the front of a military formation or procession","n. 头, 头脑, 领袖, 脑袋, 最前的部分
vt. 为首, 朝向, 前进, 用头顶
vi. 朝特定方向行进, (作物)结穗
a. 头的, 在顶端的, 主要的
[计] 磁头; 冲头",v:20/j:3/n:77,5,1,zk gk toefl,209,251,head
every,every,'evri,"s. (used of count nouns) each and all of the members of a group considered singly and without exception
s. each and all of a series of entities or intervals as specified","a. 每一, 所有的",a:99/r:1,5,1,zk gk,210,172,every
write,write,rait,"v. produce a literary work
v. communicate or express by writing
v. communicate (with) in writing
v. communicate by letter","vt. 书写, 著述, 写, 写满, 写信给
vi. 写, 写字, 写信, 写作, 作曲
[计] 书写器",v:100,5,1,zk gk,211,228,write
side,side,said,"n. a place within a region identified relative to a center or reference location
n. one of two or more contesting groups
n. either the left or right half of a body
n. a surface forming part of the outside of an object","n. 旁边, 侧, 方面, 胁, 侧边, 血统
a. 旁的, 侧的, 次要的
vt. 同意, 支持
vi. 支持, 赞助",v:1/n:99,5,1,zk gk ielts,212,249,side
set,set,set,"n. a group of things of the same kind that belong together and are so used
n. (mathematics) an abstract collection of numbers or symbols
n. several exercises intended to be done in series
n. an unofficial association of people or groups","n. 日落, 同伙, 组合, 集合, 装置
vt. 放, 安置, 放置, 设定, 使凝结, 点燃, 确定, 点缀, 使就位, 树立, 分配, 调整
vi. 日落, 凝固, 定型, 搁住, 结果, 适合
a. 决心的, 规定的, 故意的, 持久的, 固定的, 老套的, 准备好的
[计] 设置; DOS内部命令:改变或显示分配给环境变量的值",n:26/j:1/v:73,3,1,zk gk ielts,213,294,set
month,month,mʌnθ,n. a time unit of approximately 30 days,"n. 月
[经] 月",n:100,5,1,zk gk ielts,214,236,month
business,business,'biznis,"n. a commercial or industrial enterprise and the people who constitute it
n. a rightful concern or responsibility
n. an immediate objective
n. the volume of commercial activity","n. 生意, 事情, 业务, 商业, 商行, 职责
[经] 企业, 商业, 营业",n:100,5,1,zk gk cet4 cet6 ky ielts,215,246,business
night,night,nait,"n. the time after sunset and before sunrise while it is dark outside
n. a period of ignorance or backwardness or gloom
n. the period spent sleeping
n. the dark part of the diurnal cycle considered a time unit","n. 夜, 夜晚, 晚上, 黑暗, 夜晚的工作
[法] 夜, 黑夜, 黑暗",n:100,5,1,zk gk ielts,216,209,night
eye,eye,ai,"n. the organ of sight
n. good discernment (either visually or as if visually)
n. attention to what is seen
n. a small hole or loop (as in a needle)","n. 眼睛, 视力, 看
vt. 看, 注视",v:2/n:98,5,1,zk gk ielts,219,242,eye
move,move,mu:v,"n. the act of deciding to do something
n. the act of changing your residence or place of business
n. (game) a player's turn to take some action permitted by the rules of the game
v. cause to move or shift into a new position or place, both in a concrete and in an abstract sense","n. 移动, 迁居, 步骤
vt. 移动, 开动, 感动, 搬(家)
vi. 移动, 离开, 运行, 迁移, 摇动, 搬家, 交往, 进展, 脱手
[计] 移动; 传送; DOS外部命令:移动文件, 它可将文件移动到指定的地方",n:13/v:87,5,1,zk gk,220,207,move
question,question,'kwestʃәn,"n. an instance of questioning
n. the subject matter at issue
n. a sentence of inquiry that asks for a reply
n. an informal reference to a marriage proposal","n. 问题, 询问
v. 询问, 审问, 怀疑
[计] 询问",v:9/n:91,5,1,zk gk,221,197,question
play,play,plei,"n. a dramatic work intended for performance by actors on a stage
n. a theatrical performance of a drama
n. a preset plan of action in team sports
n. a state in which action is feasible","n. 游戏, 游玩, 玩笑, 运动, 比赛, 赌博, 跳动, 表演, 剧本
v. 玩, 游戏, 假装, 开玩笑, 比赛, 扮演, 演奏, 演戏, 传摇曳, (使)跳动
[计] 播放",n:19/v:81,5,1,zk gk,224,200,play
power,power,'pauә,"n. possession of controlling influence
n. (physics) the rate of doing work; measured in watts (= joules/second)
n. one possessing or exercising power or influence or authority
v. supply the force or power for the functioning of","n. 力, 体力, 力量, 势力, 动力, 权力, 强国, 乘方, 强度, 幂, 功率
vt. 使...有力量, 供以动力, 激励
[计] 乘幂; DOS外部命令:能控制许多电池电源计算机上的电源管理特性",v:3/n:97,5,1,gk cet4 ky ielts,225,271,power
change,change,tʃeindʒ,"n. an event that occurs when something passes from one state or phase to another
n. a relational difference between states; especially between states before and after some event
n. the action of changing something
n. the result of alteration or modification","n. 变化, 找回的零钱, 找头, 更换
vt. 改变, 更换, 兑换",n:48/v:52,5,1,zk gk,226,306,change
pay,pay,pei,"v. give money, usually in exchange for goods or services
v. do or give something to somebody in return
v. be worth it
v. render","n. 薪资, 付款, 补偿
vt. 支付, 付清, 补偿, 偿还, 对...有利, 为...涂防水物
vi. 付款, 付出代价, 偿还, 得到报应, 获得好处",n:9/v:91,5,1,zk gk ielts,227,286,pay
young,young,jʌŋ,"n. any immature animal
n. United States film and television actress (1913-2000)
n. United States civil rights leader (1921-1971)
n. British physicist and Egyptologist; he revived the wave theory of light and proposed a three-component theory of color vision; he also played an important role in deciphering the hieroglyphics on the Rosetta Stone (1773-1829)","a. 年轻的, 无经验的, 朝气蓬勃的
n. 青年们, 幼小动物, 崽",j:100,5,1,zk gk,228,234,young
both,both,bәuθ,s. (used with count nouns) two considered together; the two,"a. 两者的
adv. 两者都
pron. 两者",r:43/d:57,5,1,zk gk,229,255,both
often,often,'ɒ:fn,r. in many cases or instances,"adv. 时常, 常常",r:100,5,1,zk gk,230,274,often
interest,interest,'intrist,"n. a sense of concern with and curiosity about someone or something
n. the power of attracting or holding one's attention (because it is unusual or exciting etc.)
n. a fixed charge for borrowing money; usually a percentage of the amount borrowed
n. (law) a right or legal share of something; a financial involvement with something","n. 兴趣, 嗜好, 利息, 利益, 爱好, 趣味, 势力
vt. 使感兴趣, 与...有关系",v:3/n:97,5,1,zk gk cet4 cet6 ky toefl ielts,231,416,interest
national,national,'næʃәnәl,"n. a person who owes allegiance to that nation
a. of or relating to or belonging to a nation or country
a. limited to or in the interests of a particular nation
a. concerned with or applicable to or belonging to an entire nation or country","a. 国家的, 国立的, 全国性的, 民族的
[经] 全国性的, 国家的, 国民的",j:99/n:1,5,1,zk gk cet4 cet6 ky ielts,232,231,national
money,money,'mʌni,"n. the most common medium of exchange; functions as legal tender
n. wealth reckoned in terms of money
n. the official currency issued by a government or national bank","n. 金钱, 一笔款, 财富, 货币, 金额
[经] 货币, 金钱, 财产",n:100,5,1,zk gk ielts,233,232,money
book,book,buk,"n. a written work or composition that has been published (printed on pages bound together)
n. physical objects consisting of a number of pages bound together
n. a collection of playing cards satisfying the rules of a card game
n. a collection of rules or prescribed standards on the basis of which decisions are made","n. 书, 书籍, 帐簿, 名册, 工作簿
v. 登记, 预订
[计] 工作簿",v:2/n:98,5,1,zk gk ielts,235,241,book
water,water,'wɒ:tә,"n. binary compound that occurs at room temperature as a clear colorless odorless tasteless liquid; freezes into ice below 0 degrees centigrade and boils above 100 degrees centigrade; widely used as a solvent
n. once thought to be one of four elements composing the universe (Empedocles)
n. a liquid necessary for the life of most animals and plants
v. supply with water, as with channels or ditches or streams","n. 水, 雨水, 海水, 水位, 水面, 流水
vt. 给...浇水, 供以水, 注入水, 使湿
vi. 流泪, 流口水, 加水
a. 水的, 水上的, 水生的, 含水的",v:2/n:98,5,1,zk gk ielts,236,226,water
away,away,ә'wei,"s. not present; having left
a. used of an opponent's ground
s. (of a baseball pitch) on the far side of home plate from the batter
r. from a particular thing or place or position (`forth' is obsolete)",adv. 离去,i:26/r:73/j:1,5,1,zk gk,237,269,away
hear,hear,hiә,"v. perceive (sound) via the auditory sense
v. examine or hear (evidence or a case) by judicial process
v. receive a communication from someone","vt. 听到, 倾听, 听说, 审理
vi. 听见, 听",v:100,5,1,zk gk,238,195,hear
form,form,fɒ:m,"n. the phonological or orthographic sound or appearance of a word that can be used to describe or identify something
n. a perceptual structure
n. the visual appearance of something or someone
n. a printed document with spaces in which to write","n. 形状, 形体, 类型, 方式, 表格, 形式
v. 形成, 排列, (使)组成
n. 表单
[计] 表单",v:37/n:63,3,1,zk gk ielts,239,523,form
room,room,ru:m,"n. an area within a building enclosed by walls and floor and ceiling
n. space for movement
n. opportunity for
n. the people who are present in a room","n. 房间, 空位, 场所
vi. 住宿, 居住
vt. 留宿",v:1/n:99,5,1,zk gk ielts,240,227,room
level,level,'levl,"n. height above ground
n. indicator that establishes the horizontal when a bubble is centered in a tube of liquid
n. an abstract place usually conceived as having depth
v. aim at","n. 水平, 水准, 平地
a. 同高的, 平坦的, 齐平的, 水平的
vt. 弄平, 夷平, 使同等, 瞄准, 对准
vi. 变平, 拉平
[计] 级别",j:4/v:4/n:92,5,1,zk gk cet4 cet6 ky ielts,241,338,level
second,second,'sekәnd,"n. 1/60 of a minute; the basic unit of time adopted under the Systeme International d'Unites
n. following the first in an ordering or series
n. a 60th part of a minute of arc
n. the official attendant of a contestant in a duel or boxing match","n. 秒, 瞬间, 第二名, 支持者, 助手
a. 第二的, 其次的, 次要的, 附加的, 辅助的
num. 第二
vt. 当...助手, 支持",v:2/m:64/n:34,5,1,zk gk ielts,242,381,second
right,right,rait,"n. an abstract idea of that which is due to a person or governmental body by law or tradition or nature; it is something that nobody can take away""
n. location near or direction toward the right side; i.e. the side to the south when a person or object faces east
n. those who support political or social or economic conservatism; those who believe that things are better left unchanged
n. the hand that is on the right side of the body","n. 权利, 右边, 正义, 右派, 公正
a. 正确的, 对的, 恰当的, 正常的, 正直的, 正面的, 右方的
adv. 正确地, 以有利结果, 一直, 直接, 向右
vt. 扶直, 整理, 纠正, 伸冤, 使昭雪
vi. 恢复平衡
[计] 右, 权利",v:2/r:41/j:25/n:32,3,1,zk gk,244,193,right
early,early,'ә:li,"a. at or near the beginning of a period of time or course of events or before the usual or expected time
a. being or occurring at an early stage of development
s. belonging to the distant past
s. very young","a. 早的, 早熟的
adv. 很早, 初",r:42/j:58,5,1,zk gk,245,365,early
include,include,in'klu:d,"v. have as a part, be made up out of
v. consider as part of something
v. add as part of something else; put in as part of a set, group, or category","vt. 包括, 把...算入, 包住
[计] DOS内部命令:在CONFIG.SYS文件的一个配置块中包含另一配置块的内容",v:100,5,1,zk gk cet4 cet6 ky,246,292,include
car,car,kɑ:,"n. a motor vehicle with four wheels; usually propelled by an internal combustion engine
n. a wheeled vehicle adapted to the rails of railroad
n. the compartment that is suspended from an airship and that carries personnel and the cargo and the power plant
n. where passengers ride up and down","n. 汽车, 客车
[机] 车",n:100,5,1,zk gk,247,289,car
perhaps,perhaps,pә'hæps,r by chance,"adv. 也许, 大概",r:100,5,1,zk gk cet4 cet6 ky,249,435,perhaps
policy,policy,'pɒlisi,"n. a plan of action adopted by an individual or social group
n. a line of argument rationalizing the course of action of a government
n. written contract or certificate of insurance","n. 政策, 方针, 策略, 保险单
[医] 凭单, 保险单",n:100,5,1,zk gk cet4 cet6 ky ielts,250,388,policy
council,council,'kaunsәl,"n. a body serving in an administrative capacity
n. (Christianity) an assembly of theologians and bishops and other representatives of different churches or dioceses that is convened to regulate matters of discipline or doctrine
n. a meeting of people for consultation","n. 会议, 委员会
[经] 委员会",n:100,5,1,cet4 cet6 ky ielts,251,2612,council
believe,believe,bi'li:v,"v. accept as true; take to be true
v. be confident about something
v. follow a credo; have a faith; be a believer
v. credit with veracity",v. 相信,v:100,5,1,zk gk,252,212,believe
market,market,'mɑ:kit,"n. the world of commercial activity where goods and services are bought and sold
n. the customers for a particular product or service
n. the securities markets in the aggregate
v. engage in the commercial promotion, sale, or distribution of","n. 市场, 交易, 集市, 推销地区, 行情, 市面, 销路
vt. 在市场上交易, 使上市, 销售
vi. 在市场上买卖",v:11/n:89,5,1,zk gk ielts,253,402,market
already,already,ɒ:l'redi,r. prior to a specified or implied time,"adv. 已经, 早已",r:100,5,1,zk gk,255,334,already
possible,possible,'pɒsәbl,"n. something that can be done
n. an applicant who might be suitable
a. capable of happening or existing","a. 可能的, 潜在的, 合适的
n. 可能性, 可能的事物",j:100,5,1,zk gk,256,459,possible
allow,allow,ә'lau,"v. let have
v. give or assign a resource to a particular person or cause
v. allow or plan for a certain possibility; concede the truth or validity of something
v. grant as a discount or in exchange","vt. 允许, 同意给予, 承认
vi. 容许, 猜想
[计] 允许命令",v:100,5,1,zk gk cet4 ky,257,339,allow
nothing,nothing,'nʌθiŋ,"n. a quantity of no importance
r. in no respect; to no degree","n. 无, 不关紧要之事, 零
adv. 毫不, 决不
interj. 什么也没有, 无",p:99/n:1,5,1,zk gk ielts,258,315,nothing
meet,meet,mi:t,"n. a meeting at which a number of athletic contests are held
v. come together
v. get together socially or for a specific purpose
v. fill or meet a want or need","n. 会, 集会
a. 适宜的, 合适的
vt. 遇见, 引见, 认识, 满足, 对付
vi. 相遇, 接触",n:1/v:99,5,1,zk gk gre,259,288,meet
big,big,big,"s. significant
s. loud and firm
s. conspicuous in position or importance
s. prodigious","a. 大的, 重要的
adv. 大量地",r:1/j:99,5,1,zk gk,260,162,big
yet,yet,jet,"r. up to the present time
r. within an indefinite time or at an unspecified future time","adv. 还, 尚, 仍然, 已经, 然而
conj. 然而",r:100,5,1,zk gk,261,275,yet
effect,effect,i'fekt,"n. an impression (especially one that is artificial or contrived)
n. the central meaning or theme of a speech or literary work
n. (of a law) having legal validity
n. a symptom caused by an illness or a drug","n. 结果, 影响, 效果, 印象
vt. 实行, 引起, 完成
[计] 效果",v:3/n:97,5,1,gk cet4 cet6 ky toefl ielts,262,427,effect
result,result,ri'zʌlt,"n. something that results
v. issue or terminate (in a specified way, state, etc.); end
v. come about or follow as a consequence","n. 结果, 成绩, 答案
vi. 产生, 结果, 致使
[计] 结果",v:21/n:79,5,1,zk gk cet4 cet6 ky ielts,264,354,result
whether,whether,'hweðә,"pron. Which (of two); which one (of two); -- used
   interrogatively and relatively.
conj. In case; if; -- used to introduce the first or two or
   more alternative clauses, the other or others being connected by or, or
   by or whether. When the second of two alternatives is the simple
   negative of the first it is sometimes only indicated by the particle
   not or no after the correlative, and sometimes it is omitted entirely
   as being distinctly implied in the whether of the first.","conj. 是否, 不论
pron. 两个中的哪一个",c:100,5,1,zk gk,265,321,whether
live,live,liv.laiv,"v. lead a certain kind of life; live in a certain style
v. pursue a positive and satisfying existence
a. actually being performed at the time of hearing or viewing
a. exerting force or containing energy","a. 活的, 生动的, 精力充沛的, 实况转播的
vi. 活, 生存, 居住
vt. 过着, 度过, 经历
adv. 实况地",r:2/j:8/v:90,3,1,zk gk ielts,267,210,live
idea,idea,ai'diә,"n. the content of cognition; the main thing you are thinking about
n. a personal view","n. 主意, 办法, 理想, 思想, 概念, 意见
[医] 观念, 思想",n:100,5,1,zk gk ielts,268,311,idea
study,study,'stʌdi,"n. applying the mind to learning and understanding a subject (especially by reading)
n. a state of deep mental absorption
n. a room used for reading and writing and studying
n. someone who memorizes quickly and easily (as the lines for a part in a play)","n. 学习, 研究, 学科, 论文, 求学, 书房, 试作
vt. 学习, 读书, 研究, 考虑, 计划
vi. 学习, 思索",v:21/n:79,5,1,zk gk ielts,270,240,study
name,name,neim,"n. a language unit by which a person or thing is known
n. a person's reputation
n. family based on male descent
n. a well-known or notable person","n. 名字, 名称, 姓名, 名义, 名誉, 文件名
vt. 命名, 称呼, 任命, 提名, 列举
a. 姓名的, 据以取名的
[计] 名称, 文件名, 姓名",v:28/n:72,5,1,zk gk,271,298,name
job,job,dʒɒb,"n. a specific piece of work required to be done as a duty or for a specific fee
n. a workplace; as in the expression ""on the job""; 
n. an object worked on; a result produced by working
n. the responsibility to do something","n. 工作, 零活, 职业, 事情
vi. 做零工, 打杂, 做股票经纪, 假公济私
vt. 代客买卖, 批发, 承包, 欺骗
[计] 作业",n:100,5,1,zk gk ielts,272,243,job
stand,stand,stænd,"n. the position where a thing or person stands
n. a growth of similar plants (usually trees) in a particular area
n. a small table for holding articles of various kinds
n. an interruption of normal activity","n. 站立, 站住, 停顿, 讲台, 看台, 立场, 法院证人席
vi. 站, 立, 坐落, 停滞, 位于, 坚持, 维持原状
vt. 忍受, 使站立, 抵挡",n:12/v:88,5,1,zk gk toefl ielts,273,281,stand
body,body,'bɒdi,"n. the entire structure of an organism (an animal, plant, or human being)
n. a group of persons associated by some common tie or occupation and regarded as an entity
n. a natural object consisting of a dead animal or person
n. an individual 3-dimensional object that has mass and that is distinguishable from other objects","n. 身体, 人, 尸体, 主要部分, 团体
vt. 赋以形体
[计] 体",v:1/n:99,5,1,zk,274,313,body
happen,happen,'hæpәn,"v. come to pass
v. happen, occur, or be the case in the course of events or by chance
v. chance to be or do something, without intention or causation
v. come into being; become reality","vi. 发生, 发生, 恰巧",v:100,5,1,zk gk cet4 ky,275,216,happen
report,report,ri'pɒ:t,"n. a written document describing the findings of some individual or group
n. the act of informing by verbal report
n. a short account of the news
n. a sharp explosive sound (especially the sound of a gun firing)","n. 报告, 报道, 传说, 案情报告, 爆炸声, 成绩单
vt. 报告, 汇报, 转述, 报道, 揭发, 使报到
vi. 报告, 写报道, 报到
[计] 报告",n:49/v:51,5,1,zk gk ielts,276,450,report
line,line,lain,"n. a formation of people or things one beside another
n. a mark that is long relative to its width
n. a formation of people or things one behind another
n. a length (straight or curved) without breadth or thickness; the trace of a moving point","n. 列, 线, 绳, 电线, 线路, 路线, 航线, 作业线, 界线, 战线, 外形, 排, 家系
vt. 排成一行, 顺...排列, 划线于, 加衬里, 使有线条, 使起皱纹
vi. 排队
[计] 线路",v:9/n:91,5,1,zk gk cet4 cet6 ky ielts,277,276,line
law,law,lɒ:,"n. the collection of rules imposed by authority
n. legal document setting forth rules governing a particular kind of activity
n. a rule or body of rules of conduct inherent in human nature and essential to or binding upon human society
n. a generalization that describes recurring facts or events in nature","n. 法律, 法则, 定律, 法律的制约, 法学, 司法界, 诉讼
v. 起诉",n:100,5,1,zk gk cet4 cet6 ky ielts,278,287,law
later,later,'leitә,"s. coming at a subsequent time or stage
r. comparative of the adverb `late'","adv. 以后, 随后",r:88/j:12,5,1,gk cet4 cet6 ky,279,295,later
almost,almost,'ɒ:lmәust,r (of actions or states) slightly short of or not quite accomplished; all but,"adv. 几乎, 差不多",r:100,5,1,zk gk,280,291,almost
friend,friend,frend,"n. a person you know well and regard with affection and trust
n. a member of the Religious Society of Friends founded by George Fox (the Friends have never called themselves Quakers)","n. 朋友, 支持者, 赞助者
[法] 朋友, 友人, 赞助者",n:100,5,1,zk gk,281,265,friend
face,face,feis,"n. the front of the human head from the forehead to the chin and ear to ear
n. the general outward appearance of something
n. the striking or working surface of an implement
n. a part of a person that is used to refer to a person","n. 脸, 面容, 正面, 外观
vt. 面对, 朝, 正视, 面临
vi. 朝, 向
[计] 现场可改变的控制元件",v:36/n:64,5,1,zk gk toefl ielts,282,330,face
carry,carry,'kæri,"n. the act of carrying something
v. have with oneself; have on one's person
v. serve as a means for expressing something
v. bear or be able to bear the weight, pressure,or responsibility of","n. 进位, 射程, 运载
vt. 携带, 运送, 支持, 传送, 包含
vi. 被携带, 能达到
[计] 进位; 进位数",n:1/v:99,5,1,zk gk ielts,283,487,carry
road,road,rәud,"n. an open way (generally public) for travel or transportation
n. a way or means to achieve something","n. 路, 道路, 公路, 途径, 方法
[法] 公路, 道路, 行车道",n:100,5,1,zk gk ielts,284,489,road
himself,himself,him'self,"pron. An emphasized form of the third person masculine
   pronoun; -- used as a subject usually with he; as, he himself will bear
   the blame; used alone in the predicate, either in the nominative or
   objective case; as, it is himself who saved himself.
pron. One's true or real character; one's natural temper and
   disposition; the state of being in one's right or sane mind (after
   unconsciousness, passion, delirium, or abasement); as, the man has come
   to himself.
pron. pl. Alt. of Himselven","pron. 他自己, 他亲自",p:100,5,1,zk gk,286,367,himself
far,far,fɑ:,"a. located at a great distance in time or space or degree
s. being of a considerable distance or length
s. being the animal or vehicle on the right or being on the right side of an animal or vehicle
s. beyond a norm in opinion or actions","a. 远的, 久远的, 遥远的
adv. 甚远地, 很, 到很深的程度, 到很远的距离",c:9/r:72/j:19,5,1,zk gk,287,252,far
together,together,tә'geðә,"s. mentally and emotionally stable
r. in contact with each other or in proximity
r. assembled in one place
r. in each other's company","adv. 一起, 共同, 彼此",r:100,5,1,zk gk,288,324,together
talk,talk,tɒ:k,"n. an exchange of ideas via conversation
n. discussion; (`talk about' is a less formal alternative for `discussion of')
n. the act of giving a talk to an audience
n. idle gossip or rumor","n. 谈话, 交谈, 会谈, 讲话, 演讲, 空谈, 谣言, 方言, 语言
vi. 讲话, 演讲, 说话, 谈话, 交流, 闲聊, 说闲话
vt. 讲, 说, 讨论, 谈论
[计] 对话类, 聊天",n:16/v:84,5,1,zk gk,289,168,talk
appear,appear,ә'piә,"v. come into sight or view
v. be issued or published
v. seem to be true, probable, or apparent
v. come into being or existence, or appear on the scene","vi. 出现, 显得, 来到
[法] 出庭, 到案, 出现",v:100,5,1,zk gk cet4 ky toefl,290,395,appear
little,little,'litl,"n. a small amount or duration
a. (quantifier used with mass nouns) small in quantity or degree; not much or almost none or (with `a') at least some
s. (of children and animals) young, immature
s. (of a voice) faint","n. 一点点, 少许, 一会儿, 短时间
a. 小的, 很少的, 幼小的, 琐碎的, 短暂的, 矮小的
adv. 很少, 稍微, 完全不",r:31/j:52/d:17,5,1,zk gk,291,256,little
minister,minister,'ministә,"n. a person appointed to a high office in the government
n. a diplomat representing one government to another; ranks below ambassador
n. the job of a head of a government department
v. attend to the wants and needs of others","n. 部长, 牧师, 公使
vi. 服侍, 救助, 主持宗教仪式",v:5/n:95,5,1,gk cet4 cet6 ky ielts,294,1910,minister
able,able,'eibl,"a. (usually followed by `to') having the necessary means or skill or know-how or authority to do something
s. have the skills and qualifications to do things well
s. having inherent physical or mental ability or capacity
s. having a strong healthy body","a. 能干的, 能够的",j:100,5,1,zk gk,295,385,able
produce,produce,prә'dju:s,"n. fresh fruits and vegetable grown for the market
v. bring forth or yield
v. create or manufacture a man-made product
v. cause to happen, occur or exist","n. 生产品, 物产, 后代
vt. 产生, 生产, 提出, 出示
vi. 生产, 制造",n:4/v:96,5,1,zk gk cet4 cet6 ky toefl gre,296,542,produce
rate,rate,reit,"n. a magnitude or frequency relative to a time unit
n. amount of a charge or payment relative to some basis
n. a quantity or amount or measure considered as a proportion of another quantity or amount or measure
v. assign a rank or rating to","n. 比率, 率, 速度, 价格, 费用, 等级
vt. 估价, 认为, 鉴定等级, 责骂
vi. 被评价, 责骂",v:11/n:89,5,1,gk cet4 cet6 ky ielts,297,457,rate
late,late,leit,"a. being or occurring at an advanced period of time or after a usual or expected time
s. of the immediate past or just previous to the present time
s. having died recently
a. of a later stage in the development of a language or literature; used especially of dead languages","a. 迟的, 晚的, 已故的
adv. 很晚, 很迟, 晚",r:19/j:81,5,1,zk gk,298,437,late
hour,hour,auә,"n. a period of time equal to 1/24th of a day
n. clock time
n. a special and memorable period
n. distance measured by the time taken to cover it","n. 小时, 钟头, 时间, ...点钟, 课时",n:100,5,1,zk gk,299,272,hour
door,door,dɒ:,"n. a swinging or sliding barrier that will close the entrance to a room or building or vehicle
n. anything providing a means of access (or escape)
n. a structure where people live or work (usually ordered along a street or road)
n. a room that is entered via a door",n. 门,n:100,5,1,zk gk,300,343,door
general,general,'dʒenәrәl,"n. a general officer of the highest rank
n. the head of a religious order or congregation
n. a fact about the whole (as opposed to particular)
v. command as a general","n. 一般, 将军, 大体
a. 全面的, 大体的, 总的, 一般的, 普遍的
n. 常规
[计] 常规",r:17/j:66/n:17,5,1,zk gk cet4 cet6 ky toefl ielts,301,804,general
sit,sit,sit,"v. be seated
v. be around, often idly or without specific purpose
v. be in session
v. be located or situated somewhere","vi. 坐, 就座, 坐落
vt. 使就座, 骑
n. 坐, 衣服合身",n:1/v:99,5,1,zk gk,302,268,sit
office,office,'ɒfis,"n. place of business where professional or clerical duties are performed
n. (of a government or government official) holding an office means being in power
n. professional or clerical workers in an office
n. a religious rite or service prescribed by ecclesiastical authorities","n. 办公室, 部, 公职, 职责
[化] 办公室",n:100,5,1,zk gk ielts,303,341,office
war,war,wɒ:,"n. the waging of armed conflict against an enemy
n. a legal state created by a declaration of war and ended by official declaration during which the international rules of war apply
n. an active struggle between competing entities
n. a concerted campaign to end something that is injurious","n. 战争, 战争状态, 战术, 军事, 冲突, 斗争, 竞争
vi. 进行战争, 作战, 打仗, 战斗
a. 战争的, 战时用的",v:1/n:99,5,1,zk gk cet4 cet6 ky,304,349,war
since,since,sins,"adv. From a definite past time until now; as, he went a month
   ago, and I have not seen him since.
adv. In the time past, counting backward from the present;
   before this or now; ago.
adv. When or that.
prep. From the time of; in or during the time subsequent to;
   subsequently to; after; -- usually with a past event or time for the
   object.
conj. Seeing that; because; considering; -- formerly followed
   by that.","prep. 自...以后, 自...以来
adv. 自那时以后
conj. 既然, 自...以后, 自...以来",i:23/c:71/r:6,5,1,zk gk,305,260,since
mother,mother,'mʌðә,"n. a woman who has given birth to a child (also used as a term of address to your mother)
n. a stringy slimy substance consisting of yeast cells and bacteria; forms during fermentation and is added to cider or wine to produce vinegar
n. a term of address for an elderly woman
n. a term of address for a mother superior","n. 母亲, 修女院长
vt. 产生, 照看, 收养",v:1/n:99,5,1,zk gk ielts,306,229,mother
offer,offer,'ɒfә,"n. the verbal act of offering
n. something offered (as a proposal or bid)
v. make available or accessible, provide or furnish
v. present for acceptance or rejection","n. 给予(物), 出价, 提议, 意图, 报价
vt. 提供, 出价, 奉献, 试图, 使出现, 演出
vi. 出现, 献祭, 提议, 求婚",n:14/v:86,5,1,zk gk cet4 cet6 ky toefl ielts,307,373,offer
person,person,'pә:sn,"n. a human being
n. a human body (usually including the clothing)
n. a grammatical category used in the classification of pronouns, possessive determiners, and verb forms according to whether they indicate the speaker, the addressee, or a third party","n. 人, 人身, 人称
[法] 人, 法人, 人身",n:100,5,1,zk gk ielts,308,345,person
full,full,ful,"v. beat for the purpose of cleaning and thickening
v. make (a garment) fuller by pleating or gathering
a. containing as much or as many as is possible or normal
s. complete in extent or degree and in every particular","n. 全部, 完整
a. 充满的, 完全的, 丰富的, 完美的, 丰满的, 详尽的
adv. 完全地, 整整, 十分
vt. 把(衣服等)缝得宽松, 漂洗
[计] 完整",r:4/j:96,5,1,zk gk,309,503,full
reason,reason,'ri:zn,"n. a rational motive for a belief or action
n. an explanation of the cause of some phenomenon
n. the capacity for rational thought or inference or discrimination
n. a fact that logically justifies some premise or conclusion","n. 理由, 原因, 理智, 道理, 前提, 理性
vt. 说服, 推论, 辩论
vi. 推论, 劝说, 思考",v:4/n:96,5,1,zk gk toefl ielts,310,359,reason
view,view,vju:,"n. the visual percept of a region
n. the act of looking or seeing or observing
n. the range of the eye
n. purpose; the phrase `with a view to' means `with the intention of' or `for the purpose of'","n. 视野, 风景, 见解, 视力, 观看, 视图, 指望, 意图, 印象
vt. 看, 考虑, 视察, 查看, 估量
[计] 视图",v:26/n:74,5,1,gk cet4 cet6 ky ielts,311,485,view
consider,consider,kәn'sidŋ,"v. take into consideration for exemplifying purposes
v. show consideration for; take into account
v. think about carefully; weigh
v. regard or treat with consideration, respect, and esteem","v. 考虑, 思考, 认为",v:100,5,1,zk gk cet4 cet6 ky toefl,312,394,consider
expect,expect,iks'pekt,"v. regard something as probable or likely
v. look forward to the probable occurrence of
v. consider reasonable or due
v. look forward to the birth of a child","vt. 预期, 盼望, 期待",v:100,5,1,zk gk,313,405,expect
suggest,suggest,sәg'dʒest,"v. imply as a possibility
v. call to mind","vt. 提议, 建议, 促成, 暗示, 启发, 使人想起
[法] 建议, 提出, 提议",v:100,5,1,zk gk toefl,314,430,suggest
anything,anything,'eniθiŋ,"n. Any object, act, state, event, or fact whatever; thing of
   any kind; something or other; aught; as, I would not do it for
   anything.
n. Expressing an indefinite comparison; -- with as or like.
adv. In any measure; anywise; at all.",pron. 任何事,p:96/r:4,5,1,zk gk,315,331,anything
term,term,tә:m,"n. a word or expression used for some particular thing
n. a limited period of time
n. any distinct quantity contained in a polynomial
n. one of the substantive phrases in a logical proposition","n. 术语, 专有名词, 期限, 学期, 任期, 条件, 价钱, 关系, 地位, 项, 界石
vt. 称, 呼
[计] 检索词; 项",v:5/n:95,5,1,zk gk cet4 cet6 ky toefl ielts,316,626,term
towards,towards,tә'wɔ:dz,"prep. In the direction of; to.
prep. With direction to, in a moral sense; with respect or
   reference to; regarding; concerning.
prep. Tending to; in the direction of; in behalf of.
prep. Near; about; approaching to.
adv. Near; at hand; in state of preparation.
prep. & adv. See Toward.","prep. 向, 对于, 为了",i:100,5,1,cet4 cet6,317,2004,towards
low,low,lәu,"n. an air mass of lower pressure; often brings precipitation
n. British political cartoonist (born in New Zealand) who created the character Colonel Blimp (1891-1963)
n. a low level or position or degree
a. less than normal in degree or intensity or amount","n. 低点, 低价, 低, 牛叫声
a. 低的, 消沉的, 低等的, 浅的, 卑贱的
adv. 低下地, 谦卑地, 低
vi. 牛叫",r:4/j:93/v:1/n:2,5,1,zk gk gre,318,360,low
public,public,'pʌblik,"n. a body of people sharing some common interest
a. not private; open to or concerning the people as a whole
s. affecting the people or community as a whole","n. 公众, 民众
a. 公众的, 公共的, 公立的, 公用的",r:4/j:70/n:26,5,1,zk gk cet4 cet6 ky ielts,319,333,public
let,let,let,"n. a serve that strikes the net before falling into the receiver's court; the ball must be served again
v. make it possible through a specific action or lack of action for something to happen
v. actively cause something to happen
v. leave unchanged","vt. 让, 假设, 出租, 排放, 妨碍
vi. 出租, 被承包
n. 出租屋, 障碍",n:1/v:99,5,1,zk gk ielts,320,159,let
require,require,ri'kwaiә,"v require as useful, just, or proper
v consider obligatory; request and expect
v make someone do something
v have need of","vt. 需要, 命令, 要求
[法] 需要, 要求, 命令",v:100,4,1,zk gk cet4 cet6 ky,321,446,require
read,read,ri:d,"n. something that is read
v. interpret something that is written or printed
v. have or contain a certain wording or form
v. look at, interpret, and say out loud something that is written or printed","v. 读, 阅读, 理解
a. 有学问的
n. 读取, 阅读
[计] 读取",n:1/v:99,5,1,zk gk,322,337,read
continue,continue,kәn'tinju:,"v. continue a certain state, condition, or activity
v. continue talking
v. keep or maintain in unaltered condition; cause to remain or last
v. do something repeatedly and showing no intention to stop","vi. 继续, 延续, 延长
vt. 使继续, 使延长",v:100,5,1,zk gk cet4 cet6 ky,323,293,continue
period,period,'piәriәd,"n. the interval taken to complete one cycle of a regularly repeating phenomenon
n. (ice hockey) one of three divisions into which play is divided in hockey games
n. a unit of geological time during which a system of rocks formed
n. the end or completion of something","n. 时期, 节段, 节, 句点, 学时, 周期
a. 当时特有的, 过去某段时期的
interj. 就是这话, 就是这么回事",n:100,4,1,zk gk cet4 cet6 ky toefl ielts,324,617,period
figure,figure,'figә,"n. a diagram or picture illustrating textual material
n. a model of a bodily form (especially of a person)
n. a combination of points and lines and planes that form a visible palpable shape
n. an amount of money expressed numerically","n. 数字, 价格, 图形, 形状
vt. 描绘, 表示, 演算, 认为
vi. 计算, 出现, 估计",v:33/n:67,5,1,gk cet4 cet6 ky toefl ielts,325,552,figure
society,society,sә'saiәti,"n. an extended social group having a distinctive cultural and economic organization
n. the fashionable elite",n. 社会；社交界；交往；社团,n:100,5,1,zk gk cet4 cet6 ky,326,507,society
centre,centre,'sentә,n. a low-lying region in central France,"n. 中心, 中心点, 中锋
a. 中央的, 位在正中的
vt. 集中, 定中心
vi. 居中",,5,1,zk gk cet4 cet6 ky ielts,327,0,centre
police,police,pә'li:s,n. the force of policemen and officers,"n. 警察, 警察当局, 治安
vt. 维持治安, 管辖",v:2/n:98,5,1,zk gk cet4 ky ielts,328,468,police
lose,lose,lu:z,"v. fail to keep or to maintain; cease to have, either physically or in an abstract sense
v. fail to win
v. suffer the loss of a person through death or removal
v. miss from one's possessions; lose sight of","vt. 遗失, 损失, 丢失, 使失去, 错过, 浪费, 迷失, 使迷路, 输去, 使沉溺于
vi. 受损失, 失败",v:100,5,1,zk gk cet4 cet6 ky,329,283,lose
add,add,æd,"v. make an addition (to); join or combine or unite with others; increase the quality, quantity, size or scope of
v. state or say further
v. make an addition by combining numbers
v. constitute an addition","vt. 增加, 添加, 附带说明, 计算...总和
vi. 做加法, 积累而成, 增添
[计] 加法",v:100,5,1,zk gk cet4 ky,330,340,add
city,city,'siti,"n. a large and densely populated urban area; may include several independent administrative districts
n. an incorporated administrative district established by state charter
n. people living in a large densely populated municipality","n. 城市, 市
[法] 都市, 城市, 市",n:100,4,1,zk gk ielts,331,290,city
fall,fall,fɒ:l,"n. the season when the leaves fall from the trees
n. the lapse of mankind into sinfulness because of the sin of Adam and Eve
n. a lapse into sin; a loss of innocence or of chastity
n. a sudden decline in strength or number or importance","n. 落下, 瀑布, 采伐量, 下降, 落差, 降低, 堕落, 秋天
vi. 倒下, 落下, 来临, 失守, 阵亡, 下跌, 减弱, 倾斜, 垮台, 轮到, 变成, 降低
a. 秋天的",n:29/v:71,5,1,zk gk ielts,332,410,fall
probably,probably,'prɒbәbli,r. with considerable certainty; without much doubt,"adv. 大概, 或许",r:100,5,1,zk gk cet4 cet6,333,398,probably
price,price,prais,"n. the amount of money needed to purchase something
n. value measured by what must be given or done or undergone to obtain something
n. the high value or worth of something
n. a monetary reward for helping to catch a criminal","n. 价格, 代价, 价值
vt. 定...的价格",v:6/n:94,5,1,zk gk ielts,338,475,price
control,control,kәn'trәul,"n. power to direct or determine
n. a relation of constraint of one entity (thing or person or group) by another
n. (physiology) regulation or maintenance of a function or action or reflex etc
n. the activity of managing or exerting control over something","n. 控制, 管理, 克制, 控制器, 操纵装置
vt. 控制, 操纵, 抑制
[计] 控制; 控制器",v:32/n:68,5,1,zk gk cet4 ky ielts gre,339,432,control
action,action,'ækʃәn,"n. something done (usually as opposed to something said)
n. the state of being active
n. the series of events that form a plot
n. the trait of being active and energetic and forceful","n. 行动, 活动, 动作, 作用, 战斗, 行为, 诉讼
vt. 对...起诉
[计] 方式",n:100,5,1,zk gk cet4 cet6 ky toefl ielts,340,502,action
issue,issue,'isju,"n. an important question that is in dispute and must be settled
n. one of a series published periodically
n. the act of providing an item for general use or for official purposes (usually in quantity)
n. supplies (as food or clothing or ammunition) issued by the government","n. 发行, 问题, 后果, 流出, 出口, 争端
vi. 发行, 流出, 造成...结果, 传下
vt. 使流出, 放出, 发行, 发布, 发给",v:11/n:89,5,1,cet4 cet6 ky toefl ielts gre,341,248,issue
cost,cost,kɒst,"n. the total spent for goods or services including money and time and labor
v. be priced at
v. require to lose, suffer, or sacrifice","n. 代价, 价值, 费用
vi. 花费
vt. 使失去, 值, 使花费",v:33/n:67,5,1,zk gk ielts,342,550,cost
process,process,'prɒses,"n. (psychology) the performance of some composite cognitive activity; an operation that affects mental contents
n. a mental process that you are not directly aware of
n. a natural prolongation or projection from a part of an organism either animal or plant
n. a sustained phenomenon or one marked by gradual changes through a series of states","n. 程序, 进行, 过程
vt. 加工, 使...接受处理, 对...处置, 对...起诉
a. 经加工的, 有特殊光效的
[计] 进程",v:11/n:89,5,1,gk cet4 cet6 ky toefl ielts,343,391,process
remain,remain,ri'mein,"v. be left; of persons, questions, problems, results, evidence, etc.","vi. 保持, 逗留, 剩余
[法] 停留, 居住, 继续",v:100,5,1,zk gk cet4 cet6 ky,344,426,remain
position,position,pә'ziʃәn,"n. the particular portion of space occupied by something
n. a way of regarding situations or topics etc.
n. the arrangement of the body and its limbs
n. a job in an organization","n. 位置, 地位, 身分, 形势, 姿势, 立场, 职位, 状态, 阵地
vt. 安置, 决定...的位置
[计] 位置",v:8/n:92,5,1,zk gk cet4 cet6 ky ielts,345,512,position
remember,remember,ri'membә,"v. recall knowledge from memory; have a recollection
v. keep in mind for attention or consideration
v. recapture the past; indulge in memories
v. show appreciation to","vt. 记得, 回忆起, 记住, 铭记, 纪念
vi. 记得",v:100,5,1,zk gk,346,379,remember
course,course,kɒ:s,"n. education imparted in a series of lessons or meetings
n. a connected series of events or actions or developments
n. general line of orientation
n. a mode of action","n. 课程, 路线, 过程, 一道菜, 道路
v. 追, (使)跑",r:59/v:2/n:39,5,1,zk gk cet4 cet6 ky ielts,347,418,course
bad,bad,bæd,"n. that which is below standard or expectations as of ethics or decency
a. having undesirable or negative qualities
s. very intense
s. feeling physical discomfort or pain (`tough' is occasionally used colloquially for `bad')","a. 坏的
n. 坏
adv. 坏地",r:3/j:96/n:1,5,1,zk gk,349,282,bad
today,today,tә'dei,"n. the present time or age
n. the day that includes the present moment (as opposed to yesterday or tomorrow)
r. on this day as distinct from yesterday or tomorrow","n. 今天, 当今, 现在
adv. 今天, 当今",r:100,5,1,zk gk,350,214,today
buy,buy,bai,"v. obtain by purchase; acquire by means of a financial transaction
v. be worth or be capable of buying
v. acquire by trade or sacrifice or exchange
v. accept as true","vt. 买, 获得
vi. 买
n. 购买, 买得的东西",n:2/v:98,5,1,zk gk,351,397,buy
speak,speak,spi:k,"v. use language
v. make a characteristic or natural sound","vi. 说, 说话, 演说, 发言
vt. 说, 讲, 说出",v:100,5,1,zk gk,352,335,speak
actually,actually,'æktʃuәli,"r. in actual fact
r. used to imply that one would expect the fact to be the opposite of that stated; surprisingly
r. at the present moment
r. as a sentence modifier to add slight emphasis","adv. 事实上, 竟然, 如今, 现在",r:100,5,1,cet4 cet6 toefl,354,396,actually
ever,ever,'evә,"r. at any time
r. (intensifier for adjectives) very","adv. 曾经, 究竟, 永远",r:100,5,1,zk gk,355,280,ever
type,type,taip,"n. a subdivision of a particular kind of thing
n. (biology) the taxonomic group whose characteristics are used to define the next higher taxon
n. printed characters
n. all of the tokens of the same symbol","n. 类型, 样式, 典型, 榜样, 标志, 符号, 型, 式
vi. 打字
vt. 作为代表, 测定类型, 用打字机打
[计] 类型; 键入; DOS内部命令:在屏幕上显示指定文件的内容",v:5/n:95,4,1,gk cet4 cet6 ky ielts,356,590,type
research,research,ri'sә:tʃ,"n. systematic investigation to establish facts
v. attempt to find out in a systematically and scientific manner
v. inquire into","n. 研究, 调查, 考察
vi. 研究, 调查",v:7/n:93,5,1,zk gk cet4 cet6 ky ielts,357,362,research
subject,subject,'sʌbdʒekt,"n. the subject matter of a conversation or discussion
n. something (a person or object or scene) selected by an artist or photographer for graphic representation
n. (grammar) one of the two main constituents of a sentence; the grammatical constituent about which something is predicated
n. a person who is subjected to experimental or other observational procedures; someone who is an object of investigation","n. 科目, 主题, 臣民, 主语, 题目, (事物的)经受者, 学科, 受治疗者, 原因, 理由
a. 服从的, 易患...的, 隶属的, 受支配的
adv. 在...条件下
vt. 使隶属, 使受到
[计] 主题, 主体",i:10/v:5/j:3/n:82,4,1,gk ielts gre,358,670,subject
stop,stop,stɒp,"n. the event of something ending
n. the act of stopping something
n. a brief stay in the course of a journey
n. a spot where something halts or pauses","n. 停止, 车站, 逗留, 填塞, 障碍, (风琴的)音栓
vi. 停止, 被塞住
vt. 塞住, 堵塞, 阻止, 击落, 停止, 终止, 断绝",n:11/v:89,5,1,zk gk,359,329,stop
moment,moment,'mәumәnt,"n. a particular point in time
n. an indefinitely short time
n. a turning force produced by an object acting at a distance (or a measure of that force)
n. the n-th moment of a distribution is the expected value of the n-th power of the deviations from a fixed value","n. 片刻, 瞬间, 重要, 阶段, 力矩
[医] 片刻, 瞬间, 时机, 因素, 矩",n:100,5,1,zk gk toefl gre,361,369,moment
girl,girl,gә:l,"n. a young woman
n. a friendly informal reference to a grown woman","n. 女孩, 少女, 女佣",n:100,5,1,zk gk,362,363,girl
age,age,eidʒ,"n. how long something has existed
n. a time of life (usually defined in years) at which some particular qualification or power arises
v. begin to seem older; get older
v. make older","n. 年龄, 老年, 成年, 寿命, 时代, 时期
v. 变老, 成熟",v:7/n:93,5,1,zk gk toefl ielts,363,386,age
father,father,'fɑ:ðә,"n. a male parent (also used as a term of address to your father)
n. `Father' is a term of address for priests in some churches (especially the Roman Catholic Church or the Orthodox Catholic Church); `Padre' is frequently used in the military
n. a person who holds an important or distinguished position in some organization
n. God when considered as the first person in the Trinity","n. 父亲, 祖先, 长辈, 神父, 创始者
vt. 当...的父亲, 保护, 创作, 发明, 培养",v:1/n:99,5,1,zk gk,364,267,father
send,send,send,"v. cause to go somewhere
v. to cause or order to be taken, directed, or transmitted to another place
v. transfer","vt. 发送, 使进入, 寄, 派遣, 发射, 使陷于
vi. 寄信, 派人, 播送
n. (船的)上升运动
[计] 发送",v:100,5,1,zk gk,366,404,send
value,value,'vælju:,"n. a numerical quantity measured or assigned or computed
n. the quality (positive or negative) that renders something desirable or valuable
n. the amount (of money or goods or services) that is considered to be a fair equivalent for something else
n. relative darkness or lightness of a color","n. 价值, 价格, 购买力, 评价, 估价, 计算结果
vt. 评价, 估价, 重视
[计] 计算结果",v:8/n:92,5,1,zk gk cet4 cet6 ky ielts,367,499,value
order,order,'ɒ:dә,"n. (often plural) a command given by a superior (e.g., a military or law enforcement officer) that must be obeyed
n. a degree in a continuum of size or quantity
n. established customary state (especially of society)
n. a commercial document used to request someone to supply something in return for payment and providing specifications and quantities","n. 次序, 规则, 命令
vi. 命令, 定货
vt. 整理, 命令, 定购
n. 顺序, 阶数
[计] 顺序, 阶数",v:34/n:66,4,1,zk gk ielts,368,684,order
force,force,fɒ:s,"n. a powerful effect or influence
n. (physics) the influence that produces a change in a physical quantity
n. physical energy or intensity
n. group of people willing to obey orders","n. 力量, 武力, 势力, 影响力, 军队, 力, 效力
vt. 强迫, 强夺, 推动, 提高
[计] 人工转移; 强制",v:30/n:70,5,1,zk gk cet4 cet6 ky,369,372,force
matter,matter,'mætә,"n. a vaguely specified concern
n. that which has mass and occupies space
n. a problem
n. (used with negation) having consequence","n. 事件, 物质, 原因, 素材, 实体, 重要
vi. 有关系",v:20/d:8/n:72,5,1,gk,370,528,matter
act,act,ækt,"n. a legal document codifying the result of deliberations of a committee or society or legislative body
n. something that people do or cause to happen
n. a subdivision of a play or opera or ballet
n. a short theatrical performance that is part of a longer program","n. 行动, 行为, 幕, 法案
vi. 行动, 表演, 假装, 见效, 表现, 担当
vt. 扮演, 装作
[计] 先进通信技术, 先进计算机工艺, 自动代码翻译技术",n:43/v:57,5,1,zk gk cet4 ky,371,837,act
receive,receive,ri'si:v,"v. get something; come into possession of
v. receive a specified treatment (abstract)
v. express willingness to have in one's home or environs
v. accept as true or valid","vt. 收到, 接到, 得到, 接待, 迎接, 承受
vi. 收到, 会客
[计] 接收",v:100,5,1,zk gk,372,497,receive
health,health,'helθ,"n. a healthy state of wellbeing free from disease
n. the general condition of body and mind","n. 健康, 卫生, 蓬勃, 健康状态
[医] 健康",n:100,5,1,zk gk ielts,373,344,health
decide,decide,di'said,"v. reach, make, or come to a decision about something
v. bring to an end; settle conclusively
v. cause to decide
v. influence or determine","v. 决定, 判决",v:100,5,1,zk gk toefl,375,456,decide
main,main,mein,"n. any very large body of (salt) water
n. a principal pipe in a system that distributes water or gas or electricity or that collects sewage
s. of force; of the greatest possible intensity","n. 主要部分, 干线, 体力, 力量, 主群组
a. 主要的, 重要的, 全力的
[计] 主群组",r:1/j:98/n:1,5,1,zk gk cet4 cet6 ky ielts,376,888,main
though,though,ðәu,r. (postpositive) however,"adv. 然而, 可是
conj. 虽然, 纵然",c:92/r:8,5,1,zk gk,377,245,though
enough,enough,i'nʌf,"n. an adequate quantity; a quantity that is large enough to achieve a purpose
r. as much as necessary; (`plenty' is nonstandard) ""I've had plenty, thanks""","n. 充足, 够, 很多
a. 充足的, 足够
adv. 足够
interj. 够了",r:70/d:30,5,1,zk gk,378,374,enough
less,less,les,"a. (comparative of `little' usually used with mass nouns) a quantifier meaning not as great in amount or degree
s. (usually preceded by `no') lower in quality
s. (nonstandard in some uses but often idiomatic with measure phrases) fewer
r. used to form the comparative of some adjectives and adverbs","n. 较少, 较小
a. 少的, 小的
adv. 较少, 较小, 较差
[计] 最低成本估算与调度法",r:57/d:43,5,1,gk cet4 ky,379,477,less
street,street,stri:t,"n. a thoroughfare (usually including sidewalks) that is lined with buildings
n. the part of a thoroughfare between the sidewalks; the part of the thoroughfare on which vehicles travel
n. the streets of a city viewed as a depressed environment in which there is poverty and crime and prostitution and dereliction
n. a situation offering opportunities","n. 街道, 马路, 街区
a. 街道的",n:100,5,1,zk gk ielts,380,554,street
decision,decision,di'siʒәn,"n. the act of making up your mind about something
n. a position or opinion or judgment reached after consideration
n. (boxing) a victory won on points when no knockout has occurred
n. the outcome of a game or contest","n. 决定, 决心, 决断
[计] 判定",n:100,5,1,zk gk cet4 cet6 ky ielts,381,479,decision
until,until,әn'til,"prep. To; unto; towards; -- used of material objects.
prep. To; up to; till; before; -- used of time; as, he staid
   until evening; he will not come back until the end of the month.
conj. As far as; to the place or degree that; especially, up to
   the time that; till. See Till, conj.","prep. 直到, 在...以前
conj. 直到...时, 在...以前",i:17/c:83,5,1,zk gk,382,270,until
industry,industry,'indәstri,"n. the people or companies engaged in a particular kind of commercial enterprise
n. the organized action of making of goods and services for sale","n. 勤劳, 工业, 企业, 产业, 有组织的劳动
[经] 工业, 实业",n:100,5,1,zk gk cet4 cet6 ky ielts,383,551,industry
patient,patient,'peiʃәnt,"n. a person who requires medical care
a. enduring trying circumstances with even temper or characterized by such endurance","n. 病人, 承受者
a. 忍耐的, 容忍的, 有耐性的, 坚忍的",j:11/n:89,4,1,zk gk cet4 cet6 ky,384,572,patient
mind,mind,maind,"n. that which is responsible for one's thoughts and feelings; the seat of the faculty of reason
n. recall or remembrance
n. attention
n. your intention; what you intend to do","n. 思想, 愿望, 智力, 记忆, 心理, 情绪, 理智, 主意, 心意
vi. 介意, 注意, 留心
vt. 注意, 留意, 专心于, 照看, 介意",v:18/n:82,3,1,zk gk ielts,385,469,mind
sure,sure,ʃuә,"s. physically secure or dependable
s. (of persons) worthy of trust or confidence
s. infallible or unfailing
s. certain not to fail","a. 确信, 必然的, 必定的
adv. 当然, 确实地, 无疑地",r:12/j:88,5,1,zk gk,386,347,sure
class,class,klɑ:s,"n. a collection of things sharing a common attribute
n. a body of students who are taught together
n. people having the same social, economic, or educational status
n. a league ranked by quality","n. 班级, 阶级, 种类, 课
vt. 分类
[计] 类别; 类; 种类; 类程",v:1/n:99,5,1,zk gk ielts,387,431,class
win,win,win,"n. a victory (as in a race or other competition)
v. be the winner in a contest or competition; be victorious","vt. 赢得, 打胜, 成功
vi. 获胜, 达到, 影响
n. 胜利, 赢, 收益",n:8/v:92,5,1,zk gk cet4 cet6 ky,388,361,win
several,several,'sevәrәl,"s. (used with count nouns) of an indefinite number more than 2 or 3 but not many
s. distinct and individual","a. 几个的, 一些的, 各自的
pron. 几个",d:100,5,1,zk gk ielts,389,310,several
clear,clear,kliә,"n. the state of being free of suspicion
v. make a way or path by removing objects
v. remove
v. be debited and credited to the proper bank accounts","a. 清楚的, 明确的, 澄清的
adv. 清晰地
vt. 澄清, 清除障碍
vi. 放晴, 变清澈
n. 空隙
[计] 清除",r:5/j:75/v:20,5,1,zk gk ielts,390,563,clear
major,major,'meidʒә,"n. a commissioned military officer in the United States Army or Air Force or Marines; below lieutenant colonel and above captain
n. British statesman who was prime minister from 1990 until 1997 (born in 1943)
n. a university student who is studying a particular field as the principal subject
n. the principal field of study of a student at a university","n. 主修课, 成年人, 陆军少校
a. 主要的, 较多的, 大部分的, 成年的, 严重的
vi. 主修
[计] 主要, 主要刻度",j:92/v:2/n:6,5,1,gk cet4 cet6 ky toefl ielts,392,444,major
church,church,tʃә:tʃ,"n. one of the groups of Christians who have their own beliefs and forms of worship
n. a place for public (especially Christian) worship
n. the body of people who attend or belong to a particular local church
v. perform a special church rite or service for","n. 教堂, 礼拜, 教会
vt. 使人接受宗教仪式
a. 教堂的",n:100,4,1,zk gk cet4 ky ielts,393,648,church
paper,paper,'peipә,"n. a material made of cellulose pulp derived mainly from wood or rags or certain grasses
n. a medium for written communication
n. a scholarly article describing the results of observations or stating hypotheses
v. cover with paper","n. 纸, 文件, 文章, 报纸, 证券, 证件
vt. 用纸糊, 贴壁纸于, 用纸包装
vi. 贴壁纸
a. 纸做的, 纸上的",v:1/n:99,5,1,zk gk ielts,395,519,paper
itself,itself,it'self,"pron. The neuter reciprocal pronoun of It; as, the thing is
   good in itself; it stands by itself.","pron. 它本身, 它自己",p:100,5,1,zk gk,396,556,itself
around,around,ә'raund,"r. by a circular or circuitous route
r. in a circle or circular motion
r. to a particular destination either specified or understood
r. in circumference","prep. 包围, 在...周围, 四处
adv. 兜着圈子, 在附近, 到处",i:53/r:47,5,1,zk gk,397,264,around
describe,describe,di'skraib,v. give a description of,"vt. 描述, 描绘, 画",v:100,5,1,zk gk cet4 cet6 ky,398,568,describe
develop,develop,di'velәp,"v. make something new, such as a product or a mental or artistic creation
v. gain through experience
v. be gradually disclosed or unfolded; become manifest; 
v. grow, progress, unfold, or evolve through a process of evolution, natural growth, differentiation, or a conducive environment","vt. 发展, 使发达, 进步, 洗印, 显影
vi. 发展, 生长",v:100,5,1,zk gk toefl,400,484,develop
agree,agree,ә'gri:,"v. be in accord; be in agreement
v. consent or assent to a condition, or agree to do something
v. show grammatical agreement
v. be agreeable or suitable","vi. 同意, 赞成, 应允, 适合
vt. 承认, 认定, 同意",v:100,5,1,zk gk,401,514,agree
economic,economic,.i:kә'nɒmik,"a. of or relating to an economy, the system of production and management of material wealth
a. of or relating to the science of economics
s. using the minimum of time or resources necessary for effectiveness
s. concerned with worldly necessities of life (especially money)","a. 经济上的, 实用的, 节省的
[经] 经济的",j:100,5,1,cet4 cet6 ky toefl ielts,402,453,economic
open,open,'әupәn,"n. a clear or unobstructed space or expanse of land or water
n. a tournament in which both professionals and amateurs may play
n. information that has become public
v. cause to open or to become open","n. 公开, 户外, 空旷
a. 开着的, 开放的, 开阔的, 营业着的, 公开的, 悬而未决的
vt. 打开, 公开, 开放
vi. 展开, 开始, 展现
[计] 打开指令; 打开语句",r:4/j:36/v:60,5,1,zk gk,403,355,open
reach,reach,ri:tʃ,"n. the act of physically reaching or thrusting out
v. reach a destination, either real or abstract
v. reach a point in time, or a certain state or level
v. move forward or upward in order to touch; also in a metaphorical sense","n. 伸出, 延伸, 区域, 范围, 流域, 岬
vt. 到达, 达到, 伸出, 延伸, 影响
vi. 达到, 延伸, 伸出手, 传到",n:8/v:92,5,1,zk gk cet4 cet6 ky,404,422,reach
upon,upon,ә'pɒn,"prep. On; -- used in all the senses of that word, with which it
   is interchangeable.","prep. 在...之上, 迫近, 紧接着",i:100,4,1,zk gk cet4 cet6 ky,405,693,upon
century,century,'sentʃuri,n. a period of 100 years,"n. 世纪, 百年",n:100,5,1,zk gk cet4 cet6 ky ielts,407,605,century
section,section,'sekʃәn,"n. a self-contained part of a larger composition (written or musical)
n. a very thin slice (of tissue or mineral or other substance) for examination under a microscope
n. a distinct region or subdivision of a territorial or political area or community or group of people
n. one of several parts or pieces that fit with others to constitute a whole object","n. 区段, 部分, 区域, 节, 截面, 处, 科, 区, 扇区
vt. 把...分段, 把...切片
vi. 被切成片
[计] 扇区",v:1/n:99,4,1,gk cet4 cet6 ky toefl ielts,409,818,section
table,table,'teibl,"n. a set of data arranged in rows and columns
n. a piece of furniture having a smooth flat top that is usually supported by one or more vertical legs
n. a piece of furniture with tableware for a meal laid out on it
n. a company of people assembled at a table for a meal or game","n. 桌子, 餐桌, 工作台, 铭文, 表格, 表, 高原, 平地层
vt. 搁置, 嵌合, 制表, 把...列入议事日程
[计] 表格, 模拟运算表",v:1/n:99,4,1,zk gk ielts gre,410,539,table
activity,activity,æk'tiviti,"n. any specific behavior
n. (chemistry) the capacity of a substance to take part in a chemical reaction","n. 活动, 行动, 活跃, 活力
[计] 活动",n:100,4,1,zk gk cet4 ky ielts,412,537,activity
death,death,deθ,"n. the event of dying or departure from life
n. the permanent end of all life functions in an organism or part of an organism
n. the absence of life or state of being dead
n. the time when something ends","n. 死亡
[医] 死亡",n:100,4,1,zk gk cet4 ky,414,417,death
build,build,bild,"v. build or establish something abstract
v. improve the cleansing action of
v. order, supervise, or finance the construction of
v. give form to, according to a plan","v. 建立, 建筑
n. 构造, 体格",n:2/v:98,5,1,zk gk,415,408,build
sense,sense,sens,"n. a general conscious awareness
n. the meaning of a word or expression; the way in which a word or expression or situation can be interpreted
n. the faculty through which the external world is apprehended
n. a natural appreciation or ability","n. 感应, 感觉, 感官, 意识, 观念, 情理, 知觉, 理智
vt. 感觉, 觉察, 检测
[计] 阅读; 检测",v:10/n:90,5,1,zk gk cet4 cet6 ky ielts,417,407,sense
among,among,ә'mʌŋ,prep. Alt. of Amongst,prep. 在...之中,i:100,5,1,zk gk,418,279,among
involve,involve,in'vɒlv,"v. connect closely and often incriminatingly
v. engage as a participant
v. contain as a part
v. occupy or engage the interest of","vt. 包括, 使陷于, 潜心于, 包围
[医] 累及, 牵涉, 包含",v:100,4,1,cet4 cet6 ky toefl ielts,419,656,involve
building,building,'bildiŋ,"n. a structure that has a roof and walls and stands more or less permanently in one place
n. the occupants of a building","n. 建筑物, 建筑
[法] 营造, 建筑, 建筑物",n:100,5,1,zk gk ielts,420,501,building
sort,sort,sɒ:t,"n. an approximate definition or example
n. a person of a particular character or nature
n. an operation that segregates items into groups according to a specified criterion","n. 种类, 方式, 品质, 态度, 举止
vt. 分类, 排序, 挑选
vi. 交往, 协调
[计] 排序; DOS外部命令:从标准输入设备接收数据, 整个数据输入完后
对它以行为单位进行排序, 然后在标准输出设备上输出",v:11/n:89,5,1,zk gk cet4 cet6 ky toefl ielts,421,835,sort
likely,likely,'laikli,"a. has a good chance of being the case or of coming about
s. expected to become or be; in prospect
s. within the realm of credibility","a. 有可能的, 合适的, 前途有望的
adv. 或许, 可能",r:16/j:84,5,1,gk cet4 cet6 ky,422,624,likely
staff,staff,stɑ:f,"n. personnel who assist their superior in carrying out an assigned task
n. a strong rod or stick with a specialized utilitarian purpose
n. the body of teachers and administrators at a school
n. building material consisting of plaster and hair; used to cover external surfaces of temporary structure (as at an exposition) or for decoration","n. 全体人员, 工作班子, 棍棒, 杆, 拐杖, 支柱, 权杖
a. 职员的, 雇员的, 参谋的
vt. 为...配备人员",v:8/n:92,5,1,gk cet4 cet6 ky toefl ielts,423,784,staff
spend,spend,spend,"v. pass time in a specific way
v. pay out
v. spend completely","vt. 花费, 浪费, 度过, 消耗, 消磨
vi. 花费, 用尽",v:100,5,1,zk gk,424,342,spend
real,real,'riәl,"n. the basic unit of money in Brazil; equal to 100 centavos
n. an old small silver Spanish coin
a. being or occurring in fact or actuality; having verified existence; not illusory; not ghosts""
a. no less than what is stated; worthy of the name","a. 真的, 真实的, 实际的, 实在的, 不动(产)的, 实数的
n. 实数, 现实
adv. 真正地",r:1/j:99,5,1,zk gk cet4 cet6 ky,425,305,real
black,black,blæk,"n. the quality or state of the achromatic color of least lightness (bearing the least resemblance to white)
n. British chemist who identified carbon dioxide and who formulated the concepts of specific heat and latent heat (1728-1799)
n. popular child actress of the 1930's (born in 1928)
n. a person with dark skin who comes from Africa (or whose ancestors came from Africa)","n. 黑色, 黑颜料
a. 黑色的",j:88/v:2/n:10,5,1,zk gk ielts,426,253,black
team,team,ti:m,"n. a cooperative unit (especially in sports)
n. two or more draft animals that work together to pull something
v. form a team","n. 队, 组
vt. 把马(牛)套在同一辆车上, 把...编成一组
vi. 驾驶卡车, 协作",v:3/n:97,5,1,zk gk cet4 cet6 ky toefl ielts,427,307,team
return,return,ri'tә:n,"n. a coming to or returning home
n. the occurrence of a change in direction back in the opposite direction
n. the act of going back to a prior location
n. the income or profit arising from such transactions as the sale of land or other property","n. 回来, 返回, 来回票, 归还, 报答, 利润率, 报告书
a. 返回的, 回程的, 报答的, 反向的, 重现的, 复原的
vi. 返回, 归还, 回来
vt. 归还, 还, 回报, 产生, 反射, 报告, 申报, 退回
[计] 返回",n:27/j:1/v:72,5,1,zk gk ielts,428,472,return
draw,draw,drɒ:,"n. a gully that is shallower than a ravine
n. the finish of a contest in which the score is tied and the winner is undecided
n. anything (straws or pebbles etc.) taken or chosen at random
n. a playing card or cards dealt or taken from the pack","vi. 拉, 拖, 拔剑
vt. 拖拉, 挨近, 领取, 打成平局, 引导, 抽签决定, 画, 描写, 制订, 草拟, 吸引
n. 拉, 拖, 拔出, 抽签, 平局
[计] 翻牌, 绘图",n:5/v:95,5,1,zk gk toefl,429,592,draw
student,student,'stju:dnt,n. a learner who is enrolled in an educational institution,"n. 学生, 研究者, 学者",n:100,5,1,zk gk ielts,432,157,student
town,town,taun,"n. an urban area with a fixed boundary that is smaller than a city
n. the people living in a municipality smaller than a city
n. United States architect who was noted for his design and construction of truss bridges (1784-1844)","n. 城镇, 市, 镇
[法] 城镇, 城市, 闹市",n:100,5,1,zk gk ielts,433,488,town
Mrs,mrs,'misiz,n. a form of address for a married woman,太太,,5,1,,434,932,mrs
language,language,'læŋgwidʒ,"n. a systematic means of communicating by the use of sounds or conventional symbols
n. the mental faculty or power of vocal communication","n. 语言, 文字, 措辞
[计] 语言",n:100,4,1,zk gk ielts,436,722,language
either,either,'i:ðә,r. after a negative statement used as an intensive meaning something like `likewise' or `also',"a. (两者之中)任一的, (两者之中)各一的
pron. (两者之中)任一
conj. 或, 要么",r:80/d:20,5,1,zk gk,437,558,either
special,special,'speʃәl,"n. a special offering (usually temporary and at a reduced price) that is featured in advertising
n. a dish or meal given prominence in e.g. a restaurant
n. a television production that features a particular person or work or topic
s. for a special service or occasion","n. 专辑, 专车, 号外, 特别的东西, 负有特别任务的人员
a. 特别的, 专门的, 特殊的, 额外的, 附加的, 特别亲密的",j:98/n:2,5,1,zk gk cet4 cet6 ky ielts,438,520,special
certain,certain,'sә:tәn,"s. definite but not specified or identified
a. having or feeling no doubt or uncertainty; confident and assured
a. established beyond doubt or question; definitely known
a. certain to occur; destined or inevitable","a. 确定的, 某一个的, 必然的
[法] 确凿的, 无疑的, 可靠的",r:2/j:98,3,1,zk gk cet4 ky,440,577,certain
plan,plan,plæn,"n. a series of steps to be carried out or goals to be accomplished
n. scale drawing of a structure
v. have the will and intention to carry out some action
v. make plans for something","n. 计划, 方案, 策略, 方法, 进度表, 程序表, 平面图, 设计图, 轮廓, 示意图
vt. 计划, 设计, 意欲
vi. 订计划",v:37/n:63,5,1,zk gk ielts,442,413,plan
die,die,dai,"n. a small cube with 1 to 6 spots on the six faces; used in gambling to generate random numbers
n. a device used for shaping metal
n. a cutting tool that is fitted into a diestock and used for cutting male (external) screw threads on screws or bolts or pipes or rods
v. pass from physical life and lose all bodily attributes and functions necessary to sustain life","vi. 死亡, 消逝, 平息, 熄灭, 漠然, 渴望
vt. 死
n. 骰子, 冲模",v:100,5,1,zk gk gre,443,403,die
hope,hope,hәup,"n. a specific instance of feeling hopeful
n. the general feeling that some desire will be fulfilled
n. someone (or something) on which expectations are centered
n. United States comedian (born in England) who appeared in films with Bing Crosby (1903-2003)","n. 希望, 信心, 期待
v. 希望, 期望, 信赖",n:29/v:71,5,1,zk gk,444,482,hope
morning,morning,'mɒ:niŋ,n. the time period between dawn and noon,"n. 早晨, 早上, 初期",n:100,5,1,zk gk,445,357,morning
across,across,ә'krɒs,"r. to the opposite side
r. transversely","prep. 越过, 穿过, 与...相交叉, 在...的对面
adv. 交叉, 到另一边, 在对面, 成十字",i:91/r:9,5,1,zk gk,448,377,across
create,create,kri:'eit,"v. bring into existence
v. pursue a creative activity; be engaged in a creative activity
v. invest with a new title, office, or rank
v. create by artistic means","vt. 创造, 建造, 引起, 任命",v:100,5,1,zk gk cet4 cet6 ky ielts,449,332,create
product,product,'prɒdʌkt,"n. an artifact that has been created by someone or some process
n. a quantity obtained by multiplication
n. a chemical substance formed as a result of a chemical reaction
n. a consequence of someone's efforts or of a particular set of circumstances","n. 产品, 结果, 乘积
[化] 生产物",n:100,5,1,gk cet4 cet6 ky ielts,451,569,product
whole,whole,hәul,"n. all of something including all its component elements or parts
n. an assemblage of parts that is regarded as a single entity
a. including all components without exception; being one unit or constituting the full amount or extent or duration; complete
a. (of siblings) having the same parents","n. 全部, 全体, 整体, 完全之体系
a. 所有的, 完整的, 完全的, 纯粹的",j:84/n:16,5,1,zk gk cet4 cet6 ky,452,467,whole
practice,practice,'præktis,"n. a customary way of operation or behavior
n. translating an idea into action
n. the exercise of a profession
n. knowledge of how something is usually done","n. 实践, 练习, 实行, 惯例, 习惯, 开业
v. 实践, 实行, 练习, 实习, 业务",v:13/n:87,4,1,zk gk ielts,453,564,practice
letter,letter,'letә,"n. a written message addressed to a person or organization
n. the conventional characters of the alphabet used to represent speech
n. owner who lets another person use something (housing usually) for hire
n. a strictly literal interpretation (as distinct from the intention)","n. 信, 字母, 证书, 字面意义, 铅字, 学问, 出租人
vt. 写字母于, 在...上刻字母, 用字母标明
vi. 写印刷体字
[计] 字母",v:1/n:99,5,1,zk gk ielts,454,628,letter
ground,ground,graund,"n. a position to be won or defended in battle (or as if in battle)
n. a relatively homogeneous percept extending back of the figure on which attention is focused
n. a connection between an electrical device and a large conducting body, such as the earth (which is taken to be at zero voltage)
n. (art) the surface (as a wall or canvas) prepared to take the paint for a painting","n. 土地, 战场, 场地, 地面, 范围
a. 土地的, 地面上的
vt. 放在地上, 使搁浅, 打基础, 给...以训练
vi. 搁浅, 落地, 根据, 基于
a. 磨过的
grind的过去式和过去分词",v:4/j:4/n:92,5,1,zk gk ielts,455,522,ground
evidence,evidence,'evidәns,"n. your basis for belief or disbelief; knowledge on which to base belief
n. an indication that makes something evident
n. (law) all the means by which any alleged matter of fact whose truth is investigated at judicial trial is established or disproved","n. 根据, 证据, 迹象
[经] 证据, 凭证",v:3/n:97,4,1,gk cet4 cet6 ky toefl ielts,456,606,evidence
meeting,meeting,'mi:tiŋ,"n. a formally arranged gathering
n. a small informal social gathering
n. a casual or unexpected convergence
n. the social act of assembling for some common purpose","n. 会议, 会面
[法] 会议, 会谈, 集会",n:100,5,1,zk gk ielts,457,772,meeting
walk,walk,wɒ:k,"n. the act of traveling by foot
n. manner of walking
n. the act of walking somewhere
n. a path set aside for walking","n. 走, 散步, 步行, 行走的路程, 竞走, 散步场所
vi. 走路, 步行, 处世
vt. 走过, 遛, 使走, 护送...走",n:13/v:87,5,1,zk gk,458,358,walk
foot,foot,fut,"n. the part of the leg of a human being below the ankle joint
n. a linear unit of length equal to 12 inches or a third of a yard
n. the lower part of anything
n. any of various organs of locomotion or attachment in invertebrates","n. 脚, 步调, 英尺, 底部, 末尾, 步兵
vt. 走在...上, 给...换底, 支付
vi. 跳舞, 步行, 总计",v:1/n:99,5,1,zk gk ielts,459,380,foot
rather,rather,'ræðә,"r. on the contrary; rather (or instead), he wrote her a letter""
r. to some (great or small) extent","adv. 宁可, 稍微, 相当",i:41/c:15/r:44,5,1,zk gk cet4 cet6 ky,460,860,rather
sell,sell,sel,"n. the activity of persuading someone to buy
v. exchange or deliver for money or its equivalent
v. be sold at a certain price or in a certain way
v. persuade somebody to accept something","vt. 卖, 背叛, 销售, 出卖
vi. 卖, 销售
n. 卖, 推销术, 失望",n:1/v:99,5,1,zk gk,461,443,sell
boy,boy,bɒi,"n. a friendly informal reference to a grown man
n. (ethnic slur) offensive and disparaging term for Black man","n. 男孩
[法] 男孩, 少年, 儿子",n:100,5,1,zk gk,462,382,boy
wait,wait,weit,"n. the act of waiting (remaining inactive in one place while expecting something)
v. stay in one place and anticipate or expect something
v. wait before acting
v. serve as a waiter or waitress in a restaurant","n. 等待, 等候
vt. 等候, 期待, 延缓, 伺候, 推迟
vi. 等, 等候, 耽搁, 伺候用餐
[计] 等待",n:4/v:96,5,1,zk gk,463,400,wait
game,game,geim,"n. a contest with rules to determine a winner
n. a single play of a sport or other contest
n. an amusement or pastime
n. animal hunted for food or sport","n. 比赛, 玩耍, 比分, 得胜, 比赛规则, 策略, 游戏, 野味
vi. 赌博
a. 勇敢的, 有胆量的, 关于野味的, 跛的
[计] 博弈; 对策",v:1/n:99,5,1,zk gk,464,273,game
food,food,fu:d,"n. any substance that can be metabolized by an animal to give energy and build tissue
n. any solid substance (as opposed to liquid) that is used as a source of nourishment
n. anything that provides mental stimulus for thinking","n. 食物, 养料
[医] 食物, 食品",n:100,5,1,zk gk ielts,466,366,food
union,union,'ju:njәn,"n. an organization of employees formed to bargain with the employer
n. the United States (especially the northern states during the American Civil War)
n. the state of being joined or united or linked
n. healing process involving the growing together of the edges of a wound or the growing together of broken bones","n. 联盟, 联合, 结合, 工会
[化] 联合; 联管节; 活接头",n:100,5,1,gk cet4 cet6 ky toefl ielts,467,1658,union
role,role,rәul,n. normal or customary activity of a person in a particular social setting,"n. 角色, 职责, 任务
[医] 作用, 功用",n:100,5,1,zk gk cet4 cet6 ky toefl ielts,468,451,role
half,half,hɑ:f,"n. one of two divisions into which some games or performances are divided: the two divisions are separated by an interval
s. consisting of one of two equivalent parts in value or quantity
s. partial
a. (of siblings) related through one parent only","n. 一半, 半场, 不完全
a. 一半的, 不完全的, 部分的, 半场的
adv. 一半地, 部分地, 在某种程度上地, 几乎",r:5/d:73/n:22,5,1,zk gk,470,547,half
else,else,els,"a. & pron. Other; one or something beside; as, Who else is
   coming? What else shall I give? Do you expect anything else?
adv. & conj. Besides; except that mentioned; in addition; as,
   nowhere else; no one else.
adv. & conj. Otherwise; in the other, or the contrary, case; if
   the facts were different.","a. 别的, 其他的
adv. 另外, 否则, 不然",r:100,5,1,zk gk,471,440,else
land,land,lænd,"n. the land on which real estate is located
n. material in the top layer of the surface of the earth in which plants can grow (especially with reference to its quality or use)
n. the solid part of the earth's surface
n. United States inventor who incorporated Polaroid film into lenses and invented the one step photographic process (1909-1991)","n. 陆地, 地面, 地界, 地产, 国土, 土地
vi. 登陆, 登岸, 到达
vt. 使上岸, 使登陆, 使到达
[计] 连接盘; 焊盘",v:20/n:80,5,1,zk gk toefl ielts,472,566,land
event,event,i'vent,"n. something that happens at a given place and time
n. a special set of circumstances
n. a phenomenon located at a single point in space-time; the fundamental observational entity in relativity theory","n. 事件, 结果, 事情的进程, 竞赛项目
[计] 事件",n:100,5,1,gk cet4 ky ielts,473,525,event
shall,shall,ʃæl,"v. i. & auxiliary. To owe; to be under obligation for.
v. i. & auxiliary. To be obliged; must.
v. i. & auxiliary. As an auxiliary, shall indicates a duty or
   necessity whose obligation is derived from the person speaking; as, you
   shall go; he shall go; that is, I order or promise your going. It thus
   ordinarily expresses, in the second and third persons, a command, a
   threat, or a promise. If the auxillary be emphasized, the command is
   made more imperative, the promise or that more positive and sure. It is
   also employed in the language of prophecy; as, ""the day shall come when
   . . . , "" since a promise or threat and an authoritative prophecy
   nearly coincide in significance. In shall with the first person, the
   necessity of the action is sometimes implied as residing elsewhere than
   in the speaker; as, I shall suffer; we shall see; and there is always a
   less distinct and positive assertion of his volition than is indicated
   by will. ""I shall go"" implies nearly a simple futurity; more exactly, a
   foretelling or an expectation of my going, in which, naturally enough,
   a certain degree of plan or intention may be included; emphasize the
   shall, and the event is described as certain to occur, and the
   expression approximates in meaning to our emphatic ""I will go."" In a
   question, the relation of speaker and source of obligation is of course
   transferred to the person addressed; as, ""Shall you go?"" (answer, ""I
   shall go""); ""Shall he go?"" i. e., ""Do you require or promise his
   going?"" (answer, ""He shall go"".) The same relation is transferred to
   either second or third person in such phrases as ""You say, or think,
   you shall go;"" ""He says, or thinks, he shall go."" After a conditional
   conjunction (as if, whether) shall is used in all persons to express
   futurity simply; as, if I, you, or he shall say they are right. Should
   is everywhere used in the same connection and the same senses as shall,
   as its imperfect. It also expresses duty or moral obligation; as, he
   should do it whether he will or not. In the early English, and hence in
   our English Bible, shall is the auxiliary mainly used, in all the
   persons, to express simple futurity. (Cf. Will, v. t.) Shall may be
   used elliptically; thus, with an adverb or other word expressive of
   motion go may be omitted.",aux. 将,v:100,4,1,zk gk,474,2197,shall
white,white,hwait,"n. a member of the Caucasoid race
n. the quality or state of the achromatic color of greatest lightness (bearing the least resemblance to black)
n. United States jurist appointed chief justice of the United States Supreme Court in 1910 by President Taft; noted for his work on antitrust legislation (1845-1921)
n. Australian writer (1912-1990)","n. 白色, 洁白, 眼白, 白种人, 蛋白
a. 白色的, 纯洁的, 白种的, 苍白的, 空白的, 幸运的",j:91/n:9,5,1,zk gk,475,301,white
cause,cause,kɒ:z,"n. events that provide the generative force that is the origin of something
n. a justification for something existing or happening
v. give rise to; cause to happen or occur, not always intentionally","n. 原因, 目标
vt. 引起, 使产生, 使遭受",n:38/v:62,5,1,zk gk cet4 cet6 ky toefl ielts,476,601,cause
art,art,ɑ:t,"n. the products of human creativity; works of art collectively
n. the creation of beautiful or significant things
n. a superior skill that you can learn by study and practice and observation","n. 艺术, 人文科学, 技术, 巧妙, 诡计, 美术
[计] 实际保持时间, 特许权和资源表, 平均检索时间, 平均运行时间",n:100,5,1,zk gk cet4 ky ielts,477,346,art
thus,thus,ðʌs,r. in the way indicated; (`thusly' is a nonstandard variant),"adv. 如此, 因此, 到如此程度
[医] 乳香",r:100,4,1,gk cet4 cet6 ky,479,744,thus
pass,pass,pæs,"n. (military) a written leave of absence
n. (American football) a play that involves one player throwing the ball to a teammate
n. the location in a range of mountains of a geological formation that is lower than the surrounding peaks
n. any authorization to pass or go somewhere","n. 经过, 要隘, 途径, 通行, 护照, 及格
vt. 经过, 越过, 通过, 批准, 度过, 传递, 忽略
vi. 经过, 变化, 流通, 及格, 宣判, 终止, 消逝, 被忽略, 不叫牌, 传递
[计] 遍",n:16/v:84,5,1,zk gk ielts,480,441,pass
support,support,sә'pɒ:t,"n. the activity of providing for or maintaining by supplying with money or necessities
n. aiding the cause or policy or interests of
n. something providing immaterial assistance to a person or cause or interest
n. a military operation (often involving new supplies of men and materiel) to strengthen a military force or aid in the performance of its mission","n. 支持, 支撑, 援助, 供养, 支撑物
vt. 支援, 支撑, 帮助, 支持, 忍受, 供养, 证实
[计] 后援; 支持",n:48/v:52,5,1,gk cet4 cet6 ky ielts,481,524,support
stage,stage,steidʒ,"n. a large platform on which people can stand and can be seen by an audience
n. the theater as a profession (usually `the stage')
n. a section or portion of a journey or course
n. any scene regarded as a setting for exhibiting or doing something","n. 阶段, 舞台, 场所, 戏剧, 站, 驿站, 级, 层, 脚手架
vt. 上演, 表演, 筹划
vi. 适于上演, 乘驿车旅行",v:8/n:92,5,1,gk cet4 cet6 ky ielts,482,829,stage
lie,lie,lai,"n. a statement that deviates from or perverts the truth
n. Norwegian diplomat who was the first Secretary General of the United Nations (1896-1968)
n. position or manner in which something is situated
v. be located or situated somewhere; occupy a certain position","n. 谎言, 假象, 位置
vi. 躺着, 说谎, 位于, 展现, 存在, 停泊
vt. 谎骗",n:18/v:82,3,1,zk gk,483,751,lie
range,range,'reindʒ,"n. the limits within which something can be effective
n. a large tract of grassy open land on which livestock can graze
n. a series of hills or mountains
n. a place for shooting (firing or driving) projectiles of various kinds","n. 排, 行, 山脉, 范围, 行列, 射程
vt. 排列, 归类于, 使并列, 放牧
vi. 平行, 延伸, 漫游
[计] 量程; 范围; 域; 距离",v:33/n:67,4,1,gk cet4 cet6 ky toefl ielts,484,972,range
trade,trade,treid,"n. the commercial exchange (buying and selling on domestic or international markets) of goods and services
n. the skilled practice of a practical occupation
n. the business given to a commercial establishment by its customers
v. engage in the trade of","n. 贸易, 商业, 交易, 生意, 职业, 顾客, 信风
vi. 进行交易, 做买卖, 经商, 对换, 购物
vt. 用...进行交换",v:23/n:77,5,1,zk gk cet4 cet6 ky ielts,485,800,trade
voice,voice,vɒis,"n. the distinctive quality or pitch or condition of a person's speech
n. the sound made by the vibration of vocal folds modified by the resonance of the vocal tract
n. a sound suggestive of a vocal utterance
n. a means or agency by which something is expressed or communicated","n. 声音, 嗓音, 嗓子, 愿望, 发言权, 表达, 喉舌, 语态
vt. 表达, 吐露, 调音",v:5/n:95,4,1,zk gk cet4 cet6 ky,487,465,voice
accept,accept,әk'sept,"v. consider or hold as true
v. receive willingly something given or offered
v. give an affirmative reply to; respond favorably to
v. react favorably to; consider right and proper","vt. 接受, 承认, 同意, 相信, 赞成, 承担, 承兑, 采纳, 接纳, 容忍
vi. 同意",v:100,5,1,zk gk cet4 ky,488,766,accept
behind,behind,bi'haind,"s. having the lower score or lagging position in a contest
r. in or to or toward the rear
r. remaining in a place or condition that has been left or departed from
r. of timepieces","adv. 在后地
prep. 在...背后",i:84/r:15/n:1,5,1,zk gk,489,421,behind
watch,watch,wɒtʃ,"n. a small portable timepiece
n. a period of time (4 or 2 hours) during which some of a ship's crew are on duty
n. a purposeful surveillance to guard or observe
n. the period during which someone (especially a guard) is on duty","n. 观察, 手表, 看守, 守护, 监视, 值班人
vt. 看, 注视, 照顾, 看守, 守护, 监视
vi. 观看, 注视, 守侯",n:11/v:89,3,1,zk gk toefl,490,323,watch
arm,arm,ɑ:m,"n. a human limb; technically the part of the superior limb between the shoulder and the elbow but commonly used to refer to the whole superior limb
n. any projection that is thought to resemble a human arm
n. the part of an armchair or sofa that supports the elbow and forearm of a seated person
v. prepare oneself for a military confrontation","n. 手臂, 袖子, 狭长港湾, 武器
vt. 武装, 装备
vi. 武装起来
[计] ARM 处理器；异步应答方式; 自动货品销路管理",v:6/n:94,5,1,zk gk,491,491,arm
God,god,^ɔd,"n. the supernatural being conceived as the perfect and omnipotent and omniscient originator and ruler of the universe; the object of worship in monotheistic religions
n. a man of such superior qualities that he seems like a deity to other people","n. 上帝, 神像, 偶像
vt. 使神化",n:100,4,1,zk gk cet4 ky,492,2809,god
club,club,klʌb,"n. a formal association of people with similar interests
n. stout stick that is larger at one end
n. a playing card in the minor suit that has one or more black trefoils on it
v. unite with a common purpose","n. 俱乐部, 木棍, 球棒
vt. 用棍棒打, 缴纳
vi. 联合起来
a. 俱乐部的",v:2/n:98,5,1,zk gk cet4 ky ielts,493,1257,club
parent,parent,'perәnt,"n. a father or mother; one who begets or one who gives birth to or nurtures and raises a child; a relative who plays the role of guardian
n. an organism (plant or animal) from which younger ones are obtained","n. 父母, 父母亲, 根源
[法] 父亲, 母亲, 根源",v:1/n:99,5,1,zk gk ielts,494,327,parent
field,field,fi:ld,"n. a piece of land cleared of trees and usually enclosed
n. somewhere (away from a studio or office or library or laboratory) where practical work is done or data is collected
n. the space around a radiating body within which its electromagnetic oscillations can exert force on another similar body not in contact with it
n. a particular kind of commercial enterprise","n. 领域, 田地, 场地, 战场, 场, 域
vt. 使...晒在场上, 使上场
a. 田间的, 野生的, 野外的, 田赛的
[计] 域, 字段",v:3/n:97,4,1,zk gk ielts,495,439,field
history,history,'histәri,"n. the aggregate of past events
n. a record or narrative description of past events
n. the discipline that records and interprets past events involving human beings
n. the continuum of events occurring in succession leading from the past to the present and even into the future","n. 历史, 过去, 经历, 发展过程, 历史学, 过去的事, 历史记录
[计] 历史记录",n:100,5,1,zk gk cet4 cet6 ky ielts,496,350,history
free,free,fri:,"n. people who are free
v. grant freedom to; free from confinement
v. make (information) available for publication
v. free from obligations or duties","a. 自由的, 享受政治权力的, 允许的, 免费的, 丰富的
vt. 释放, 解放, 使自由
adv. 自由地, 免费",j:88/v:12,5,1,zk gk,497,473,free
account,account,ә'kaunt,"n. a formal contractual relationship established to provide for regular banking or brokerage or business services
n. importance or value
n. a statement of recent transactions and the resulting balance
n. the quality of taking advantage","n. 报告, 解释, 估价, 理由, 利润, 算账, 帐目
vi. 报帐, 解释, 导致, 报偿, 占, 杀死
vt. 认为
[计] 帐户, 帐号",v:35/n:65,5,1,gk cet4 ky toefl ielts,498,1071,account
material,material,mә'tiәriәl,"n. the tangible substance that goes into the makeup of a physical object
n. information (data or ideas or observations) that can be used or reworked into a finished form
n. things needed for doing or making something
n. a person judged suitable for admission or employment","n. 材料, 物资, 素材, 布料, 资料
a. 物质的, 肉体的, 重要的",j:2/n:98,4,1,gk cet4 cet6 ky ielts,499,641,material
whose,whose,hu:z,"pron. The possessive case of who or which. See Who, and Which.",pron. 谁的,d:100,5,1,zk gk,501,527,whose
easy,easy,'i:zi,"a. posing no difficulty; requiring little effort
s. not hurried or forced
a. free from worry or anxiety
s. affording pleasure","a. 容易的, 缓缓的, 舒适的, 从容的, 宽容的, 流畅的, 随便的, 自在的, 疲软的
adv. 容易地, 慢慢地",r:14/j:86,5,1,zk gk,502,549,easy
ago,ago,ә'gәu,"s. gone by; or in the past
r. in the past",adv. 以前,r:100,5,1,zk gk,504,316,ago
care,care,kєә,"n. the work of providing treatment for or attending to someone or something
n. a cause for feeling concern
n. attention and management implying responsibility for safety
n. activity involved in maintaining something in good working order","n. 小心, 照料, 忧虑
vi. 关心, 介意
vt. 在意, 喜欢",v:33/n:67,5,1,zk gk ielts,505,434,care
strong,strong,strɒŋ,"a. having strength or power greater than average or expected
s. not faint or feeble
s. of verbs not having standard (or regular) inflection
s. freshly made or left","a. 强壮的, 坚固的, 坚强的, 强烈的, 有力的, 优良的
adv. 强劲地, 有力地, 猛烈地",r:1/j:99,5,1,zk gk,506,458,strong
record,record,ri'kɒ:d,"n. anything (such as a document or a phonograph record or a photograph) providing permanent evidence of or information about past events
n. the number of wins versus losses and ties a team has had
n. the sum of recognized accomplishments
n. a compilation of the known facts regarding something or someone","n. 记录, 履历, 档案, 审判记录, 最高纪录, 唱片
vt. 记录, 记载, 标明, 将...录音
vi. 记录, 录音, 可被录音
a. 创纪录的
[计] 录制, 记录",v:21/j:2/n:77,5,1,zk gk cet4 cet6 ky ielts,507,516,record
manager,manager,'mænidʒә,"n someone who controls resources and expenditures
n (sports) someone in charge of training an athlete or a team","n. 经理, 管理员, 管理器
[计] 管理器",n:100,4,1,zk gk ielts,508,877,manager
project,project,'prɒdʒekt,"n. a planned undertaking
v. communicate vividly
v. transfer (ideas or principles) from one domain into another
v. project on a screen","n. 计划, 设计, 事业
vt. 计划, 设计, 投掷, 发射, 使凸出, 放映
vi. 凸出",v:10/n:90,4,1,gk cet4 cet6 ky toefl ielts,509,534,project
raise,raise,reiz,"n. the amount a salary is increased
n. increasing the size of a bet (as in poker)
v. raise the level or amount of something
v. raise from a lower to a higher position","n. 上升, 高地, 增高
vt. 升起, 举起, 唤起, 提高, 使出现, 使复活, 提出, 筹集, 饲养",n:3/v:97,5,1,zk gk toefl,510,433,raise
example,example,ig'zæmpl,"n. an item of information that is typical of a class or group
n. punishment intended as a warning to others","n. 例子, 样本, 实例
[化] 实例",n:100,5,1,zk gk ielts,511,852,example
base,base,beis,"n. installation from which a military force initiates operations
n. a place that the runner must touch before scoring
n. the bottom or lowest part
n. (anatomy) the part of an organ nearest its point of attachment","n. 底部, 垒, 基础, 基地
vt. 以...作基础
a. 卑鄙的, 低劣的
[计] 基准",n:35/j:1/v:64,5,1,gk cet4 ky gre,514,536,base
window,window,'windәu,"n. a framework of wood or metal that contains a glass windowpane and is built into a wall or roof to admit light or air
n. a transparent opening in a vehicle that allow vision out of the sides or back; usually is capable of being opened
n. a transparent panel (as of an envelope) inserted in an otherwise opaque material
n. an opening that resembles a window in appearance or function","n. 窗户, 窗子, 窗口
vt. 给...开窗
[计] 窗口",n:100,4,1,zk gk ielts,517,607,window
explain,explain,ik'splein,"v. make plain and comprehensible
v. define","v. 解释, 说明",v:100,4,1,zk gk cet4 cet6 ky,518,480,explain
break,break,breik,"n. an unexpected piece of good luck
n. the occurrence of breaking
n. an abrupt change in the tone or register of the voice (as at puberty or due to emotion)
n. the opening shot that scatters the balls in billiards or pool","n. 休息, 中断, 破裂处, 绝交, 破晓, 突变
vt. 打破, 弄破, 弄坏, 破坏, 违反, 打断, 削弱, 放弃
vi. 破碎, 决裂, 破晓, 突变, 变弱, 暂停
n. 分隔符
[计] 分隔符; 中断; DOS内部命令:设定扫描中断按键的时机",n:34/v:66,5,1,zk gk ielts,519,494,break
learn,learn,lә:n,"v. gain knowledge or skills
v. get to know or become aware of, usually accidentally
v. be a student of a certain subject",vt. 学习；认识到；得知,v:100,5,1,zk gk ielts,520,304,learn
central,central,'sentrәl,"n. a workplace that serves as a telecommunications facility where lines from telephones can be connected together to permit communication
a. in or near a center or constituting a center; the inner area","a. 中央的, 重要的
[医] 中央的, 中心的, 中枢的",j:100,5,1,gk cet4 cet6 ky ielts,521,743,central
apply,apply,ә'plai,"v. be pertinent or relevant or applicable
v. ask (for something)
v. refer (a word or name) to a person or thing
v. apply oneself to","vt. 涂, 应用
vi. 申请, 适用",v:100,4,1,gk cet4 cet6 ky toefl ielts,522,938,apply
increase,increase,in'kri:s,"n. a change resulting in an increase
n. a process of becoming larger or longer or more numerous or more important
n. the amount by which something increases
n. the act of increasing something","n. 增加, 增进, 利益
vt. 增加, 加大
vi. 增加, 繁殖",n:35/v:65,5,1,zk gk cet4 cet6 ky,523,660,increase
grow,grow,grәu,"v. become larger, greater, or bigger; expand or gain
v. increase in size by natural process
v. cause to grow or develop
v. cultivate by growing, often involving improvements by means of agricultural techniques","vt. 种植, 使长满
vi. 生长, 变成, 发展",v:100,5,1,zk gk,524,353,grow
cover,cover,'kʌvә,"n. the act of concealing the existence of something by obstructing the view of it
n. fire that makes it difficult for the enemy to fire on your own individuals or formations
n. a recording of a song that was first recorded or made popular by somebody else
n. a false identity and background (especially one created for an undercover agent)","n. 盖子, 封面, 藉口
vt. 覆盖, 掩饰, 保护, 掩护, 包括
vi. 覆盖",n:25/v:75,5,1,zk gk toefl ielts,525,560,cover
usually,usually,'ju:ʒuәli,r under normal conditions,"adv. 通常, 大抵",r:100,4,1,gk,526,724,usually
air,air,єә,"n. a mixture of gases (especially oxygen) required for breathing; the stuff that the wind consists of
n. the region above the ground
n. a distinctive but intangible quality surrounding a person or thing
n. once thought to be one of four elements composing the universe (Empedocles)","n. 空气, 旋律, 态度
vt. 晾, 使通风, 夸耀",v:3/n:97,5,1,zk gk toefl ielts,527,370,air
light,light,lait,"n. (physics) electromagnetic radiation that can produce a visual sensation
n. any device serving as a source of illumination
n. a particular perspective or aspect of a situation
n. an illuminated area","n. 光, 光亮, 灯, 日光, 发光体, 光源, 杰出人物, 火花, 眼光
a. 轻的, 少量的, 轻微的, 轻快的, 轻浮的, 明亮的, 淡色的, 容易的
vt. 点燃, 照亮
vi. 点着, 变亮, 突降, 偶然碰到
adv. 轻地",i:3/r:3/j:21/v:10/n:63,3,1,zk gk ielts,529,464,light
wife,wife,waif,n. a married woman; a man's partner in marriage,"n. 妻子, 太太, 夫人
[法] 妻子, 已婚妇女",n:100,5,1,zk gk,531,466,wife
claim,claim,kleim,"n. an assertion of a right (as to money or property)
n. an assertion that something is true or factual
n. demand for something as rightful or due
n. an informal right to something","n. 要求, 要求权, 断言, 权利
vt. 要求, 认领, 主张
vi. 提出要求, 主张, 断言",n:40/v:60,5,1,cet4 cet6 ky toefl ielts gre,533,874,claim
sir,sir,sә:,"n. term of address for a man
n. a title used before the name of knight or baronet","n. 先生, 阁下",n:100,5,1,zk gk,534,2108,sir
indeed,indeed,in'di:d,"r. in truth (often tends to intensify)
r. (used as an interjection) an expression of surprise or skepticism or irony etc.","adv. 的确, 实在, 真正地, 甚至",r:100,4,1,gk cet4 cet6 ky,535,848,indeed
quality,quality,'kwɒlәti,"n. an essential and distinguishing attribute of something or someone
n. a degree or grade of excellence or worth
n. a characteristic property that defines the apparent individual nature of something
n. high social status","n. 品质, 特性, 才能, 质量
a. 优质的
[计] 品质",n:100,4,1,gk cet4 cet6 ky toefl ielts,536,764,quality
rule,rule,ru:l,"n. a principle or condition that customarily governs behavior
n. prescribed guide for conduct or action
n. (linguistics) a rule describing (or prescribing) a linguistic practice
n. the duration of a monarch's or government's power","n. 规则, 统治, 控制, 支配, 规律, 标准, 章程, 破折号, 铅线
vt. 规定, 统治, 管理, 控制, 支配, 裁决
vi. 统治, 管辖, 裁定
[计] 规则, 水线",v:21/n:79,5,1,zk gk cet4 cet6 ky toefl ielts,539,633,rule
cut,cut,kʌt,"n. a share of the profits
n. (film) an immediate transition from one shot to the next
n. a trench resembling a furrow that was made by erosion or excavation
n. a step on some scale","n. 切口, 割伤, 降低, 切, 割, 砍, 削, 伤口, 削减, 缩短, 删节, 通路
a. 经切割的, 缩减的
vt. 切, 割, 减少, 刺痛, 开辟, 雕刻, 删节, 缩短, 停止, 排斥, 切断, 关, 显出
vi. 切, 割, 砍, 刺痛, 相交, 抄近路, 剪辑
[计] 剪切",n:20/j:2/v:78,5,1,zk gk ielts,541,414,cut
story,story,'stɒ:ri,n. a piece of fiction that narrates a chain of related events,"n. 故事, 小说, 传奇, 描述, 阅历, 经历, 层",n:100,5,1,zk gk ielts,542,233,story
similar,similar,'similә,"a. marked by correspondence or resemblance
s. (of words) expressing closely related meanings","a. 相似的, 类似的
n. 相似的东西",j:100,4,1,zk gk ielts,543,720,similar
worker,worker,'wә:kә,"n. a person who works at a specific occupation
n. sterile member of a colony of social insects that forages for food and cares for the larvae","n. 工人, 劳动者
[经] 工人, 劳工, 劳动者",n:100,5,1,zk gk ielts,544,573,worker
tax,tax,tæks,"n. charge against a citizen's person or property or activity for the support of government
v. levy a tax on
v. set or determine the amount of (a payment such as a fine)
v. use to the limit","n. 税, 税款, 重负, 会费
vt. 课以税, 使负重荷, 斥责",v:6/n:94,5,1,gk cet4 cet6 ky toefl,545,509,tax
pound,pound,paund,"n. 16 ounces avoirdupois
n. a unit of apothecary weight equal to 12 ounces troy
n. a nontechnical unit of force equal to the mass of 1 pound with an acceleration of free fall equal to 32 feet/sec/sec
n. United States writer who lived in Europe; strongly influenced the development of modern literature (1885-1972)","n. 磅, 英镑, 重击, 鱼塘, 拘留所, 兽栏
vt. 强烈打击, 捣烂, 监禁, 关入栏内
vi. 连续重击, 苦干",v:16/n:84,5,1,zk gk cet4 cet6 ky toefl,546,1306,pound
true,true,tru:,"n. proper alignment; the property possessed by something that is in correct or proper alignment
v. make level, square, balanced, or concentric
a. consistent with fact or reality; not false
s. accurately placed or thrown","a. 真实的, 正确的, 忠诚的, 可靠的, 纯粹的, 正式的
n. 真实, 准确
adv. 真实地, 准确地",r:1/j:99,4,1,zk gk,547,492,true
once,once,wʌns,"r. on one occasion
r. as soon as
r. at a previous time;","adv. 一次, 曾经, 一旦
conj. 一旦, 一经
n. 一次
a. 从前的",c:21/r:79,5,1,zk gk ielts,548,300,once
stay,stay,stei,"n. continuing or remaining in a place or state
n. a judicial order forbidding some action until an event occurs or the order is lifted
n. a thin strip of metal or bone that is used to stiffen a garment (e.g. a corset)
n. (nautical) brace consisting of a heavy rope or wire cable used as a support for a mast or spar","n. 停留, 逗留, 制止, 延缓, 停止, 支柱, 支撑物, 支索
vt. 制止, 延缓, 坚持, 支持, 支撑, 用支索固定
vi. 停留, 逗留, 暂停, 坚持, 中止",n:6/v:94,5,1,zk gk,549,409,stay
human,human,'hju:mәn,"a. characteristic of humanity
a. relating to a person
a. having human form or attributes as opposed to those of animals or divine beings","n. 人, 人类
a. 人类的, 似人类的, 人性的, 有同情心的",j:82/n:18,5,1,zk gk cet4 ky toefl ielts,550,399,human
model,model,'mɒdәl,"n. a hypothetical description of a complex entity or process
n. a type of product
n. a person who poses for a photographer or painter or sculptor
n. representation of something (sometimes on a smaller scale)","n. 模型, 模范, 模特儿
a. 模范的, 作模型用的
vi. 做模型, 做模特儿
vt. 使模仿, 塑造
[计] 模型",v:6/j:1/n:93,4,1,zk gk cet4 ky ielts,551,504,model
data,data,'deitә,n. a collection of facts from which conclusions may be drawn,"pl. 资料, 数据
[计] 数据; DOS内部命令:用于显示或设定系统的日期",n:100,4,1,gk cet4 ky ielts,552,559,data
nature,nature,'neitʃә,"n. the essential qualities or characteristics by which something is recognized
n. a causal agent creating and controlling things in the universe
n. the natural physical world including plants and animals and landscapes etc.
n. the complex of emotional and intellectual attributes that determine a person's characteristic actions and reactions","n. 自然, 大自然, 本性, 性格, 性质
[医] 自然, 大自然; 本性, 性能",n:100,4,1,zk gk cet4 cet6 ky ielts,553,696,nature
officer,officer,'ɒfisә,"n. a person authorized to serve in a position of authority on a vessel
v. direct or command as an officer","n. 军官, 主管, 官员, 公务员
vt. 指挥",n:100,5,1,zk gk cet4 cet6 ky ielts,556,671,officer
contain,contain,kәn'tein,"v. be divisible by
v. be capable of holding or containing","vt. 包含, 容纳, 控制
vi. 自制",v:100,4,1,gk cet4 cet6 ky toefl gre,559,931,contain
unit,unit,'ju:nit,"n. an individual or group or structure or other entity regarded as a structural or functional constituent of a whole
n. an organization regarded as part of a larger social group
n. a single undivided whole
n. a single undivided natural thing occurring in the composition of something else","n. 单位, 分队, 部队, 单元, 部件, 装置
a. 单位的, 单元的
[计] 单元常数; 部件",n:100,4,1,zk gk cet4 cet6 ky,560,966,unit
method,method,'meθәd,"n. a way of doing something, especially a systematic way; implies an orderly logical arrangement (usually in steps)","n. 方法, 办法, 条理, 秩序
[医] [方]法",n:100,4,1,zk gk cet4 cet6 ky ielts,561,998,method
hospital,hospital,'hɒspitәl,"n. a health facility where patients receive treatment
n. a medical institution where sick or injured people are given medical or surgical care","n. 医院
[医] 医院",n:100,5,1,zk gk ielts,562,647,hospital
bed,bed,bed,"n. a piece of furniture that provides a place to sleep
n. a plot of ground in which plants are growing
n. a depression forming the ground under a body of water
n. (geology) a stratum of rock (especially sedimentary rock)","n. 床, 睡眠处, 河床, 底座, 路基, 一层
vt. 提供宿处, 栽种, 安装
vi. 睡, 形成坚实的一层",v:1/n:99,4,1,zk gk,563,683,bed
movement,movement,'mu:vmәnt,"n. a natural event that involves a change in the position or location of something
n. a group of people with a common ideology who try together to achieve certain general goals
n. a major self-contained part of a symphony or sonata
n. the driving and regulating parts of a mechanism (as of a watch or clock)","n. 运动, 动作, 运转, 移动, 倾向, 变化, 活动, 乐章
[医] 运动",n:100,4,1,gk cet4 cet6 ky gre,564,707,movement
detail,detail,'di:teil,"n. an isolated fact that is considered separately from the whole
n. a small part that can be considered separately from the whole
n. extended treatment of particulars
n. a crew of workers selected for a particular task","n. 细节, 详情
vt. 详述, 选派
vi. 画详图
[计] 详细数据",v:9/n:91,4,1,cet4 cet6 ky ielts,566,997,detail
reduce,reduce,ri'dju:s,"v. cut down on; make a reduction in
v. make less complex
v. bring to humbler or weaker state or condition
v. simplify the form of a mathematical equation of expression by substituting one term for another","vt. 减少, 分解, 降低, 使衰退, 把...分解, 把...归纳
vi. 减少, 减肥, 缩小
[计] 缩小",v:100,4,1,gk cet4 cet6 ky toefl,567,701,reduce
simply,simply,'simpli,r. absolutely; altogether; really,"adv. 简单地, 只是, 简直, 简朴地, 坦白地",r:100,4,1,gk,568,583,simply
single,single,'siŋgl,"n. a base hit on which the batter stops safely at first base
v. hit a single
a. used of flowers having usually only one row or whorl of petals
a. existing alone or consisting of one entity or part or aspect or individual","a. 单身的, 单程的, 单一的, 个别的, 孤独的, 专一的
n. 一个, 单打, 单程票
vt. 选出
vi. 击出一垒打
[计] 单精度型",j:90/v:5/n:5,5,1,zk gk ielts,569,632,single
date,date,deit,"n. the specified day of the month
n. a participant in a date
n. a meeting arranged in advance
n. a particular but unspecified point in time","n. 日期, 约会, 枣椰树
vt. 约会, 定日期
vi. 注明日期, 过时",v:30/n:70,4,1,zk gk toefl ielts,571,1201,date
hard,hard,hɑ:d,"a. dispassionate; 
a. resisting weight or pressure
s. very strong or vigorous
a. (of light) transmitted directly from a pointed light source","a. 坚硬的, 硬的, 难的, 艰苦的, 困难的, 坚固的, 猛烈的, 艰难的, 结实的, 确实的
adv. 坚硬地, 努力地, 辛苦地, 接近地, 猛烈地, 牢固地",r:37/j:63,5,1,zk gk ielts,573,438,hard
personal,personal,'pә:snl,"n. a short newspaper article about a particular person or group
a. concerning or affecting a particular person or his or her private life and personality
s. particular to a given individual
a. of or arising from personality","a. 私人的, 涉及隐私的, 有人性的, 人称的, 亲自的, 身体的
[医] 人的; 个人的, 自身的",j:99/n:1,4,1,zk gk cet4 cet6 ky ielts,574,580,personal
wall,wall,wɒ:l,"n. an architectural partition with a height and length greater than its thickness; used to divide or enclose an area or to support another structure
n. anything that suggests a wall in structure or function or effect
n. (anatomy) a layer (a lining or membrane) that encloses a structure
n. a difficult or awkward situation","n. 墙, 墙壁, 垣, 内壁, 分界物, 屏障
a. 墙的
vt. 给...建墙, 禁闭, 用墙围住
[计] 背景墙",v:1/n:99,5,1,zk gk ielts,577,571,wall
join,join,dʒɒin,"v. become part of; become a member of a group or organization
v. cause to become joined or linked
v. come into the company of
v. make contact or come together","vi. 参加, 结合, 加入
vt. 连接, 结合, 参加, 加入
n. 连接, 结合, 接合点
[计] 连接; 汇合指令",n:1/v:99,5,1,zk gk toefl,578,505,join
computer,computer,kәm'pju:tә,n. a machine for performing calculations automatically,"n. 电脑, 电子计算机
[计] 计算机",n:100,4,1,zk gk ielts,580,589,computer
private,private,'praivit,"n. an enlisted man of the lowest rank in the Army or Marines
a. confined to particular persons or groups or providing privacy
s. concerning things deeply private and personal","a. 私人的, 秘密的, 私立的, 隐蔽的
n. 士兵, 隐士, 阴部
[计] 私人的",r:3/j:95/n:2,4,1,zk gk cet4 cet6 ky toefl ielts,581,672,private
herself,herself,hә:'self,"pron. An emphasized form of the third person feminine
   pronoun; -- used as a subject with she; as, she herself will bear the
   blame; also used alone in the predicate, either in the nominative or
   objective case; as, it is herself; she blames herself.
pron. Her own proper, true, or real character; hence, her
   right, or sane, mind; as, the woman was deranged, but she is now
   herself again; she has come to herself.","pron. 她自己, 她亲自",p:100,5,1,zk gk,582,792,herself
approach,approach,ә'prәutʃ,"n. ideas or actions intended to deal with a problem or situation
n. the act of drawing spatially closer to something
n. the event of one object coming closer to another
n. the temporal property of becoming nearer in time","n. 接近, 入门
vt. 接近, 近似, 找...商量
vi. 靠近",v:34/n:66,4,1,gk cet4 cet6 ky toefl ielts gre,583,750,approach
amount,amount,ә'maunt,"n. the relative magnitude of something with reference to a criterion
v. be tantamount or equivalent to","n. 总数, 总额
vi. 总计, 等同",v:8/n:92,4,1,gk cet4 ky toefl ielts,584,782,amount
bit,bit,bit,"n. a small fragment of something broken off from the whole
n. piece of metal held in horse's mouth by reins and used to control the horse while riding
n. a unit of measurement of information (from binary + digit); the amount of information in a system having two equiprobable states
n. the part of a key that enters a lock and lifts the tumblers","n. 少量, 马嚼子, 辅币
vt. 给马上嚼子, 控制
bite的过去式和过去分词
[计] 比特, 二进制数位, 机内测试",r:44/n:56,5,1,zk gk gre,585,952,bit
wish,wish,wiʃ,"n. a specific feeling of desire
n. an expression of some desire or inclination
n. the particular preference that you have
v. hope for; have a wish","n. 希望, 愿望, 祝愿, 命令, 请求
vt. 愿, 想要, 希望, 祝愿
vi. 希望",n:18/v:82,4,1,zk gk,586,1055,wish
scheme,scheme,ski:m,"n. an elaborate and systematic plan of action
v. form intrigues (for) in an underhand manner
v. devise a system or form a scheme for","n. 方案, 计划, 组合, 系统, 图解, 诡计, 阴谋
v. 计划, 设计, 图谋, 策划
[计] Scheme 程序设计语言",v:5/n:95,4,1,cet4 cet6 ky toefl ielts gre,587,3007,scheme
former,former,'fɒ:mә,"n. the first of two or the first mentioned of two
a. referring to the first of two things or persons mentioned (or the earlier one or ones of several); I prefer the former version to the latter one""
s. (used especially of persons) of the immediate past","a. 从前的, 前者的
n. 起形成作用的人(或物), 模型, 样板",d:99/n:1,5,1,gk cet4 ky toefl ielts,588,442,former
award,award,ә'wɒ:d,"n. a grant made by a law court
n. a tangible symbol signifying approval or distinction
v. give, especially as an honor or reward
v. give as judged due or on the basis of merit","n. 奖品, 裁定, 判决
vt. 授予, 给予",v:38/n:62,4,1,gk cet4 cet6 ky ielts,590,2573,award
seek,seek,si:k,"n. the movement of a read/write head to a specific data track on a disk
v. try to get or reach
v. go to or towards
v. inquire for","vt. 寻求, 寻找, 探索, 追求, 搜索, 请求
vi. 寻找, 搜索
[计] 查找",v:100,5,1,gk cet4 cet6 ky,591,668,seek
achieve,achieve,ә'tʃi:v,v. to gain with effort,"vt. 完成, 达到
vi. 如愿以偿",v:100,4,1,zk gk cet4 cet6 ky toefl ielts,592,1152,achieve
chapter,chapter,'tʃæptә,"n. a subdivision of a written work; usually numbered and titled
n. any distinct period in history or in a person's life
n. a local branch of some fraternity or association
n. an ecclesiastical assembly of the monks in a monastery or even of the canons of a church","n. 章, 篇, 重要章节
[计] 章; 段",n:100,4,1,gk cet4 cet6 ky ielts,593,2976,chapter
choose,choose,tʃu:z,"v. pick out, select, or choose from a number of alternatives
v. select as an alternative over another
v. see fit or proper to act in a certain way; decide to act in a certain way","vt. 选择, 宁愿, 欲
vi. 作出选择, 愿意
[计] 选取",v:100,4,1,zk gk cet4 ky toefl,594,600,choose
deal,deal,di:l,"n. a particular instance of buying or selling
n. a plank of softwood (fir or pine board)
n. the type of treatment received (especially as the result of an agreement)
n. the act of distributing playing cards","n. 交易, 协定, 数量, 买卖, 松木板
vi. 处理, 应付, 做生意
vt. 分配, 发牌, 给予
[计] 发牌",n:47/v:53,3,1,zk gk cet4 cet6 ky toefl,595,674,deal
theory,theory,'θiәri,"n. a well-substantiated explanation of some aspect of the natural world; an organized system of accepted knowledge that applies in a variety of circumstances to explain a specific set of phenomena
n. a belief that can guide behavior","n. 理论, 学说, 原理, 意见, 推测
[化] 理论",n:100,4,1,gk cet4 cet6 ky ielts,596,918,theory
property,property,'prɒpәti,"n. something owned; any tangible or intangible possession that is owned by someone; 
n. a basic or essential attribute shared by all members of a class
n. a construct whereby objects or individuals can be distinguished
n. any movable articles or objects used on the set of a play or movie","n. 财产, 所有权, 性质, 属性
[计] 属性",n:100,4,1,cet4 cet6 ky toefl ielts,597,993,property
poor,poor,puә. pɒ:,"a. having little money or few possessions
a. characterized by or indicating poverty
a. lacking in specific resources, qualities or substances
s. unsatisfactory","a. 贫穷的, 贫乏的, 不幸的, 可怜的, 拙劣的, 卑鄙的
[经] 低劣的, 不良的",j:100,4,1,zk gk,598,713,poor
son,son,sʌn,"n. a male human offspring
n. the divine word of God; the second person in the Trinity (incarnate in Jesus)","n. 儿子, 女婿, 子孙
[法] 儿子, 女婿, 养子",n:100,5,1,zk gk,599,481,son
wide,wide,waid,"a. having great (or a certain) extent from one side to the other
a. great in degree
s. having ample fabric
s. not on target","a. 宽的, 广阔的, 普遍的, 宽阔的, 广泛的, 一般的
adv. 广阔地, 遍及各处地, 广泛地
n. 大千世界",r:7/j:92/n:1,5,1,zk gk ielts,600,940,wide
south,south,sauθ,"n. the region of the United States lying to the south of the Mason-Dixon line
n. the cardinal compass point that is at 180 degrees
n. a location in the southern part of a country, region, or city
n. the direction corresponding to the southward cardinal compass point","n. 南方, 南
a. 南的, 向南的
adv. 在南方
vi. 转向南方",n:100,4,1,zk gk,601,636,south
director,director,di'rektә,"n. someone who controls resources and expenditures
n. member of a board of directors
n. someone who supervises the actors and directs the action in the production of a show","n. 主管, 导演, 董事
[计] 寻向偶极子; 指挥仪",n:100,5,1,zk gk cet4 cet6 ky ielts,603,510,director
leader,leader,'li:dә,n. a person who rules or guides or inspires others,"n. 领导者, 社论, 指挥, 领袖, 领唱者, 前导字符
[计] 前导字符",n:100,5,1,zk gk cet4 cet6,604,463,leader
firm,firm,fә:m,"n. the members of a business organization that owns or operates one or more establishments
s. marked by firm determination or resolution; not shakable
s. not soft or yielding to pressure
s. strong and sure","n. 公司, 商号
a. 坚定的, 坚强的, 牢固的, 结实的, 坚硬的, 坚挺的, 严格的, 确定的
vt. 使牢固, 使坚定
vi. 变稳固, 变坚实
adv. 稳固地",j:16/v:2/n:82,5,1,gk cet4 cet6 ky toefl ielts,607,902,firm
board,board,bɒ:d,"n. a committee having supervisory powers
n. a stout length of sawn timber; made in a wide variety of sizes and used for many purposes
n. a flat piece of material designed for a special purpose
n. food or meals in general","n. 木板, 甲板, 膳食, 会议桌
vt. 乘船, 供膳食, 用板覆盖
vi. 搭伙
[计] 板",v:8/n:92,4,1,zk gk cet4 cet6 ky toefl ielts,611,667,board
king,king,kiŋ,"n. a male sovereign; ruler of a kingdom
n. a competitor who holds a preeminent position
n. preeminence in a particular category or group or field
n. United States woman tennis player (born in 1943)","n. 国王, 君主
vt. 使...成为君主
vi. 君临, 统治",n:100,4,1,zk gk cet4 ky ielts,612,2080,king
us,us,ʌs,"n North American republic containing 50 states - 48 conterminous states in North America plus Alaska in northwest North America and the Hawaiian Islands in the Pacific Ocean; achieved independence in 1776
n a base containing nitrogen that is found in RNA (but not in DNA) and derived from pyrimidine; pairs with adenine
n a heavy toxic silvery-white radioactive metallic element; occurs in many isotopes; used for nuclear fuels and nuclear weapons
n the 21st letter of the Roman alphabet","pron. 我们
[经] 美国",p:100,5,1,zk,614,113,us
soon,soon,su:n,r. in the near future,"adv. 不久, 早, 快, 宁可",c:18/r:82,5,1,zk gk,615,610,soon
fail,fail,feil,"v. fail to do something; leave something undone
v. be unsuccessful
v. disappoint, prove undependable to; abandon, forsake
v. stop operating or functioning","vi. 失败, 缺乏, 中断, 衰退, 失灵
vt. 忘记, 使...失望, 缺乏, 不及格
n. 不及格",n:1/v:99,5,1,zk gk,616,808,fail
chance,chance,tʃæns. tʃɑ:ns,"n. a risk involving danger
v. be the case by chance","n. 机会, 意外, 可能性
vi. 偶然发生
vt. 冒险",v:1/n:99,5,1,zk gk cet4 ky toefl ielts,617,613,chance
share,share,ʃєә,"n. assets belonging to or due to or contributed by an individual person or group
n. any of the equal portions into which the capital stock of a corporation is divided and ownership of which is evidenced by a stock certificate
v. have in common
v. use jointly or in common","n. 部分, 参与, 一份, 参股, 份额
vt. 均分, 分担, 分享, 分配, 共有
vi. 分享
[计] 共享; DOS外部命令:在网络或多工系统中提供文件共享
文件锁定及检测磁盘更动和对超过32MB硬盘分区的支持",n:37/v:63,5,1,zk gk cet4 cet6 ky,620,711,share
lord,lord,lɒ:d,"n. a titled peer of the realm
v. make a lord of someone","n. 统治者, 阁下, 上帝
vi. 称王, 作威作福
vt. 使成贵族",v:3/n:97,4,1,cet4 cet6 ky,622,31607,lord
simple,simple,'simpl,"n. any herbaceous plant having medicinal properties
a. having few parts; not complex or complicated or involved
a. (botany) of leaf shapes; of leaves having no divisions or subdivisions
s. unornamented","a. 简单的, 普通的, 朴素的, 单纯的, 绝对的, 初级的, 原始的, 迟钝的
n. 出身低微者, 傻子",j:99/n:1,4,1,zk gk ielts,624,763,simple
serve,serve,sә:v,"n. (sports) a stroke that puts the ball in play
v. serve a purpose, role, or function
v. do duty or hold offices; serve in a specific function
v. contribute or conduce to","vt. 可作...用, 服务, 经历, 招待, 供应, 送交, 对待
vi. 服务, 服役, 侍应, 适合, 有用, 开球
n. 发球, 轮到发球",n:1/v:99,4,1,zk gk,625,401,serve
picture,picture,'piktʃә,"n. a visual representation (of an object or scene or person or abstraction) produced on a surface
n. a situation treated as an observable object
n. illustrations used to decorate or explain a text
n. a typical example of some state or quality","n. 图画, 照片, 景色, 美丽如画的人(或物), 化身, 生动的描述, 想像, 形象思维
vt. 画, 拍摄, 用图说明, 描写, 想像
[计] 图象; 形象; 字形",v:10/n:90,4,1,zk gk ielts,626,562,picture
test,test,test,"n. any standardized procedure for measuring sensitivity or memory or intelligence or aptitude or personality etc
n. the act of undergoing testing
n. the act of testing something
n. a hard outer covering as of some amoebas and sea urchins","n. 测试, 试验, 化验, 检验, 考验, 甲壳
vt. 测试, 试验, 化验
vi. 接受测验, 进行测试",v:36/n:64,5,1,zk gk cet4 cet6 ky ielts,627,575,test
contract,contract,'kɒntrækt,"n. a binding agreement between two or more persons that is enforceable by law
n. (contract bridge) the highest bid becomes the contract setting the number of tricks that the bidder must make
n. a variety of bridge in which the bidder receives points toward game only for the number of tricks he bid
v. enter into a contractual arrangement","n. 合约, 婚约, 契约
vt. 使皱缩, 使缩短, 感染, 订约, 缔结
vi. 皱缩, 订约, 收缩",v:14/n:86,4,1,cet4 cet6 ky toefl ielts gre,628,1269,contract
recent,recent,'ri:snt,s. new,"a. 最近的, 近代的, 最新的
[经] 最近的, 新进的",j:100,5,1,zk gk cet4 cet6 ky toefl,630,567,recent
security,security,si'kjuriti,"n. the state of being free from danger or injury
n. defense against financial failure; financial independence
n. freedom from anxiety or fear
n. a formal declaration that documents a fact of relevance to finance and investment; the holder has a right to receive interest or dividends","n. 安全, 安全性, 防护物, 保安, 可靠性, 担保人, 抵押品, 保证金
[计] 安全性, 保密性, 安全检查程序",n:100,5,1,gk cet4 cet6 ky toefl,632,661,security
source,source,sɒ:s,"n. a document (or organization) from which information is obtained
n. anything that provides inspiration for later work
n. a facility where something is available
n. (technology) a process by which energy or a substance enters a system","n. 来源, 水源, 根源, 原始资料, 源
[计] 来源, 源程序",v:1/n:99,4,1,cet4 cet6 ky ielts,633,597,source
occur,occur,ә'kә:,"v. come to one's mind; suggest itself
v. to be found to exist","vi. 发生, 被想到, 存在",v:100,4,1,gk cet4 cet6 ky toefl ielts,634,756,occur
kill,kill,kil,"n. the destruction of an enemy plane or ship or tank or missile
v. cause to die; put to death, usually intentionally or knowingly
v. thwart the passage of
v. be fatal","n. 杀, 杀戮, 小河
vt. 杀, 破坏, 消灭, 使终止, 抵消, 否决
vi. 杀死
[计] 删除",n:2/v:98,5,1,zk gk cet4 ky,635,425,kill
election,election,i'lekʃәn,"n. a vote to select the winner of a position or political office
n. the act of selecting someone or something; the exercise of deliberate choice
n. the status or fact of being elected
n. the predestination of some individuals as objects of divine mercy (especially as conceived by Calvinists)","n. 选举, 当选, 选择权
[法] 选举, 当选",n:100,5,1,cet4 cet6 toefl,638,801,election
future,future,'fju:tʃә,"n. the time yet to come
n. a verb tense that expresses actions or states in the future
n. bulk commodities bought or sold at an agreed price for delivery at a specified future date
a. yet to be or coming","n. 未来, 将来
a. 将来的, 未来的",j:36/n:64,5,1,zk gk ielts,639,654,future
drive,drive,draiv,"n. the act of applying force to propel something
n. a mechanism by which force or power is transmitted in a machine
n. the trait of being highly motivated
n. hitting a golf ball off of a tee with a driver","n. 驾车, 快车道, 推进力, 驱动, 动力, 击球, 驱动器
vt. 开车, 驱使, 推动, 驾驶
vi. 开车, 猛击, 飞跑
[计] 驱动器",n:25/v:75,5,1,zk gk,640,490,drive
colour,colour,'kʌlә,"n any material used for its color
n a race with skin pigmentation different from the white race (especially Blacks)
n (physics) the characteristic of quarks that determines their role in the strong interaction
n interest and variety and intensity
n the timbre of a musical sound
n a visual attribute of things that results from the light they emit or transmit or reflect
n an outward or token appearance or form that is deliberately misleading
n the appearance of objects (or light sources) described in terms of a person's perception of their hue and lightness (or brightness) and saturation
v modify or bias
v decorate with colors
v give a deceptive explanation or excuse for
v affect as in thought or feeling
v add color to
v change color, often in an undesired manner
a having or capable of producing colors","n. 颜色, 面色, 颜料, 外貌
vt. 把...涂上颜色, 粉饰, 使脸红, 歪曲
vi. 变色",,5,1,zk gk,642,0,colour
various,various,'vєәriәs,"s of many different kinds purposefully arranged but lacking any uniformity
s considered individually
s distinctly dissimilar or unlike
s having great diversity or variety","a. 不同的, 各种的, 多方面的, 许多的, 个别的, 杂色的
[法] 不同的, 种种的, 各式各样的",j:100,4,1,gk cet4 cet6 ky toefl ielts,643,859,various
rise,rise,raiz,"n. a growth in strength or number or importance
n. the act of changing location in an upward direction
n. a movement upward
n. an increase in cost","n. 上升, 增加, 上涨, 高地, 升高, 出现
vi. 升起, 起身, 起立, 上升, 上涨, 增长, 高耸, 起义, 浮现
vt. 使飞起",n:26/v:74,5,1,zk gk cet4 cet6 ky,644,727,rise
site,site,sait,"n. the piece of land on which something is located (or is to be located)
n. physical position in relation to the surroundings","n. 位置, 场所, 地点
vt. 给...择址",v:1/n:99,4,1,cet4 cet6 ky toefl ielts,646,532,site
close,close,klәuz,"v. move so that an opening or passage is obstructed; make shut
v. become closed
v. finish or terminate (meetings, speeches, etc.)
v. complete a business deal, negotiation, or an agreement","n. 结束, 完结
a. 靠近的, 亲近的, 亲密的, 严密的, 关闭的, 狭窄的, 秘密的
vt. 关, 结束, 使靠近, 封闭, 使接近
vi. 关闭, 结束, 靠近
adv. 接近地, 紧密地
[计] 关闭",n:3/r:28/j:29/v:40,3,1,zk gk toefl,647,649,close
shop,shop,ʃɒp,"n. a mercantile establishment for the retail sale of goods or services
v. do one's shopping
v. shop around; not necessarily buying","n. 商店, 工厂, 车间
vi. 购物, 到处寻找
vt. 选购",v:23/n:77,4,1,zk gk ielts,648,1338,shop
loss,loss,lɒs,"n. something that is lost
n. gradual decline in amount or activity
n. the act of losing someone or something
n. the disadvantage that results from losing something","n. 损失, 遗失, 失败, 输, 错过, 伤亡
[化] 损失; 损耗",n:100,4,1,gk cet4 cet6 ky ielts,649,788,loss
evening,evening,'i:vniŋ,"n. the latter part of the day (the period of decreasing daylight from late afternoon until nightfall)
n. a later concluding time period
n. the early part of night (from dinner until bedtime) spent in a special way","n. 傍晚, 晚间, 末期",n:100,4,1,zk gk ielts,651,961,evening
animal,animal,'ænimәl,"n. a living organism characterized by voluntary movement
s. marked by the appetites and passions of the body","n. 动物
[医] 动物",j:1/n:99,4,1,zk gk ielts,652,728,animal
standard,standard,'stændәd,"n. a basis for comparison; a reference point against which other things can be evaluated
n. a board measure = 1980 board feet
n. the value behind the money in a monetary system
n. an upright pole or beam (especially one used as a support)","n. 标准, 规格, 旗, 军旗, 本位
a. 标准的, 合规格的
[计] 标准",j:30/n:70,4,1,zk gk cet4 cet6 ky toefl ielts,653,806,standard
heart,heart,hɑ:t,"n. the locus of feelings and intuitions
n. the hollow muscular organ located behind the sternum and between the lungs; its rhythmic contractions move the blood through the body
n. the courage to carry on
n. an inclination or tendency of a certain kind","n. 心, 心脏, 中心, 内心, 感情, 精神, 心情, 宝贝儿
vt. 鼓励",n:100,4,1,zk gk ielts,654,460,heart
purpose,purpose,'pә:pәs,"n. an anticipated outcome that is intended or that guides your planned actions
v. reach a decision","n. 目的, 意向, 决心, 用途, 效果, 论题
vt. 意欲, 企图, 计划",v:1/n:99,4,1,zk gk cet4 cet6 ky ielts,655,1014,purpose
benefit,benefit,'benifit,"n. financial assistance in time of need
n. something that aids or promotes well-being
n. a performance to raise money for a charitable cause
v. be beneficial for","n. 利益
vt. 有益于
vi. 受益",v:25/n:75,4,1,gk cet4 cet6 ky toefl ielts,656,812,benefit
page,page,peidʒ,"n. one side of one leaf (of a book or magazine or newspaper or letter etc.) or the written or pictorial matter it contains
n. English industrialist who pioneered in the design and manufacture of aircraft (1885-1962)
n. United States diplomat and writer about the Old South (1853-1922)
n. a boy who is employed to run errands","n. 页, 记录, 事件, 专栏, 男侍
vt. 标明...的页数, 翻...的书页, 分页排版, 呼叫, 侍候
vi. 翻书页, 侍侯
[计] 页; 页面",v:1/n:99,5,1,zk gk,658,708,page
fine,fine,fain,"n. money extracted as a penalty
s. minutely precise especially in differences in meaning
s. thin in thickness or diameter
s. characterized by elegance or refinement or accomplishment","n. 罚款, 罚金, 晴天, 精细
a. 好的, 晴朗的, 健康的, 细小的, 精细的
vt. 罚款, 精炼, 澄清
vi. 变清, 变细
adv. 很好
[计] 精细",r:1/j:96/v:3,3,1,zk gk toefl ielts,660,704,fine
discuss,discuss,dis'kʌs,"n an athletic competition in which a disk-shaped object is thrown as far as possible
n a disk used in throwing competitions
v to consider or examine in speech or writing
v speak with others about (something); talk (something) over in detail; have a discussion","vt. 讨论, 论述
[医] 讨论, 辩论",v:100,4,1,zk gk,661,847,discuss
anyone,anyone,'eniwʌn,"n. One taken at random rather than by selection; anybody.
   [Commonly written as two words.]",pron. 任何人,p:100,4,1,zk gk cet4 ky,662,659,anyone
pick,pick,pik,"n. a small thin device (of metal or plastic or ivory) used to pluck a stringed instrument
n. a thin sharp implement used for removing unwanted material
n. a heavy iron tool with a wooden handle and a curved head that is pointed on both ends
n. a basketball maneuver; obstructing an opponent with one's body","n. 精选, 选择, 掘, 精华, 牙签, 鹤嘴锄
v. 摘, 掘, 凿, 挖, 挑选
[计] 拾取",n:6/v:94,3,1,zk gk ielts,664,517,pick
doctor,doctor,'dɒktә,"n. a licensed medical practitioner
n. children take the roles of physician or patient or nurse and pretend they are at the physician's office
n. a person who holds Ph.D. degree (or the equivalent) from an academic institution
v. give medical treatment to","n. 医生, 博士
vt. 授以博士学位, 诊断, 修改
vi. 行医",v:1/n:99,4,1,zk gk ielts,665,570,doctor
factor,factor,'fæktә,"n. anything that contributes causally to a result
n. any of the numbers (or symbols) that form a product when multiplied together
n. an independent variable in statistics
v. resolve into factors","n. 因素, 因数, 系数, 基因, 代理人
[计] 因式",v:2/n:98,4,1,cet4 ky toefl ielts,666,729,factor
music,music,'mju:zik,"n. an artistic form of auditory communication incorporating instrumental or vocal tones in a structured and continuous manner
n. any agreeable (pleasing and harmonious) sounds
n. musical activity (singing or whistling etc.)
n. (music) the sounds produced by singers or musical instruments (or reproductions of such sounds)","n. 音乐, 乐曲",n:100,5,1,zk gk ielts,667,392,music
hair,hair,hєә,"n. a covering for the body (or parts of it) consisting of a dense growth of threadlike structures (as on the human head); helps to prevent heat loss
n. filamentous hairlike growth on a plant
n. any of the cylindrical filaments characteristically growing from the epidermis of a mammal
n. a filamentous projection or process on an organism","n. 头发, 毛发, 些微
[医] 毛, 发",n:100,4,1,zk gk,668,602,hair
love,love,lʌv,"n. a strong positive emotion of regard and affection
n. any object of warm affection or devotion; 
n. a deep feeling of sexual desire and attraction
n. a score of zero in tennis or squash","n. 爱, 恋爱, 爱情, 爱好, 性爱
vt. 爱, 爱好, 爱慕
vi. 爱",n:40/v:60,5,1,zk gk,670,390,love
prove,prove,pru:v,"v. be shown or be found to be
v. establish the validity of something, as by an example, explanation or experiment
v. prove formally; demonstrate by a mathematical, formal proof
v. take a trial impression of","vt. 证明, 查验, 检验, 勘探, 显示
vi. 证明是",v:100,4,1,zk gk cet4 cet6 ky,671,866,prove
wrong,wrong,rɒŋ,"n. that which is contrary to the principles of justice or law
n. any harm or injury resulting from a violation of a legal right
v. treat unjustly; do wrong to
a. contrary to conscience or morality or law","a. 错误的, 不正当的, 失常的
adv. 错误地",r:10/j:86/v:2/n:2,4,1,zk gk,672,655,wrong
wear,wear,wєә,"n. impairment resulting from long use
n. the act of having on your person as a covering or adornment
v. be dressed in
v. have on one's person","n. 穿着, 戴, 使用, 耗损, 服装, 耐久性
vt. 穿着, 戴, 留(须、发等), 呈现, 磨损, 磨成, 耗损, 使疲乏, 消磨
vi. 磨损, 变旧, 耐久, 渐变, 渐渐消失",n:3/v:97,4,1,zk gk toefl ielts,673,518,wear
argue,argue,'ɑ:gju,"v. present reasons and arguments
v. have an argument about something
v. give evidence of","vi. 提出理由, 争论, 辩论
vt. 主张, 辩论, 证明, 说服",v:100,4,1,gk cet4 cet6 ky ielts,674,778,argue
charge,charge,tʃɑ:dʒ,"n. an impetuous rush toward someone or something
n. (criminal law) a pleading describing some wrong or offense
n. the price charged for some article or service
n. the quantity of unbalanced electricity in a body (either positive or negative) and construed as an excess or deficiency of electrons","n. 指控, 费用, 冲锋, 电荷, 炸药, 主管, 被托管人, 命令
vt. 控诉, 加罪于, 使充满, 使充电, 使承担
vi. 冲锋, 要价, 收费",i:9/v:35/n:56,5,1,gk cet4 cet6 ky toefl ielts,675,923,charge
pattern,pattern,'pætәn,"n. a model considered worthy of imitation
v. form a pattern","n. 模范, 典型, 式样, 样品, 图案, 格调, 模式
vt. 模仿, 仿造, 以图案装饰
vi. 形成图案
[计] 模式, 图案",v:1/n:99,4,1,gk cet4 cet6 ky ielts,676,1017,pattern
piece,piece,pi:s,"n. a separate part of a whole
n. an item that is an instance of some type; 
n. an instance of some kind
n. an artistic or literary composition","n. 块, 片, 篇, 碎片, 部分, 部件, 标准量
vt. 修补, 修理, 拼合, 接线头
vi. 吃零食",v:2/n:98,4,1,zk gk,677,565,piece
design,design,di'zain,"n. the act of working out the form of something (as by making a sketch or outline or plan)
n. an arrangement scheme
n. a decorative or artistic work
n. a preliminary sketch indicating the plan for something","n. 设计, 图样, 方案, 企图
v. 设计, 计划",v:49/n:51,5,1,gk cet4 cet6 ky toefl ielts,679,834,design
tree,tree,tri:,"n. a tall perennial woody plant having a main trunk and branches forming a distinct elevated crown; includes both gymnosperms and angiosperms
n. a figure that branches from a single root
n. English actor and theatrical producer noted for his lavish productions of Shakespeare (1853-1917)
v. plant with trees","n. 树, 木料, 树状物
vt. 把...赶上树
[计] 树; DOS外部命令:显示指定磁盘驱动器的目录结构",n:100,4,1,zk gk ielts,680,596,tree
catch,catch,kætʃ,"n. a drawback or difficulty that is not readily evident
n. the quantity that was caught
n. a person regarded as a good matrimonial prospect
n. anything that is caught (especially if it is worth catching)","n. 捕捉, 陷阱, 捕捉之物, 抓, 拉手
vt. 捕捉, 赶上, 感染, 听清楚
vi. 抓住, 燃着",n:9/v:91,4,1,zk gk ielts,681,586,catch
royal,royal,'rɒiәl,"n. a sail set next above the topgallant on a royal mast
n. stag with antlers of 12 or more branches
a. of or relating to or indicative of or issued or performed by a king or queen or other monarch
a. established or chartered or authorized by royalty","n. 王室, 皇族
a. 王室的, 皇家的, 盛大的, 庄严的",j:94/n:6,4,1,gk cet4 cet6 ky ielts,682,4306,royal
April,april,'eiprәl,n. the month following March and preceding May,n. 四月,,4,1,zk gk ielts,684,0,april
enjoy,enjoy,in'dʒɒi,"v. derive or receive pleasure from; get enjoyment from; take pleasure in
v. have benefit from
v. have for one's benefit","vt. 享受, 喜欢, 欣赏
[法] 享受, 享有, 获得某种利益",v:100,4,1,zk gk,685,881,enjoy
despite,despite,di'spait,n. contemptuous disregard,"n. 轻视, 憎恨
prep. 虽然, 尽管",i:100,4,1,cet4 cet6 ky,686,742,despite
pressure,pressure,'preʃә,"n. the force applied to a unit area of surface; measured in pascals (SI unit) or in dynes (cgs unit)
n. a force that compels
n. the somatic sensation that results from applying force to an area of skin
n. an oppressive condition of physical or mental or social or economic distress","n. 压, 榨, 按, 强制, 压力, 压迫, 压强
vt. 迫使, 使增压, 密封",v:5/n:95,5,1,gk cet4 cet6 ky toefl ielts,687,765,pressure
plant,plant,plænt. plɑ:nt,"n. buildings for carrying on industrial labor
n. (botany) a living organism lacking the power of locomotion
n. an actor situated in the audience whose acting is rehearsed but seems spontaneous to the audience
n. something planted secretly for discovery by another","n. 植物, 作物, 工厂, 树枝, 生长, 设施, 成套设备
vt. 种植, 栽培, 播种, 培养, 安置, 殖民于, 使位于
vi. 种植",v:18/n:82,5,1,zk gk ielts,690,623,plant
June,june,dʒu:n,n. the month following May and preceding July,n. 六月,,4,1,zk gk ielts,691,0,june
news,news,nju:z,"n. information about recent and important events
n. information reported in a newspaper or news magazine
n. informal information of any kind that is not previously known to someone","n. 新闻, 消息, 报导
[法] 新闻, 消息, 新闻报导",n:100,5,1,zk gk,692,574,news
basis,basis,'beisis,"n. the fundamental assumptions from which something is begun or developed or calculated or explained
n. the most important or necessary part of something","n. 基础, 主要成分
[化] 基底",n:100,4,1,gk cet4 ky ielts,694,1307,basis
march,march,mɑ:tʃ,"n. the month following February and preceding April
n. the act of marching; walking with regular steps (especially in a procession of some kind)
n. a steady advance
n. a procession of people walking together","n. 三月, 进行, 行军, 步伐, 长途跋涉, 进行曲, 边界
vi. 进军, 前进, 交界
vt. 使行军, 使行进",n:37/v:63,3,1,zk gk toefl ielts,695,3483,march
further,further,'fә:ðә,"s. more distant in especially degree
r. to or at a greater extent or degree or a more advanced stage (`further' is used more often than `farther' in this abstract sense)
r. in addition or furthermore; further, they should be here already""","a. 更远的, 此外的, 更多的
vt. 促进, 增进, 助长
adv. 更进一步地, 更远地, 此外",v:100,5,1,cet4 cet6 ky toefl ielts,696,11239,further
size,size,saiz,"n. the physical magnitude of something (how big it is)
n. the property resulting from being one of a series of graduated measurements (as of clothing)
n. any glutinous material used to fill pores in surfaces or to stiffen fabrics
n. the actual state of affairs","n. 大小, 尺寸, 规模, 尺码, 能力, 浆料
vt. 上浆, 依大小排列
vi. 可比拟
a. 一定大小的, 一定尺寸的",v:3/n:97,4,1,zk gk ielts,697,752,size
series,series,'siәri:z,"n. similar things placed in order or happening one after another
n. a periodical that appears at scheduled times
n. (sports) several contests played successively by the same teams
n. (electronics) connection of components in such a manner that current flows first through one and then through the other","n. 串联, 序列, 连续, 系列, 丛书, 套, 级数, 组
[计] 系列",n:100,4,1,cet4 cet6 ky ielts,699,718,series
garden,garden,'gɑ:dn,"n. a plot of ground where plants are cultivated
n. the flowers or vegetables or fruits or herbs that are cultivated in a garden
n. a yard or lawn adjoining a house
v. work in the garden","n. 花园, 果园, 菜园
vi. 栽培花木
vt. 造园
a. 花园的, 普通的",v:1/n:99,4,1,zk gk ielts,700,1043,garden
eat,eat,i:t,"v. take in solid food
v. eat a meal; take a meal
v. worry or cause anxiety in a persistent way","v. 吃, 腐蚀",v:100,4,1,zk gk,701,543,eat
rest,rest,rest,"n. freedom from activity (work or strain or responsibility)
n. a state of inaction
n. euphemisms for death (based on an analogy between lying in a bed and in a tomb)
n. a support on which things can be put","n. 休息, 睡眠, 安息, 稍息, 静止, 支架, 休息处, 其余者, 剩余部分
vi. 休息, 睡, 长眠, 安心, 静止, 停止, 安置, 依赖
vt. 使休息, 使支撑, 把...寄托于",v:26/n:74,4,1,zk gk,703,673,rest
better,better,'betә,"n. something superior in quality or condition or effect
n. a superior person having claim to precedence
n. the superior one of two alternatives
v. surpass in excellence","a. 较好的
adv. 比较好",r:47/j:51/v:1/n:1,5,1,gk ielts,704,452,better
success,success,sәk'ses,"n. an event that accomplishes its intended purpose
n. an attainment that is successful
n. a state of prosperity or fame","n. 成功, 成就, 胜利",n:100,4,1,zk gk cet4 cet6 ky,705,777,success
enter,enter,'entә,"v. to come or go into
v. become a participant; be involved in
v. come on stage","vt. 进入, 参加, 开始, 输入, 回车
vi. 进去, 参加
[计] 输入, 回车",v:100,4,1,zk gk cet4 ky,706,709,enter
analysis,analysis,ә'nælәsis,"n. an investigation of the component parts of a whole and their relations in making up the whole
n. the abstract separation of a whole into its constituent parts in order to study the parts and their relations
n. a form of literary criticism in which the structure of a piece of writing is analyzed
n. the use of closed-class words instead of inflections: e.g., `the father of the bride' instead of `the bride's father'","n. 分析
[计] 分析机; 分析员; 分析; 分析程序",n:100,3,1,gk cet4 cet6 ky toefl ielts,707,811,analysis
arrive,arrive,ә'raiv,"v. reach a destination; arrive by movement or progress
v. succeed in a big way; get to the top","vi. 到达, 抵达",v:100,4,1,zk gk,708,810,arrive
natural,natural,'nætʃәrәl,"n. someone regarded as certain to succeed
n. a notation cancelling a previous sharp or flat
n. (craps) a first roll of 7 or 11 that immediately wins the stake
a. in accordance with nature; relating to or concerning nature","n. 白痴
a. 自然的, 自然界的, 本能的, 天然的, 物质的, 正常的, 原始的, 自然数的",r:1/j:99,4,1,zk gk cet4 cet6 ky toefl ielts,709,715,natural
thought,thought,θɒ:t,n. the organized beliefs of a period or group or individual,"n. 想法, 思想, 思维, 关心, 挂念
think的过去式和过去分词",n:100,5,1,zk gk cet4 cet6 ky toefl ielts,710,760,thought
ensure,ensure,in'ʃuә,"v make certain of
v be careful or certain to do something; make certain of something","vt. 确定, 保证, 担保, 保护
[经] 确保, 确定",v:100,4,1,cet4 cet6 ky gre,712,1754,ensure
region,region,'ri:dʒәn,"n. the extended spatial location of something
n. a large indefinite location on the surface of the Earth
n. the approximate amount of something (usually used prepositionally as in `in the region of')
n. a knowledge domain that you are interested in or are communicating about","n. 区域, 地带, 地区, 领域, 范围, 区
[计] 区, 区域",n:100,4,1,cet4 cet6 ky ielts,713,793,region
space,space,speis,"n. the unlimited expanse in which everything is located
n. an empty area (usually bounded in some way between things)
n. an area reserved for some particular purpose
n. a blank character used to separate successive words in writing or printing","n. 位置, 空间, 距离, 太空, 空白, 间隔, (期刊等的)篇幅
vt. 隔开, 分隔
vi. 留间隔
[计] 空白, 空格校验",v:4/n:96,4,1,zk gk cet4 cet6 ky ielts,715,521,space
list,list,list,"n. a database containing an ordered array of items (names or topics)
v. give or make a list of; name individually; give the names of
v. include in a list
v. cause to lean to the side","n. 目录, 名单, 明细表, 布条, 条纹, 列表, 序列, 数据清单
vt. 列出, 列于表上, 记入名单内, 装布条
vi. 列于表上
[计] 列表, 序列, 数据清单",v:26/n:74,5,1,zk gk cet4 cet6 ky ielts gre,716,761,list
pull,pull,pul,"n. the act of pulling; applying force to move something toward or with you
n. the force used in pulling
n. special advantage or influence
n. a device used for pulling something","vt. 拉, 拖, 拔, 牵, 撕开, 吸引
vi. 拉, 拖, 拔, 有吸引力
n. 拉, 拖, 拔, 拉力, 牵引力, 划船, 吸引",n:3/v:97,4,1,zk gk toefl ielts,718,471,pull
relation,relation,ri'leiʃәn,"n. an abstraction belonging to or characteristic of two entities or parts together
n. an act of narration
n. (usually plural) mutual dealings or connections among persons or groups","n. 关系, 联系, 叙述, 故事, 家属, 亲戚
[计] 关系",n:100,4,1,zk gk cet4 cet6 ky,719,1118,relation
step,step,step,"n. the act of changing location by raising the foot and setting it down
n. support consisting of a place to rest the foot while ascending or descending a stairway
n. a short distance
n. a solid block joined to the beams in which the heel of a ship's mast or capstan is fixed","n. 步骤, 步, 步幅, 脚步声, 踏级, 步伐, 短距离, 步态, 手段, 等级
vt. 踏, 以步测量, 跨步, 使成阶梯状
vi. 跨步, 轻快地走, 跳舞, 踩, 踏上, 行走
[计] 步骤",v:38/n:62,5,1,zk gk cet4 cet6 ky,720,587,step
sea,sea,si:,"n. a division of an ocean or a large body of salt water partially enclosed by land
n. turbulent water with swells of considerable size","n. 海, 海洋, 海浪, 大量
[法] 海, 海洋",n:100,4,1,zk gk,721,989,sea
demand,demand,di'mɑ:nd,"n. an urgent or peremptory request
n. the ability and desire to purchase goods and services
n. the act of demanding
v. request urgently and forcefully","n. 要求, 需求, 需要
v. 要求, 查询",v:46/n:54,5,1,gk cet4 cet6 ky gre,723,1287,demand
labour,labour,'leibә,"n a social class comprising those who do manual labor or work for wages
n concluding state of pregnancy; from the onset of contractions to the birth of a child
n a political party formed in Great Britain in 1900; characterized by the promotion of labor's interests and formerly the socialization of key industries
n productive work (especially physical work done for wages)
v work hard
v strive and make an effort to reach a goal
v undergo the efforts of childbirth","n. 劳动, 努力, 工作, 劳工, 分娩
vi. 劳动, 努力, 苦干
vt. 详细分析, 使厌烦",j:100,5,1,zk gk cet4 cet6,724,16348,labour
choice,choice,tʃɒis,"n. the person or thing chosen or selected
n. the act of choosing or selecting
s. of superior grade
s. appealing to refined taste","n. 选择, 精选品, 选择权
a. 精选的, 挑三拣四的, 上等的
[计] DOS内部命令:在批处理文件中
该命令用于提示用户作出选择, 决定批处理文件的流程",j:1/n:99,4,1,zk gk cet4 cet6 ky toefl ielts gre,725,630,choice
near,near,niә,"a. not far distant in time or space or degree or circumstances
s. being on the left side
s. closely resembling the genuine article
r. near in time or place or relationship","a. 近的, 近亲的, 近似的
adv. 接近, 亲近
prep. 靠近, 近似于
v. 接近, 走近",i:77/r:8/v:7/j:8,5,1,zk gk,726,706,near
couple,couple,'kʌpl,"n. a pair who associate with one another
n. a pair of people who live together
n. a small indefinite number
n. two items of the same kind","n. 对, 夫妇, 数个
vt. 使成双, 连接, 使成婚, 把...联系起来
vi. 结合, 成婚",v:6/n:94,4,1,zk gk cet4 ky toefl,727,531,couple
capital,capital,'kæpitәl,"n. assets available for use in the production of further assets
n. wealth in the form of money or property owned by a person or business and human resources of economic value
n. a seat of government
n. one of the large alphabetic characters used as the first letter in writing or printing proper names and sometimes for emphasis; capitals were kept in the upper half of the type case and so became known as upper-case letters""","n. 首都, 大写字母, 资本
a. 首都的, 重要的",j:2/n:98,5,1,zk gk cet4 cet6 ky ielts,729,1061,capital
hotel,hotel,hәu'tel,n. a building where travelers can pay for lodging and meals and other services,"n. 旅馆, 客栈",n:100,4,1,zk gk ielts,731,1002,hotel
player,player,'pleiә,"n. a person who participates in or is skilled at some game
n. a person who pursues a number of different social and sexual partners simultaneously
n. an important participant (as in a business deal)","n. 竞赛者, 上场队员, 游戏者, 演员
[经] 交易者",n:100,5,1,gk cet4 cet6 ielts,732,513,player
above,above,ә'bʌv,"n. an earlier section of a written text
s. appearing earlier in the same text
r. at an earlier place
r. in or to a place that is higher","prep. 在上方, 超出
adv. 在上面
a. 上述的, 上面的",i:61/r:33/j:6,4,1,zk gk,733,893,above
forward,forward,'fɒ:wәd,"n. the person who plays the position of forward in certain games, such as basketball, soccer, or hockey
n. a position on a basketball, soccer, or hockey team
v. send or ship onward from an intermediate post or station in transit
a. at or near or directed toward the front","a. 向前的, 早的, 迅速的, 在前的, 进步的
vt. 促进...的生长, 转寄, 运送
adv. 向前地
[计] 前推, 转信",n:2/r:91/v:2/j:5,4,1,zk gk gre,734,815,forward
village,village,'vilidʒ,"n. a community of people smaller than a town
n. a settlement smaller than a town","n. 村庄
a. 乡村的, 村庄的",n:100,4,1,zk gk ielts,735,1245,village
station,station,'steiʃәn,"n. a facility equipped with special equipment and personnel for a particular purpose
n. (nautical) the location to which a ship or fleet is assigned for duty
n. the frequency assigned to a broadcasting station
v. assign to a station","n. 车站, 站, 局, 驻地, 位置, 身分, 地位
vt. 安置, 配置, 驻扎
[计] 站",v:6/n:94,4,1,zk gk ielts,736,841,station
film,film,film,"n. a medium that disseminates moving pictures
n. photographic material consisting of a base of celluloid covered with a photographic emulsion; used to make negatives or transparencies
n. a thin coating or layer
n. a thin sheet of (usually plastic and usually transparent) material used to wrap or cover things","n. 软片, 薄膜, 胶卷, 电影
vt. 覆以薄膜, 拍摄
vi. 生薄膜, 拍电影",v:6/n:94,5,1,zk gk ielts,739,593,film
attempt,attempt,ә'tempt,n. earnest and conscientious activity intended to do or accomplish something,"n. 尝试, 企图
vt. 尝试, 企图",v:42/n:58,5,1,gk cet4 cet6 ky toefl ielts,740,1227,attempt
feature,feature,'fi:tʃә,"n. a prominent attribute or aspect of something
n. the characteristic parts of a person's face: eyes and nose and mouth and chin
n. the principal (full-length) film in a program at a movie theater
n. a special or prominent article in a newspaper or magazine","n. 面孔的一部分(如眼、口等), 特征, 容貌, 特色, 特写
vt. 是...的特色, 特写, 放映
vi. 起重要作用
[计] 特性",v:40/n:60,4,1,cet4 cet6 ky ielts gre,741,1190,feature
income,income,'inkʌm,n. the financial gain (earned or unearned) accruing over a given period of time,"n. 收入, 收益, 流入
[经] 收益",n:100,4,1,gk cet4 cet6 ky,744,1138,income
effort,effort,'efәt,n. use of physical or mental energy; hard work,"n. 努力, 成就",n:100,5,1,zk gk cet4 cet6 ky,745,454,effort
relate,relate,ri'leit,"v. give an account of
v. be in a relationship with
v. have or establish a relationship to","vt. 讲, 叙述, 使互相关联
vi. 有关, 符合, 相处得好",v:100,3,1,gk cet4 cet6 ky gre,747,1080,relate
cup,cup,kʌp,"n. a small open container usually used for drinking; usually has a handle
n. the quantity a cup will hold
n. any cup-shaped concavity
n. a United States liquid unit equal to 8 fluid ounces","n. 杯子, 茶杯, 优胜杯
vt. 使成杯状, 为...拔火罐",n:100,5,1,zk gk ielts,749,780,cup
nice,nice,nais,"n. a city in southeastern France on the Mediterranean; the leading resort on the French Riviera
a. pleasant or pleasing or agreeable in nature or appearance
s. done with delicacy and skill","a. 美好的, 和蔼的, 正派的, 做得好的, 精密的, 细微的, 挑剔的, 谨慎的",r:3/j:97,4,1,zk gk gre,750,897,nice
manage,manage,'mænidʒ,"v. be in charge of, act on, or dispose of","vi. 处理
vt. 管理, 控制, 维持, 达成, 经营, 运用",v:100,4,1,zk gk cet4 cet6 ky,752,945,manage
everyone,everyone,'evriwʌn,"n. Everybody; -- commonly separated, every one.","pron. 每个人, 人人
[计] 系统中的一个组名",p:100,4,1,zk gk,753,529,everyone
affect,affect,ә'fekt,"n. the conscious subjective aspect of feeling or emotion
v. have an effect upon
v. act physically on; have an effect upon
v. have an emotional or cognitive impact upon","vt. 影响, 感动, 假装, 模仿, 爱好, 倾向于
n. 自觉感情",n:7/v:93,4,1,gk cet4 cet6 ky toefl ielts,754,963,affect
current,current,'kʌrәnt,"n. a flow of electricity through a conductor
n. a steady flow of a fluid (usually from natural causes)
a. occurring in or belonging to the present time","n. 涌流, 趋势, 流
a. 流通的, 现在的, 当前的, 流行的
[计] 当前的",j:93/n:7,5,1,cet4 cet6 ky toefl ielts,755,652,current
identify,identify,ai'dentifai,"v. recognize as being; establish the identity of someone or something
v. consider (oneself) as similar to somebody else
v. conceive of as united or associated
v. identify as in botany or biology, for example","vt. 识别, 认为...等同于, 确定, 使参与
vi. 一致, 认同",v:100,4,1,cet4 cet6 ky toefl ielts,757,770,identify
please,please,pli:z,"v. give pleasure to or be pleasing to
v. be the will of or have the will (to)
v. give satisfaction
r. used in polite request","adv. 请
vt. 使高兴, 合...的心意, 取悦
vi. 使人满意, 讨好, 愿意, 敬请",r:84/v:16,4,1,zk gk,758,1167,please
whatever,whatever,hwɒt'evә,s one or some or every or all without specification,pron. 无论什么,d:100,4,1,zk gk cet4 cet6 ky ielts,759,776,whatever
machine,machine,mә'ʃi:n,"n. any mechanical or electrical device that transmits or modifies energy to perform or assist in the performance of human tasks
n. an efficient person
n. an intricate organization that accomplishes its goals efficiently
n. a device for overcoming resistance at one point by applying force at some other point","n. 机器, 机械装置, 机构, 自动售货机, 机械般工作的人
vt. 以机器制造",v:5/n:95,4,1,zk gk ielts,761,1022,machine
modern,modern,'mɒdәn,"n. a contemporary person
n. a typeface (based on an 18th century design by Gianbattista Bodoni) distinguished by regular shape and hairline serifs and heavy downstrokes
a. belonging to the modern era; since the Middle Ages
s. characteristic of present-day art and music and literature and architecture","n. 现代人, 有思想的人
a. 现代的, 时髦的",j:99/n:1,4,1,zk gk ielts,762,1046,modern
degree,degree,di'gri:,"n. a position on a scale of intensity or amount or quality
n. a specific identifiable position in a continuum or series or especially in a process
n. a measure for arcs and angles
n. the highest power of a term or variable","n. 程度, 度数, 学位, 度
[医] 度, 程度",n:100,4,1,zk gk cet4 cet6 ky ielts,763,789,degree
legal,legal,'li:gәl,"a. established by or founded upon law or official or accepted rules
a. of or relating to jurisprudence
s. having legal efficacy or force
a. relating to or characteristic of the profession of law","a. 法律的, 法定的, 合法的
[经] 法定权利; 法律(上)的, 合法的",j:100,4,1,gk cet4 cet6 ky toefl ielts,764,883,legal
energy,energy,'enәdʒi,"n. (physics) a thermodynamic quantity equivalent to the capacity of a physical system to do work; the units of energy are joules or ergs
n. forceful exertion
n. enterprising or ambitious drive
n. an imaginative lively style (especially style of writing)","n. 精力, 精神, 活力, 能量
[化] 能; 能量",n:100,4,1,zk cet4 cet6 ky ielts,765,615,energy
thank,thank,θæŋk,v. express gratitude or show appreciation to,"n. 谢意, 感谢
vt. 谢谢, 感谢",v:100,5,1,zk gk,768,498,thank
cell,cell,sel,"n. any small compartment
n. (biology) the basic structural and functional unit of all organisms; they may exist as independent units of life (as in monads) or may form colonies or tissues as in higher plants and animals
n. a device that delivers an electric current as the result of a chemical reaction
n. a small unit serving as part of or as the nucleus of a larger political movement","n. 单元, 细胞, 电池
[计] 单元",n:100,4,1,gk cet4 cet6 ky toefl,769,895,cell
growth,growth,grәuθ,"n. (biology) the process of an individual organism growing organically; a purely biological unfolding of events involved in an organism changing gradually from a simple to a more complex level
n. a progression from simpler to more complex forms
n. vegetation that has grown
n. (pathology) an abnormal proliferation of tissue (as in a tumor)","n. 生长, 栽培, 增长
[计] 等比级数",n:100,4,1,gk cet4 cet6 ky ielts,770,787,growth
finally,finally,'fainәli,r. after an unspecified period of time or an especially long delay,"adv. 最后, 终于",r:100,4,1,cet4 ky,771,470,finally
mile,mile,mail,"n. a unit of length equal to 1,760 yards or 5,280 feet; exactly 1609.344 meters
n. a large distance
n. an ancient Roman unit of length equivalent to 1620 yards
n. a Swedish unit of length equivalent to 10 km","n. 英里, 很大距离
[机] 英里, 哩",,4,1,zk gk cet4 cet6 ky,772,0,mile
compare,compare,kәm'pєә,"v. examine and note the similarities or differences of
v. be comparable
v. consider or describe as similar, equal, or analogous
v. to form the comparative or superlative form on an adjective or adverb","vt. 比较, 比喻, 对照
vi. 相比
n. 比较
[计] 比较",v:100,3,1,zk gk cet4 cet6 ky toefl ielts,773,831,compare
lady,lady,'leidi,"n. a polite name for any woman
n. a woman of the peerage in Britain","n. 淑女, 夫人, 女士, 贵妇",n:100,4,1,zk gk cet4 ky,774,1517,lady
whom,whom,hu:m,pron. The objective case of who. See Who.,pron. 谁,p:100,4,1,zk gk,775,1018,whom
top,top,tɒp,"n. the upper part of anything
n. the highest or uppermost side of anything
n. the first half of an inning; while the visiting team is at bat
n. the greatest possible intensity","n. 顶部, 顶端, 极点, 上面, 上部, 顶篷, 最高地位, 首位, 陀螺
a. 最高的, 顶上的, 头等的
vt. 盖, 加以顶, 高达, 超越
vi. 结束, 达到顶点, 高出
[计] TOP协议",i:9/j:34/v:9/n:48,5,1,zk gk cet4 cet6 ky ielts,776,678,top
happy,happy,'hæpi,"a. enjoying or showing or marked by joy or pleasure
s. well expressed and to the point","a. 快乐的, 幸福的, 愉快的, 恰当的",j:100,4,1,zk gk,777,747,happy
final,final,'fainl,"n. the final match between the winners of all previous matches in an elimination tournament
s. conclusive in a process or progression
s. not to be altered or undone","n. 期末考试, 结局, 决赛
a. 最后的, 终极的, 决定性的",j:82/n:18,5,1,zk gk cet4 ky toefl ielts,778,887,final
task,task,tɑ:sk,v. assign a task to,"n. 工作, 任务, 作业, 困难的工作
vt. 派给...工作, 使辛劳
[计] 任务",v:1/n:99,4,1,zk gk cet4 cet6 ky,779,1047,task
risk,risk,risk,"n. a venture undertaken without regard to possible loss or injury
n. the probability of becoming infected given that exposure to an infectious agent has occurred
n. the probability of being exposed to an infectious agent
v. expose to a chance of loss or damage","n. 冒险, 危险, 保险额
vt. 冒...的危险, 冒险干",v:14/n:86,4,1,zk gk cet4 cet6 ky toefl,781,650,risk
function,function,'fʌŋkʃәn,"n. (mathematics) a mathematical relation such that each element of a given set (the domain of the function) is associated with an element of another set (the range of the function)
n. what something is used for
n. the actions and activities assigned to or required or expected of a person or group
n. a relation such that one thing is dependent on another","n. 官能, 职务, 功能, 函数
vi. 活动, 运行, 行使职责
[计] 功能, 函数",v:26/n:74,4,1,gk cet4 cet6 ky ielts,782,1442,function
county,county,'kaunti,"n. (United Kingdom) a region created by territorial division for the purpose of local government
n. (United States) the largest administrative district within a state","n. 县, 郡",n:100,4,1,cet4 cet6 ky,784,1516,county
east,east,i:st,"n. the cardinal compass point that is at 90 degrees
n. the countries of Asia
n. the region of the United States lying to the north of the Ohio River and to the east of the Mississippi River
n. the direction corresponding to the eastward cardinal compass point","n. 东方, 东
a. 东方的, 向东的
adv. 向东方, 朝东方",n:100,5,1,zk gk,785,733,east
resource,resource,ri'sɒ:s,"n. available source of wealth; a new or reserve supply that can be drawn upon when needed
n. a source of aid or support that may be drawn upon when needed
n. the ability to deal resourcefully with unusual problems","n. 资源, 财力, 办法, 策略, 急智, 消遣
[计] 资源",n:100,4,1,cet4 cet6 ky toefl ielts,786,769,resource
defence,defence,di'fens,"n (psychiatry) an unconscious process that tries to reduce the anxiety associated with instinctive desires
n (sports) the team that is trying to prevent the other team from scoring
n the defendant and his legal advisors collectively
n an organization of defenders that provides resistance against attack
n the speech act of answering an attack on your assertions
n the justification for some act or belief
n a structure used to defend against attack
n a defendant's answer or plea denying the truth of the charges against him
n (military) military action or resources protecting a country against potential enemies
n protection from harm
n the act of defending someone or something against attack or injury","n. 防卫, 防卫设备
[经] (诉讼程序中的)辩护",n:100,4,1,gk cet4 cet6 ky ielts,788,21674,defence
west,west,west,"n. the countries of (originally) Europe and (now including) North America and South America
n. the cardinal compass point that is a 270 degrees
n. the region of the United States lying to the west of the Mississippi River
n. the direction corresponding to the westward cardinal compass point","n. 西方, 西部
a. 西方的, 向西的
adv. 向西, 自西方, 在西方",n:100,5,1,zk gk ielts,789,665,west
style,style,stail,"n. a particular kind (as to appearance)
n. (botany) the narrow elongated part of the pistil between the ovary and the stigma
n. editorial directions to be followed in spelling and punctuation and capitalization and typographical display
n. a slender bristlelike or tubular process","n. 风格, 时尚, 文体, 风度, 字体, 类型
vt. 称呼, (根据新款式)设计, 使合潮流
n. 风格, 样式
[计] 风格, 样式",v:3/n:97,4,1,gk cet4 cet6 ky ielts,790,968,style
floor,floor,flɒ:,"n. the inside lower horizontal surface (as of a room, hallway, tent, or other structure)
n. a structure consisting of a room or set of rooms at a single position along a vertical scale
n. a lower limit
n. the ground on which people and animals move about","n. 地板, 楼层, 底部, 底价
vt. 铺地板, 打倒
n. 地面, 地板, 基底
[计] 基底",v:1/n:99,4,1,zk gk,791,639,floor
obtain,obtain,әb'tein,v. come into possession of,"vt. 获得, 达到
vi. 流行, 得到公认",v:100,3,1,gk cet4 cet6 ky toefl,793,1595,obtain
science,science,'saiәns,n. a particular branch of scientific knowledge,"n. 科学, 学科, 学问, 自然科学
[医] 科学",n:100,4,1,zk gk ielts,794,889,science
announce,announce,ә'nauns,"v. make known; make an announcement
v. announce publicly or officially
v. give the names of
v. foreshadow or presage","vt. 宣布, 声称, 显示, 预告
vi. 当报幕员, 宣布参加竞选",v:100,5,1,gk cet4 cet6 ky toefl gre,795,1163,announce
red,red,red,"n. red color or pigment; the chromatic color resembling the hue of blood
n. a tributary of the Mississippi River that flows eastward from Texas along the southern boundary of Oklahoma and through Louisiana
s. of a color at the end of the color spectrum (next to orange); resembling the color of blood or cherries or tomatoes or rubies","a. 红的, 红色的, 红肿的, 流血的
n. 红色, 红颜料, 赤字
[计] 简化, 减少",j:100,5,1,zk gk,796,598,red
feeling,feeling,'fi:liŋ,"n. the experiencing of affective and emotional states
n. a physical sensation that you experience
n. an intuitive understanding of something","n. 摸, 触觉, 知觉, 感觉, 情绪, 同情
a. 有同情心的, 有感觉的, 仁慈的, 动人的",n:100,4,1,zk gk cet4 ky,797,805,feeling
response,response,ri'spɒns,"n. a result
n. a phrase recited or sung by the congregation following a versicle by the priest or minister
n. the manner in which an electrical or mechanical device responds to an input signal or a range of input signals","n. 反应, 回答, 响应
[计] 应答",i:13/n:87,4,1,cet4 cet6 ky ielts gre,798,725,response
note,note,nәut,"n. a brief written record
n. a short personal letter
n. a notation representing the pitch and duration of a musical sound
n. a tone of voice that shows what the speaker is feeling","n. 笔记, 记录, 注解, 票据, 符号, 显要, 注重, 便笺, 照会
vt. 记录, 注解, 注意",n:44/v:56,4,1,zk gk toefl,799,703,note
hall,hall,hɒ:l,"n. a large room for gatherings or entertainment
n. English writer whose novel about a lesbian relationship was banned in Britain for many years (1883-1943)
n. United States child psychologist whose theories of child psychology strongly influenced educational psychology (1844-1924)
n. United States chemist who developed an economical method of producing aluminum from bauxite (1863-1914)","n. 门厅, 走廊, 会堂",n:100,3,1,zk gk cet4 cet6 ky toefl ielts,800,1839,hall
skill,skill,'skil,"n. an ability that has been acquired by training
n. ability to produce solutions in some problem domain","n. 技术, 技巧, 技能, 熟练, 熟练工人
[化] 技能",n:100,4,1,zk gk cet4 cet6 ky ielts,801,821,skill
college,college,'kɒlidʒ,"n. the body of faculty and students of a college
n. an institution of higher education created to educate and grant degrees; often a part of a university
n. a complex of buildings in which an institution of higher education is housed","n. 学院, 大学, 学会",n:100,4,1,zk gk ielts,802,415,college
horse,horse,hɒ:s,"n. solid-hoofed herbivorous quadruped domesticated since prehistoric times
n. a padded gymnastic apparatus on legs
v. provide with a horse or horses","n. 马, 骑兵, 脚架
vi. 骑马, 取笑
vt. 使骑马, 系马于",v:1/n:99,4,1,zk gk ielts,803,1279,horse
myself,myself,mai'self,"pron. I or me in person; -- used for emphasis, my own self or
   person; as I myself will do it; I have done it myself; -- used also
   instead of me, as the object of the first person of a reflexive verb,
   without emphasis; as, I will defend myself.","pron. 我自己, 我亲自, 我独自",p:100,4,1,zk gk,804,662,myself
user,user,'ju:zә,n. a person who makes use of a thing; someone who uses or employs something,"n. 使用者
[计] 用户",n:100,3,1,gk cet4 cet6,806,1813,user
serious,serious,'siәriәs,"a. concerned with work or important matters rather than play or trivialities
s. of great consequence
s. requiring effort or concentration; complex and not easy to answer or solve","a. 严肃的, 认真的, 重要的, 严重的
[电] 严重的",j:100,5,1,zk gk cet4 cet6 ky toefl ielts,807,755,serious
answer,answer,'ɑ:nsә,"n. a statement (either spoken or written) that is made to reply to a question or request or criticism or accusation
n. the speech act of replying to a question
n. the principal pleading by the defendant in response to plaintiff's complaint; in criminal law it consists of the defendant's plea of `guilty' or `not guilty' (or nolo contendere); in civil law it must contain denials of all allegations in the plaintiff's complaint that the defendant hopes to controvert and it can contain affirmative defenses or counterclaims
n. a nonverbal reaction","n. 答案, 回答, 回报, 答辩
vt. 回答, 反驳, 适应, 响应, 符合
vi. 回答, 答应, 负责, 符合, 成功
[计] 用户问题及答案新闻组",i:2/v:48/n:50,5,1,zk gk,808,767,answer
nor,nor,nɒ:,"conj. A negative connective or particle, introducing the second
   member or clause of a negative proposition, following neither, or not,
   in the first member or clause (as or in affirmative propositions
   follows either). Nor is also used sometimes in the first member for
   neither, and sometimes the neither is omitted and implied by the use of
   nor.","conj. 也不, 也没有
[计] 或非",c:100,4,1,zk gk,810,1062,nor
normal,normal,'nɒ:ml,"a. conforming with or constituting a norm or standard or level or type or social norm; not abnormal
a. in accordance with scientific laws
a. being approximately average or within certain limits in e.g. intelligence and development
s. forming a right angle","n. 常态, 标准, 正常, 普通
a. 正常的, 正规的, 标准的, 师范的, 正态的
[计] 标准, 普通",j:99/n:1,4,1,zk gk cet4 cet6 ky toefl ielts,811,1217,normal
indicate,indicate,'indikeit,"v. indicate a place, direction, person, or thing; either spatially or figuratively
v. to state or express briefly
v. suggest the necessity of an intervention; in medicine","vt. 显示, 象征, 指示, 指出
[医] 指示",v:100,4,1,gk cet4 cet6 ky toefl gre,812,785,indicate
forget,forget,fә'get,"v. dismiss from the mind; stop remembering
v. be unable to remember
v. forget to do something
v. leave behind unintentionally","vt. 忘记, 忽略, 忘
vi. 忘记",v:100,4,1,zk gk,813,872,forget
wonder,wonder,'wʌndә,"n. the feeling aroused by something strange and surprising
n. something that causes feelings of wonder
v. have a wish or desire to know something
v. place in doubt or express doubtful speculation","n. 奇迹, 惊奇, 惊愕
vt. 惊奇, 想知道
vi. 惊讶, 怀疑",n:19/j:1/v:80,4,1,zk gk cet4 cet6 ky toefl,815,790,wonder
economy,economy,i'kɒnәmi,"n. the system of production and distribution and consumption
n. the efficient use of resources
n. frugality in the expenditure of money or resources
n. an act of economizing; reduction in cost","n. 经济, 理财, 节约
[医] 经济, 整体",n:100,5,1,cet4 cet6 ky ielts,817,645,economy
army,army,'ɑ:mi,"n. a permanent organization of the military land forces of a nation or state
n. a large number of people united for some specific purpose","n. 军队, 陆军",n:100,5,1,zk gk cet4 ky ielts,818,1539,army
dog,dog,dɒg,"n. a member of the genus Canis (probably descended from the common wolf) that has been domesticated by man since prehistoric times; occurs in many breeds
n. informal term for a man","n. 狗, 坏蛋
vt. 跟踪, 尾随",v:2/n:98,4,1,zk gk,819,753,dog
suffer,suffer,'sʌfә,"v. undergo or be subjected to
v. undergo (as of injuries and illnesses)
v. experience (emotional) pain
v. get worse","vt. 遭受, 经历, 忍受
vi. 受痛苦, 受损害",v:100,4,1,gk cet4 cet6 ky toefl,821,1099,suffer
recently,recently,'ri:sntli,r. in the recent past,adv. 最近,r:100,4,1,cet4 cet6 toefl,822,699,recently
along,along,ә'lɒŋ,"r. with a forward motion
r. in accompaniment or as a companion
r. to a more advanced state
r. in addition (usually followed by `with')","adv. 平行地, 向前
prep. 沿着",i:72/r:28,5,1,zk gk,823,447,along
previous,previous,'pri:viәs,"s. just preceding something else in time or order
s. too soon or too hasty","a. 早先的, 前面的, 过急的
[法] 以前的, 生前的, 前述的",j:100,4,1,cet4 cet6 ky toefl ielts gre,824,1276,previous
maintain,maintain,mein'tein,v. state or assert,"vt. 维持, 维修, 保持, 坚持, 供养, 主张
[化] 维修",v:100,4,1,cet4 cet6 ky toefl ielts,825,922,maintain
husband,husband,'hʌzbәnd,n. a married man; a woman's partner in marriage,"n. 丈夫, 管理人, 节俭的人
vt. 节俭, 使成丈夫, 持有",v:1/n:99,4,1,zk gk gre,826,637,husband
brother,brother,'brʌðә,"n. a male with the same parents as someone else
n. a male person who is a fellow member (of a fraternity or religion or other group)
n. used as a term of address for those male persons engaged in the same movement
n. (Roman Catholic Church) a title given to a monk and used as form of address",n. 兄弟,n:100,5,1,zk gk,827,614,brother
publish,publish,'pʌbliʃ,"v. prepare and issue for public distribution or sale
v. have (one's written work) issued for publication","vt. 出版, 发行, 公开, 发表, 宣传, 公布
vi. 出版, 发行",v:100,4,1,gk cet4 cet6 ky,828,1116,publish
total,total,'tәutl,"v. add up in number or quantity
v. determine the sum of
v. damage beyond the point of repair","a. 全体的, 总的, 全然的
vt. 计算...的总和, 共计为
vi. 合计
n. 总数, 全体, 合计
adv. 统统",j:67/v:8/n:25,5,1,zk gk cet4 cet6 ky ielts,831,1038,total
argument,argument,'ɑ:gjumәnt,"n. a fact or assertion offered as evidence that something is true
n. a discussion in which reasons are advanced for and against some proposition or proposal
n. a summary of the subject or plot of a literary work or play or movie
n. (computer science) a reference or value that is passed to a function, procedure, subroutine, command, or program","n. 争论, 论证, 论据, 自变量
[计] 参数",n:100,4,1,gk cet4 ky ielts,832,1185,argument
season,season,'si:zn,"n. a period of the year marked by special events or activities in some field
n. one of the natural periods into which the year is divided by the equinoxes and solstices or atmospheric conditions
n. a recurrent time marked by major holidays
v. lend flavor to","n. 季节, 时节, 当令期, 时期
vt. 给...调味, 使成熟, 使老练, 缓和
vi. 变干燥",v:1/n:99,5,1,zk gk toefl ielts,833,506,season
anyway,anyway,'eniwei,"r used to indicate that a statement explains or supports a previous statement; anyhow, they're quiet""; anyway, it's gone""; in any case, there was a brief scuffle""
r in any way whatsoever","adv. 无论如何, 至少",r:100,4,1,zk cet4 ky,834,1393,anyway
avoid,avoid,ә'vɒid,"v. stay clear from; keep away from; keep out of the way of someone or something
v. refrain from doing something","vt. 避免, 防止, 撤消
[法] 避免, 回避, 躲开",v:100,4,1,zk gk cet4 ky toefl ielts gre,835,908,avoid
concern,concern,kәn'sә:n,"n. something that interests you because it is important or affects you
n. an anxious feeling
n. a feeling of sympathy for someone or something
n. something or someone that causes anxiety; a source of unhappiness","n. 关心, 忧虑
vt. 与...有关, 使担心, 使挂念",v:14/n:86,5,1,gk cet4 cet6 ky ielts,836,717,concern
bill,bill,bil,"n. a statute in draft before it becomes law
n. an itemized statement of money owed for goods shipped or services rendered
n. a piece of paper money (especially one issued by a central bank)
n. the entertainment offered at a public presentation","n. 帐单, 清单, 钞票, 鸟嘴, 广告, 法案, 票据
vt. 开帐单, (用招贴)宣布",v:5/n:95,4,1,zk gk cet4 ky toefl ielts,837,8026,bill
express,express,ik'spres,"n. mail that is distributed by a rapid and efficient system
n. public transport consisting of a fast train or bus that makes only a few scheduled stops
n. rapid transport of goods
v. give expression to","n. 快车, 快递, 专使
a. 明确的, 丝毫不差的, 专门的, 快的
vt. 表达, 表示, 表露",j:4/v:96,4,1,zk gk cet4 cet6 ky,839,1272,express
suppose,suppose,sә'pәuz,v. express a supposition,"vt. 推想, 假设, 以为, 想像, 假定
vi. 料想",v:100,4,1,zk gk cet4 cet6 ky toefl,840,2161,suppose
finish,finish,'finiʃ,"n. the place designated as the end (as of a race or journey)
n. designated event that concludes a contest (especially a race)
n. the downfall of someone (as of persons on one side of a conflict)
n. (wine tasting) the taste of a wine on the back of the tongue (as it is swallowed)","n. 完成, 结束, 末道漆, 磨光, 完美
vt. 完成, 结束, 用完, 毁掉
vi. 结束
[计] 完成",n:15/v:85,4,1,zk gk toefl,842,916,finish
element,element,'elimәnt,"n. the most favorable environment for a plant or animal
n. one of four substances thought in ancient and medieval cosmology to constitute the physical universe
n. the situation in which you are happiest and most effective
n. a straight line that generates a cylinder or cone","n. 元件, 元素, 要素
[计] 部分; 成分; 单元; 码元; 元件; 元素; 单元",n:100,4,1,cet4 cet6 ky toefl,843,1214,element
glass,glass,glɑ:s,"n. a brittle transparent solid with irregular atomic structure
n. a container for holding liquids while drinking
n. the quantity a glass will hold
n. glassware collectively","n. 玻璃, 玻璃杯, 透镜
vt. 装玻璃于, 反射, 反映
vi. 成玻璃状",v:1/n:99,4,1,zk gk ielts,844,820,glass
duty,duty,'dju:ti,"n. the social force that binds you to the courses of action demanded by that force; every opportunity, an obligation; every possession, a duty""- John D.Rockefeller Jr
n. work that you are obliged to perform for moral or legal reasons
n. a government tax on imports or exports","n. 责任, 关税, 职务, 尊敬
[化] 职责",n:100,4,1,zk gk cet4 cet6 ky ielts,846,1752,duty
July,july,dʒu:'lai,n. the month following June and preceding August,n. 七月,,4,1,zk gk ielts,847,0,july
save,save,seiv,"n. (sports) the act of preventing the opposition from scoring
v. to keep up and reserve for personal or special use
v. bring into safety
v. spend less; buy at a reduced price","n. 救球
vt. 解救, 挽救, 储蓄, 保存, 节省, 保留
vi. 挽救, 节省, 救球
prep. 除...之外
[计] 保存",i:4/c:1/n:1/v:94,5,1,zk gk cet4 cet6 ky toefl,848,735,save
tend,tend,tend,"v. have a tendency or disposition to do or be something; be inclined
v. have care of or look after
v. manage or run","vi. 走向, 有某种的倾向, 易于, 照顾, 注意
vt. 照料, 护理",v:100,4,1,gk cet4 cet6 ky gre,849,1039,tend
listen,listen,'lisn,"v. hear with intention
v. listen and pay attention","vi. 听, 倾听, 听从
n. 听, 倾听",n:1/v:99,4,1,zk gk,850,609,listen
leg,leg,leg,"n. a human limb; commonly used to refer to a whole limb but technically only the part of the limb between the knee and ankle
n. a structure in animals that is similar to a human leg and used for locomotion
n. one of the supports for a piece of furniture
n. the limb of an animal used for food","n. 腿, 假腿, 路程
vi. 走, 跑",n:100,4,1,zk gk,851,856,leg
fund,fund,fʌnd,"n. a reserve of money set aside for some purpose
v. convert (short-term floating debt) into long-term debt that bears fixed interest and is represented by bonds
v. place or store up in a fund for accumulation
v. provide a fund for the redemption of principal or payment of interest","n. 基金, 资金, 存款, 财源, 贮藏
vt. 提供资金, 积累",v:16/n:84,5,1,cet4 cet6 ky toefl,852,754,fund
park,park,pɑ:k,"n. a large area of land preserved in its natural state as public property
n. a piece of open land for recreational use in an urban area
n. Scottish explorer in Africa (1771-1806)
n. a gear position that acts as a parking brake","n. 公园, 停车处
vt. 停车, 置于
vi. 停车",v:22/n:78,4,1,zk gk ielts,853,3467,park
suddenly,suddenly,'sʌdәnli,r. happening unexpectedly,"adv. 突然, 意外, 忽然, 迅速, 即席作成, 即刻, 急速",r:100,4,1,cet4 cet6,854,955,suddenly
title,title,'taitl,"n. a heading that names a statute or legislative bill; may give a brief summary of the matters it deals with
n. the name of a work of art or literary composition etc.
n. a general or descriptive heading for a section of a written work
n. an identifying appellation signifying status or function: e.g. `Mr.' or `General'","n. 头衔, 名称, 标题, 书名, 扉页, 权利, 资格, 冠军, 字幕
vt. 授予头衔, 加标题于
[计] 标题",v:13/n:87,4,1,gk cet4 cet6 ky toefl ielts,855,1323,title
treat,treat,tri:t,"n. an occurrence that causes special pleasure or delight
v. interact in a certain way
v. provide treatment for
v. provide with a gift or entertainment","n. 宴请, 款待
vt. 视为, 对待, 论述, 治疗, 款待
vi. 讨论, 谈判, 作东",n:9/v:91,4,1,gk cet4 cet6 ky toefl,856,960,treat
outside,outside,'aut'said,"n. the region that is outside of something
n. the outer side or surface of something
a. relating to or being on or near the outer side or limit
s. originating or belonging beyond some bounds:""the outside world""","n. 外面, 外表, 外界
a. 外面的, 外表的, 外界的
adv. 外面, 外表, 外界",i:54/n:2/r:25/j:19,5,1,zk gk,857,809,outside
summer,summer,'sʌmә,"n. the warmest season of the year; in the northern hemisphere it extends from the summer solstice to the autumnal equinox
n. the period of finest development, happiness, or beauty
v. spend the summer","n. 夏季, 全盛时期
vi. 避暑, 过夏天
[计] 加法器",v:1/n:99,4,1,zk gk ielts,858,619,summer
aspect,aspect,'æspekt,"n. a distinct feature or element in a problem
n. a characteristic to be considered
n. the beginning or duration or completion or repetition of the action of a verb","n. 外观, 方面, 面貌, 方向
[医] 方面, 局面; 外观",n:100,4,1,gk cet4 cet6 ky toefl gre,862,1357,aspect
chairman,chairman,'tʃєәmәn,"n the officer who presides at the meetings of an organization
v act or preside as chair, as of an academic department in a university","n. 主席, 会长
[经] 主席",n:100,4,1,zk gk cet4 cet6 ky,864,1372,chairman
nearly,nearly,'niәli,"r (of actions or states) slightly short of or not quite accomplished; all but
r in a close manner","adv. 几乎, 密切地",r:100,4,1,zk gk toefl,865,599,nearly
remove,remove,ri'mu:v,"n. degree of figurative distance or separation; 
v. remove something concrete, as by lifting, pushing, or taking off, or remove something abstract
v. remove from a position or an office
v. shift the position or location of, as for business, legal, educational, or military purposes","vt. 移动, 调动, 除去, 迁移, 开除, 移交
vi. 迁移, 移动, 搬家
n. 班级, 升级, 移动, 搬家, 间距
[计] 删除",n:1/v:99,4,1,gk cet4 cet6 ky toefl gre,866,876,remove
visit,visit,'vizit,"n. the act of going to see some person or place or thing for a short time
n. a meeting arranged by the visitor to see someone (such as a doctor or lawyer) for treatment or advice
n. the act of visiting in an official capacity (as for an inspection)
n. the act of going to see some person in a professional capacity","n. 拜访, 访问, 游览, 视察
vt. 拜访, 访问, 参观, 视察, 降临
vi. 访问, 参观, 闲谈",n:37/v:63,5,1,zk gk,867,905,visit
throw,throw,θrәu,"n. the act of throwing (propelling something with a rapid movement of the arm and wrist)
n. a single chance or instance
n. the maximum movement available to a pivoted or reciprocating piece by a cam
n. bedclothes consisting of a lightweight cloth covering (an afghan or bedspread) that is casually thrown over something","vt. 投, 掷, 抛, 发射, 摔下, 匆匆穿上(或脱下), 抛弃, 摆脱
vi. 丢, 掷, 抛
n. 投掷, 掷骰子, 冒险",n:6/v:94,4,1,zk gk toefl,868,677,throw
baby,baby,'beibi,"n. a very young child (birth to 1 year) who has not yet begun to walk or talk
n. the youngest member of a group (not necessarily young)
n. an unborn child; a human fetus
n. (slang) sometimes used as a term of address for attractive young women","n. 婴孩
[医] 婴儿",v:1/n:99,4,1,zk gk,869,588,baby
sorry,sorry,'sɒri,"a feeling or expressing regret or sorrow or a sense of loss over something done or undone
s bad; unfortunate
s without merit
s causing dejection","a. 难过的, 悲哀的, 遗憾的",j:100,4,1,zk gk,870,1205,sorry
daughter,daughter,'dɒ:tә,n. a female human offspring,"n. 女儿
a. 女儿的",n:100,5,1,zk gk,871,634,daughter
united,united,ju:'naitid,a. characterized by unity; being or joined into a single entity,"a. 联合的, 团结的, 一致的, 和睦的
[法] 联合的, 统一的, 一致的",j:100,3,1,ielts,873,1460,united
box,box,bɒks,"n. a (usually rectangular) container; may have a lid
n. private area in a theater or grandstand where a small group can watch the performance
n. the quantity contained in a box
n. a rectangular drawing","n. 盒子, 箱, 方框, 一巴掌
vt. 装...入盒中, 装箱, 打耳光
vi. 拳击
[计] 方框",v:4/n:96,4,1,zk gk,874,795,box
exist,exist,ig'zist,"v. have an existence, be extant
v. support oneself","vi. 存在, 生存, 发生",v:100,4,1,gk cet4 cet6 ky toefl,875,1016,exist
river,river,'rivә,n. a large natural stream of water (larger than a creek),"n. 河, 江
[法] 河流, 江河, 内河",n:100,4,1,zk gk,876,1327,river
dead,dead,ded,"n. people who are no longer living
n. a time when coldness (or some other quality associated with death) is intense
a. no longer having or seeming to have or expecting to have life
a. not showing characteristics of life especially the capacity to sustain life; no longer exerting force or having energy or heat","a. 死的, 不活泼的, 麻木的, 熄灭的
n. 死者
adv. 完全地, 直接地",r:8/j:92,4,1,zk gk toefl,877,726,dead
customer,customer,'kʌstәmә,n. someone who pays for goods or services,"n. 消费者
[化] 顾客",n:100,4,1,gk cet4 cet6 ky toefl ielts,879,1098,customer
specific,specific,spi'sifik,"n. a medicine that has a mitigating effect on a specific disease
a. (sometimes followed by `to') applying to or characterized by or distinguishing something particular or special or unique
s. stated explicitly or in detail
a. relating to or distinguishing or constituting a taxonomic species","n. 特效药, 特性
a. 特殊的, 明确的, 具有特效的, 特定地, 具体地",j:95/n:5,4,1,gk cet4 cet6 ky toefl ielts,882,979,specific
profit,profit,'prɒfit,"n. the advantageous quality of being beneficial
v. derive a benefit from
v. make a profit; gain money or materially","n. 利润, 赢利, 利益
vi. 有益, 获利, 赚钱
vt. 有益于",v:10/n:90,4,1,gk cet4 cet6 ky toefl ielts,884,1704,profit
reflect,reflect,ri'flekt,"v. manifest or bring back
v. to throw or bend back (from a surface)
v. be bright by reflecting or casting light
v. show an image of","vt. 反射, 反映, 招致, 深思
vi. 被反射, 映出, 深思, 考虑, 指责",v:100,4,1,gk cet4 cet6 ky gre,885,1004,reflect
assume,assume,ә'sju:m,"v. take to be the case or to be true; accept without verification or proof
v. take on titles, offices, duties, responsibilities
v. take on a certain form, attribute, or aspect
v. occupy or take on","vt. 假定, 承担, 呈现
vi. 装腔作势, 僭越",v:100,4,1,gk cet4 cet6 ky toefl ielts gre,886,1091,assume
admit,admit,әd'mit,"v. declare to be true or admit the existence or reality or truth of
v. allow to enter; grant entry to
v. allow participation in or the right to be part of; permit to exercise the rights, functions, and responsibilities of
v. afford possibility","vt. 承认, 接受, 允许进入, 容许
vi. 开向, 容许, 承认",v:100,4,1,gk cet4 ky toefl,887,1089,admit
stone,stone,stәun,"n. building material consisting of a piece of rock hewn in a definite shape for a special purpose
n. an avoirdupois unit used to measure the weight of a human body; equal to 14 pounds
n. the hard inner (usually woody) layer of the pericarp of some fruits (as peaches or plums or cherries or olives) that contains the seed
n. United States jurist who was named chief justice of the United States Supreme Court in 1941 by Franklin D. Roosevelt (1872-1946)","n. 石头, 宝石, 果核, 纪念碑, 结石
vt. 投扔石子, 铺石头
a. 石的, 石制的, 完全的",v:2/n:98,4,1,zk gk cet4 cet6 ky ielts,888,1220,stone
measure,measure,'meʒә,"n. any maneuver made as part of progress toward a goal
n. how much there is or how many there are of something that you can quantify
n. musical notation for a repeating pattern of musical beats
n. a container of some standard capacity that is used to obtain fixed amounts of a substance","n. 尺寸, 量度器, 量度标准, 测量, 量具, 程度, 范围, 限度, 分寸, 措施, 方法
vt. 测量, 测度, 估量, 权衡, 调节, 拿(自己或自己的力量等)作较量
vi. 度量",v:40/n:60,4,1,gk cet4 cet6 ky ielts,889,941,measure
division,division,di'viʒәn,"n. an army unit large enough to sustain combat
n. the act or process of dividing
n. an administrative unit in government or business
n. discord that splits a group","n. 分, 分开, 除法, 部门(如部、处、系等), 师
[计] 部分",n:100,4,1,gk cet4 cet6 ky toefl,891,1849,division
smile,smile,smail,"n. a facial expression characterized by turning up the corners of the mouth; usually shows pleasure or amusement
v. change one's facial expression by spreading the lips, often to signal pleasure
v. express with a smile","n. 微笑, 喜色, 笑容
vi. 微笑, 觉得好笑
vt. 微笑着表示",n:41/v:59,4,1,zk gk,892,1068,smile
prepare,prepare,pri'pєә,"v. to prepare verbally, either for written or spoken delivery
v. educate for a future role or function
v. lead up to and soften by sounding the dissonant note in it as a consonant note in the preceding chord","vt. 准备, 筹备, 使在思想上有准备, 制造, 调制
vi. 预备",v:100,4,1,zk gk cet4 cet6 ky ielts,893,774,prepare
replace,replace,ri'pleis,"v. substitute a person or thing for (another that is broken or inefficient or lost or no longer working or yielding what is expected)
v. put something back where it belongs","vt. 代替, 替换, 放回, 归还
[计] 替换; DOS外部命令:取代或更新文件",v:100,4,1,gk cet4 cet6 ky toefl,894,1182,replace
proposal,proposal,prә'pәuzl,"n. something proposed (such as a plan or assumption)
n. the act of making a proposal","n. 提议, 计划, 求婚
[经] 提案, 申请, 投标",n:100,4,1,cet4 cet6 ky toefl gre,899,1625,proposal
fill,fill,fil,"n. a quantity sufficient to satisfy
v. make full, also in a metaphorical sense
v. become full
v. assume, as of positions or roles","vt. 装满, 填充, 弥漫, 供给, 满足, 供应
vi. 充满, 变得沉重
n. 满足, 装满, 充分, 填方
vt. 填充
vi. 填充
[计] 填充",n:2/v:98,4,1,zk gk,900,686,fill
unless,unless,.ʌn'les,"conj. Upon any less condition than (the fact or thing stated
   in the sentence or clause which follows); if not; supposing that not;
   if it be not; were it not that; except; as, we shall fail unless we are
   industrious.","conj. 除非
prep. 除...之外",c:100,4,1,zk gk cet4 cet6 ky toefl,901,1332,unless
mention,mention,'menʃәn,"n. a remark that calls attention to something or someone
n. an official recognition of merit
v. make reference to
v. commend","n. 提到, 言及, 陈述
vt. 提到, 提及",n:12/v:88,4,1,zk gk toefl,902,971,mention
improve,improve,im'pru:v,"v to make better
v get better","vt. 改良, 提高...的价值, 改善, 利用
vi. 变得更好, 增加",v:100,4,1,zk gk cet4 cet6 ky,903,995,improve
image,image,'imidʒ,"n. an iconic mental representation
n. (mathematics) the set of values of the dependent variable for which a function is defined
n. the general impression that something (a person or organization or product) presents to the public
v. render visible, as by means of MRI","n. 影像, 肖像, 想象, 图像, 形象, 翻版
vt. 作...的像, 反映, 想象, 象征
n. 图像
[计] 图象",v:2/n:98,4,1,cet4 cet6 ky toefl ielts,904,555,image
oil,oil,ɒil,"n. a slippery or viscous liquid or liquefiable substance not miscible with water
n. oil paint containing pigment that is used by an artist
v. cover with oil, as if by rubbing","n. 油, 石油, 油画颜料
vt. 涂油于, 使融化成油状, 加油于
vi. 加燃油, 融化",v:1/n:99,5,1,zk gk cet4 ky ielts,906,546,oil
client,client,'klaiәnt,n. a person who seeks the advice of a lawyer,"n. 客户, 顾客, 委托人
[计] 客户, 客户机, 客户机程序",n:100,3,1,cet6 ky ielts,907,1157,client
sector,sector,'sektә,"n. a plane figure bounded by two radii and the included arc of a circle
n. a social group that forms part of the society or the economy
n. a particular aspect of life or activity
n. the minimum track length that can be assigned to store information; unless otherwise specified a sector of data consists of 512 bytes","n. 扇形, 部门, 部分, 函数尺, 象限仪, 段, 区段
vt. 把...分成扇形
[计] 扇面; 扇区; 段; 区段",n:100,4,1,cet6 ky toefl ielts,909,1974,sector
basic,basic,'beisik,"n. a popular programming language that is relatively easy to learn; an acronym for beginner's all-purpose symbolic instruction code; no longer in general use
n. (usually plural) a necessary commodity for which demand is constant
a. pertaining to or constituting a base or basis
s. reduced to the simplest and most significant form possible without loss of generality","n. 基本原理, 要素, 基本规律
a. 基本的, 碱性的
(计算机)BASIC语言",j:100,4,1,zk gk cet4 ky toefl ielts,911,1144,basic
seat,seat,si:t,"n. a space reserved for sitting (as in a theater or on a train or airplane)
n. furniture that is designed for sitting on
n. any support where you can sit (especially the part of a chair or bench etc. on which you sit)
n. a center of authority (as a city from which authority is exercised)","n. 座, 座位, 位子, 席位, 所在地
vt. 使坐下, 使就座, 为...设座于, 使就职
vi. 安装在底座上",v:13/n:87,4,1,zk gk ielts,912,894,seat
attack,attack,ә'tæk,"n. (military) an offensive against an enemy (using weapons)
n. an offensive move in a sport or game
n. the act of attacking
n. a decisive manner of beginning a musical tone or phrase","n. 攻击, 抨击
vt. 攻击, 抨击, 动手干
vi. 攻击",v:33/n:67,5,1,gk cet4 cet6 ky ielts,913,791,attack
intend,intend,in'tend,"v. have in mind as a purpose
v. design or destine","vt. 计划, 打算, 意思是
[法] 想要, 打算, 意旨",v:100,4,1,gk cet4 cet6 ky,916,1536,intend
fight,fight,fait,"n. the act of fighting; any contest or struggle
n. an intense verbal dispute
n. a boxing or wrestling match
v. fight against or resist strongly","n. 打架, 争吵, 斗志
v. 对抗, 打架",n:29/v:71,5,1,zk gk cet4 cet6 ky,917,676,fight
original,original,ә'ridʒәnl,"n. something that serves as a model or a basis for making copies
s. preceding all others in time or being as first made or performed
s. (of e.g. information) not secondhand or by way of something intermediary
a. being or productive of something fresh and unusual; or being as first made or thought of","a. 最初的, 原始的, 有创意的
n. 原物, 原作",j:96/n:4,4,1,cet4 cet6 ky toefl ielts gre,918,1135,original
miss,miss,mis,"n. a failure to hit (or meet or find etc)
n. a form of address for an unmarried woman
v. fail to perceive or to catch with the senses or the mind
v. feel or suffer from the lack of","n. 失误, 避免, 失败, 小姐
vt. 未得到, 未达到, 未听到, 未觉察, 逃脱, 遗漏, 错过, 思念
vi. 失败, 击不中",n:3/v:97,4,1,zk gk,919,833,miss
attitude,attitude,'ætitju:d,"n. a complex mental state involving beliefs and feelings and values and dispositions to act in certain ways
n. a theatrical pose created for effect
n. position of aircraft or spacecraft relative to a frame of reference (the horizon or direction of motion)","n. 态度, 看法, 姿势
[医] 体态, 姿势, 态度",n:100,4,1,gk cet4 ky,920,1155,attitude
aware,aware,ә'wєә,a. (sometimes followed by `of') having or showing knowledge or understanding or realization or perception,"a. 知道的, 有觉悟的",j:100,4,1,gk cet4 ky toefl ielts,921,1439,aware
military,military,'militәri,"n. the military forces of a nation
a. of or relating to the study of the principles of warfare
a. characteristic of or associated with soldiers or the military
a. associated with or performed by members of the armed services as contrasted with civilians","n. 军队
a. 军事的, 军人的, 适于战争的",j:90/n:10,5,1,cet4 cet6 ky toefl,922,474,military
discover,discover,dis'kʌvә,"v. make a discovery, make a new finding
v. make a discovery
v. see for the first time; make a discovery","vt. 发现, 找到, 暴露
vi. 发现",v:100,4,1,zk gk cet4 cet6 ky,923,956,discover
exactly,exactly,i^'zæktli,"r indicating exactness or preciseness
r just as it should be
r in a precise manner","adv. 确切地, 精确地, 恰好, 完全地, 确实, 恰恰正是, 确实如此",r:100,3,1,gk cet4,924,748,exactly
drop,drop,drɒp,"n. a shape that is spherical and small
n. a small indefinite quantity (especially of a liquid)
n. a sudden sharp decrease in some quantity
n. a predetermined hiding place for the deposit and distribution of illicit goods (such as drugs or stolen property)","n. 滴, 微量, 落下, 空投
vi. 放下, 掉下, 下降
vt. 使滴下, 放下, 丢失, 遗漏
[计] 投入, 投入点, 接入点, 分接点",n:19/v:81,4,1,zk gk cet4 cet6 ky ielts,925,690,drop
push,push,puʃ,"n. the act of applying force in order to move something away
n. the force used in pushing
n. an effort to advance
v. move with force, ""He pushed the table into a corner""","n. 推, 推动, 奋斗, 攻击, 进取心
vt. 推, 推动, 使伸出, 推行, 逼迫, 增加
vi. 推, 推进, 增加, 努力争取",n:7/v:93,4,1,zk gk,926,695,push
hit,hit,hit,"n. (baseball) a successful stroke in an athletic contest (especially in baseball)
n. the act of contacting one thing with another
n. a conspicuous success
n. a dose of a narcotic drug","n. 打击, 打, 冲撞, 讽刺
vt. 打, 打击, 碰撞, 打中, 袭击, 偶然碰上
vi. 打, 打中, 打击, 碰撞, 偶然碰上
[计] 击中; 找到; 瞬时打扰",n:17/j:1/v:82,5,1,zk gk cet4 cet6 ky ielts,927,535,hit
goal,goal,gәul,"n. the state of affairs that a plan is intended to achieve and that (when achieved) terminates behavior intended to achieve it
n. game equipment consisting of the place toward which players of a game try to advance a ball or puck in order to score points
n. a successful attempt at scoring","n. 目标, 终点, 得分, 球门, 守门员
vi. 攻门, 射门得分",n:100,4,1,gk cet4 cet6 ky toefl ielts,930,681,goal
disease,disease,di'zi:z,n. an impairment of health or a condition of abnormal functioning,"n. 疾病, 弊病
[医] [疾]病",n:100,4,1,zk gk cet4 cet6 ky ielts,931,775,disease
yourself,yourself,juә'self,"pron. An emphasized or reflexive form of the pronoun of the
   second person; -- used as a subject commonly with you; as, you yourself
   shall see it; also, alone in the predicate, either in the nominative or
   objective case; as, you have injured yourself.",pron. 你自己,p:100,4,1,zk gk,932,915,yourself
sign,sign,sain,"n. a perceptible indication of something not immediately apparent (as a visible clue that something has happened)
n. a public display of a message
n. (medicine) any objective evidence of the presence of a disorder or disease
n. a gesture that is part of a sign language","n. 符号, 招牌, 征兆, 正负号, 手势
vt. 签名, 打手势表达
vi. 签名
[计] 正负号; 符号; 符号字符",v:45/n:55,5,1,gk cet4 cet6 ky ielts,935,759,sign
refuse,refuse,ri'fju:z,"v. show unwillingness towards
v. refuse to accept","vt. 拒绝, 谢绝
vi. 拒绝
n. 废物
a. 扔掉的, 无用的",n:3/v:97,4,1,zk gk cet4 cet6 ky toefl,936,1247,refuse
prevent,prevent,pri'vent,"v. keep from happening or arising; make impossible
v. stop (someone or something) from doing something or being in a certain state","v. 预防, 防止, 阻止, 妨碍",v:100,4,1,zk gk cet4 cet6 ky toefl,937,1083,prevent
popular,popular,'pɒpjulә,"a. regarded with great favor, approval, or affection especially by the general public
s. carried on by or for the people (or citizens) at large
s. (of music or art) new and of general appeal (especially among young people)","a. 通俗的, 流行的, 受欢迎的, 大众的, 人民的, 普及的
[经] 大众的, 通俗的, 普及的",j:100,4,1,zk gk cet4 cet6 ky toefl ielts,938,924,popular
October,october,ɒk'tәubә,n. the month following September and preceding November,n. 十月,,4,1,zk gk ielts,940,0,october
affair,affair,ә'fєә,"n. a usually secretive or illicit sexual relationship
n. a vaguely specified social event","n. 事件, 事务, 恋爱事件",n:100,4,1,gk cet4 cet6 ky toefl,941,1364,affair
appeal,appeal,ә'pi:l,"n. attractiveness that interests or pleases or stimulates
n. (law) a legal proceeding in which the appellant resorts to a higher court for the purpose of obtaining a review of a lower court decision and a reversal of the lower court's judgment or the granting of a new trial
v. take a court case to a higher court for review
v. request earnestly (something from somebody); ask for aid or protection","n. 恳求, 诉请, 上诉, 吸引力
vi. 呼吁, 诉请, 要求, 上诉, 有吸引力
vt. 将...上诉",v:36/n:64,4,1,gk cet4 cet6 ky toefl ielts gre,942,1852,appeal
heavy,heavy,'hevi,"n. an actor who plays villainous roles
n. a serious (or tragic) role in a play
a. of comparatively great physical weight or density
a. unusually great in degree or quantity or number","a. 重的, 巨大的, 沉重的, 笨重的, 过度的
adv. 沉重地
n. 重物, 严肃角色",r:1/j:99,4,1,zk gk ielts,943,1005,heavy
beyond,beyond,bi'jɒnd,"r. farther along in space or time or degree
r. on the farther side from the observer
r. in addition","prep. 超过, 在那一边, 迟于
adv. 在远处
n. 更远处",i:90/r:10,4,1,zk gk cet4 ky,944,746,beyond
regard,regard,ri'gɑ:d,"n. (usually plural) a polite expression of desire for someone's welfare
n. a feeling of friendship and esteem
v. look at attentively","n. 关心, 注意, 尊敬, 关系, 问候
vt. 视为, 注意, 考虑, 和...有关, 看待
vi. 注视, 注意",i:23/n:19/v:58,4,1,zk gk cet4 cet6 ky toefl,945,2084,regard
ability,ability,ә'biliti,"n. the quality of being able to perform; a quality that permits or facilitates achievement or accomplishment
n. possession of the qualities (especially mental qualities) required to do something or get something done","n. 能力, 才干
[经] 能力, 才能",n:100,4,1,zk gk cet4 ky toefl ielts,946,783,ability
holiday,holiday,'hɒlәdi,n. a day on which work is suspended by law or custom,"n. 假日, 假期, 节日
vi. 度假",v:2/n:98,4,1,zk gk ielts,948,1963,holiday
item,item,'aitәm,"n. a distinct part that can be specified separately in a group of things that could be enumerated on a list
n. a whole individual unit; especially when included in a list or collection
r. (used when listing or enumerating items) also","n. 项目, 条款, 一则, 项
[计] 项",r:1/n:99,4,1,cet4 ky ielts,950,1031,item
medium,medium,'mi:diәm,"n. a means or instrumentality for storing or communicating information
n. the surrounding environment
n. an intervening substance through which signals can travel as a means for communication
n. a liquid with which pigment is mixed by a painter","n. 媒体, 方法, 媒介
a. 半生熟的, 中间的
[计] 媒体, 中",j:48/n:52,3,1,gk cet4 cet6 ky toefl ielts gre,951,3241,medium
pupil,pupil,'pju:pl,n. the contractile aperture in the center of the iris of the eye; resembles a large black dot,"n. 学生, 门生, 未成年人, 瞳孔
[医] 瞳孔",n:100,3,1,zk gk toefl ielts,952,5057,pupil
version,version,'vә:ʒәn,"n. an interpretation of a matter from a particular viewpoint
n. something a little different from others of the same type
n. manual turning of a fetus in the uterus (usually to aid delivery)","n. 一种描述, 版本, 译文
[计] 版本",n:100,4,1,gk cet4 cet6 ky toefl ielts,953,1130,version
fish,fish,fiʃ,"n. any of various mostly cold-blooded aquatic vertebrates usually having scales and breathing through gills
n. the flesh of fish used as food
v. seek indirectly
v. catch or try to catch fish or shellfish","n. 鱼, 鱼肉, 鱼类, 接合板
vt. 钓, 钓鱼, 查出, 用接合板连接
vi. 捕鱼, 钓鱼, 用钩捞取, 摸索寻找",v:12/n:88,4,1,zk gk ielts,954,947,fish
maybe,maybe,'meibi:,r by chance,"adv. 也许, 大概
n. 可能性",r:100,4,1,zk gk,955,383,maybe
campaign,campaign,kæm'pein,"n. a series of actions advancing a principle or tending toward a particular end
n. several related operations aimed at achieving a particular goal (usually within geographical and temporal constraints)
n. an overland journey by hunters (especially in Africa)
v. run, stand, or compete for an office or a position","n. 战役, 运动, 竞选运动
vi. 参加运动, 作战",v:8/n:92,5,1,gk cet4 cet6 ky toefl ielts gre,956,640,campaign
lay,lay,lei,"v. put in a horizontal position
v. prepare or position for action or operation
v. lay eggs
v. impose as a duty, burden, or punishment","vt. 放置, 产, 铺设, 布置, 提出, 平息
vi. 下蛋, 打赌
n. 位置, 层, 隐藏处
a. 世俗的, 外行的
lie的过去式",j:5/v:95,4,1,zk gk cet4 cet6 ky toefl ielts,958,803,lay
teach,teach,ti:tʃ,"n. an English pirate who operated in the Caribbean and off the Atlantic coast of North America (died in 1718)
v. impart skills or knowledge to
v. accustom gradually to some action or attitude","vt. 教, 讲授, 教导, 教育
vi. 教书, 教学, 可以教",v:100,4,1,zk gk,959,545,teach
direct,direct,di'rekt,"v. command with authority
v. guide the actors in (plays and films)
v. be in charge of
v. give directions to; point somebody into a certain direction","a. 直接的, 坦白的
vt. 指示, 指挥, 命令, 导演
vi. 指导, 指挥
adv. 直接地",r:2/j:52/v:46,5,1,zk gk cet4 cet6 ky toefl ielts,960,1478,direct
press,press,pres,"n. the print media responsible for gathering and publishing news in the form of newspapers or magazines
n. a machine used for printing
n. clamp to prevent wooden rackets from warping when not in use
n. any machine that exerts pressure to form or shape or cut materials or extract liquids or compress solids","n. 压, 揿, 按, 人群, 印刷机, 压力, 出版社, 记者, 报刊, 新闻舆论, 紧迫
vt. 压, 压榨, 紧抱, 逼迫, 推进, 强迫征募, 催逼
vi. 压, 重压, 催促, 拥挤, 奋力前进, 受压",v:43/n:57,5,1,gk cet4 cet6 ky gre,961,1178,press
advice,advice,әd'vais,n. a proposal for an appropriate course of action,"n. 忠告, 劝告, 意见, 报道, 通知
[经] 通知书, 通知, 建议",n:100,4,1,zk gk cet4 cet6 ky toefl ielts,962,1641,advice
drug,drug,drʌg,"n. a substance that is used as a medicine or narcotic
v. administer a drug to
v. use recreational drugs","n. 药, 麻药, 麻醉药
vi. 吸毒
vt. 使服麻醉药, 使麻木",v:1/n:99,5,1,zk gk cet4 cet6 ky,963,461,drug
dark,dark,dɑ:k,"n. absence of light or illumination
n. an unenlightened state
a. devoid of or deficient in light or brightness; shadowed or black
a. (used of color) having a dark hue","n. 黑暗, 夜, 黄昏, 模糊
a. 黑暗的, 暗的, 深色的, 隐密的, 模糊的, 无知的",j:73/n:27,4,1,zk gk ielts,966,857,dark
library,library,'laibrәri,"n. a room where books are kept
n. a collection of literary documents or records kept for reference or borrowing
n. a depository built to contain books and other materials for reading and study
n. (computing) a collection of standard programs and subroutines that are stored and available for immediate use","n. 图书馆, 藏书, 库
[计] 库",n:100,3,1,zk gk ielts,967,2129,library
reveal,reveal,ri'vi:l,v. disclose directly or through prophets,"vt. 露出, 显示, 透露, 揭露, 泄露, (神)启示
n. 窗侧, 门侧",n:1/v:99,4,1,cet4 cet6 ky toefl,968,927,reveal
operate,operate,'ɒpәreit,"v. direct or control; projects, businesses, etc.
v. handle and cause to function
v. happen","v. 操作, 运转, 动手术, 活动",v:100,5,1,gk cet4 cet6 ky toefl,970,1309,operate
surface,surface,'sә:fis,"n. the outer boundary of an artifact or a material layer constituting or resembling such a boundary
n. the extended two-dimensional outer boundary of a three-dimensional object
n. the outermost level of the land or sea
n. a superficial aspect as opposed to the real nature of something","n. 面, 表面, 水面, 外表, 平面
a. 表面的, 外观的, 肤浅的, 水面上的
vt. 使成平面, 使浮出水面
vi. 浮出水面, 呈现, 在地面上工作",v:7/n:93,4,1,zk gk toefl ielts,971,1015,surface
cold,cold,kәuld,"n. a mild viral infection involving the nose and respiratory passages (but not the lungs)
n. the sensation produced by low temperatures
a. having a low or inadequate temperature or feeling a sensation of coldness or having been made cold by e.g. ice or refrigeration
a. extended meanings; especially of psychological coldness; without human warmth or emotion","n. 感冒, 寒冷
a. 寒冷的, 冷淡的, 冷静的
adv. 完全地",r:1/j:83/n:16,4,1,zk gk cet4 ky,972,885,cold
worth,worth,wә:θ,"n. an indefinite quantity of something having a specified value
n. the quality that renders something desirable or valuable or useful
n. French couturier (born in England) regarded as the founder of Parisian haute couture; noted for introducing the bustle (1825-1895)
s. having a specified value","n. 价值, 财产
a. 值...的, 值得的",i:71/n:29,4,1,zk gk,975,1353,worth
ready,ready,'redi,"n. poised for action
a. completely prepared or in condition for immediate action or use or progress
s. (of especially money) immediately available
s. mentally disposed","n. 预备好的状态, 现款
a. 准备好的, 备用的, 可以使用的
adv. 预先, 迅速
vt. 使准备好",n:1/r:2/j:94/v:3,4,1,zk gk toefl gre,976,758,ready
variety,variety,vә'raiәti,"n. (biology) a taxonomic category consisting of members of a species that differ from others of the same species in minor but heritable characteristics
n. a difference that is usually pleasant","n. 多样, 种类, 变种, 杂耍
[化] 变种",n:100,4,1,gk cet4 cet6 ky toefl ielts,977,1171,variety
memory,memory,'memәri,"n. something that is remembered
n. the cognitive processes whereby past experience is remembered
n. the power of retaining and recalling past experience
n. an electronic memory device","n. 记忆, 记忆力, 回忆, 纪念, 存储
n. 内存
[计] 存储器, 内存, 查看内存实用程序",n:100,4,1,zk gk cet4 cet6 ky toefl,979,891,memory
blood,blood,blʌd,"n. the fluid (red in vertebrates) that is pumped through the body by the heart and contains plasma, blood cells, and platelets
n. temperament or disposition
n. people viewed as members of a group
v. smear with blood, as in a hunting initiation rite, where the face of a person is smeared with the blood of the kill","n. 血, 血统, 流血, 气质, 生命
vt. 使出血, 用血涂",v:1/n:99,4,1,zk gk cet4 ky ielts,980,692,blood
island,island,'ailәnd,"n. a land mass (smaller than a continent) that is surrounded by water
n. a zone or area resembling an island","n. 岛, 岛屿, 孤立地区, 安全岛
vt. 使成岛状, 孤立",n:100,4,1,zk gk cet4 cet6 ky ielts,982,1512,island
culture,culture,'kʌltʃә,"n. a particular society at a particular time and place
n. the tastes in art and manners that are favored by a social group
n. (biology) the growing of microorganisms in a nutrient medium (such as gelatin or agar)
n. the attitudes and behavior that are characteristic of a particular social group or organization","n. 文化, 修养, 耕种
vt. 耕种, 培养",n:100,4,1,zk gk cet4 cet6 ky toefl ielts,983,611,culture
January,january,'dʒænjuәri,n. the first month of the year; begins 10 days after the winter solstice,n. 一月,,4,1,zk gk ielts,984,0,january
green,green,gri:n,"n. green color or pigment; resembling the color of growing grass
n. United States labor leader who was president of the American Federation of Labor from 1924 to 1952 and who led the struggle with the Congress of Industrial Organizations (1873-1952)
n. an environmentalist who belongs to the Green Party
n. a river that rises in western Wyoming and flows southward through Utah to become a tributary of the Colorado River","n. 绿色, 绿色颜料
a. 绿色的, 未成熟的, 新鲜的, 青春的, 无经验的, 脸色发青的",j:72/v:1/n:27,5,1,zk gk ielts gre,985,890,green
useful,useful,'ju:sful,a. being of use or service,"a. 有用的, 有益的
[机] 有用的, 有效的",j:100,4,1,zk gk cet4 cet6 ky ielts,986,2026,useful
depend,depend,di'pend,v. be contingent upon (something that is elided),"vi. 靠, 视...而定, 信赖",v:100,4,1,zk gk cet4 cet6 ky,987,1475,depend
Sunday,sunday,'sʌndi,"n. first day of the week; observed as a day of rest and worship by most Christians
n. United States evangelist (1862-1935)","n. 星期日
a. 星期日的, 业余的
vi. 度星期日",,4,1,zk gk ielts,988,0,sunday
