word,sw,phonetic,definition,translation,pos,collins,oxford,tag,bnc,frq,word_lower
a,a,ei,"n. the 1st letter of the Roman alphabet
n. the blood group whose red cells carry the A antigen","第一个字母 A; 一个; 第一的
art. [计] 累加器, 加法器, 地址, 振幅, 模拟, 区域, 面积, 汇编, 组件, 异步",a:99/t:1,5,1,zk gk,5,5,a
abandon,abandon,ә'bændәn,"n. the trait of lacking restraint or control; reckless freedom from inhibition or worry
v. forsake, leave behind
v. give up with the intent of never claiming again
v. stop maintaining or insisting on; of ideas or claims","vt. 放弃, 抛弃, 遗弃, 使屈从, 沉溺, 放纵
n. 放任, 无拘束, 狂热",n:4/v:96,3,1,gk cet4 cet6 ky toefl gre,2057,2182,abandon
ability,ability,ә'biliti,"n. the quality of being able to perform; a quality that permits or facilitates achievement or accomplishment
n. possession of the qualities (especially mental qualities) required to do something or get something done","n. 能力, 才干
[经] 能力, 才能",n:100,4,1,zk gk cet4 ky toefl ielts,946,783,ability
able,able,'eibl,"a. (usually followed by `to') having the necessary means or skill or know-how or authority to do something
s. have the skills and qualifications to do things well
s. having inherent physical or mental ability or capacity
s. having a strong healthy body","a. 能干的, 能够的",j:100,5,1,zk gk,295,385,able
abnormal,abnormal,æb'nɒ:mәl,"a. not normal; not typical or usual or regular or conforming to a norm
a. departing from the normal in e.g. intelligence and development
s. much greater than the normal","a. 反常的, 不规则的, 变态的, 畸形的
n. 畸形的人",j:100,1,0,gk cet4 cet6 ky toefl ielts,6548,8241,abnormal
aboard,aboard,ә'bɒ:d,"r. on a ship, train, plane or other vehicle
r. on first or second or third base
r. side by side
r. part of a group","adv. 在船上, 在火车上, 在飞机上
prep. 在...之上",i:66/r:34,2,0,gk cet4 ky toefl,7625,4984,aboard
abolish,abolish,ә'bɒliʃ,v. do away with,"vt. 废止, 革除, 消灭
[经] 废除, 取消, 裁撤",v:100,2,0,gk cet6 ky toefl ielts gre,3736,7490,abolish
abortion,abortion,ә'bɒ:ʃәn,n. termination of pregnancy,"n. 流产, 堕胎, 失败, 夭折, 中止
[医] 流产, 小产; 顿挫",n:100,3,0,gk ielts,4341,1969,abortion
about,about,ә'baut,"s. on the move
r. all around or on all sides
r. in the area or vicinity
r. used of movement to or among many different places or in no particular direction","prep. 在...周围, 大约, 有关, 关于
adv. 大约, 四处, 在附近, 周围",i:80/r:20,5,1,zk gk,63,46,about
above,above,ә'bʌv,"n. an earlier section of a written text
s. appearing earlier in the same text
r. at an earlier place
r. in or to a place that is higher","prep. 在上方, 超出
adv. 在上面
a. 上述的, 上面的",i:61/r:33/j:6,4,1,zk gk,733,893,above
abroad,abroad,ә'brɒ:d,"s. in a foreign country
r. to or in a foreign country","adv. 往国外, 到室外, 到处
a. 往国外的, 在室外的, 广泛四散的",r:100,3,1,zk gk toefl,2243,3363,abroad
abrupt,abrupt,ә'brʌpt,"s. marked by sudden changes in subject and sharp transitions
s. exceedingly sudden and unexpected
s. extremely steep
s. surprisingly and unceremoniously brusque in manner","a. 突然的, 唐突的, 陡峭的, 不连贯的",j:100,2,0,gk cet6 ky toefl ielts gre,8560,8703,abrupt
absence,absence,'æbsәns,"n. the state of being absent
n. failure to be present
n. the time interval during which something or somebody is away
n. the occurrence of an abrupt, transient loss or impairment of consciousness (which is not subsequently remembered), sometimes with light twitching, fluttering eyelids, etc.; common in petit mal epilepsy","n. 缺席, 缺乏, 没有
[医] 失神",n:100,3,1,gk cet4 cet6 ky toefl,1585,2524,absence
absent,absent,'æbsәnt,"v. go away or leave
a. not being in a specified place
s. lost in thought; showing preoccupation","a. 缺席的, 不在的, 缺乏的, 漫不经心的
vt. 使缺席",j:86/v:14,2,1,zk gk cet4 cet6 ky toefl,4300,5516,absent
absolute,absolute,'æbsәlu:t,"n. something that is conceived or that exists independently and not in relation to other things; something that does not depend on anything else and is beyond human control; something that is not relative
a. perfect or complete or pure
s. complete and without restriction or qualification; sometimes used informally as intensifiers
s. not limited by law","a. 绝对的, 专制的, 完全的, 独立的
n. 绝对事物",j:97/n:3,3,1,gk cet4 cet6 ky toefl gre,2420,3165,absolute
absorb,absorb,әb'sɒ:b,"v. become imbued
v. take up mentally
v. take up, as of debts or payments
v. take in, also metaphorically","vt. 吸收, 使全神贯注, 同化, 买进, 理解, 承受, 忍受, 承担
[医] 吸收",v:100,2,1,gk cet4 cet6 ky toefl ielts gre,2879,3120,absorb
abstract,abstract,'æbstrækt,"v. consider a concept without thinking of a specific example; consider abstractly or theoretically
v. consider apart from a particular case or instance
v. give an abstract (of)
a. existing only in the mind; separated from embodiment","a. 抽象的, 深奥的
n. 摘要, 抽象概念
vt. 摘要, 提炼, 使抽象化
[计] 摘录; 摘要; 抽象",n:6/j:87/v:7,2,0,gk cet4 cet6 ky toefl ielts gre,3729,4007,abstract
absurd,absurd,әb'sә:d,"n. a situation in which life seems irrational and meaningless
s. inconsistent with reason or logic or common sense
s. incongruous; inviting ridicule","a. 荒谬的, 不合理的, 可笑的
n. 荒诞",j:100,2,0,gk cet6 ky toefl ielts gre,5676,5901,absurd
abundant,abundant,ә'bʌndәnt,a. present in great quantity,"a. 丰富的, 充分的, 大量的",j:100,1,0,gk cet4 ky toefl gre,7823,6223,abundant
abuse,abuse,ә'bju:s.ә'bju:z,"n. a rude expression intended to offend or hurt
v. use foul or abusive language towards
v. use wrongly or improperly or excessively","n. 滥用, 虐待, 恶习, 辱骂
vt. 滥用, 辱骂, 虐待",v:24/n:76,4,1,gk cet4 cet6 ky toefl ielts gre,2352,1540,abuse
academic,academic,.ækә'demik,"a. associated with academia or an academy
s. hypothetical or theoretical and not expected to produce an immediate or practical result
s. marked by a narrow focus on or display of learning especially its trivial aspects","a. 学院的, 学术的, 不切实际的
n. 大学生, 大学教师, 学者, 学会会员",j:88/n:12,3,1,gk cet4 cet6 ky toefl ielts gre,1941,1465,academic
academy,academy,ә'kædәmi,"n. a secondary school (usually private)
n. an institution for the advancement of art or science or literature
n. a school for special training
n. a learned establishment for the advancement of knowledge","n. 学院, 院校, 学会",n:100,2,0,gk cet4 cet6 ky toefl,4366,4895,academy
accelerate,accelerate,әk'selәreit,"v. move faster
v. cause to move faster","v. 加速, 促进",v:100,2,0,gk cet4 cet6 ky toefl ielts gre,5328,4925,accelerate
accent,accent,'æksәnt,"n. distinctive manner of oral expression
n. a diacritical mark used to indicate stress or placed above a vowel to indicate a special pronunciation","n. 重音, 口音, 特点, 注重点
vt. 重读, 加重音号于, 强调",v:11/n:89,2,1,zk gk cet4 ky,3701,4140,accent
accept,accept,әk'sept,"v. consider or hold as true
v. receive willingly something given or offered
v. give an affirmative reply to; respond favorably to
v. react favorably to; consider right and proper","vt. 接受, 承认, 同意, 相信, 赞成, 承担, 承兑, 采纳, 接纳, 容忍
vi. 同意",v:100,5,1,zk gk cet4 ky,488,766,accept
access,access,'ækses,"n. the right to obtain or make use of or take advantage of something (as services or membership)
n. a way of entering or leaving
n. a code (a series of characters or digits) that must be entered in some way (typed or dialed or spoken) to get the use of something (a telephone line or a computer or a local area network etc.)
n. (computer science) the operation of reading or writing stored information","n. 通路, 入口, 接近, 进入, 使用权, 发作
vt. 访问, 存取, 接近, 使用
[计] 访问, 存取",v:15/n:85,3,1,gk cet4 cet6 ky toefl ielts gre,999,1113,access
accessible,accessible,әk'sesәbl,"a. capable of being reached
s. capable of being read with comprehension
s. easily obtained
s. easy to get along with or talk to; friendly","a. 易接近的, 可进入的, 可使用的, 易受影响的, 可理解的",j:100,2,0,gk cet6 toefl ielts gre,4162,4377,accessible
accident,accident,'æksidәnt,"n. an unfortunate mishap; especially one causing damage or injury
n. anything that happens suddenly or by chance without an apparent cause","n. 意外事件, 机遇, 事故, 次要方面
[化] 意外事故; 事故",n:100,3,1,zk gk cet4 ky toefl,1187,1707,accident
accommodation,accommodation,ә.kɒmә'deiʃәn,"n. a settlement of differences
n. in the theories of Jean Piaget: the modification of internal representations in order to accommodate a changing knowledge of reality
n. living quarters provided for public convenience
n. the act of providing something (lodging or seat or food) to meet a need","n. 膳宿, 预订铺位, 适应性调节, 调和, 贷款
[医] 调节(眼); 适应",n:100,2,1,gk cet4 cet6 ky ielts,2048,5369,accommodation
accompany,accompany,ә'kʌmpәni,v. go or travel along with,"vt. 陪伴, 伴随, 补充, 为...伴奏
vi. 伴奏, 伴唱",v:100,3,1,gk cet4 cet6 ky toefl ielts gre,1902,2438,accompany
accomplish,accomplish,ә'kʌmpliʃ,"v put in effect
v to gain with effort","vt. 完成, 达到, 实现, 使完美",v:100,2,0,gk cet4 ky toefl ielts gre,5546,2345,accomplish
account,account,ә'kaunt,"n. a formal contractual relationship established to provide for regular banking or brokerage or business services
n. importance or value
n. a statement of recent transactions and the resulting balance
n. the quality of taking advantage","n. 报告, 解释, 估价, 理由, 利润, 算账, 帐目
vi. 报帐, 解释, 导致, 报偿, 占, 杀死
vt. 认为
[计] 帐户, 帐号",v:35/n:65,5,1,gk cet4 ky toefl ielts,498,1071,account
accountant,accountant,ә'kauntәnt,n. someone who maintains and audits business accounts,"n. 会计人员, 会计师
[经] 会计师, 会计人员",n:100,2,0,gk ky toefl ielts,3280,5949,accountant
accumulate,accumulate,ә'kju:mjuleit,v. collect or gather,"v. 积聚, 堆积",v:100,2,0,gk cet4 cet6 ky toefl ielts gre,4997,5083,accumulate
accuracy,accuracy,'ækjurәsi,"n. the quality of being near to the true value
n. (mathematics) the number of significant figures given in a number","n. 精确, 正确
[计] 准确度",n:100,0,0,gk cet4 cet6 ky toefl ielts gre,3958,4076,accuracy
accuse,accuse,ә'kju:z,v. bring an accusation against; level a charge against,"vt. 指责, 控告, 归咎于
vi. 指责, 控告",v:100,4,1,gk cet4 cet6 ky toefl ielts gre,1893,2024,accuse
accustomed,accustomed,ә'kʌstәmd,"a. (often followed by `to') in the habit of or adapted to
s. commonly used or practiced; usual","a. 惯常的, 习惯了的",j:100,1,0,gk cet4 cet6 ky toefl,6431,8524,accustomed
ache,ache,eik,"n. a dull persistent (usually moderately intense) pain
v. have a desire for something or someone who is not present
v. be the source of pain","n. 疼痛
vi. 痛, 哀怜, 渴望",n:42/v:58,2,0,zk gk cet4 ky,8267,7717,ache
achieve,achieve,ә'tʃi:v,v. to gain with effort,"vt. 完成, 达到
vi. 如愿以偿",v:100,4,1,zk gk cet4 cet6 ky toefl ielts,592,1152,achieve
achievement,achievement,ә'tʃi:vmәnt,n the action of accomplishing something,"n. 完成, 成就, 功业",n:100,2,1,gk cet4 cet6 toefl ielts,1978,2021,achievement
acid,acid,'æsid,"n. any of various water-soluble compounds having a sour taste and capable of turning litmus red and reacting with a base to form a salt
n. street name for lysergic acid diethylamide
s. having the characteristics of an acid","n. 酸, 酸类物质, 尖刻, 迷幻药
a. 酸的, 酸性的, 尖刻的, 敏锐的
[计] 自动文档互参与索引生成程序",j:1/n:99,3,1,gk cet4 cet6 ky toefl ielts,1597,3238,acid
acknowledge,acknowledge,әk'nɒlidʒ,"v. report the receipt of
v. express obligation, thanks, or gratitude for
v. accept as legally binding and valid
v. accept (someone) to be what is claimed or accept his power and authority","vt. 承认, 告知收悉, 答谢, 报偿
[经] 承认, 答谢, 收到的通知",v:100,3,1,gk cet4 cet6 ky toefl ielts gre,2105,1654,acknowledge
acquaintance,acquaintance,ә'kweintәns,"n. personal knowledge or information about someone or something
n. a relationship less intimate than friendship
n. a person with whom you are acquainted","n. 认识, 相识者",n:100,2,0,gk cet4 cet6 ky toefl gre,5967,6274,acquaintance
acquire,acquire,ә'kwaiә,"v. locate (a moving entity) by means of a tracking system such as radar
v. win something through one's efforts","vt. 获得, 学到
[电] 目标锁定",v:100,3,1,gk cet4 cet6 ky toefl ielts,1407,2063,acquire
acquisition,acquisition,.ækwi'ziʃәn,"n. the act of contracting or assuming or acquiring possession of something
n. something acquired","n. 获得, 获得物
[经] 收购, 招揽, 取得",n:100,3,0,gk cet4 cet6 ky toefl ielts,2567,3856,acquisition
acre,acre,'eikә,"n. a unit of area (4840 square yards) used in English-speaking countries
n. a territory of western Brazil bordering on Bolivia and Peru
n. a town and port in northwestern Israel in the eastern Mediterranean",n. 英亩,,3,0,gk cet4 ky toefl,3286,0,acre
across,across,ә'krɒs,"r. to the opposite side
r. transversely","prep. 越过, 穿过, 与...相交叉, 在...的对面
adv. 交叉, 到另一边, 在对面, 成十字",i:91/r:9,5,1,zk gk,448,377,across
act,act,ækt,"n. a legal document codifying the result of deliberations of a committee or society or legislative body
n. something that people do or cause to happen
n. a subdivision of a play or opera or ballet
n. a short theatrical performance that is part of a longer program","n. 行动, 行为, 幕, 法案
vi. 行动, 表演, 假装, 见效, 表现, 担当
vt. 扮演, 装作
[计] 先进通信技术, 先进计算机工艺, 自动代码翻译技术",n:43/v:57,5,1,zk gk cet4 ky,371,837,act
action,action,'ækʃәn,"n. something done (usually as opposed to something said)
n. the state of being active
n. the series of events that form a plot
n. the trait of being active and energetic and forceful","n. 行动, 活动, 动作, 作用, 战斗, 行为, 诉讼
vt. 对...起诉
[计] 方式",n:100,5,1,zk gk cet4 cet6 ky toefl ielts,340,502,action
active,active,'æktiv,"n. a person who is a participating member of an organization
a. tending to become more severe or wider in scope
s. engaged in or ready for military or naval operations
a. disposed to take action or effectuate change","a. 活跃的, 起作用的, 积极的, 有效的, 主动的, 活性的, 现行的, 现役的
n. 主动语态, 积极分子",j:99/n:1,4,1,zk gk cet4 ky toefl,1316,1444,active
activity,activity,æk'tiviti,"n. any specific behavior
n. (chemistry) the capacity of a substance to take part in a chemical reaction","n. 活动, 行动, 活跃, 活力
[计] 活动",n:100,4,1,zk gk cet4 ky ielts,412,537,activity
actor,actor,'æktә,"n. a theatrical performer
n. a person who acts and gets things done","n. 男演员, 行动者
[医] 作用物, 反应物",n:100,3,1,gk cet4 ky ielts,2390,1497,actor
actress,actress,'æktris,n. a female actor,n. 女演员,n:100,3,0,gk cet4 ky,4829,3236,actress
actual,actual,'æktʃuәl,"a. presently existing in fact and not merely potential or possible
s. taking place in reality; not pretended or imitated
s. being or reflecting the essential or genuine character of something
s. existing in act or fact","a. 真实的, 实际的, 现行的
[医] 实际死亡率",j:100,3,1,gk cet4 ky toefl,1396,1739,actual
acute,acute,ә'kju:t,"a. having or experiencing a rapid onset and short but severe course
s. extremely sharp or intense
s. having or demonstrating ability to recognize or draw fine distinctions
a. of an angle; less than 90 degrees","a. 尖锐的, 敏锐的, 激烈的, 严重的, 急性的
[医] 急性的; 尖锐的",j:100,2,0,gk cet4 cet6 ky toefl ielts gre,3249,5255,acute
adapt,adapt,ә'dæpt,"v. make fit for, or change to suit a new purpose","vt. 使适应, 改编
vi. 适应",v:100,2,1,gk cet4 cet6 ky toefl ielts gre,2816,2933,adapt
adaptation,adaptation,.ædæp'teiʃәn,"n. a written work (as a novel) that has been recast in a new form
n. the process of adapting to something (such as environmental conditions)
n. (physiology) the responsive adjustment of a sense organ (as the eye) to varying conditions (as of light)","n. 适应, 改编, 改编本
[医] 适应[作用]",n:100,1,0,gk toefl,5438,5196,adaptation
add,add,æd,"v. make an addition (to); join or combine or unite with others; increase the quality, quantity, size or scope of
v. state or say further
v. make an addition by combining numbers
v. constitute an addition","vt. 增加, 添加, 附带说明, 计算...总和
vi. 做加法, 积累而成, 增添
[计] 加法",v:100,5,1,zk gk cet4 ky,330,340,add
addicted,addicted,ә'diktid,a. compulsively or physiologically dependent on something habit-forming,"a. 沉溺于...的, 无法摆脱(某种嗜好)的
[法] 嗜, 好, 惯于",j:100,0,0,gk toefl,41488,23549,addicted
addition,addition,ә'diʃәn,"n. a component that is added to something to improve it
n. the act of adding one thing to another
n. a quantity that is added
n. a suburban area laid out in streets and lots for a future residential area","n. 加法, 增加的人(或物)
[计] 加法",i:71/n:29,4,1,gk cet4 cet6 ky ielts gre,2841,2048,addition
address,address,ә'dres,"n. (computer science) the code that identifies where a piece of information is stored
n. the place where a person or organization can be found or communicated with
n. the act of delivering a formal spoken communication to an audience
n. the manner of speaking to another individual","n. 住址, 演说, 举止, 灵巧, 求爱
vt. 发表(演说或讲话), 对付, 写地址
[计] 地址, 寻址",n:33/v:67,4,1,zk gk cet4 cet6 ky toefl ielts gre,1522,1028,address
adequate,adequate,'ædikwәt,"a. having the requisite qualities or resources to meet a task
s. sufficient for the purpose
s. about average; acceptable","a. 适当的, 足够的
[法] 胜任的, 适当的, 充分的",j:100,3,1,gk cet4 cet6 ky toefl ielts gre,2398,3297,adequate
adjust,adjust,ә'dʒʌst,"v. alter or regulate so as to achieve accuracy or conform to a standard
v. adapt or conform oneself to new or different conditions
v. make correspondent or conformable
v. decide how much is to be paid on an insurance claim","vt. 调整, 使适应于, 校准
vi. 适应于, 被调节, 相互熟悉而适应",v:100,3,1,gk cet4 cet6 ky toefl ielts gre,2811,2300,adjust
adjustment,adjustment,ә'dʒʌstmәnt,"n. making or becoming suitable; adjusting to circumstances
n. the act of adjusting something to match a standard","n. 调整, 调节, 校正
[化] 调节",n:100,0,0,gk toefl,3424,3121,adjustment
administration,administration,әd.mini'streiʃәn,"n. a method of tending to or managing the affairs of a some group of people (especially the group's business affairs)
n. the persons (or committees or departments etc.) who make up a body for the purpose of administering something
n. the act of administering medication
n. the act of meting out justice according to the law","n. 行政, 管理, 政府机关
[化] 给药",n:100,4,0,gk cet4 cet6 ky toefl ielts,1383,635,administration
admirable,admirable,'ædmәrәbl,"s. deserving of the highest esteem or admiration
s. inspiring admiration or approval","a. 可钦佩的, 极好的, 令人惊奇的",j:100,2,0,gk toefl,8547,10469,admirable
admire,admire,әd'maiә,"v. feel admiration for
v. look at with admiration","vt. 赞美, 钦佩, 爱慕
vi. 称赞, 惊奇",v:100,3,1,gk cet4 ky toefl gre,3283,3277,admire
admission,admission,әd'miʃәn,"n. the act of admitting someone to enter
n. an acknowledgment of the truth of something","n. 准许进入, 入场费, 录用, 承认
[经] 加入, 入股",n:100,2,0,gk cet4 cet6 ky toefl ielts gre,2768,3031,admission
admit,admit,әd'mit,"v. declare to be true or admit the existence or reality or truth of
v. allow to enter; grant entry to
v. allow participation in or the right to be part of; permit to exercise the rights, functions, and responsibilities of
v. afford possibility","vt. 承认, 接受, 允许进入, 容许
vi. 开向, 容许, 承认",v:100,4,1,gk cet4 ky toefl,887,1089,admit
adolescence,adolescence,.ædәu'lesәns,"n. the time period between the beginning of puberty and adulthood
n. in the state that someone is in between puberty and adulthood","n. 青春期
[医] 青年期, 青春期",n:100,1,0,gk ielts,8812,6897,adolescence
adolescent,adolescent,.ædәu'lesәnt,"n. a juvenile between the onset of puberty and maturity
a. relating to or peculiar to or suggestive of an adolescent
s. being of the age 13 through 19
s. displaying or suggesting a lack of maturity","a. 青春期的, 青少年的
n. 青少年",j:34/n:66,2,0,gk cet6 ky toefl gre,8678,3386,adolescent
adopt,adopt,ә'dɒpt,"v. choose and follow; as of theories, ideas, policies, strategies or plans
v. take up and practice as one's own
v. take into one's family","vt. 采用, 正式通过, 收养, 接受
[医] 采取",v:100,4,1,gk cet4 cet6 ky toefl ielts gre,1157,1632,adopt
adore,adore,ә'dɒ:,v. love intensely,"vt. 崇拜, 爱慕, 喜爱
vi. 崇拜, 爱慕",v:100,2,0,gk cet6 ky toefl ielts gre,8708,7705,adore
adult,adult,'ædʌlt,"n. a fully developed person from maturity onward
n. any mature animal
s. (of animals) fully developed","n. 成人, 成虫
a. 成年的, 成熟的",j:6/n:94,4,1,gk cet4 ky ielts,1236,969,adult
advance,advance,әd'vɑ:ns,"n. an amount paid before it is earned
n. increase in price or value
v. move forward, also in the metaphorical sense
v. bring forward for consideration or acceptance","n. 前进, 进展, 行过的路程
vi. 前进, 进展, 提高, 上涨
vt. 使前进, 促进, 提出, 提高, 使提前, 预付
a. 前面的, 预先的",v:44/j:2/n:54,4,1,gk cet4 cet6 ky toefl,1880,2296,advance
advantage,advantage,әd'vɑ:ntidʒ,"n. the quality of having a superior or more favorable position
n. (tennis) first point scored after deuce
n. benefit resulting from some event or action
v. give an advantage to","n. 优点, 便利, 好处, 优势
vt. 有助于",v:1/n:99,4,1,zk gk cet4 ky,969,1301,advantage
adventure,adventure,әd'ventʃә,n. a wild and exciting undertaking (not necessarily lawful),"n. 冒险, 冒险经历
v. 冒险",v:1/n:99,2,1,gk cet4 ky toefl,3561,2862,adventure
advertise,advertise,'ædvәtaiz,"v. call attention to
v. make publicity for; try to sell (a product)","vt. 做广告, 通知, 公布
vi. 做广告",v:100,3,1,gk cet4 cet6 ky ielts gre,4085,5124,advertise
advertisement,advertisement,.ædvә'taizmәnt,n a public promotion of some product or service,"n. 广告, 启事, 广告宣传
[法] 广告, 公告, 告示",n:100,2,1,zk gk cet4 ielts,3277,5957,advertisement
advice,advice,әd'vais,n. a proposal for an appropriate course of action,"n. 忠告, 劝告, 意见, 报道, 通知
[经] 通知书, 通知, 建议",n:100,4,1,zk gk cet4 cet6 ky toefl ielts,962,1641,advice
advise,advise,әd'vaiz,v. inform (somebody) of something,"vt. 劝告, 给...出主意, 通知, 建议
vi. 提意见, 商量",v:100,3,1,zk gk cet4 cet6 ky toefl,1728,2552,advise
advocate,advocate,'ædvәkeit,"n. a person who pleads for a cause or propounds an idea
n. a lawyer who pleads cases in court","n. 提倡者, 拥护者
vt. 主张, 提倡",v:37/n:63,3,0,gk cet4 cet6 ky toefl ielts gre,4031,2623,advocate
aeroplane,aeroplane,'єәrәplein,n an aircraft that has a fixed wing and is powered by propellers or jets,"n. 飞机
[机] 飞机",n:100,2,0,gk cet4 cet6 ky,6392,30278,aeroplane
affair,affair,ә'fєә,"n. a usually secretive or illicit sexual relationship
n. a vaguely specified social event","n. 事件, 事务, 恋爱事件",n:100,4,1,gk cet4 cet6 ky toefl,941,1364,affair
affect,affect,ә'fekt,"n. the conscious subjective aspect of feeling or emotion
v. have an effect upon
v. act physically on; have an effect upon
v. have an emotional or cognitive impact upon","vt. 影响, 感动, 假装, 模仿, 爱好, 倾向于
n. 自觉感情",n:7/v:93,4,1,gk cet4 cet6 ky toefl ielts,754,963,affect
affection,affection,ә'fekʃәn,n. a positive feeling of liking,"n. 影响, 病, 喜爱, 情感, 倾向
[医] 疾患, 病变, 病; 感情",n:100,2,1,gk cet4 cet6 ky toefl ielts gre,4103,5137,affection
afford,afford,ә'fɒ:d,"v. be able to spare or give up
v. have the financial means to do something or buy something
v. afford access to","vt. 买得起, 足以, 给予",v:100,3,1,zk gk cet4 cet6 ky toefl ielts,1722,1846,afford
afraid,afraid,ә'freid,"a. filled with fear or apprehension
s. filled with regret or concern; used often to soften an unpleasant statement
s. feeling worry or concern or insecurity
s. having feelings of aversion or unwillingness","a. 害怕的, 恐怕的, 遗憾的",j:100,3,1,zk gk,1562,1400,afraid
Africa,africa,'æfrikә,n. the second largest continent; located to the south of Europe and bordered to the west by the South Atlantic and to the east by the Indian Ocean,n. 非洲,,0,0,gk cet4 ielts,1250,0,africa
African,african,'æfrikәn,"n. a native or inhabitant of Africa
a. of or relating to the nations of Africa or their peoples","n. 非洲人
a. 非洲的, 非洲人的",j:90/n:10,0,0,gk cet4 ielts,2102,1203,african
after,after,'ɑ:ftә,"s. located farther aft
r. behind or in the rear","prep. 在...之后, 由于
conj. 在...之后
adv. 后来",i:68/c:31/r:1,5,1,zk gk,96,120,after
afternoon,afternoon,'ɑ:ftә'nu:n,n. the part of the day between noon and evening,"n. 午后, 下午",n:100,4,1,zk gk,1118,1191,afternoon
afterward,afterward,'ɑ:ftәwәd,r happening at a time subsequent to a reference time,"adv. 然后, 后来",r:95/j:5,0,0,gk cet4 cet6 ky,33038,4195,afterward
again,again,ә'gein,r. anew,"adv. 再一次, 又, 到原处",r:100,5,1,zk gk,156,184,again
against,against,ә'geinst,"prep. Abreast; opposite to; facing; towards; as, against the
   mouth of a river; -- in this sense often preceded by over.
prep. From an opposite direction so as to strike or come in
   contact with; in contact with; upon; as, hail beats against the roof.
prep. In opposition to, whether the opposition is of
   sentiment or of action; on the other side; counter to; in contrariety
   to; hence, adverse to; as, against reason; against law; to run a race
   against time.
prep. By of before the time that; in preparation for; so as
   to be ready for the time when.","prep. 反对, 对着, 倚靠",i:100,5,1,zk gk cet4 ky,155,180,against
age,age,eidʒ,"n. how long something has existed
n. a time of life (usually defined in years) at which some particular qualification or power arises
v. begin to seem older; get older
v. make older","n. 年龄, 老年, 成年, 寿命, 时代, 时期
v. 变老, 成熟",v:7/n:93,5,1,zk gk toefl ielts,363,386,age
agency,agency,'eidʒәnsi,"n. an administrative unit of government
n. a business that serves other businesses
n. the state of being in action or exerting power","n. 代理机构, 经销商, 中介
[化] 办事处",n:100,4,1,gk cet4 ky ielts,1036,694,agency
agenda,agenda,ә'dʒendә,"n. a temporally organized plan for matters to be attended to
n. a list of matters to be taken up (as at a meeting)","pl. 议程, 日常工作事项
[计] 待议事件",n:100,3,0,gk ky toefl ielts gre,3026,2130,agenda
agent,agent,'eidʒәnt,"n. an active and efficient cause; capable of producing a certain effect
n. a representative who acts on behalf of other persons or organizations
n. a substance that exerts some force or effect
n. a businessman who buys or sells for another in exchange for a commission","n. 代理商, 政府代表, 动原, 媒介
[计] 代理程序",n:100,4,1,gk cet4 ky toefl,1214,1020,agent
aggression,aggression,ә'greʃәn,"n. a disposition to behave aggressively
n. a feeling of hostility that arouses thoughts of attack
n. violent action that is hostile and usually unprovoked
n. the act of initiating hostilities","n. 侵犯, 侵略
[医] 攻击",n:100,2,0,gk cet6 toefl gre,4772,4521,aggression
aggressive,aggressive,ә'gresiv,"a. having or showing determination and energetic pursuit of your ends; positive in his convictions""
s. tending to spread quickly
s. characteristic of an enemy or one eager to fight","a. 侵略的, 挑畔的, 进取的
[法] 侵略的, 爱挑衅的, 行为过火的",j:100,3,1,gk cet4 cet6 ky toefl ielts gre,3648,2514,aggressive
ago,ago,ә'gәu,"s. gone by; or in the past
r. in the past",adv. 以前,r:100,5,1,zk gk,504,316,ago
agree,agree,ә'gri:,"v. be in accord; be in agreement
v. consent or assent to a condition, or agree to do something
v. show grammatical agreement
v. be agreeable or suitable","vi. 同意, 赞成, 应允, 适合
vt. 承认, 认定, 同意",v:100,5,1,zk gk,401,514,agree
agreement,agreement,ә'gri:mәnt,"n. the statement (oral or written) of an exchange of promises
n. compatibility of observations
n. harmony of people's opinions or actions or characters
n. the thing arranged or agreed to","n. 同意, 合约, 协议
[经] 契约, 协议, 协定",n:100,4,1,zk gk ielts,623,1059,agreement
agricultural,agricultural,.ægri'kʌltʃәrәl,a. relating to or used in or promoting agriculture or farming,"a. 农业的
[法] 农业的, 耕作的",j:100,3,0,gk,2188,3104,agricultural
agriculture,agriculture,'ægrikʌltʃә,n. the class of people engaged in growing food,"n. 农业
[机] 农业, 农学",n:100,3,0,gk cet4 cet6 ky toefl ielts,2274,4165,agriculture
ahead,ahead,ә'hed,"s. having the leading position or higher score in a contest
r. at or in the front
r. toward the future; forward in time
r. in a forward direction","a. 领先的, 预先的, 向前的
adv. 领先, 预先, 向前, 胜于, 在前面, 在将来",i:24/r:76,4,1,gk,1504,1025,ahead
aid,aid,eid,"n. a resource
n. the activity of contributing to the fulfillment of a need or furtherance of an effort or purpose
n. money to support a worthy person or cause","n. 帮助, 外援, 助手
vt. 援助, 帮助, 有助于
vi. 帮助
[计] 自动内部诊断",v:21/n:79,5,1,gk cet4 cet6 ky,1096,1640,aid
AIDS,aids,eidz,n. a serious (often fatal) disease of the immune system transmitted through blood products especially by sexual contact or contaminated needles,"n. 爱滋病(获得性免疫缺陷综合征)
[计] 高级综合数据系统, 先进交互调试系统, 自动图解文档编制系统
美国决策学学会, 信息自动显示系统, 自动综合调试系统",,4,0,gk ielts,3757,1793,aids
aim,aim,eim,"n. the goal intended to be attained (and which is believed to be attainable)
n. the action of directing something at an object
v. point or cause to go (blows, weapons, or objects such as photographic equipment) towards
v. propose or intend","n. 目标, 瞄准, 击中目标的能力
vi. 对准目标, 致力, 打算
vt. 瞄准
[计] 医学文摘索引, 存取隔离机构, 高级信息管理程序, 先进接口模块
应用接口模块, 医学人工智能, 相联索引法, 异步接口模块
自动化信息管理, 自动化综合制造, 自动化库存管理",n:31/v:69,4,1,gk cet4 cet6 ky toefl ielts,1261,1931,aim
air,air,єә,"n. a mixture of gases (especially oxygen) required for breathing; the stuff that the wind consists of
n. the region above the ground
n. a distinctive but intangible quality surrounding a person or thing
n. once thought to be one of four elements composing the universe (Empedocles)","n. 空气, 旋律, 态度
vt. 晾, 使通风, 夸耀",v:3/n:97,5,1,zk gk toefl ielts,527,370,air
aircraft,aircraft,'єәkræft,n. a vehicle that can fly,"n. 航空器, 飞机
[机] 航空器",n:100,4,1,gk cet4 ky toefl,1538,2803,aircraft
airline,airline,'єәlain,"n. a hose that carries air under pressure
n. a commercial enterprise that provides scheduled flights for passengers","n. 航线, 航线的设备, 航空公司",n:100,4,0,zk gk cet4 ky,3554,2128,airline
airmail,airmail,'єәmeil,"n. letters and packages that are transported by aircraft
n. a system of conveying mail by aircraft
v. send or transport by airmail",n. 航空邮件,n:100,0,0,gk,27385,31683,airmail
airplane,airplane,'єәplein,n. an aircraft that has a fixed wing and is powered by propellers or jets,"n. 飞机
[机] 飞机",n:100,2,0,zk gk cet4,21702,3519,airplane
airport,airport,'єәpɒ:t,n. an airfield equipped with control tower and hangars as well as accommodations for passengers and cargo,"n. 飞机场
[机] 航空站, 机场",n:100,4,1,zk gk ielts,2541,1765,airport
airspace,airspace,'єәspeis,"n. the space in the atmosphere immediately above the earth
n. the atmosphere above a nation that is deemed to be under its jurisdiction","n. 空域, 空间
[机] 气隙",n:100,0,0,gk,23446,16254,airspace
alarm,alarm,ә'lɑ:m,"n. fear resulting from the awareness of danger
n. a device that signals the occurrence of some undesirable event
n. an automatic signal (usually a sound) warning of danger
v. warn or arouse to a sense of danger or call to a state of preparedness","n. 惊恐, 警报, 警钟
vt. 使惊恐, 警告
[计] 报警信号",v:22/n:78,3,1,gk cet4 ky toefl ielts,3004,3693,alarm
album,album,'ælbәm,"n. one or more recordings issued together; originally released on 12-inch phonograph records (usually with attractive record covers) and later on cassette audiotape and compact disc
n. a book of blank pages with pockets or envelopes; for organizing photographs or stamp collections etc","n. 粘贴簿, 唱片套
[医] 白色物",n:100,4,0,gk cet6 ky ielts,2991,2215,album
alcohol,alcohol,'ælkәhɒl,"n. a liquor or brew containing alcohol as the active agent
n. any of a series of volatile hydroxyl compounds that are made from hydrocarbons by distillation","n. 酒精, 酒
[化] 醇; 乙醇; 酒精",n:100,3,1,gk cet4 ky,2654,2191,alcohol
alcoholic,alcoholic,.ælkә'hɒlik,"n. a person who drinks alcohol to excess habitually
a. characteristic of or containing alcohol
s. addicted to alcohol","n. 酒鬼, 酒精中毒者
a. 酒精的",j:40/n:60,2,1,gk,7952,7755,alcoholic
algebra,algebra,'ældʒibrә,n. the mathematics of generalized arithmetical operations,n. 代数学,n:100,0,0,gk cet4 cet6 toefl,16477,12790,algebra
alike,alike,ә'laik,"a. having the same or similar characteristics
r. equally
r. in a like manner","a. 相似的, 同样的
adv. 一样, 以同样的方式",r:84/j:16,2,0,gk cet4 cet6 ky toefl,4989,4389,alike
alive,alive,ә'laiv,"a. possessing life
s. (often followed by `with') full of life and spirit
s. (followed by `to' or `of') aware of
s. capable of erupting","a. 活着的, 活泼的, 敏感的, 热闹的",j:100,3,1,zk gk cet4 cet6 ky,2080,1532,alive
all,all,ɒ:l,"a. quantifier; used with either mass or count nouns to indicate the whole number or amount of or every one of a class
s. completely given to or absorbed by","a. 所有的, 全部的, 一切的
adv. 全部, 全然
pron. 全部
n. 全部",r:17/d:83,5,1,zk gk ielts,39,43,all
allergic,allergic,ә'lә:dʒik,"a. characterized by or caused by allergy
s. having an allergy or peculiar or excessive susceptibility (especially to a specific factor)","a. 对...过敏的, 极反感的
[医] 变应性的",j:100,1,0,gk ielts gre,14426,9143,allergic
alley,alley,'æli,n. a narrow street with walls on both sides,"n. 小路, 巷",n:100,1,0,gk ielts,6528,4340,alley
allocate,allocate,'ælәukeit,v. distribute according to a plan or set apart for a special purpose,"vt. 分派, 分配
[计] 分配",v:100,2,0,gk cet6 ky toefl ielts gre,3035,6763,allocate
allow,allow,ә'lau,"v. let have
v. give or assign a resource to a particular person or cause
v. allow or plan for a certain possibility; concede the truth or validity of something
v. grant as a discount or in exchange","vt. 允许, 同意给予, 承认
vi. 容许, 猜想
[计] 允许命令",v:100,5,1,zk gk cet4 ky,257,339,allow
allowance,allowance,ә'lauәns,"n. an amount allowed or granted (as during a given period)
n. a sum granted as reimbursement for expenses
n. an amount added or deducted on the basis of qualifying circumstances
n. a permissible difference; allowing some freedom to move within limits","n. 津贴, 零用钱, 限额, 折扣, 允许
vt. 定量供应",n:100,2,0,gk cet6 ky ielts gre,2481,7677,allowance
almost,almost,'ɒ:lmәust,r (of actions or states) slightly short of or not quite accomplished; all but,"adv. 几乎, 差不多",r:100,5,1,zk gk,280,291,almost
alone,alone,ә'lәun,"s. isolated from others
s. lacking companions or companionship
s. exclusive of anyone or anything else
s. radically distinctive and without equal","a. 孤独的, 单独的, 独自的
adv. 独自地",r:60/j:40,4,1,zk gk cet4 ky toefl ielts,1297,1097,alone
along,along,ә'lɒŋ,"r. with a forward motion
r. in accompaniment or as a companion
r. to a more advanced state
r. in addition (usually followed by `with')","adv. 平行地, 向前
prep. 沿着",i:72/r:28,5,1,zk gk,823,447,along
alongside,alongside,ә'lɒŋ'said,r side by side,"adv. 在旁边, 靠拢着
prep. 在...旁边, 与...在一起",i:87/r:13,3,1,gk cet6 ky ielts,2737,4203,alongside
aloud,aloud,ә'laud,r. using the voice; not silently,"adv. 出声地, 大声地",r:100,1,1,zk gk cet4 ky,5849,5694,aloud
alphabet,alphabet,'ælfәbit,n. a character set that includes letters and is used to write a language,"n. 字母
[计] 字母表",n:100,1,1,gk cet4 cet6 ky,11157,9190,alphabet
already,already,ɒ:l'redi,r. prior to a specified or implied time,"adv. 已经, 早已",r:100,5,1,zk gk,255,334,already
also,also,'ɒ:lsәu,r in addition,"adv. 也, 并且, 同样地",r:100,5,1,zk gk,77,87,also
alternative,alternative,ɒ:l'tә:nәtiv,"s. necessitating a choice between mutually exclusive possibilities
s. pertaining to unconventional choices","n. 两者择一, 供替代的选择
a. 两者择一的, 供选择的
[计] 选择对象",j:44/n:56,4,1,gk cet4 cet6 ky toefl ielts,1752,2073,alternative
although,although,ɒ:l'ðou,"conj. Grant all this; be it that; supposing that;
   notwithstanding; though.","conj. 虽然, 尽管",c:100,5,1,zk gk cet4 ky,197,378,although
altitude,altitude,'æltitju:d,"n. elevation especially above sea level or above the earth's surface
n. the perpendicular distance from the base of a geometric figure to the opposite vertex (or side if parallel)","n. 高度, 海拔, 高处
[电] 高度",n:100,1,0,gk cet4 cet6 ky toefl ielts,8085,6370,altitude
altogether,altogether,.ɒ:ltә'geðә,r. with everything included or counted,"adv. 完全地, 总而言之",r:100,3,1,gk cet4 ky,2575,3801,altogether
aluminium,aluminium,.ælju'miniәm,n a silvery ductile metallic element found primarily in bauxite,"n. 铝
a. 铝的",n:100,2,0,gk cet4 cet6 toefl gre,5580,32731,aluminium
always,always,'ɒ:lweiz,"r. at all times; all the time and on every occasion
r. at any time or in any event
r. forever; throughout all time","adv. 总是, 始终",r:100,5,1,zk gk,185,206,always
AM,am,æm,"n a radioactive transuranic metallic element; discovered by bombarding uranium with helium atoms
n a master's degree in arts and sciences
n modulation of the amplitude of the (radio) carrier wave
v have the quality of being; (copula, used with an adjective or a predicate noun)
v be identical to; be someone or something
v occupy a certain position or area; be somewhere
v have an existence, be extant
v happen, occur, take place; this was during the visit to my parents' house""
v be identical or equivalent to
v form or compose
v work in a specific place, with a specific subject, or in a specific function
v represent, as of a character on stage
v spend or use time
v have life, be alive
v to remain unmolested, undisturbed, or uninterrupted -- used only in infinitive form
v be priced at","be的单数第一人称
[计] 存取管理程序, 寻址方式, 地址标记, 变址数, 调幅, 辅助存储器",r:100,0,0,gk,3465,1192,am
amateur,amateur,'æmәtә,"n. someone who pursues a study or sport as a pastime
n. an athlete who does not play for pay
s. engaged in as a pastime","n. 业余爱好者, 外行, 爱好者
[电] 业余家",j:61/n:39,3,0,gk cet6 ky toefl ielts gre,5030,5795,amateur
amaze,amaze,ә'meiz,v. affect with wonder,vt. 使吃惊,v:100,2,1,gk cet4 cet6 ky toefl ielts,11151,8607,amaze
amazing,amazing,ә'meiziŋ,"s. surprising greatly
s. inspiring awe or admiration or wonder",a. 令人惊异的,j:100,3,1,gk toefl ielts,3667,2294,amazing
ambassador,ambassador,æm'bæsәdә,"n. a diplomat of the highest rank; accredited as representative from one country to another
n. an informal representative","n. 大使
[法] 大使, 使节, 代理",n:100,3,0,gk cet6 ky ielts,4614,4520,ambassador
ambiguous,ambiguous,æm'bigjuәs,"a. having more than one possible meaning
s. having no intrinsic or objective meaning; not organized in conventional patterns","a. 不明确的, 模棱两可的
[法] 意思含糊的, 模棱两可的, 暧昧的",j:100,2,0,gk cet6 ky toefl ielts gre,6442,7071,ambiguous
ambition,ambition,æm'biʃәn,"n. a cherished desire
n. a strong drive for success
v. have as one's ambition","n. 野心, 志向",n:100,3,1,gk cet4 cet6 ky toefl ielts,3185,4283,ambition
ambulance,ambulance,'æmbjulәns,n. a vehicle that takes people to and from hospitals,"n. 救护车
[医] 救护车",n:100,2,1,gk cet4 ky ielts,3860,5500,ambulance
America,america,ә'merikә,n. North America and South America and Central America,"n. 美洲, 美国",,0,0,zk gk ielts,973,0,america
American,american,ә'merikәn,"n. a native or inhabitant of the United States
n. a native or inhabitant of a North American or Central American or South American country
a. of or relating to the United States of America or its people or language or culture","n. 美国人
a. 美国的, 美洲的",j:74/n:26,0,0,zk gk ielts,636,176,american
among,among,ә'mʌŋ,prep. Alt. of Amongst,prep. 在...之中,i:100,5,1,zk gk,418,279,among
amount,amount,ә'maunt,"n. the relative magnitude of something with reference to a criterion
v. be tantamount or equivalent to","n. 总数, 总额
vi. 总计, 等同",v:8/n:92,4,1,gk cet4 ky toefl ielts,584,782,amount
ample,ample,'æmpl,"a. more than enough in size or scope or capacity
s. affording an abundant supply
s. fairly large","a. 大量的, 充足的, 丰富的",j:100,2,0,gk cet6 ky toefl ielts gre,6351,6289,ample
amuse,amuse,ә'mju:z,"v. occupy in an agreeable, entertaining or pleasant fashion
v. make (somebody) laugh","vt. 消遣, 娱乐, 使发笑",v:100,1,1,gk cet4 cet6 ky ielts gre,8734,9683,amuse
amusement,amusement,ә'mju:zmәnt,n. a feeling of delight at being entertained,"n. 兴味, 娱乐, 消遣
[法] 娱乐, 娱乐活动",n:100,1,0,gk cet6,5357,6732,amusement
analysis,analysis,ә'nælәsis,"n. an investigation of the component parts of a whole and their relations in making up the whole
n. the abstract separation of a whole into its constituent parts in order to study the parts and their relations
n. a form of literary criticism in which the structure of a piece of writing is analyzed
n. the use of closed-class words instead of inflections: e.g., `the father of the bride' instead of `the bride's father'","n. 分析
[计] 分析机; 分析员; 分析; 分析程序",n:100,3,1,gk cet4 cet6 ky toefl ielts,707,811,analysis
analyze,analyze,'ænәlaiz,"v. consider in detail and subject to an analysis in order to discover essential features or meaning
v. make a mathematical, chemical, or grammatical analysis of; break down into components or essential features
v. break down into components or essential features","vt. 分析, 细察, 分解
[机] 分析",v:100,0,0,gk cet4 toefl gre,13046,2316,analyze
ancestor,ancestor,'ænsestә,n. someone from whom you are descended (but usually more remote than a grandparent),"n. 祖先, 祖宗",n:100,2,0,gk cet4 cet6 ky toefl ielts gre,4793,4137,ancestor
ancient,ancient,'einʃәnt,"n. a very old person
n. a person who lived in ancient times
s. belonging to times long past especially of the historical period before the fall of the Western Roman Empire
s. very old","a. 古代的, 古老的, 年老的, 旧的",j:97/n:3,3,1,zk gk cet4 cet6 ky ielts,1841,1817,ancient
and,and,ænd,"conj. A particle which expresses the relation of connection or
   addition. It is used to conjoin a word with a word, a clause with a
   clause, or a sentence with a sentence.
conj. In order to; -- used instead of the infinitival to,
   especially after try, come, go.
conj. It is sometimes, in old songs, a mere expletive.
conj. If; though. See An, conj.","conj. 和, 与
[计] 与",c:99/n:1,5,1,zk gk,4,3,and
anecdote,anecdote,'ænikdәut,n. short account of an incident (especially a biographical one),"n. 轶事, 奇闻",n:100,1,0,gk ky toefl ielts gre,9719,8925,anecdote
anger,anger,'æŋgә,"n. a strong emotion; a feeling that is oriented toward some real or supposed grievance
n. the state of being angry
v. make angry
v. become angry","n. 忿怒
vt. 激怒, 使发怒
vi. 发怒",v:24/n:76,3,1,gk cet4 ky ielts,2489,2362,anger
angle,angle,'æŋgl,"n. the space between two lines or planes that intersect; the inclination of one line to another; measured in degrees or radians
n. a member of a Germanic people who conquered England and merged with the Saxons and Jutes to become Anglo-Saxons
v. move or proceed at an angle
v. fish with a hook","n. 角, 角度, 角落
vi. 钓鱼, 谋取, 博取, 斜向移动, 转变角度
vt. 使转动角度, 在...钓鱼, 获取",v:12/n:88,3,1,gk cet4 ky toefl,2346,2989,angle
angry,angry,'æŋgri,"a. feeling or showing anger
s. (of the elements) as if showing violent anger
s. severely inflamed and painful","a. 生气的, 愤怒的",j:100,3,1,zk gk ielts,2084,1705,angry
animal,animal,'ænimәl,"n. a living organism characterized by voluntary movement
s. marked by the appetites and passions of the body","n. 动物
[医] 动物",j:1/n:99,4,1,zk gk ielts,652,728,animal
ankle,ankle,'æŋkl,n. a gliding joint between the distal ends of the tibia and fibula and the proximal end of the talus,"n. 踝
[医] 踝, 踝关节",n:100,2,1,gk cet4 cet6 ky ielts,4387,3814,ankle
anniversary,anniversary,æni'vә:sәri,n. the date on which an event occurred in some previous year (or the celebration of it),n. 周年纪念,n:100,3,1,gk cet6 ky ielts,3440,3374,anniversary
announce,announce,ә'nauns,"v. make known; make an announcement
v. announce publicly or officially
v. give the names of
v. foreshadow or presage","vt. 宣布, 声称, 显示, 预告
vi. 当报幕员, 宣布参加竞选",v:100,5,1,gk cet4 cet6 ky toefl gre,795,1163,announce
announcement,announcement,ә'naunsmәnt,"n. a formal public statement
n. a public statement containing information about an event that has happened or is going to happen","n. 公告, 发表, 告知
[经] 通告, 布告, 公告",n:100,3,0,gk toefl ielts,2825,3604,announcement
annoy,annoy,ә'nɒi,"v. cause annoyance in; disturb, especially by minor irritations","vt. 使恼怒, 骚扰",v:100,1,1,gk toefl ielts gre,7731,9844,annoy
annual,annual,'ænjuәl,"n. (botany) a plant that completes its entire life cycle within the space of a year
n. a reference book that is published regularly once every year
a. completing its life cycle within a year
s. occurring or payable every year","n. 年刊, 年报
a. 每年的, 一年一次的, 全年的, 一年生的",j:97/n:3,4,1,gk cet4 ky toefl ielts,1215,1361,annual
another,another,ә'nʌðә,s. any of various alternatives; some other,"a. 另外的, 再一的, 不同的
pron. 又一个, 另一个, 类似的另一个",p:6/d:94,5,1,zk gk,150,145,another
answer,answer,'ɑ:nsә,"n. a statement (either spoken or written) that is made to reply to a question or request or criticism or accusation
n. the speech act of replying to a question
n. the principal pleading by the defendant in response to plaintiff's complaint; in criminal law it consists of the defendant's plea of `guilty' or `not guilty' (or nolo contendere); in civil law it must contain denials of all allegations in the plaintiff's complaint that the defendant hopes to controvert and it can contain affirmative defenses or counterclaims
n. a nonverbal reaction","n. 答案, 回答, 回报, 答辩
vt. 回答, 反驳, 适应, 响应, 符合
vi. 回答, 答应, 负责, 符合, 成功
[计] 用户问题及答案新闻组",i:2/v:48/n:50,5,1,zk gk,808,767,answer
ant,ant,ænt,n. social insect living in organized colonies; characteristically the males and fertile queen have wings during breeding season; wingless sterile females are the workers,n. 蚂蚁,n:100,1,0,zk gk cet4 ky,5833,5811,ant
antarctic,antarctic,ænt'ɑ:ktik,n. the region around the south pole: Antarctica and surrounding waters,"a. 南极的, 南极地带的
n. 南极地区",j:100,1,0,gk cet6 ielts gre,10763,12325,antarctic
Antarctica,antarctica,ænt'ɑ:ktikә,"n. an extremely cold continent at the south pole almost entirely below the Antarctic Circle; covered by an ice cap up to 13,000 feet deep",n. 南极洲,,0,0,gk toefl,13217,0,antarctica
antique,antique,æn'ti:k,"n. any piece of furniture or decorative object or the like produced in a former period and valuable because of its beauty or rarity
v. shop for antiques
v. give an antique appearance to
s. made in or typical of earlier times and valued for its age","n. 古董, 古物
a. 古老的, 古风的, 旧式的, 过时的",j:52/v:2/n:46,3,0,gk cet6 ky toefl ielts gre,6477,5748,antique
anxiety,anxiety,æŋ'zaiәti,"n. (psychiatry) a relatively permanent state of worry and nervousness occurring in a variety of mental disorders, usually accompanied by compulsive behavior or attacks of panic
n. a vague unpleasant emotion that is experienced in anticipation of some (usually ill-defined) misfortune","n. 焦虑, 忧虑, 令人焦虑的事
[医] 焦虑",n:100,3,1,gk cet4 cet6 ky toefl ielts,2612,2467,anxiety
anxious,anxious,'æŋʃәs,"s. eagerly desirous
s. causing or fraught with or showing anxiety","a. 忧虑的, 发愁的, 渴望的",j:100,3,1,gk cet4 cet6 ky toefl,2630,3827,anxious
any,any,'eni,"s. one or some or every or all without specification
r. to any degree or extent","a. 任何的
pron. 任何",r:2/d:98,5,1,zk gk,78,109,any
anybody,anybody,'enibɒdi,"n. Any one out of an indefinite number of persons; anyone;
   any person.
n. A person of consideration or standing.","pron. 任何人
n. 重要人物",p:100,3,0,zk gk,1840,1380,anybody
anyhow,anyhow,'enihau,"r. used to indicate that a statement explains or supports a previous statement; anyhow, they're quiet""; anyway, it's gone""; in any case, there was a brief scuffle""
r. in any way whatsoever","adv. 无论如何, 至少",r:100,1,0,gk cet4 ky ielts,9090,9909,anyhow
anyone,anyone,'eniwʌn,"n. One taken at random rather than by selection; anybody.
   [Commonly written as two words.]",pron. 任何人,p:100,4,1,zk gk cet4 ky,662,659,anyone
anything,anything,'eniθiŋ,"n. Any object, act, state, event, or fact whatever; thing of
   any kind; something or other; aught; as, I would not do it for
   anything.
n. Expressing an indefinite comparison; -- with as or like.
adv. In any measure; anywise; at all.",pron. 任何事,p:96/r:4,5,1,zk gk,315,331,anything
anywhere,anywhere,'enihwєә,r. at or in or to any place; (`anyplace' is used informally for `anywhere'),adv. 无论何处,r:100,3,1,zk gk cet4 ky,2157,1879,anywhere
apart,apart,ә'pɑ:t,"s. remote and separate physically or socially
s. having characteristics not shared by others
r. separated or at a distance in place or position or time
r. not taken into account or excluded from consideration","adv. 成零碎, 成距离, 分别地, 分离着
a. 分离的",i:23/r:77,3,1,gk cet4 ky,2419,1971,apart
apartment,apartment,ә'pɑ:tmәnt,n. a suite of rooms usually on one floor of an apartment house,"n. 房间, 公寓",n:100,3,1,gk cet4 ky ielts,3711,1273,apartment
apologize,apologize,ә'pɒlәdʒaiz,"v. acknowledge faults or shortcomings or failing
v. defend, explain, clear away, or make excuses for by reasoning","vi. 道歉, 辩解",v:100,2,1,gk cet4 toefl gre,9168,3739,apologize
apology,apology,ә'pɒlәdʒi,"n. an expression of regret at having caused trouble for someone
n. a formal written defense of something you believe in strongly
n. a poor example","n. 道歉, 辩护
[法] 道歉, 谢罪, 辩解者",n:100,2,0,gk cet4 ky toefl,4950,4944,apology
apparent,apparent,ә'pærәnt,"s. clearly revealed to the mind or the senses or judgment
s. appearing as such but not necessarily so","a. 清晰可见的, 显然的, 表面上的
[电] 外在的",j:100,3,1,gk cet4 cet6 ky ielts,1770,2502,apparent
appeal,appeal,ә'pi:l,"n. attractiveness that interests or pleases or stimulates
n. (law) a legal proceeding in which the appellant resorts to a higher court for the purpose of obtaining a review of a lower court decision and a reversal of the lower court's judgment or the granting of a new trial
v. take a court case to a higher court for review
v. request earnestly (something from somebody); ask for aid or protection","n. 恳求, 诉请, 上诉, 吸引力
vi. 呼吁, 诉请, 要求, 上诉, 有吸引力
vt. 将...上诉",v:36/n:64,4,1,gk cet4 cet6 ky toefl ielts gre,942,1852,appeal
appear,appear,ә'piә,"v. come into sight or view
v. be issued or published
v. seem to be true, probable, or apparent
v. come into being or existence, or appear on the scene","vi. 出现, 显得, 来到
[法] 出庭, 到案, 出现",v:100,5,1,zk gk cet4 ky toefl,290,395,appear
appearance,appearance,ә'piәrәns,"n. outward or visible aspect of a person or thing
n. the event of coming into sight
n. formal attendance (in court or at a hearing) of a party in an action
n. a mental representation","n. 出现, 露面, 外观, 外表, 出版
[计] 外观, 版面",n:100,4,1,gk cet4 ky ielts,1435,1684,appearance
appendix,appendix,ә'pendiks,"n. supplementary material that is collected and appended at the back of a book
n. a vestigial process that extends from the lower end of the cecum and that resembles a small pouch","n. 附录, 附加物, 阑尾
[化] 增补",n:100,1,0,gk cet6 ky ielts,3748,12249,appendix
appetite,appetite,'æpitait,n. a feeling of craving something,"n. 食欲, 欲望, 爱好
[医] 食欲",n:100,2,0,gk cet4 cet6 ky toefl ielts gre,5325,5205,appetite
applaud,applaud,ә'plɒ:d,"v. clap one's hands or shout after performances to indicate approval
v. express approval of","v. 拍手喝彩, 称赞, 赞同",v:100,2,0,gk cet6 ky toefl ielts gre,7585,5722,applaud
apple,apple,'æpl,"n. fruit with red or yellow or green skin and sweet to tart crisp whitish flesh
n. native Eurasian tree widely cultivated in many varieties for its firm rounded edible fruits","n. 苹果, 家伙
[医] 苹果",n:100,3,1,zk gk,2446,2695,apple
applicant,applicant,'æplikәnt,n. a person who requests or seeks something such as assistance or employment or admission,"n. 申请者
[经] 申请人, 请求人, 谋事人",n:100,2,0,gk cet4 toefl ielts gre,3159,5512,applicant
application,application,.æpli'keiʃәn,"n. the act of bringing something to bear; using it for a particular purpose
n. a verbal or written request for assistance or employment or admission to a school
n. the work of applying something; 
n. a program that gives a computer instructions that provide the user with tools to accomplish a task","n. 应用, 申请, 志愿书, 应用程序
[计] 应用, 应用程序",n:100,3,1,gk cet4 cet6 ky toefl ielts gre,608,1519,application
apply,apply,ә'plai,"v. be pertinent or relevant or applicable
v. ask (for something)
v. refer (a word or name) to a person or thing
v. apply oneself to","vt. 涂, 应用
vi. 申请, 适用",v:100,4,1,gk cet4 cet6 ky toefl ielts,522,938,apply
appoint,appoint,ә'pɒint,"v. create and charge with a task or function
v. assign a duty, responsibility or obligation to
v. furnish","vt. 任命, 指定, 下令
[法] 派, 派任, 任命",v:100,3,1,gk cet4 cet6 ky toefl gre,1272,3172,appoint
appointment,appointment,ә'pɒintmәnt,"n. the act of putting a person into a non-elective position
n. (usually plural) furnishings and equipment (especially for a ship or hotel)
n. the job to which you are (or hope to be) appointed
n. (law) the act of disposing of property by virtue of the power of appointment","n. 约会, 委任的职位, 委派
[经] 任命, 派, 指定",n:100,3,1,gk cet4 cet6 ky toefl ielts,1558,3021,appointment
appreciate,appreciate,ә'pri:ʃieit,"v. recognize with gratitude; be grateful for
v. be fully aware of; realize fully
v. gain in value
v. increase the value of","vt. 赏识, 鉴别, 为...而感激, 领会, 欣赏
vi. 增值, 涨价",v:100,3,1,gk cet4 cet6 ky toefl ielts gre,1989,1738,appreciate
appreciation,appreciation,ә.pri:ʃi'eiʃәn,"n. understanding of the nature or meaning or quality or magnitude of something
n. an expression of gratitude
n. an increase in price or value","n. 感激, 赏识, 鉴别
[经] 涨价, 增值",n:100,0,0,gk cet6 toefl,4701,4322,appreciation
approach,approach,ә'prәutʃ,"n. ideas or actions intended to deal with a problem or situation
n. the act of drawing spatially closer to something
n. the event of one object coming closer to another
n. the temporal property of becoming nearer in time","n. 接近, 入门
vt. 接近, 近似, 找...商量
vi. 靠近",v:34/n:66,4,1,gk cet4 cet6 ky toefl ielts gre,583,750,approach
appropriate,appropriate,ә'prәupriәt,"v. take possession of by force, as after an invasion
a. suitable for a particular person or place or condition etc","a. 适当的
[经] 适当的, 拨出, 占用",j:90/v:10,3,1,gk cet4 cet6 ky toefl ielts gre,883,1493,appropriate
approve,approve,ә'pru:v,"v. give sanction to
v. judge to be right or commendable; think well of","vt. 赞同, 核准, 为...提供证据
vi. 赞许",v:100,4,1,gk cet4 cet6 ky toefl,1762,2053,approve
approximately,approximately,ә'prɒksimәtli,r. (of quantities) imprecise but fairly close to correct,"adv. 大约, 大致, 近于
[经] 大约, 近似",r:100,0,1,gk cet4 cet6 toefl,2850,2365,approximately
April,april,'eiprәl,n. the month following March and preceding May,n. 四月,,4,1,zk gk ielts,684,0,april
apron,apron,'eiprәn,"n. a garment of cloth or leather or plastic that is tied about the waist and worn to protect your clothing
n. (golf) the part of the fairway leading onto the green
n. a paved surface where aircraft stand while not being used","n. 围裙
[医] 围裙",n:100,1,0,gk gre,8011,8084,apron
Arab,arab,'ærәb,n. a member of a Semitic people originally from the Arabian peninsula and surrounding territories who speaks Arabic and who inhabits much of the Middle East and northern Africa,"n. 阿拉伯人, 阿拉伯马
a. 阿拉伯人的, 阿拉伯的",j:69/n:31,0,0,gk,26475,2201,arab
Arabic,arabic,'ærәbik,"n. the Semitic language of the Arabs; spoken in a variety of dialects
a. relating to or characteristic of Arabs","n. 阿拉伯语
a. 阿拉伯语的, 阿拉伯人的, 阿拉伯式的",j:49/n:51,0,0,gk,12421,9158,arabic
arbitrary,arbitrary,'ɑ:bitrәri,a. based on or subject to individual discretion or preference or sometimes impulse or caprice,"a. 任意的, 武断的, 专治的, 霸道的",j:100,1,0,gk cet4 cet6 ky toefl ielts gre,5353,7545,arbitrary
arch,arch,ɑ:tʃ,"n. a curved shape in the vertical plane that spans an opening
n. a curved bony structure supporting or enclosing organs (especially the inner sides of the feet)
n. a passageway under a curved masonry construction
n. (architecture) a masonry construction (usually curved) for spanning an opening and supporting the weight above it","n. 拱门, 拱形, 足弓
vt. 使成弓形
vi. 拱起, 成弓形
a. 主要的, 调皮的, 傲慢无礼的, 狡猾的",v:25/j:13/n:62,2,0,gk cet6 ky toefl ielts gre,4771,6326,arch
architect,architect,'ɑ:kitekt,n. someone who creates plans to be used in making something (such as buildings),"n. 建筑师, 设计者, 缔造者",n:100,2,0,gk cet4 cet6 ky toefl ielts gre,2891,3365,architect
architecture,architecture,'ɑ:kitektʃә,"n. an architectural product or work
n. the discipline dealing with the principles of design and construction and ornamentation of fine buildings
n. the profession of designing buildings and environments with consideration for their esthetic effect","n. 建筑学, 建筑式样
[计] 体系结构",n:100,2,0,gk cet4 cet6 ky toefl ielts,2712,3509,architecture
arctic,arctic,'ɑ:ktik,"n. the regions to the north of the Arctic Circle centered on the North Pole
n. a waterproof overshoe that protects shoes from water or snow
s. extremely cold","a. 北极的, 极寒的
n. 北极圈, 北极",j:100,1,0,gk cet6 toefl ielts gre,6648,6116,arctic
are,are,ɑ:,n. a unit of surface area equal to 100 square meters,be的现在时复数或第二人称单数,,0,0,gk,0,0,are
area,area,'єәriә,"n. a particular geographical region of indefinite boundary (usually serving some special purpose or distinguished by its people or culture or geography)
n. a subject of study
n. a part of an animal that has a special function or is supplied by a given artery or nerve
n. a part of a structure having some specific characteristic or function","n. 区域, 面积, 范围, 空地
[计] 区域",n:100,5,1,zk gk cet4 ky ielts,149,230,area
argue,argue,'ɑ:gju,"v. present reasons and arguments
v. have an argument about something
v. give evidence of","vi. 提出理由, 争论, 辩论
vt. 主张, 辩论, 证明, 说服",v:100,4,1,gk cet4 cet6 ky ielts,674,778,argue
argument,argument,'ɑ:gjumәnt,"n. a fact or assertion offered as evidence that something is true
n. a discussion in which reasons are advanced for and against some proposition or proposal
n. a summary of the subject or plot of a literary work or play or movie
n. (computer science) a reference or value that is passed to a function, procedure, subroutine, command, or program","n. 争论, 论证, 论据, 自变量
[计] 参数",n:100,4,1,gk cet4 ky ielts,832,1185,argument
arise,arise,ә'raiz,"v. originate or come into being
v. rise to one's feet
v. result or issue","vi. 站立, 出现, 起来",v:100,3,1,gk cet4 cet6 ky toefl ielts,1043,2581,arise
arithmetic,arithmetic,ә'riθmәtik,n. the branch of pure mathematics dealing with the theory of numerical calculations,"n. 算术, 算术知识
[机] 算术; 算术的",n:100,1,0,gk cet4 cet6 ky toefl,8791,11378,arithmetic
arm,arm,ɑ:m,"n. a human limb; technically the part of the superior limb between the shoulder and the elbow but commonly used to refer to the whole superior limb
n. any projection that is thought to resemble a human arm
n. the part of an armchair or sofa that supports the elbow and forearm of a seated person
v. prepare oneself for a military confrontation","n. 手臂, 袖子, 狭长港湾, 武器
vt. 武装, 装备
vi. 武装起来
[计] ARM 处理器；异步应答方式; 自动货品销路管理",v:6/n:94,5,1,zk gk,491,491,arm
armchair,armchair,.ɑ:m'tʃєә,n. chair with a support on each side for arms,n. 扶手椅,n:100,1,0,gk,5766,9757,armchair
army,army,'ɑ:mi,"n. a permanent organization of the military land forces of a nation or state
n. a large number of people united for some specific purpose","n. 军队, 陆军",n:100,5,1,zk gk cet4 ky ielts,818,1539,army
around,around,ә'raund,"r. by a circular or circuitous route
r. in a circle or circular motion
r. to a particular destination either specified or understood
r. in circumference","prep. 包围, 在...周围, 四处
adv. 兜着圈子, 在附近, 到处",i:53/r:47,5,1,zk gk,397,264,around
arrange,arrange,ә'reindʒ,"v. put into a proper or systematic order
v. make arrangements for
v. adapt for performance in a different way
v. arrange thoughts, ideas, temporal events","v. 安排, 排列, 达成协议
[计] 重排",v:100,4,1,gk cet4 ky toefl,1324,2216,arrange
arrangement,arrangement,ә'reindʒmәnt,"n. an orderly grouping (of things or persons) considered as a unit; the result of arranging
n. an organized structure for arranging or classifying
n. the act of arranging and adapting a piece of music","n. 排列, 整齐, 安排
[计] 排列",n:100,3,1,gk cet4 toefl,1092,2357,arrangement
arrest,arrest,ә'rest,n. the state of inactivity following an interruption,"n. 逮捕, 监禁
vt. 拘捕, 抑制, 吸引, 阻止",n:39/v:61,4,1,gk cet4 cet6 ky toefl gre,2134,2140,arrest
arrival,arrival,ә'raivl,"n. accomplishment of an objective
n. the act of arriving at a certain place
n. someone who arrives (or has arrived)","n. 到达, 抵达, 到达者
[经] 到达, 到达物",n:100,3,1,gk cet4 ky ielts,2281,3194,arrival
arrive,arrive,ә'raiv,"v. reach a destination; arrive by movement or progress
v. succeed in a big way; get to the top","vi. 到达, 抵达",v:100,4,1,zk gk,708,810,arrive
arrow,arrow,'ærәu,"n. a mark to indicate a direction or relation
n. a projectile with a straight thin shaft and an arrowhead on one end and stabilizing vanes on the other; intended to be shot from a bow","n. 箭, 箭状物, 箭头记号",v:2/n:98,2,1,gk cet4 ky,4127,4832,arrow
art,art,ɑ:t,"n. the products of human creativity; works of art collectively
n. the creation of beautiful or significant things
n. a superior skill that you can learn by study and practice and observation","n. 艺术, 人文科学, 技术, 巧妙, 诡计, 美术
[计] 实际保持时间, 特许权和资源表, 平均检索时间, 平均运行时间",n:100,5,1,zk gk cet4 ky ielts,477,346,art
article,article,'ɑ:tikl,"n. nonfictional prose forming an independent part of a publication
n. one of a class of artifacts
n. a separate section of a legal document (as a statute or contract or will)
n. (grammar) a determiner that may indicate the specificity of reference of a noun phrase","n. 文章, 冠词, 物品, 物件, 条款, 契约
[计] 信件",n:100,4,1,zk gk cet4 ky toefl ielts,1027,731,article
artificial,artificial,.ɑ:ti'fiʃәl,"a. contrived by art rather than nature
s. artificially formal
s. not arising from natural growth or characterized by vital processes","a. 人造的, 假的, 非原地产的
[医] 人工的, 人造的, 伟牟",j:100,2,1,gk cet4 cet6 ky toefl ielts gre,3499,4003,artificial
artist,artist,'ɑ:tist,n. a person whose creative work shows sensitivity and imagination,"n. 艺术家, 画家",n:100,4,1,gk cet4 ky,1218,736,artist
as,as,æz,"n a very poisonous metallic element that has three allotropic forms; arsenic and arsenic compounds are used as herbicides and insecticides and various alloys; found in arsenopyrite and orpiment and realgar
n a United States territory on the eastern part of the island of Samoa
n a metric unit of length equal to one ten billionth of a meter (or 0.0001 micron); used to specify wavelengths of electromagnetic radiation
n any of several fat-soluble vitamins essential for normal vision; prevents night blindness or inflammation or dryness of the eyes
n one of the four nucleotides used in building DNA; all four nucleotides have a common phosphate group and a sugar (ribose)
n (biochemistry) purine base found in DNA and RNA; pairs with thymine in DNA and with uracil in RNA
n the basic unit of electric current adopted under the Systeme International d'Unites
n the 1st letter of the Roman alphabet
n the blood group whose red cells carry the A antigen
r to the same degree (often followed by `as')","adv. 同样地, 例如
prep. 做为, 当作
conj. 当...之时, 以...的方式, 像...一样, 因为
[计] 高级系统, 先进系统, 辅助存储器, 自治系统",i:34/c:53/r:13,5,1,zk gk ielts,33,33,as
ash,ash,æʃ,"n. the residue that remains when something is burned
n. any of various deciduous pinnate-leaved ornamental or timber trees of the genus Fraxinus
n. strong elastic wood of any of various ash trees; used for furniture and tool handles and sporting goods such as baseball bats
v. convert into ashes","n. 灰, 灰烬
[化] 灰分",n:100,2,0,gk cet4 ky,4713,4577,ash
ashamed,ashamed,ә'ʃeimd,a. feeling shame or guilt or embarrassment or remorse,"a. 惭愧的, 羞耻的",j:100,2,1,gk cet4 ky ielts,5292,5651,ashamed
Asia,asia,'eiʒә,"n. the largest continent with 60% of the earth's population; it is joined to Europe on the west to form Eurasia; it is the site of some of the world's earliest civilizations
n. the nations of the Asian continent collectively",n. 亚洲,,0,0,zk gk ielts,2720,0,asia
Asian,asian,'eiʃәn,"n. a native or inhabitant of Asia
a. of or relating to or characteristic of Asia or the peoples of Asia or their languages or culture","n. 亚洲人
a. 亚洲的, 亚洲人的",j:86/n:14,0,0,zk gk,3725,2351,asian
aside,aside,ә'said,"n. a line spoken by an actor to the audience but not intended for others on the stage
r. on or to one side
r. out of the way (especially away from one's thoughts)
r. placed or kept separate and distinct as for a purpose","n. 小声说的话, 旁白
adv. 在一边, 离开, 另外",i:15/r:83/n:2,3,1,gk cet4 ky,2376,1878,aside
ask,ask,ɑ:sk,"v. inquire about
v. make a request or demand for something to somebody
v. direct or put; seek an answer to
v. consider obligatory; request and expect","vi. 问, 要求
vt. 问, 要求, 邀请, 需要",v:100,5,1,zk gk,141,131,ask
asleep,asleep,ә'sli:p,"a. in a state of sleep
s. lacking sensation
s. dead
r. into a sleeping state","a. 睡着的, 长眠的, 麻木的
adv. 熟睡地",j:100,2,1,zk gk cet4 ky,3043,3081,asleep
aspect,aspect,'æspekt,"n. a distinct feature or element in a problem
n. a characteristic to be considered
n. the beginning or duration or completion or repetition of the action of a verb","n. 外观, 方面, 面貌, 方向
[医] 方面, 局面; 外观",n:100,4,1,gk cet4 cet6 ky toefl gre,862,1357,aspect
assess,assess,ә'ses,"v. charge (a person or a property) with a payment, such as a tax or a fine
v. estimate the value of (property) for taxation","vt. 估定, 对...征税, 评定
[经] 估计, 估价, 确定(税款罚款等)的金额",v:100,4,0,gk cet4 cet6 ky toefl ielts gre,1488,2042,assess
assessment,assessment,ә'sesmәnt,"n. an amount determined as payable
n. the market value set on assets","n. 评估, 估定, 评定的款额
[化] 评估",n:100,0,0,gk cet6 toefl ielts gre,1249,1552,assessment
assist,assist,ә'sist,"n. (sports) the act of enabling another player to make a good play
v. act as an assistant in a subordinate or supportive function","n. 帮助, 协助
vt. 帮助, 促进
vi. 协助, 参加",n:4/v:96,3,1,gk cet4 cet6 ky toefl,2162,2475,assist
assistance,assistance,ә'sistәns,"n the activity of contributing to the fulfillment of a need or furtherance of an effort or purpose
n a resource","n. 协助, 援助
[经] 援助, 帮助",n:100,3,1,gk ky toefl ielts,2096,2081,assistance
assistant,assistant,ә'sistәnt,n. a person who contributes to the fulfillment of a need or furtherance of an effort or purpose,"n. 助手, 助理, 助教
a. 有帮助的, 辅助的, 助理的",j:50/n:50,3,1,gk cet4 cet6 ky toefl ielts,2875,2706,assistant
associate,associate,ә'sәuʃieit,"n. a person who joins with others in some activity or endeavor
n. a person with subordinate membership in a society, institution, or commercial enterprise
n. any event that usually accompanies or is closely connected with another
v. make a logical or causal connection","n. 同伴, 伙伴, 关联的事物
vt. 使联合, 使发生联系
vi. 交往
[计] 关联",n:14/j:14/v:72,3,1,gk cet4 cet6 ky toefl ielts gre,1216,1354,associate
association,association,ә.sәuʃә'eiʃәn,"n. a formal organization of people or groups of people
n. the act of consorting with or joining with others
n. the state of being connected together as in memory or imagination
n. the process of bringing ideas or events together in memory or imagination","n. 协会
[计] 关联",n:100,4,1,gk cet4 cet6 ky toefl ielts,742,1859,association
assume,assume,ә'sju:m,"v. take to be the case or to be true; accept without verification or proof
v. take on titles, offices, duties, responsibilities
v. take on a certain form, attribute, or aspect
v. occupy or take on","vt. 假定, 承担, 呈现
vi. 装腔作势, 僭越",v:100,4,1,gk cet4 cet6 ky toefl ielts gre,886,1091,assume
assumption,assumption,ә'sʌmpʃәn,"n. a hypothesis that is taken for granted
n. the act of taking possession of or power over something
n. celebration in the Roman Catholic Church of the Virgin Mary's being taken up into heaven when her earthly life ended; corresponds to the Dormition in the Eastern Orthodox Church
n. (Christianity) the taking up of the body and soul of the Virgin Mary when her earthly life had ended","n. 假定, 自负, 担任, 假装
[经] 假定, 承担",n:100,3,0,gk cet4 cet6 ky toefl ielts gre,1693,2606,assumption
astonish,astonish,ә'stɒniʃ,v affect with wonder,vt. 使惊讶,v:100,1,0,gk cet4 ky toefl,18564,12542,astonish
astronaut,astronaut,'æstrәnɒ:t,n. a person trained to travel in a spacecraft,"n. 太空旅行者, 宇航员
[法] 美国太空人",n:100,1,0,gk cet4 cet6 ky,16330,5656,astronaut
astronomer,astronomer,ә'strɒnәmә,n. a physicist who studies astronomy,n. 天文学家,n:100,2,0,gk toefl,10779,3744,astronomer
astronomy,astronomy,ә'strɒnәmi,n. the branch of physics that studies celestial bodies and the universe as a whole,n. 天文学,n:100,2,0,gk cet6 ky toefl ielts,10702,6469,astronomy
at,at,æt,n. 100 at equal 1 kip in Laos,"prep. 在, 向, 对
[计] 地址转换器, 异常传输, 自动订票",i:100,5,1,zk gk,22,22,at
athlete,athlete,'æθli:t,n. a person trained to compete in sports,"n. 运动员, 运动选手
[医] 运动员",n:100,3,0,gk cet4 cet6 ky toefl ielts,6584,1600,athlete
athletic,athletic,æθ'letik,"a. relating to or befitting athletics or athletes
s. having a sturdy and well proportioned body",a. 运动的,j:100,2,0,gk cet6,8781,2981,athletic
athletics,athletics,æθ'letiks,n. participation in sports events as an extracurricular activity,n. 体育运动,n:100,2,0,gk gre,9290,8574,athletics
Atlantic,atlantic,әt'læntik,"n. the 2nd largest ocean; separates North and South America on the west from Europe and Africa on the east
a. relating to or bordering the Atlantic Ocean","n. 大西洋
a. 大西洋的",,0,0,zk gk cet4,3289,0,atlantic
atmosphere,atmosphere,'ætmәsfiә,"n. a particular environment or surrounding influence
n. the mass of air surrounding the Earth
n. the weather or climate at some place
n. the envelope of gases surrounding any celestial body","n. 大气, 空气, 气氛
[医] 大气; 大气压",n:100,3,1,gk cet4 cet6 ky toefl,1855,2217,atmosphere
atom,atom,'ætәm,"n. (physics and chemistry) the smallest component of an element having the chemical properties of the element
n. (nontechnical usage) a tiny piece of anything","n. 原子, 核能, 微粒, 微量
[计] 原子",n:100,2,1,gk cet4 cet6 ky toefl,4241,5184,atom
attach,attach,ә'tætʃ,"v. cause to be attached
v. be attached; be in contact with
v. become attached","vt. 附上, 使依附, 使附属, 使喜爱, 系, 缚
vi. 附属, 归属, 联系在一起
[计] 挂接服务器命令, 关联, 挂接, 附加",v:100,3,1,gk cet4 cet6 ky toefl ielts gre,1849,2320,attach
attack,attack,ә'tæk,"n. (military) an offensive against an enemy (using weapons)
n. an offensive move in a sport or game
n. the act of attacking
n. a decisive manner of beginning a musical tone or phrase","n. 攻击, 抨击
vt. 攻击, 抨击, 动手干
vi. 攻击",v:33/n:67,5,1,gk cet4 cet6 ky ielts,913,791,attack
attain,attain,ә'tein,"v to gain with effort
v reach a point in time, or a certain state or level
v find unexpectedly
v reach a destination, either real or abstract","vt. 达到, 获得
vi. 达到",v:100,1,0,gk cet4 cet6 ky toefl ielts gre,5042,5323,attain
attempt,attempt,ә'tempt,n. earnest and conscientious activity intended to do or accomplish something,"n. 尝试, 企图
vt. 尝试, 企图",v:42/n:58,5,1,gk cet4 cet6 ky toefl ielts,740,1227,attempt
attend,attend,ә'tend,"v. be present at (meetings, church services, university), etc.
v. take charge of or deal with
v. to accompany as a circumstance or follow as a result
v. give heed (to)","vt. 参加, 照料, 伴随
vi. 专心于, 照顾, 服侍, 出席",v:100,4,1,gk cet4 ky toefl ielts,1100,1168,attend
attention,attention,ә'tenʃәn,"n. the process whereby a person concentrates on some features of the environment to the (relative) exclusion of others
n. a general interest that leads people to want to know more
n. a courteous act indicating affection
n. the faculty or power of mental concentration","n. 注意, 注意力
[计] 引起注意信号",n:100,4,1,zk gk cet4 ky toefl ielts,714,591,attention
attentively,attentively,ә'tentivli,r. with attention; in an attentive manner,"adv. 注意地, 留心地",r:100,0,0,gk,19677,18857,attentively
attitude,attitude,'ætitju:d,"n. a complex mental state involving beliefs and feelings and values and dispositions to act in certain ways
n. a theatrical pose created for effect
n. position of aircraft or spacecraft relative to a frame of reference (the horizon or direction of motion)","n. 态度, 看法, 姿势
[医] 体态, 姿势, 态度",n:100,4,1,gk cet4 ky,920,1155,attitude
attract,attract,ә'trækt,"v. direct toward itself or oneself by means of some psychological power or physical attributes
v. be attractive to
v. exert a force on (a body) causing it to approach or prevent it from moving away","vt. 吸引, 诱惑
vi. 有吸引力",v:100,4,1,gk cet4 ky toefl,1477,1867,attract
attraction,attraction,ә'trækʃәn,"n. the force by which one object attracts another
n. an entertainment that is offered to the public
n. the quality of arousing interest; being attractive or something that attracts
n. a characteristic that provides pleasure and attracts","n. 吸引, 吸引人的事物, 吸引力
[医] 吸引",n:100,2,1,gk cet4 toefl,3108,3800,attraction
attractive,attractive,ә'træktiv,"a. pleasing to the eye or mind especially through beauty or charm
s. having power to arouse interest
a. having the properties of a magnet; the ability to draw or pull;","a. 吸引人的, 有魅力的
[法] 有吸引力的, 有迷惑力的",j:100,3,1,gk cet4 ky toefl ielts,1781,2811,attractive
audience,audience,'ɒ:diәns,"n. a gathering of spectators or listeners at a (usually public) performance
n. the part of the general public interested in a source of information or entertainment","n. 听众, 观众, 读者
[法] 听讼, 观众, 听众",n:100,4,1,gk cet4 cet6 ky toefl ielts gre,1463,1074,audience
august,august,ɒ:'gʌst. 'ɒ:gәst,"n. the month following July and preceding September
s. of or befitting a lord
s. profoundly honored","n. 八月
a. 威严的, 令人敬畏的",j:100,4,1,zk gk ielts gre,1239,22206,august
aunt,aunt,ɑ:nt,n. the sister of your father or mother; the wife of your uncle,"n. 阿姨, 姨妈, 舅妈, 姑妈, 伯母",n:100,4,1,zk gk,2569,4166,aunt
Australia,australia,ɒ'streiljә,"n. a nation occupying the whole of the Australian continent; Aboriginal tribes are thought to have migrated from southeastern Asia 20,000 years ago; first Europeans were British convicts sent there as a penal colony
n. the smallest continent; between the South Pacific and the Indian Ocean","n. 澳洲, 澳大利亚",,0,0,zk gk ielts,1834,0,australia
Australian,australian,ɒ'streiljәn,"n. a native or inhabitant of Australia
n. the Austronesian languages spoken by Australian aborigines
a. of or relating to or characteristic of Australia or its inhabitants or its languages","n. 澳大利亚人
a. 澳大利亚的, 澳洲的, 澳洲人的",j:84/n:16,0,0,zk gk ielts,3122,5172,australian
authentic,authentic,ɒ:'θentik,"s. conforming to fact and therefore worthy of belief
s. not counterfeit or copied","a. 可靠的, 可信的, 真正的
[法] 被认证的, 确认的, 可信的",j:100,2,0,gk cet6 ky toefl ielts gre,6476,5000,authentic
author,author,'ɒ:θә,v. be the author of,"n. 作家, 作家的著作, 创始人
[法] 作者, 著作人, 本人",v:2/n:98,4,1,gk cet4 cet6 ky ielts,1382,685,author
authority,authority,ɒ:'θɒriti,"n. the power or right to give orders or make decisions
n. (usually plural) persons who exercise (administrative) control over others
n. an expert whose views are taken as definitive
n. official permission or approval","n. 权力, 当权者, 当局, 权威, 专家
[经] 代理权, 授权, 权威",n:100,5,1,gk cet4 cet6 ky toefl ielts,285,832,authority
automatic,automatic,.ɒ:tә'mætik,"a. operating with minimal human intervention; independent of external control
s. resembling the unthinking functioning of a machine
s. without volition or conscious control","n. 自动手枪, 自动机械
a. 自动的, 机械的, 必然的, 无意识的",j:96/n:4,3,1,gk cet4 cet6 ky toefl ielts,3184,4045,automatic
autonomous,autonomous,ɒ:'tɒnәmәs,"s. (of political bodies) not controlled by outside forces
s. existing as an independent entity
s. (of persons) free from external control and constraint in e.g. action and judgment","a. 自治的
[医] 自主的",j:100,2,0,gk toefl gre,5495,7499,autonomous
autumn,autumn,'ɒ:tәm,n the season when the leaves fall from the trees,"n. 秋天, 成熟期",n:100,3,1,zk gk,2252,5010,autumn
available,available,ә'veilәbl,"a. obtainable or accessible and ready for use or service
s. not busy; not otherwise committed
s. convenient for use or disposal","a. 可利用的, 可获得的, 有效的
[医] 有效的, 可得的",j:100,5,1,zk gk cet4 cet6 ky toefl ielts gre,334,622,available
avenue,avenue,'ævәnju:,"n. a line of approach
n. a wide street or thoroughfare","n. 大街, 途径, 林荫路",n:100,2,0,gk cet4 ky toefl ielts,3634,5320,avenue
average,average,'ævәridʒ,"n. a statistic describing the location of a distribution
n. (sports) the ratio of successful performances to opportunities
n. an intermediate scale value regarded as normal or usual
v. amount to or come to an average, without loss or gain","n. 平均, 平均数, 一般水平, 海损
a. 平均的, 中等的, 平常的
vt. 算出...平均数, 平均做, 均分, 使平衡
vi. 平均为, 呈中间色",j:46/v:13/n:41,4,1,gk cet4 ky toefl ielts,1527,1299,average
avoid,avoid,ә'vɒid,"v. stay clear from; keep away from; keep out of the way of someone or something
v. refrain from doing something","vt. 避免, 防止, 撤消
[法] 避免, 回避, 躲开",v:100,4,1,zk gk cet4 ky toefl ielts gre,835,908,avoid
awake,awake,ә'weik,a. not in a state of sleep; completely conscious,"a. 醒着的
vt. 唤醒, 唤起, 使意识到
vi. 醒来, 被唤起, 意识到",j:68/v:32,2,1,zk gk cet4 cet6 ky,4786,4647,awake
award,award,ә'wɒ:d,"n. a grant made by a law court
n. a tangible symbol signifying approval or distinction
v. give, especially as an honor or reward
v. give as judged due or on the basis of merit","n. 奖品, 裁定, 判决
vt. 授予, 给予",v:38/n:62,4,1,gk cet4 cet6 ky ielts,590,2573,award
aware,aware,ә'wєә,a. (sometimes followed by `of') having or showing knowledge or understanding or realization or perception,"a. 知道的, 有觉悟的",j:100,4,1,gk cet4 ky toefl ielts,921,1439,aware
away,away,ә'wei,"s. not present; having left
a. used of an opponent's ground
s. (of a baseball pitch) on the far side of home plate from the batter
r. from a particular thing or place or position (`forth' is obsolete)",adv. 离去,i:26/r:73/j:1,5,1,zk gk,237,269,away
awesome,awesome,'ɒ:sәm,s inspiring awe or admiration or wonder,"a. 引起敬畏的, 可怕的",j:100,1,0,gk,9785,6337,awesome
awful,awful,'ɒ:ful,s. causing fear or dread or terror,"a. 可怕的, 庄严的, 虔敬的",r:8/j:92,3,1,gk cet4 cet6 ky ielts,2660,3276,awful
awkward,awkward,'ɒ:kwәd,"s. causing inconvenience
a. lacking grace or skill in manner or movement or performance
s. difficult to handle or manage especially because of shape
s. not elegant or graceful in expression","a. 笨拙的, 棘手的",j:100,2,1,gk cet4 cet6 ky toefl ielts gre,4097,4992,awkward
baby,baby,'beibi,"n. a very young child (birth to 1 year) who has not yet begun to walk or talk
n. the youngest member of a group (not necessarily young)
n. an unborn child; a human fetus
n. (slang) sometimes used as a term of address for attractive young women","n. 婴孩
[医] 婴儿",v:1/n:99,4,1,zk gk,869,588,baby
bachelor,bachelor,'bætʃәlә,"n. a man who has never been married
v. lead a bachelor's existence","n. 单身汉, 学士
[法] 学士, 单身汉",n:100,0,0,gk cet4 cet6 ky toefl,8615,6130,bachelor
back,back,bæk,"n. the posterior part of a human (or animal) body from the neck to the end of the spine
n. the part of something that is furthest from the normal viewer
n. (football) a person who plays in the backfield
n. the part of a garment that covers the back of your body","a. 后面的
vt. 使后退, 支持
vi. 倒退, 背靠
adv. 向后地
n. 背部, 后面",r:71/v:3/j:2/n:24,5,1,zk gk ielts,105,108,back
backache,backache,'bækeik,n. an ache localized in the back,n. 背痛,n:100,0,0,gk,22814,29373,backache
background,background,'bækgraund,"n. a person's social heritage: previous experience or training
n. the part of a scene (or picture) that lies behind objects in the foreground
n. information that is essential to understanding a situation or problem
n. extraneous signals that can be confused with the phenomenon to be observed or measured","n. 背景, 背景资料
[计] 背景, 后台",n:100,3,1,zk gk cet4 ky toefl ielts,1369,1402,background
backward,backward,'bækwәd,"a. directed or facing toward the back or rear
a. (used of temperament or behavior) marked by a retiring nature
s. retarded in intellectual development
s. having made less than normal progress","adv. 向后地, 相反地
a. 向后的, 相反的
[计] 倒推",r:78/j:22,2,1,gk cet4 ky toefl ielts,8489,5204,backward
bacon,bacon,'beikәn,"n. back and sides of a hog salted and dried or smoked; usually sliced thin and fried
n. English scientist and Franciscan monk who stressed the importance of experimentation; first showed that air is required for combustion and first used lenses to correct vision (1220-1292)
n. English statesman and philosopher; precursor of British empiricism; advocated inductive reasoning (1561-1626)","n. 熏猪肉
[机] 腌肉",n:100,2,0,gk cet6 ky ielts,6093,6412,bacon
bacterium,bacterium,bæk'tiәriәm,n (microbiology) single-celled or noncellular spherical or spiral or rod-shaped organisms lacking chlorophyll that reproduce by fission; important as pathogens and for biochemical properties; taxonomy is difficult; often considered to be plants,"n. 细菌
[医] [无芽胞]杆菌属",,0,0,gk cet6 ky ielts gre,4650,0,bacterium
bad,bad,bæd,"n. that which is below standard or expectations as of ethics or decency
a. having undesirable or negative qualities
s. very intense
s. feeling physical discomfort or pain (`tough' is occasionally used colloquially for `bad')","a. 坏的
n. 坏
adv. 坏地",r:3/j:96/n:1,5,1,zk gk,349,282,bad
badly,badly,'bædli,"r. to a severe or serious degree
r. evilly or wickedly
r. in a disobedient or naughty way
r. with great intensity (`bad' is a nonstandard variant for `badly')","adv. 严重地, 恶劣地, 极度地",r:100,3,1,gk cet4 ky,2078,3111,badly
badminton,badminton,'bædmintәn,n. a game played on a court with light long-handled rackets used to volley a shuttlecock over a net,n. 羽毛球运动,n:100,1,0,gk cet4 cet6 ky ielts,15739,20115,badminton
bag,bag,bæg,"n. a flexible container with a single opening
n. the quantity of game taken in a particular period (usually by one person)
n. a container used for carrying money and small personal items or accessories (especially by women)
n. the quantity that a bag will hold","n. 袋子, 袋状物
vt. 使膨大, 装袋, 猎获",v:3/n:97,4,1,zk gk,1292,1008,bag
baggage,baggage,'bægidʒ,"n. cases used to carry belongings when traveling
n. a worthless or immoral woman
n. the portable equipment and supplies of an army","n. 行李
[经] 行李",n:100,1,1,gk cet4 ky toefl ielts,8801,7286,baggage
bake,bake,beik,"v. cook and make edible by putting in a hot oven
v. prepare with dry heat in an oven
v. be very hot, due to hot weather or exposure to the sun","vt. 烘焙, 烤
vi. 烤面包
n. 烘焙, 烤",v:100,3,1,gk cet4 ky ielts,6122,2810,bake
bakery,bakery,'beikәri,n. a workplace where baked goods (breads and cakes and pastries) are produced or sold,n. 面包店,n:100,1,0,gk,11664,8076,bakery
balance,balance,'bælәns,"n. a state of equilibrium
n. equality between the totals of the credit and debit sides of an account
n. equality of distribution
n. the difference between the totals of the credit and debit sides of an account","n. 平衡, 差额
vi. 平衡, 相等
vt. 称, 权衡, 比较, 使平衡, 结算, 抵消",v:35/n:65,4,1,gk cet4 ky toefl ielts,1176,1631,balance
balcony,balcony,'bælkәni,"n. an upper floor projecting from the rear over the main floor in an auditorium
n. a platform projecting from the wall of a building and surrounded by a balustrade or railing or parapet","n. 阳台, 戏院楼厅",n:100,2,0,gk cet4 cet6 ky toefl ielts,5402,5799,balcony
ball,ball,bɒ:l,"n. round object that is hit or thrown or kicked in games
n. an object with a spherical shape
n. the people assembled at a lavish formal dance
n. a spherical object used as a plaything","n. 球, 舞会, 球状物
v. 捏成球形",v:1/n:99,4,1,zk gk,1121,912,ball
ballet,ballet,'bælei,"n. a theatrical representation of a story that is performed to music by trained dancers
n. music written for a ballet",n. 芭蕾舞,n:100,2,0,gk cet6 ky toefl ielts,4421,6552,ballet
balloon,balloon,bә'lu:n,"n. large tough nonrigid bag filled with gas or heated air
n. small thin inflatable rubber bag with narrow neck
v. ride in a hot-air balloon
v. become inflated","n. 气球
vt. 使成气球状
vi. 膨胀如气球, 激增",v:11/n:89,2,0,zk gk cet4 ky toefl ielts gre,5623,4774,balloon
ballpoint,ballpoint,,n. a pen that has a small metal ball as the point of transfer of ink to paper,n. 圆珠笔,n:100,0,0,gk,26210,24069,ballpoint
bamboo,bamboo,bæm'bu:,"n. the hard woody stems of bamboo plants; used in construction and crafts and fishing poles
n. woody tropical grass having hollow woody stems; mature canes used for construction and furniture","n. 竹子
[医] 竹类",n:100,1,0,zk gk cet6 ielts,12165,8248,bamboo
ban,ban,bæn,"n. 100 bani equal 1 leu in Moldova
n. 100 bani equal 1 leu in Romania
n. an official prohibition or edict against something
v. forbid the public distribution of ( a movie or a newspaper)","n. 禁令
vt. 禁止, 取缔",n:44/v:56,4,1,gk cet4 cet6 ky toefl ielts gre,2824,3273,ban
banana,banana,bә'nɑ:nә,"n. any of several tropical and subtropical treelike herbs of the genus Musa having a terminal crown of large entire leaves and usually bearing hanging clusters of elongated fruits
n. elongated crescent-shaped yellow fruit with soft sweet flesh",n. 香蕉,n:100,2,0,zk gk,5663,4677,banana
band,band,bænd,"n. instrumentalists not including string players
n. a stripe or stripes of contrasting color
n. an adornment consisting of a strip of a contrasting color or material
n. a range of frequencies between two limits","n. 带子, 队, 乐队
v. 联合, 结合
[计] 频带; 波段; 区",v:5/n:95,4,1,gk cet4 ky toefl ielts gre,1145,1277,band
bandage,bandage,'bændidʒ,"n. a piece of soft material that covers and protects an injured part of the body
v. dress by covering or binding","n. 绷带
[化] 帘布筒; 实心轮胎; 紧带; 绷带",v:22/n:78,1,1,gk cet6 ky ielts gre,10433,9428,bandage
bang,bang,bæŋ,"n. a sudden very loud noise
n. a border of hair that is cut short and hangs across the forehead
n. the swift release of a store of affective force
v. to produce a sharp often metallic explosive or percussive sound","n. 重击, 突然巨响, 刘海
v. 发巨响, 重击
adv. 砰然地, 突然巨响地, 直接地
[计] 撞击符",n:30/v:70,2,0,gk cet4 cet6 ky toefl ielts,4572,5069,bang
bank,bank,bæŋk,"n. sloping land (especially the slope beside a body of water)
n. a long ridge or pile
n. an arrangement of similar objects in a row or in tiers
n. a supply or stock held in reserve for future use (especially in emergencies)","n. 银行, 堤, 岸
[医] 库",v:4/n:96,1,1,zk gk ielts,406,663,bank
bar,bar,bɑ:,"n. a counter where you can obtain food or drink
n. a rigid piece of metal or wood; usually used as a fastening or obstruction or weapon
n. an obstruction (usually metal) placed at the top of a goal
n. (meteorology) a unit of pressure equal to a million dynes per square centimeter","n. 条, 棒, 酒吧, 栅, 障碍物
vt. 禁止, 阻挡, 妨碍
[计] 棒形图",v:11/n:89,4,1,gk cet4 ky toefl ielts gre,993,991,bar
barbecue,barbecue,'bɑ:bikju:,"n. meat that has been barbecued or grilled in a highly seasoned sauce
n. a cookout in which food is cooked over an open fire; especially a whole animal carcass roasted on a spit
n. a rack to hold meat for cooking over hot charcoal usually out of doors","n. 烤肉
vt. 烤肉, 烧烤",v:20/n:80,1,0,gk ky toefl ielts gre,10040,6778,barbecue
barber,barber,'bɑ:bә,"n. United States composer (1910-1981)
n. a hairdresser who cuts hair and shaves beards as a trade
v. perform the services of a barber: cut the hair and/or beard of",n. 理发师,v:3/n:97,1,0,gk cet4 ky toefl ielts,12564,9131,barber
barbershop,barbershop,,n. a shop where men can get their hair cut,n. 理发店,n:100,0,0,gk,0,16205,barbershop
bare,bare,bєә,"v. lay bare
s. completely unclothed
s. lacking in amplitude or quantity
a. lacking its natural or customary covering","a. 赤裸的, 缺少的, 无遮蔽的, 坦率的
vt. 使赤裸, 露出",j:86/v:14,3,0,gk cet4 ky toefl ielts gre,3196,3430,bare
bargain,bargain,'bɑ:gin,"n. an agreement between parties (usually arrived at after discussion) fixing obligations of each
n. an advantageous purchase
v. come to terms; arrive at an agreement","n. 交易, 买卖协定, 特价商品
v. 讲价, 交易",v:29/n:71,3,1,gk cet4 cet6 ky ielts gre,4926,4962,bargain
bark,bark,bɑ:k,"n. tough protective covering of the woody stems and roots of trees and other woody plants
n. a noise resembling the bark of a dog
n. a sailing ship with 3 (or more) masts
n. the sound made by a dog","n. 树皮, 吠声
vi. 吠, 叫骂
vt. 喊出, 剥树皮",n:43/v:57,2,0,gk cet4 cet6 ky toefl ielts gre,6605,5831,bark
barrier,barrier,'bæriә,"n. a structure or object that impedes free movement
n. any condition that makes it difficult to make progress or to achieve an objective
n. anything serving to maintain separation by obstructing vision or access","n. 障碍, 栅栏
[化] 势垒; 阻片; 阻挡层",n:100,3,1,gk cet4 cet6 ky toefl ielts gre,2629,2609,barrier
base,base,beis,"n. installation from which a military force initiates operations
n. a place that the runner must touch before scoring
n. the bottom or lowest part
n. (anatomy) the part of an organ nearest its point of attachment","n. 底部, 垒, 基础, 基地
vt. 以...作基础
a. 卑鄙的, 低劣的
[计] 基准",n:35/j:1/v:64,5,1,gk cet4 ky gre,514,536,base
baseball,baseball,'beisbɒ:l,"n. a ball game played with a bat and ball between two teams of nine players; teams take turns at bat trying to score runs
n. a ball used in playing baseball","n. 棒球
[计] 棒球系统",n:100,3,0,zk gk cet4 cet6 ky ielts,10008,1373,baseball
basement,basement,'beismәnt,"n. the lowermost portion of a structure partly or wholly below ground level; often used for storage
n. the ground floor facade or interior in Renaissance architecture","n. 地下室, 墙脚
[化] 地下室",n:100,2,0,gk cet6 ky toefl ielts,5987,3598,basement
basic,basic,'beisik,"n. a popular programming language that is relatively easy to learn; an acronym for beginner's all-purpose symbolic instruction code; no longer in general use
n. (usually plural) a necessary commodity for which demand is constant
a. pertaining to or constituting a base or basis
s. reduced to the simplest and most significant form possible without loss of generality","n. 基本原理, 要素, 基本规律
a. 基本的, 碱性的
(计算机)BASIC语言",j:100,4,1,zk gk cet4 ky toefl ielts,911,1144,basic
basin,basin,'beisn,"n. a bowl-shaped vessel; usually used for holding food or liquids
n. the quantity that a basin will hold
n. a natural depression in the surface of the land often with a lake at the bottom of it","n. 盆, 盆地
[医] 第三脑室, 骨盆",n:100,2,0,gk cet4 cet6 ky toefl,4357,6174,basin
basis,basis,'beisis,"n. the fundamental assumptions from which something is begun or developed or calculated or explained
n. the most important or necessary part of something","n. 基础, 主要成分
[化] 基底",n:100,4,1,gk cet4 ky ielts,694,1307,basis
basket,basket,'bɑ:skit,"n. a container that is usually woven and has handles
n. the quantity contained in a basket
n. horizontal circular metal hoop supporting a net through which players try to throw the basketball
n. a score in basketball made by throwing the ball through the hoop","n. 篮, 篮子
vt. 装入篮",n:100,2,0,zk gk,3828,3255,basket
basketball,basketball,'bɑ:skitbɒ:l,"n. a game played on a court by two opposing teams of 5 players; points are scored by throwing the ball through an elevated horizontal hoop
n. an inflated ball used in playing basketball",n. 篮球,n:100,2,0,zk gk,16051,1799,basketball
bat,bat,bæt,"n. nocturnal mouselike mammal with forelimbs modified to form membranous wings and anatomical adaptations for echolocation by which they navigate
n. (baseball) a turn trying to get a hit
n. a club used for hitting a ball in various games
v. strike with, or as if with a baseball bat","n. 蝙蝠, 球棒
v. 用球棒打, 眨眼
[计] 成批",v:29/n:71,3,0,gk cet4 ky,4758,3692,bat
bath,bath,bæθ.bɑ:θ,"n. a vessel containing liquid in which something is immersed (as to process it or to maintain it at a constant temperature or to lubricate it)
n. you soak and wash your body in a bathtub
n. an ancient Hebrew liquid measure equal to about 10 gallons
n. a town in southwestern England on the River Avon; famous for its hot springs and Roman remains","n. 沐浴, 浴室
[医] 浴",v:17/n:83,3,1,gk cet4 ky ielts,2551,3890,bath
bathe,bathe,beið,"n. the act of swimming
v. cleanse the entire body
v. suffuse with or as if with light
v. clean one's body by immersion into water","vt. 沐浴, 用水洗
vi. 洗澡",v:100,2,0,gk cet4 ky ielts,8777,7550,bathe
bathrobe,bathrobe,'bɑ:θrәub,n. a loose-fitting robe of towelling; worn after a bath or swim,n. 浴衣,n:100,0,0,gk,33266,13547,bathrobe
bathroom,bathroom,'bɑ:θru:m,n. a room (as in a residence) containing a bathtub or shower and usually a washbasin and toilet,"n. 浴室, 厕所",n:100,3,1,zk gk cet4 ky ielts,2821,2404,bathroom
bathtub,bathtub,'bɑ:θtʌb,n. a relatively large open container that you fill with water and use to wash the body,n. 浴缸,n:100,0,0,gk,34329,9766,bathtub
battery,battery,'bætәri,"n. group of guns or missile launchers operated together at one place
n. a device that produces electricity; may have several primary or secondary cells arranged in parallel or series
n. a collection of related things intended for use together
n. a unit composed of the pitcher and catcher","n. 电池, 殴打
[化] 蓄电池",n:100,2,1,gk cet4 cet6 ky toefl ielts,3400,3193,battery
battle,battle,'bætl,"n. a hostile meeting of opposing military forces in the course of a war
v. battle or contend against in or as if in a battle","n. 战役
v. 战斗",v:15/n:85,4,1,gk cet4 cet6 ky toefl,1330,1199,battle
battleground,battleground,'bætlgraund,n a region where a battle is being (or has been) fought,"n. 战场, 战地",n:100,1,0,gk,18831,12109,battleground
bay,bay,bei,"n. an indentation of a shoreline larger than a cove but smaller than a gulf
n. the sound of a hound on the scent
n. a compartment on a ship between decks; often used as a hospital
n. a compartment in an aircraft used for some specific purpose","n. 海湾, 狗吠声, 月桂
vt. 吠, 使走投无路
vi. 吠",v:3/j:2/n:95,3,1,gk cet4 cet6 ky toefl ielts,2330,23460,bay
be,be,bi:,"v. have the quality of being; (copula, used with an adjective or a predicate noun)
v. be identical to; be someone or something
v. occupy a certain position or area; be somewhere
v. happen, occur, take place; this was during the visit to my parents' house""","v. 是, 表示, 在
[计] 后端, 总线允许",v:100,5,1,zk gk,2,2,be
beach,beach,bi:tʃ,"n. an area of sand sloping down to the water of a sea or lake
v. land on a beach",n. 海滩,v:2/n:98,3,1,zk gk cet4 ky ielts,1900,1937,beach
beam,beam,bi:m,"n. long thick piece of wood or metal or concrete, etc., used in construction
n. a group of nearly parallel lines of electromagnetic radiation
n. a column of light (as from a beacon)
n. (nautical) breadth amidships","n. 横梁, 杆, 光线, 容光焕发
vi. 用梁支承, 微笑, 射出光线
vt. 照耀, 感到欣喜
[计] 束",v:29/n:71,2,0,gk cet4 cet6 ky toefl ielts gre,3945,3741,beam
bean,bean,bi:n,"n. any of various edible seeds of plants of the family Leguminosae used for food
n. any of various seeds or fruits that are beans or resemble beans
n. any of various leguminous plants grown for their edible seeds and pods
v. hit on the head, especially with a pitched baseball","n. 豆子
[化] 油嘴; 豆",n:100,3,0,gk cet4 cet6 ky toefl,3782,2352,bean
beancurd,beancurd,'bi:nkə:d,,n. 豆腐,,0,0,gk,0,0,beancurd
bear,bear,bєә,"n. massive plantigrade carnivorous or omnivorous mammals with long shaggy coats and strong claws
n. an investor with a pessimistic market outlook; an investor who expects prices to fall and so sells now in order to buy later at a lower price
v. have
v. move while holding up or supporting","n. 熊
vt. 忍受, 支承, 产生, 怀有, 通过卖空使跌价
vi. 忍受, 结果实, 压挤, 行进, 转向",n:36/v:64,1,1,gk toefl ielts,1065,1619,bear
beard,beard,biәd,"n. the hair growing on the lower part of a man's face
n. a tuft or growth of hairs or bristles on certain plants such as iris or grasses
n. a person who diverts suspicion from someone (especially a woman who accompanies a male homosexual in order to conceal his homosexuality)
n. hairy growth on or near the face of certain mammals","n. 胡须
vt. 抓住胡须, 公开反对",n:100,2,1,gk cet4 ky toefl ielts,5605,4690,beard
beast,beast,bi:st,n. a cruelly rapacious person,"n. 畜生, 动物, 野兽, 兽性",n:100,2,0,gk cet4 ky toefl,4515,4428,beast
beat,beat,bi:t,"n. a regular route for a sentry or policeman
n. a single pulsation of an oscillation produced by adding two waves of different frequencies; has a frequency equal to the difference between the two oscillations
n. the sound of stroke or blow
n. a regular rate of repetition","n. 心跳(声), 打, 敲打声, 拍子
v. 打, 拍打, 打败
a. 疲乏的, 颓废的
beat的过去式
[计] 拍; 节拍",n:26/v:74,5,1,zk gk toefl ielts gre,1207,1036,beat
beautiful,beautiful,'bju:tiful,"a. delighting the senses or exciting intellectual or emotional admiration
s. (of weather) highly enjoyable",a. 美丽的,j:100,4,1,zk gk ielts,1161,992,beautiful
beauty,beauty,'bju:ti,"n. the qualities that give pleasure to the senses
n. an outstanding example of its kind","n. 美, 美人",n:100,3,1,gk cet4 ky ielts,2046,1724,beauty
because,because,bi'kɒ:z,"conj. By or for the cause that; on this account that; for the
   reason that.
conj. In order that; that.",conj. 因为,i:15/c:85,5,1,zk gk,101,89,because
become,become,bi'kʌm,"v. enter or assume a certain state or condition
v. undergo a change or development
v. come into existence
v. enhance the appearance of","vi. 变成, 变得
vt. 适合",v:100,5,1,zk gk ielts,122,139,become
bed,bed,bed,"n. a piece of furniture that provides a place to sleep
n. a plot of ground in which plants are growing
n. a depression forming the ground under a body of water
n. (geology) a stratum of rock (especially sedimentary rock)","n. 床, 睡眠处, 河床, 底座, 路基, 一层
vt. 提供宿处, 栽种, 安装
vi. 睡, 形成坚实的一层",v:1/n:99,4,1,zk gk,563,683,bed
bedclothes,bedclothes,'bedklәuðz,n. coverings that are used on a bed,"n. 铺盖, 床上用品
[医] 铺盖, 被褥",,0,0,gk,0,0,bedclothes
beddings,beddings,'bedɪŋ,"n coverings that are used on a bed
n material used to provide a bed for animals","n. 寝具；（建筑）[建] 基床；（家畜）草垫
a. 适于花坛种植的
vt. 把…栽入苗床（bed的ing形式）
vi. 睡（bed的ing形式）",,0,0,gk,0,0,beddings
bedroom,bedroom,'bedrum,n. a room used primarily for sleeping,n. 卧室,n:100,3,1,zk gk ielts,1570,1869,bedroom
bee,bee,bi:,"n. any of numerous hairy-bodied insects including social and solitary species
n. a social gathering to carry out some communal task or to hold competitions","n. 蜜蜂, 聚会",n:100,2,0,zk gk cet4 ky,4770,4247,bee
beef,beef,bi:f,"n. cattle that are reared for their meat
n. meat from an adult domestic bovine","n. 牛肉, 肌肉
vt. 养(牛), 宰(牛)
vi. 抱怨, 告发",v:6/n:94,2,1,zk gk,4295,3505,beef
beehive,beehive,'bi:haiv,"n. any workplace where people are very busy
n. a structure that provides a natural habitation for bees; as in a hollow tree
n. a hairdo resembling a beehive","n. 蜂窝, 蜂箱
[机] 集气架, 蜂巢",n:100,0,0,gk,19831,17858,beehive
beer,beer,biә,n. a general name for alcoholic beverages made by fermenting a cereal (or mixture of cereals) flavored with hops,"n. 啤酒
[化] 啤酒",n:100,3,1,gk,2300,1902,beer
before,before,bi'fɒ:,"r earlier in time; previously
r at or in the front","prep. 在...之前
conj. 在...之前
adv. 在前",i:51/c:31/r:18,5,1,zk gk,198,219,before
beg,beg,beg,"v. call upon in supplication; entreat
v. ask to obtain free
v. dodge, avoid answering, or take for granted","v. 乞求, 乞讨, 请求",v:100,2,0,gk cet4 ky toefl,3537,3452,beg
begin,begin,bi'gin,"n. Israeli statesman (born in Russia) who (as prime minister of Israel) negotiated a peace treaty with Anwar Sadat (then the president of Egypt) (1913-1992)
v. have a beginning, in a temporal, spatial, or evaluative sense
v. set in motion, cause to start
v. begin to speak or say","v. 开始
[计] 开始",v:100,5,1,zk gk,193,164,begin
beginning,beginning,bi'giniŋ,"n. the event consisting of the start of something
n. the time at which something is supposed to begin
n. the first part or section of something
n. the place where something begins, where it springs into being",n. 开始,n:100,3,1,gk cet4 cet6 ky ielts,1242,1200,beginning
behalf,behalf,bi'hɑ:f,"n. as the agent of or on someone's part (usually expressed as ""on behalf of"" rather than ""in behalf of""); 
n. for someone's benefit (usually expressed as `in behalf' rather than `on behalf' and usually with a possessive)","n. 利益, 方面",i:69/n:31,3,1,gk cet4 cet6 ky toefl ielts,4681,4434,behalf
behave,behave,bi'heiv,"v. behave in a certain manner
v. behave well or properly","vi. 举止端正, 行为规矩
vt. 检点(自己的)行为, 使表现好",v:100,3,1,gk cet4 cet6 ky toefl ielts,2463,3660,behave
behaviour,behaviour,bi'heivjә,"n the action or reaction of something (as a machine or substance) under specified circumstances
n (behavioral attributes) the way a person behaves toward other people
n (psychology) the aggregate of the responses or reactions or movements made by an organism in any situation
n manner of acting or controlling yourself","n. 行为, 举止
[计] 特性, 性能, 特点, 行为, 动作, 状态",,4,1,zk gk toefl,787,10352,behaviour
behind,behind,bi'haind,"s. having the lower score or lagging position in a contest
r. in or to or toward the rear
r. remaining in a place or condition that has been left or departed from
r. of timepieces","adv. 在后地
prep. 在...背后",i:84/r:15/n:1,5,1,zk gk,489,421,behind
being,being,'bi:iŋ,n. the state or fact of existing,"n. 存在, 性质, 生命, 人, 生物, be的现在分词",n:100,3,0,gk cet4 ky,1956,1676,being
Belgium,belgium,'beldʒәm,n. a monarchy in northwestern Europe; headquarters for the European Union and for the North Atlantic Treaty Organization,n. 比利时,,0,0,gk,4510,0,belgium
belief,belief,bi'li:f,n. any cognitive content held as true,"n. 信念, 相信, 信仰",n:100,3,1,gk cet4 ky toefl,1291,1378,belief
believe,believe,bi'li:v,"v. accept as true; take to be true
v. be confident about something
v. follow a credo; have a faith; be a believer
v. credit with veracity",v. 相信,v:100,5,1,zk gk,252,212,believe
bell,bell,bel,"n. a hollow device made of metal that makes a ringing sound when struck
n. the sound of a bell being struck
n. (nautical) each of the eight half-hour units of nautical time signaled by strokes of a ship's bell; eight bells signals 4:00, 8:00, or 12:00 o'clock, either a.m. or p.m.
n. the shape of a bell","n. 铃, 钟
[计] 响铃命令",v:1/n:99,3,1,zk gk,2829,2646,bell
belly,belly,'beli,"n. a protruding abdomen
n. a part that bulges deeply
n. the hollow inside of something
n. the underpart of the body of certain vertebrates such as snakes or fish","n. 腹部, 食欲
vt. 使鼓起
vi. 鼓起, 匍匐前进",v:2/n:98,2,0,gk ky ielts,5691,3805,belly
belong,belong,bi'lɒŋ,"v. be owned by; be in the possession of
v. be suitable or acceptable
v. be in the right place or situation
v. be rightly classified in a class or category","vi. 属于, 合适",v:100,3,1,gk cet4 ky toefl,1475,1639,belong
below,below,bi'lәu,"r. in or to a place that is lower
r. at a later place
r. (in writing) see below","prep. 在下面
adv. 在下面",i:41/r:59,4,1,zk gk toefl,1136,1450,below
belt,belt,belt,"n. endless loop of flexible material between two rotating shafts or pulleys
n. a band to tie or buckle around the body (usually at the waist)
n. an elongated region where a specific condition or characteristic is found
n. ammunition (usually of small caliber) loaded in flexible linked strips for use in a machine gun","n. 带子, 地带
[医] 带, 腰带, 束带, 地带, 区",v:5/n:95,3,1,gk cet4 ky toefl,2870,2430,belt
bench,bench,bentʃ,"n. a long seat for more than one person
n. the magistrate or judge or judges sitting in court in judicial capacity to compose the court collectively
n. the reserve players on a team
n. (law) the seat for judges in a courtroom","n. 长椅子
[机] 台",v:3/n:97,2,0,gk cet4 cet6 ky gre,2942,2782,bench
bend,bend,bend,"n. a circular segment of a curve
n. curved segment (of a road or river or railroad track etc.)
n. a town in central Oregon at the eastern foot of the Cascade Range
n. diagonal line traversing a shield from the upper right corner to the lower left","vi. 变弯曲, 屈服
vt. 使弯曲, 使屈服
n. 弯曲",n:12/v:88,3,1,gk cet4 cet6 ky toefl ielts gre,2445,2194,bend
beneath,beneath,bi'ni:θ,r in or to a place that is lower,"prep. 在...下方
adv. 在...下方",i:95/r:5,3,1,gk cet4 ky toefl,1890,1977,beneath
beneficial,beneficial,.beni'fiʃәl,s. promoting or enhancing well-being,"a. 有益的, 受益的
[经] 有使用权的, 可享利益的",j:100,2,0,gk cet4 ky toefl ielts,4578,4991,beneficial
benefit,benefit,'benifit,"n. financial assistance in time of need
n. something that aids or promotes well-being
n. a performance to raise money for a charitable cause
v. be beneficial for","n. 利益
vt. 有益于
vi. 受益",v:25/n:75,4,1,gk cet4 cet6 ky toefl ielts,656,812,benefit
bent,bent,bent,"n. a relatively permanent inclination to react in a particular way
n. grass for pastures and lawns especially bowling and putting greens
n. an area of grassland unbounded by fences or hedges
n. a special way of doing something","a. 弯曲的, 决心的
n. 爱好
bend的过去式和过去分词",j:90/n:10,2,1,gk toefl ielts gre,14388,12145,bent
beside,beside,bi'said,"n. At the side of; on one side of.
n. Aside from; out of the regular course or order of; in a
   state of deviation from; out of.
n. Over and above; distinct from; in addition to.
adv. On one side.
adv. More than that; over and above; not included in the
   number, or in what has been mentioned; moreover; in addition.",prep. 在旁边,i:99/r:1,3,1,zk gk,1623,1981,beside
besides,besides,bi'saidz,"r. making an additional point; anyway; besides, we can't afford it""
r. in addition","prep. 除...之外
adv. 而且, 此外",i:38/r:62,3,0,zk gk cet4 ky toefl,3848,3012,besides
betray,betray,bi'trei,"v. reveal unintentionally
v. deliver to an enemy by treachery","vt. 出卖, 背叛, 辜负, 暴露
[法] 出卖, 背叛, 泄漏",v:100,2,0,gk cet4 cet6 ky toefl ielts gre,6030,4974,betray
better,better,'betә,"n. something superior in quality or condition or effect
n. a superior person having claim to precedence
n. the superior one of two alternatives
v. surpass in excellence","a. 较好的
adv. 比较好",r:47/j:51/v:1/n:1,5,1,gk ielts,704,452,better
between,between,bi'twi:n,"r. in the interval
r. in between",prep. 在...之间,i:98/r:1/j:1,5,1,zk gk,97,140,between
beyond,beyond,bi'jɒnd,"r. farther along in space or time or degree
r. on the farther side from the observer
r. in addition","prep. 超过, 在那一边, 迟于
adv. 在远处
n. 更远处",i:90/r:10,4,1,zk gk cet4 ky,944,746,beyond
bicycle,bicycle,'baisikl,"n. a wheeled vehicle that has two wheels and is moved by foot pedals
v. ride a bicycle",n. 自行车,v:10/n:90,2,1,zk gk cet4 ky ielts,5312,4366,bicycle
bid,bid,bid,"n. an attempt to get something
n. a formal proposal to buy at a specified price
n. (bridge) the number of tricks a bridge player is willing to contract to make
v. ask for or request earnestly","n. 出价
v. 命令, 吩咐, 请求, 表示, 宣布, 投标",v:36/n:64,4,1,gk cet6 ky ielts gre,2359,4069,bid
big,big,big,"s. significant
s. loud and firm
s. conspicuous in position or importance
s. prodigious","a. 大的, 重要的
adv. 大量地",r:1/j:99,5,1,zk gk,260,162,big
bill,bill,bil,"n. a statute in draft before it becomes law
n. an itemized statement of money owed for goods shipped or services rendered
n. a piece of paper money (especially one issued by a central bank)
n. the entertainment offered at a public presentation","n. 帐单, 清单, 钞票, 鸟嘴, 广告, 法案, 票据
vt. 开帐单, (用招贴)宣布",v:5/n:95,4,1,zk gk cet4 ky toefl ielts,837,8026,bill
billion,billion,'biljәn,"n. the number that is represented as a one followed by 12 zeros; in the United Kingdom the usage followed in the United States is frequently seen
n. the number that is represented as a one followed by 9 zeros
s. denoting a quantity consisting of one thousand million items or units in the United States
s. denoting a quantity consisting of one million million items or units in Great Britain","num. 十亿, 十亿个",m:100,5,0,gk cet4 cet6 ky toefl,1829,612,billion
bingo,bingo,'biŋgәu,n a game in which numbered balls are drawn at random and players cover the corresponding numbers on their cards,"n. 宾戈(一种赌博游戏), 烈酒",n:100,1,0,gk,12087,15245,bingo
biochemistry,biochemistry,.baiәu'kemistri,n. the organic chemistry of compounds and processes occurring in organisms; the effort to understand biology within the context of chemistry,"n. 生物化学
[化] 生物化学; 生化",n:100,1,0,gk toefl,16248,17884,biochemistry
biography,biography,bai'ɒgrәfi,n. an account of the series of events making up a person's life,n. 传记,n:100,2,0,gk ky toefl ielts,5647,4875,biography
biology,biology,bai'ɒlәdʒi,"n. the science that studies living organisms
n. characteristic life processes and phenomena of living organisms","n. 生物学
[化] 生物; 生物学",n:100,2,1,gk cet4 ky ielts,5388,4226,biology
bird,bird,bә:d,"n. warm-blooded egg-laying vertebrates characterized by feathers and forelimbs modified as wings
n. the flesh of a bird or fowl (wild or domestic) used as food
v. watch and study birds in their natural habitat","n. 鸟, 羽毛球
vi. 打鸟",n:100,4,1,zk gk,1072,1122,bird
birdcage,birdcage,'bә:dkeidʒ,n. a cage in which a bird can be kept,n. 鸟笼,n:100,0,0,gk,44688,32730,birdcage
birth,birth,bә:θ,"n. the time when something begins (especially life)
n. the event of being born
n. a baby born; an offspring","n. 出生, 起源
[医] 生产, 分娩",v:2/n:98,3,1,zk gk cet4 ky ielts,1590,1499,birth
birthday,birthday,'bә:θdei,"n. an anniversary of the day on which a person was born (or the celebration of it)
n. the date on which a person was born",n. 生日,n:100,3,1,zk gk,2488,2433,birthday
birthplace,birthplace,'bә:θpleis,"n. the place where someone was born
n. where something originated or was nurtured in its early existence",n. 诞生地,n:100,1,0,gk,11609,11526,birthplace
biscuit,biscuit,'biskit,n. small round bread leavened with baking-powder or soda,"n. 饼干
[化] 素坯; 饼干",n:100,2,1,zk gk cet4 ky,4203,8068,biscuit
bishop,bishop,'biʃәp,"n. a senior member of the Christian clergy having spiritual and administrative authority; appointed in Christian churches to oversee priests or ministers; considered in some churches to be successors of the twelve Apostles of Christ
n. port wine mulled with oranges and cloves
n. (chess) a piece that can be moved diagonally over unoccupied squares of the same color","n. 主教, (国际象棋中的)象, 热果子酒",n:100,0,0,gk cet6,2221,3437,bishop
bit,bit,bit,"n. a small fragment of something broken off from the whole
n. piece of metal held in horse's mouth by reins and used to control the horse while riding
n. a unit of measurement of information (from binary + digit); the amount of information in a system having two equiprobable states
n. the part of a key that enters a lock and lifts the tumblers","n. 少量, 马嚼子, 辅币
vt. 给马上嚼子, 控制
bite的过去式和过去分词
[计] 比特, 二进制数位, 机内测试",r:44/n:56,5,1,zk gk gre,585,952,bit
bite,bite,bait,"n. a wound resulting from biting by an animal or a person
n. a light informal meal
n. (angling) an instance of a fish taking the bait
n. the act of gripping or chewing off with the teeth and jaws","n. 咬, 一口
v. 咬, 刺痛, 穿透",n:42/v:58,5,1,gk cet4 ky toefl ielts,3294,3153,bite
bitter,bitter,'bitә,"n. English term for a dry sharp-tasting ale with strong flavor of hops (usually on draft)
n. the taste experience when quinine or coffee is taken into the mouth
v. make bitter
s. very difficult to accept or bear","a. 苦的, 痛苦的, 怀恨的
adv. 刺骨
v. (使)变苦",j:97/n:3,3,1,zk gk cet4 ky toefl ielts,3095,3580,bitter
black,black,blæk,"n. the quality or state of the achromatic color of least lightness (bearing the least resemblance to white)
n. British chemist who identified carbon dioxide and who formulated the concepts of specific heat and latent heat (1728-1799)
n. popular child actress of the 1930's (born in 1928)
n. a person with dark skin who comes from Africa (or whose ancestors came from Africa)","n. 黑色, 黑颜料
a. 黑色的",j:88/v:2/n:10,5,1,zk gk ielts,426,253,black
blackboard,blackboard,'blækbɒ:d,n. sheet of slate; for writing with chalk,n. 黑板,n:100,1,0,zk gk,11944,13322,blackboard
blame,blame,bleim,"n. a reproach for some lapse or misdeed
v. put or pin the blame on
v. harass with constant criticism
v. attribute responsibility to","n. 过失, 责备
vt. 责备, 归咎于",n:18/v:82,4,1,gk cet4 cet6 ky toefl ielts,2043,1797,blame
blank,blank,blæŋk,"n. a piece of material ready to be made into something
n. a cartridge containing an explosive charge but no bullet
v. keep the opposing (baseball) team from winning
s. (of a surface) not written or printed on","n. 空格, 空白
a. 空白的, 空虚的, 完全的, 无色的
vi. 消失, 成为空白
vt. 使无效, 取消, 封锁
[计] 空白",r:3/j:76/v:6/n:15,2,1,gk cet4 ky ielts,4310,4578,blank
blanket,blanket,'blæŋkit,"n. bedding that keeps a person warm in bed
n. anything that covers
n. a layer of lead surrounding the highly reactive core of a nuclear reactor
v. cover as if with a blanket","n. 毛毯, 毯子
vt. 掩盖, 覆盖
a. 总共的",v:8/n:92,2,0,gk cet4 ky toefl ielts,3938,3306,blanket
bleed,bleed,bli:d,"v. draw blood
v. get or extort (money or other possessions) from someone
v. drain of liquid or steam","vi. 流血, 悲痛, 渗出
vt. 使出血, 榨取",v:100,2,0,gk cet4 cet6 ky toefl ielts,6460,5218,bleed
bless,bless,bles,"v. give a benediction to
v. confer prosperity or happiness on
v. make the sign of the cross over someone in order to call on God for protection; consecrate","vt. 祝福, 祈佑, 使神圣化",v:100,2,0,gk cet4 cet6 ky ielts,5280,4161,bless
blind,blind,blaind,"n. people who have severe visual impairments, considered as a group
n. a hiding place sometimes used by hunters (especially duck hunters)
n. a protective covering that keeps things out or hinders sight
v. render unable to see","n. 蒙蔽物, 窗帘
a. 盲目的, 瞎的, 不加思考的
vt. 使失明, 蒙蔽, 遮暗
adv. 盲目地",n:12/j:75/v:13,3,1,zk gk cet4 cet6 ky ielts,2926,2716,blind
block,block,blɒk,"n. a solid piece of something (usually having flat rectangular sides)
n. a rectangular area in a city surrounded by streets and usually containing several buildings
n. a three-dimensional shape with six square or rectangular sides
n. a number or quantity of related things dealt with as a unit","n. 街区, 木块, 石块, 块
vt. 阻塞, 封锁, 使成块状
[计] 块, 数据块",v:33/n:67,4,1,gk toefl ielts,1641,1314,block
blood,blood,blʌd,"n. the fluid (red in vertebrates) that is pumped through the body by the heart and contains plasma, blood cells, and platelets
n. temperament or disposition
n. people viewed as members of a group
v. smear with blood, as in a hunting initiation rite, where the face of a person is smeared with the blood of the kill","n. 血, 血统, 流血, 气质, 生命
vt. 使出血, 用血涂",v:1/n:99,4,1,zk gk cet4 ky ielts,980,692,blood
blouse,blouse,blauz,n. a top worn by women,n. 宽松的上衣,n:100,1,0,gk cet6 ky ielts,8160,6586,blouse
blow,blow,blәu,"n. a powerful stroke with the fist or a weapon
n. an impact (as from a collision)
n. forceful exhalation through the nose or mouth
v. exhale hard","n. 吹, 打击, 殴打, 花开
v. 吹, 风吹, 吹响, 开花",n:22/v:78,3,1,zk gk toefl,1822,1414,blow
blue,blue,blu:,"n. blue color or pigment; resembling the color of the clear sky in the daytime
n. blue clothing
n. any organization or party whose uniforms or badges are blue
n. any of numerous small butterflies of the family Lycaenidae","n. 蓝色
a. 蓝色的, 下流的, 忧郁的
vt. 染成蓝色
vi. 变蓝",j:86/v:1/n:13,5,1,gk gre,1083,842,blue
board,board,bɒ:d,"n. a committee having supervisory powers
n. a stout length of sawn timber; made in a wide variety of sizes and used for many purposes
n. a flat piece of material designed for a special purpose
n. food or meals in general","n. 木板, 甲板, 膳食, 会议桌
vt. 乘船, 供膳食, 用板覆盖
vi. 搭伙
[计] 板",v:8/n:92,4,1,zk gk cet4 cet6 ky toefl ielts,611,667,board
boat,boat,bәut,"n. a small vessel for travel on water
v. ride in a boat on water","n. 船
vi. 乘船
vt. 以船运",v:2/n:98,4,1,zk gk ielts,1303,1231,boat
boating,boating,'bәutiŋ,n. water travel for pleasure,n. 划船,n:100,1,0,gk,21636,15104,boating
boil,boil,bɒil,"n. a painful sore with a hard core filled with pus
v. come to the boiling point and change from a liquid to vapor
v. immerse or be immersed in a boiling liquid, often for cooking purposes
v. bring to, or maintain at, the boiling point","n. 煮沸, 沸腾, 疖
v. 煮沸, 激动",n:36/v:64,3,1,gk cet4 ky toefl ielts,4944,4258,boil
bomb,bomb,bɒm,n. an explosive device fused to explode under specific conditions,"n. 炸弹
vt. 轰炸, 投弹于
vi. 失败",v:23/n:77,4,1,gk cet4 cet6 ky,2266,1992,bomb
bond,bond,bɒnd,"n. a certificate of debt (usually interest-bearing or discounted) that is issued by a government or corporation in order to raise money; the issuer is required to pay a fixed sum annually until maturity and then a fixed sum to repay the principal
n. a superior quality of strong durable white writing paper; originally made for printing documents
n. United States civil rights leader who was elected to the legislature in Georgia but was barred from taking his seat because he opposed the Vietnam War (born 1940)
n. British secret operative 007 in novels by Ian Fleming","n. 捆绑物, 结合, 债券, 契约, 粘合剂, 保证人, 键, 关栈保留
vt. 存入关栈, 使黏合
vi. 结合",v:14/n:86,4,0,gk cet4 cet6 ky toefl ielts,2385,1880,bond
bone,bone,bәun,"n. rigid connective tissue that makes up the skeleton of vertebrates
n. the porous calcified substance from which bones are made
n. a shade of white the color of bleached bones
v. remove the bones from","n. 骨头, 骨, 骨制品
vt. 剔骨
vi. 专心致志",v:1/n:99,3,1,gk cet4 ky,1934,1443,bone
bonus,bonus,'bәunәs,"n. anything that tends to arouse
n. an additional payment (or other remuneration) to employees as a means of increasing output","n. 奖金, 红利
[经] 奖金, 红利, 额外补贴",n:100,2,0,gk cet6 ky toefl ielts,3780,4172,bonus
book,book,buk,"n. a written work or composition that has been published (printed on pages bound together)
n. physical objects consisting of a number of pages bound together
n. a collection of playing cards satisfying the rules of a card game
n. a collection of rules or prescribed standards on the basis of which decisions are made","n. 书, 书籍, 帐簿, 名册, 工作簿
v. 登记, 预订
[计] 工作簿",v:2/n:98,5,1,zk gk ielts,235,241,book
bookcase,bookcase,'bukkeis,n. a piece of furniture with shelves for storing books,"n. 书架, 书柜",n:100,1,0,gk ielts,15277,12527,bookcase
bookmark,bookmark,'bukmɑ:k,n. a marker (a piece of paper or ribbon) placed between the pages of a book to mark the reader's place,"n. 书签
[计] 书签",n:100,0,0,gk,27606,20965,bookmark
bookshelf,bookshelf,'bukʃelf,n. a shelf on which to keep books,n. 书架,n:100,1,0,gk ielts,22136,11170,bookshelf
bookshop,bookshop,'bukʃɒp,n. a shop where books are sold,n. 书店,n:100,1,0,gk ielts,6589,21128,bookshop
bookstore,bookstore,'bukstɒ:,n a shop where books are sold,n. 书店,n:100,1,0,gk,33117,6186,bookstore
boom,boom,bu:m,"n. a deep prolonged loud noise
n. a state of economic prosperity
n. a sudden happening that brings good fortune (as a sudden opportunity to make money)
n. a pole carrying an overhead microphone projected over a film or tv set","n. 繁荣, 隆隆声
vi. 急速发展, 发隆隆声
vt. 使兴旺, 发隆隆声",v:16/n:84,3,0,gk ky toefl ielts gre,3920,3171,boom
boot,boot,bu:t,"n. footwear that covers the whole foot and lower leg
n. British term for the luggage compartment in a car
n. protective casing for something that resembles a leg
n. an instrument of torture that is used to heat or crush the foot and leg","n. 长靴, 踢, 解雇, 效用
vt. 使穿靴, 踢, 解雇, 有用
[计] 引导, 自举",v:11/n:89,3,1,gk cet4 ky ielts,2176,2347,boot
booth,booth,bu:θ,"n. a table (in a restaurant or bar) surrounded by two high-backed benches
n. small area set off by walls for special use
n. United States actor and assassin of President Lincoln (1838-1865)
n. a small shop at a fair; for selling goods or entertainment","n. 亭, 摊棚
[经] 货摊, 电话间",n:100,1,0,gk cet4 cet6 ky ielts,9834,4300,booth
border,border,'bɒ:dә,"n. a strip forming the outer edge of something
v. provide with a border or edge
v. lie adjacent to another or share a boundary","n. 边缘, 边境, 边界, 花坛
vt. 在...上镶边, 接近
vi. 接界, 近似
[计] 边框",v:8/n:92,4,1,gk cet4 ky toefl ielts,1789,1344,border
bored,bored,,s. tired of the world,a. 无聊的；烦人的；无趣的,j:100,2,1,gk,4569,5873,bored
boring,boring,'bɒ:riŋ,"n. the act of drilling a hole in the earth in the hope of producing petroleum
s. so lacking in interest as to cause mental weariness","a. 烦人的, 无聊的, 无趣的
[机] 成孔期, 搪孔",j:100,2,1,zk gk toefl gre,4124,4915,boring
born,born,bɒ:n,"n. British nuclear physicist (born in Germany) honored for his contributions to quantum mechanics (1882-1970)
a. brought into existence","a. 天生的
bear的过去分词",j:4/v:96,4,0,zk gk cet4 ky,1206,1088,born
borrow,borrow,'bɒrәu,v. get temporarily,"vt. 借, 借入, 借用
vi. 借
[计] 借位; 借位数",v:100,3,1,zk gk,2639,3214,borrow
boss,boss,bɒs,"n. a person responsible for hiring workers
n. a person who exercises control and makes decisions
s. exceptionally good","n. 老板, 上司, 岩瘤, 浮雕, 母牛
vt. 指挥, 控制, 浮雕",v:3/n:97,4,1,zk gk cet4 ky,2227,2324,boss
botanical,botanical,bә'tænikәl,n. a drug made from part of a plant (as the bark or root or leaves),"a. 植物学的
n. 植物性药材",j:91/n:9,1,0,gk toefl,12570,10006,botanical
botany,botany,'bɒtәni,n. the branch of biology that studies plants,"n. 植物学
[医] 植物学",n:100,1,0,gk toefl gre,15909,20491,botany
both,both,bәuθ,s. (used with count nouns) two considered together; the two,"a. 两者的
adv. 两者都
pron. 两者",r:43/d:57,5,1,zk gk,229,255,both
bottle,bottle,'bɒtl,"n. a glass or plastic vessel used for storing drinks or other liquids; typically cylindrical without handles and with a narrow neck that can be plugged or capped
n. the quantity contained in a bottle
n. a vessel fitted with a flexible teat and filled with milk or formula; used as a substitute for breast feeding infants and very young children
v. store (liquids or gases) in bottles","n. 瓶子, 酒瓶
vt. 装瓶, 抑制, 围困",v:3/n:97,4,1,zk gk,1584,1740,bottle
bottom,bottom,'bɒtәm,"n. the lower side of anything
n. the lowest part of anything
n. the second half of an inning; while the home team is at bat
n. a cargo ship","n. 底部
a. 底部的
vt. 给...装底, 查明真相
vi. 到达底部, 建立基础",j:32/v:3/n:65,4,1,zk gk cet4 ky,1555,1511,bottom
bounce,bounce,bauns,"n. the quality of a substance that is able to rebound
n. rebounding from an impact (or series of impacts)
v. spring back; spring away from an impact
v. hit something so that it bounces","n. 跳, 跳跃, 弹力, 撞击
vi. 反跳, 弹跳
vt. 使跳回, 撞击
[计] 打回",n:14/v:86,2,0,gk cet4 cet6 ky toefl ielts,4778,3792,bounce
bound,bound,baund,"v. form the boundary of; be contiguous to
a. confined by bonds
a. held with another element, substance or material in chemical or physical union
a. secured with a cover or binding; often used as a combining form","n. 跃, 回跳, 范围, 边界
a. 受约束的, 装有封面的, 有义务的, 关联的, 被束缚的, 准备去...的, 便秘的
vi. 跳跃, 弹起
vt. 使跳, 限制, 形成...的疆界
bind过去式和过去分词
[计] 装订的",v:42/j:11/n:47,3,1,gk cet4 cet6 ky toefl ielts,3174,8004,bound
boundary,boundary,'baundri,"n. the line or plane indicating the limit or extent of something
n. a line determining the limits of an area","n. 边界, 分界线
[计] 边界",n:100,2,0,gk cet4 cet6 ky toefl ielts,2050,2776,boundary
bow,bow,bәu.bau,"n. a knot with two loops and loose ends; used to tie shoelaces
n. a slightly curved piece of resilient wood with taut horsehair strands; used in playing certain stringed instruments
n. front part of a vessel or aircraft
n. a weapon for shooting arrows, composed of a curved piece of resilient wood with a taut cord to propel the arrow","n. 弓, 眼睛框
v. 用弓拉琴, 弯成弓形
n. 鞠躬, 屈服",v:44/n:56,1,0,gk cet4 cet6 ky toefl,4473,4098,bow
bowl,bowl,bәul,"n. a round vessel that is open at the top; used chiefly for holding food or liquids; 
n. a concave shape with an open top
n. a dish that is round and open at the top for serving foods
n. the quantity contained in a bowl","n. 碗, 木球, 大酒杯
v. 滚木球, 快而稳地行驶",v:5/n:95,3,1,zk gk cet4 ky toefl,2707,1829,bowl
bowling,bowling,'bәuliŋ,"n. a game in which balls are rolled at an object or group of objects with the aim of knocking them over or moving them
n. (cricket) the act of delivering a cricket ball to the batsman
n. the playing of a game of tenpins or duckpins etc",n. 保龄球戏,n:100,2,0,gk ky ielts,7372,7944,bowling
box,box,bɒks,"n. a (usually rectangular) container; may have a lid
n. private area in a theater or grandstand where a small group can watch the performance
n. the quantity contained in a box
n. a rectangular drawing","n. 盒子, 箱, 方框, 一巴掌
vt. 装...入盒中, 装箱, 打耳光
vi. 拳击
[计] 方框",v:4/n:96,4,1,zk gk,874,795,box
boxing,boxing,'bɒksiŋ,n. fighting with the fists,"n. 拳击
[医] 围模(牙科)",n:100,2,0,gk,5109,5637,boxing
boy,boy,bɒi,"n. a friendly informal reference to a grown man
n. (ethnic slur) offensive and disparaging term for Black man","n. 男孩
[法] 男孩, 少年, 儿子",n:100,5,1,zk gk,462,382,boy
boycott,boycott,'bɒikɒt,"n. a group's refusal to have commercial dealings with some organization in protest against its policies
v. refuse to sponsor; refuse to do business with","n. 联合抵制
vt. 联合抵制",v:38/n:62,2,0,gk cet6 ky toefl ielts gre,9191,8514,boycott
brain,brain,brein,"n. that part of the central nervous system that includes all the higher nervous centers; enclosed within the skull; continuous with the spinal cord
n. mental ability
n. the brain of certain animals used as meat
v. hit on the head","n. 脑
vt. 打碎脑部",v:1/n:99,4,1,zk gk cet4 ky toefl,1643,1189,brain
brake,brake,breik,"n. a restraint used to slow or stop a vehicle
n. any of various ferns of the genus Pteris having pinnately compound leaves and including several popular houseplants
n. an area thickly overgrown usually with one kind of plant
n. anything that slows or hinders a process","n. 刹车, 阻碍, 丛林
v. 刹车",v:20/n:80,2,0,gk cet4 ky ielts gre,5290,4693,brake
branch,branch,bræntʃ,"n. a division of some larger or more complex organization
n. a division of a stem, or secondary stem arising from the main stem of a plant
n. a part of a forked or branching shape
n. a stream or river connected to a larger one","n. 树枝, 支店, 支流, 分部
vi. 分支, 出枝
vt. 分割, 用枝状叶脉刺绣花纹装饰
[计] 分支, 目录分支",v:6/n:94,3,1,gk cet4 ky ielts,1178,1807,branch
brand,brand,brænd,"n. a recognizable kind
n. identification mark on skin, made by burning
n. a piece of wood that has been burned or is burning
v. burn with a branding iron to indicate ownership; of animals","n. 商标, 牌子, 烙印
vt. 打烙印于",v:12/n:88,3,1,gk cet4 cet6 ky ielts gre,3387,2570,brand
brave,brave,breiv,"n. a North American Indian warrior
n. people who are brave
a. possessing or displaying courage; able to face and deal with danger or fear without flinching
s. brightly colored and showy","a. 勇敢的, 美好的, 华丽的
n. 勇敢者
vt. 勇敢地面对",n:4/j:83/v:13,3,1,zk gk cet4 ky,3800,4854,brave
bravery,bravery,'breivәri,"n a quality of spirit that enables you to face danger or pain without showing fear
n feeling no fear",n. 勇敢,n:100,1,0,gk,11705,12303,bravery
bread,bread,bred,"n. food made from dough of flour or meal and usually raised with yeast or baking powder and then baked
v. cover with bread crumbs","n. 面包, 生计, 食物
vt. 裹以面包屑",v:1/n:99,3,1,zk gk,2292,2113,bread
break,break,breik,"n. an unexpected piece of good luck
n. the occurrence of breaking
n. an abrupt change in the tone or register of the voice (as at puberty or due to emotion)
n. the opening shot that scatters the balls in billiards or pool","n. 休息, 中断, 破裂处, 绝交, 破晓, 突变
vt. 打破, 弄破, 弄坏, 破坏, 违反, 打断, 削弱, 放弃
vi. 破碎, 决裂, 破晓, 突变, 变弱, 暂停
n. 分隔符
[计] 分隔符; 中断; DOS内部命令:设定扫描中断按键的时机",n:34/v:66,5,1,zk gk ielts,519,494,break
breakfast,breakfast,'brekfәst,"n. the first meal of the day (usually in the morning)
v. eat an early morning meal
v. provide breakfast for",n. 早餐,v:4/n:96,3,1,zk gk ielts,2019,2382,breakfast
breakthrough,breakthrough,'breikθru:,"n. making an important discovery
n. a penetration of a barrier such as an enemy's defense","n. 突破
[经] 突破, 新发现, 新进展",n:100,0,0,gk ielts,6455,5308,breakthrough
breast,breast,brest,"n. the front of the trunk from the neck to the abdomen
n. either of two soft fleshy milk-secreting glandular organs on the chest of a woman
n. meat carved from the breast of a fowl
n. the part of an animal's body that corresponds to a person's chest","n. 胸部, 乳房, 胸怀
vt. 以胸对着, 面对",v:1/n:99,3,1,gk cet4 cet6 ky,2793,1652,breast
breath,breath,breθ,"n. the process of taking in and expelling air during breathing
n. the air that is inhaled and exhaled in respiration
n. a short respite
n. a slight movement of the air","n. 呼吸, 气息, 瞬间
[医] 呼气, 呵气, 口气, 呼吸",v:2/n:98,3,1,zk gk cet4 ky toefl,1768,1628,breath
breathe,breathe,bri:ð,"v. draw air into, and expel out of, the lungs
v. be alive
v. impart as if by breathing
v. allow the passage of air through","vi. 呼吸, 生存, 低语
vt. 呼吸, 使喘息, 发散, 低声说",v:100,3,1,zk gk cet4 ky toefl,2434,2264,breathe
breathless,breathless,'breθlis,"a. not breathing or able to breathe except with difficulty
s. tending to cause suspension of regular breathing
s. appearing dead; not breathing or having no perceptible pulse","a. 喘不过气来的, 屏气的, 气喘吁吁的, 无风的, 死的",j:100,1,0,gk toefl,8961,10896,breathless
brewery,brewery,'bru:әri,n. a plant where beer is brewed by fermentation,"n. 啤酒厂, 酿酒厂
[经] 酿造所",n:100,1,0,gk,5781,15159,brewery
brick,brick,brik,"n. rectangular block of clay baked by the sun or in a kiln; used as a building or paving material
n. a good fellow; helpful and trustworthy","n. 砖块, 积木
a. 用砖做的
vt. 用砖造, 用砖砌",n:100,2,1,gk cet4 ky toefl,2814,3315,brick
bride,bride,braid,"n. a woman who has recently been married
n. a woman participant in her own marriage ceremony",n. 新娘,n:100,2,0,gk ky,5104,4871,bride
bridegroom,bridegroom,'braidgrum,"n a man who has recently been married
n a man participant in his own marriage ceremony",n. 新郎,n:100,0,0,gk cet6,16663,24066,bridegroom
bridge,bridge,bridʒ,"n. a structure that allows people or vehicles to cross an obstacle such as a river or canal or railway etc.
n. a circuit consisting of two branches (4 arms arranged in a diamond configuration) across which a meter is connected
n. something resembling a bridge in form or function
n. the hard ridge that forms the upper part of the nose","n. 桥, 舰桥, 桥梁, 桥牌
vt. 架桥于, 跨越
[计] 桥, 网桥, 桥接器",v:10/n:90,4,1,zk gk ielts,1434,1687,bridge
brief,brief,bri:f,"n. a document stating the facts and points of law of a client's case
n. a condensed written summary or abstract
v. give essential information to someone
s. of short duration or distance","n. 摘要, 简报
a. 简短的, 短暂的
vt. 对...作简报, 摘要, 节录",n:8/r:3/j:77/v:12,4,1,gk cet4 ky toefl,1863,2146,brief
bright,bright,brait,"a. emitting or reflecting light readily or in large amounts
s. having striking color
s. characterized by quickness and ease in learning
s. having lots of light either natural or artificial","a. 明亮的, 聪明的, 鲜明的, 欢快的
adv. 明亮地, 欢快地",j:100,4,1,zk gk,1526,1308,bright
brilliant,brilliant,'briljәnt,"s. of surpassing excellence
s. characterized by grandeur
s. full of light; shining intensely","a. 光辉的, 灿烂的, 有才气的
[机] 亮的",j:100,3,1,gk cet4 ky ielts,2429,3159,brilliant
bring,bring,briŋ,"v. take something or somebody with oneself somewhere
v. cause to come into a particular state or condition
v. cause to happen or to occur as a consequence
v. go or come after and bring or take back","vt. 带来, 产生, 促使, 提出
vi. 生产",v:100,5,1,zk gk ielts,195,215,bring
Britain,britain,'britәn,n a monarchy in northwestern Europe occupying most of the British Isles; divided into England and Scotland and Wales and Northern Ireland; `Great Britain' is often used loosely to refer to the United Kingdom,n. 英国,,0,0,gk ielts,365,0,britain
British,british,'britiʃ,"n. the people of Great Britain
a. of or relating to or characteristic of Great Britain or its people or culture","a. 英国的
n. 英国人, 英国英语",j:100,0,0,gk ielts,24056,1183,british
broad,broad,brɒ:d,"n. slang term for a woman
s. not detailed or specific
s. lacking subtlety; obvious
s. being at a peak or culminating point","a. 宽广的, 辽阔的, 广大的, 显著的
adv. 宽阔地
n. 宽阔部分",j:99/n:1,4,1,gk cet4 ky,1462,1404,broad
broadcast,broadcast,'brɒ:dkæst,"n. message that is transmitted by radio or television
n. a radio or television show
v. sow over a wide area, especially by hand","n. 广播, 传播
a. 广播的
v. 广播
adv. 经广播, 四散地
[计] 广播命令, 广播",v:38/j:2/n:60,3,1,gk cet4 ky toefl,5111,3617,broadcast
brochure,brochure,'brәuʃә,n a small book usually having a paper cover,"n. 小册子, 小册",n:100,2,0,gk ky toefl ielts gre,4759,6585,brochure
broken,broken,'brәukәn,"a. physically and forcibly separated into pieces or cracked or split
a. not continuous in space, time, or sequence or varying abruptly
s. subdued or brought low in condition or status
a. (especially of promises or contracts) having been violated or disregarded","a. 坏掉的, 打破的, 断掉的
break的过去分词",j:100,1,1,gk cet4,2747,2694,broken
broom,broom,bru:m,"n. a cleaning implement for sweeping; bundle of straws or twigs attached to a long handle
n. any of various shrubs of the genera Cytisus or Genista or Spartium having long slender branches and racemes of yellow flowers
v. finish with a broom","n. 扫帚, 金雀花
vt. 扫除",n:100,1,0,gk cet4 cet6 ky,9809,9418,broom
brother,brother,'brʌðә,"n. a male with the same parents as someone else
n. a male person who is a fellow member (of a fraternity or religion or other group)
n. used as a term of address for those male persons engaged in the same movement
n. (Roman Catholic Church) a title given to a monk and used as form of address",n. 兄弟,n:100,5,1,zk gk,827,614,brother
brotherhood,brotherhood,'brʌðәhud,"n. the kinship relation between a male offspring and the siblings
n. people engaged in a particular occupation
n. the feeling that men should treat one another like brothers","n. 手足情谊, 兄弟关系",n:100,0,0,gk,11836,13702,brotherhood
brown,brown,braun,"n. an orange of low brightness and saturation
n. Scottish botanist who first observed the movement of small particles in fluids now known a Brownian motion (1773-1858)
n. abolitionist who was hanged after leading an unsuccessful raid at Harper's Ferry, Virginia (1800-1859)
v. fry in a pan until it changes color","n. 褐色
a. 褐色的
v. (使)变褐色",n:7/j:86/v:7,5,1,zk gk toefl,2018,1769,brown
brunch,brunch,brʌntʃ,"n. combination breakfast and lunch; usually served in late morning
v. eat a meal in the late morning",n. 早午餐,v:29/n:71,0,0,gk,36288,13712,brunch
brush,brush,brʌʃ,"n. a dense growth of bushes
n. an implement that has hairs or bristles firmly set into a handle
n. momentary contact
n. conducts current between rotating and stationary parts of a generator or motor","n. 刷子, 毛笔, 争吵
vt. 刷
vi. 擦过, 掠过
[计] 电刷",n:48/v:52,3,1,zk gk,3418,3223,brush
bucket,bucket,'bʌkit,"n. a roughly cylindrical vessel that is open at the top
n. the quantity contained in a bucket
v. put into a bucket
v. carry in a bucket","n. 桶
[计] 存储桶; 桶",n:100,2,0,gk cet4 cet6 ky ielts gre,4494,4812,bucket
Buddhism,buddhism,'budizm,"n. a religion represented by the many groups (especially in Asia) that profess various forms of the Buddhist doctrine and that venerate Buddha
n. the teaching of Buddha that life is permeated with suffering caused by desire, that suffering ceases when desire ceases, and that enlightenment obtained through right conduct and wisdom and meditation releases one from desire and suffering and rebirth",n. 佛教,,1,0,gk cet6,16173,10473,buddhism
Buddhist,buddhist,'budist,"n. one who follows the teachings of Buddha
a. of or relating to or supporting Buddhism","n. 佛教徒
a. 佛教的",j:69/n:31,1,0,gk,15480,8787,buddhist
budget,budget,'bʌdʒit,"n. a sum of money allocated for a particular purpose
n. a summary of intended expenditures along with proposals for how to meet them
v. make a budget","n. 预算
vi. 编预算
vt. 编入预算, 安排
a. 廉价的",v:3/n:97,4,1,gk cet4 cet6 ky toefl ielts gre,1062,1054,budget
buffet,buffet,'bʌfit,"n. a piece of furniture that stands at the side of a dining room; has shelves and drawers
n. a meal set out on a buffet at which guests help themselves
v. strike against forcefully
v. strike, beat repeatedly","n. 自助餐, 小卖部, 碗橱, 殴打, 冲击
vt. 连续打, 冲击, 搏斗
vi. 奋斗",v:19/n:81,1,0,gk ky ielts,7804,8330,buffet
build,build,bild,"v. build or establish something abstract
v. improve the cleansing action of
v. order, supervise, or finance the construction of
v. give form to, according to a plan","v. 建立, 建筑
n. 构造, 体格",n:2/v:98,5,1,zk gk,415,408,build
building,building,'bildiŋ,"n. a structure that has a roof and walls and stands more or less permanently in one place
n. the occupants of a building","n. 建筑物, 建筑
[法] 营造, 建筑, 建筑物",n:100,5,1,zk gk ielts,420,501,building
bun,bun,bʌn,n. small rounded bread either plain or sweet,"n. 小面包
[医] 血液尿素氮",n:100,1,0,gk,8944,8967,bun
bunch,bunch,bʌntʃ,"n. a grouping of a number of similar things
n. any collection in its entirety
v. gather or cause to gather into a cluster","n. 串, 束
[医] 骨肿块(马)",v:7/n:93,3,1,gk cet4 cet6 ky toefl ielts,4503,2658,bunch
bungalow,bungalow,'bʌŋgәlәu,n. a small house with a single story,n. 平房,n:100,1,0,gk ielts,6535,10710,bungalow
burden,burden,'bә:dn,"n. an onerous or difficult concern
n. the central idea that is expanded in a document or discourse
v. weight down with a load","n. 负担, 重载, 担子, 责任
vt. 装货于, 烦扰, 使负担",v:12/n:88,3,0,gk cet4 cet6 ky toefl,2696,2665,burden
bureaucratic,bureaucratic,bjuәrәu'krætik,a. of or relating to or resembling a bureaucrat or bureaucracy,"a. 官僚的
[经] 机僚化的",j:100,0,0,gk,6084,6447,bureaucratic
burglar,burglar,'bә:glә,n. a thief who enters a building with intent to steal,"n. 窃贼
[法] 夜盗, 窃贼, 盗窃者",n:100,1,0,gk cet6 ky toefl ielts,7271,11050,burglar
burial,burial,'beriәl,n. the ritual placing of a corpse in a grave,"n. 埋葬, 葬礼
[法] 埋葬, 葬礼",n:100,1,0,gk cet6 toefl ielts gre,5406,6234,burial
burn,burn,bә:n,"n. pain that feels hot as if it were on fire
n. an injury caused by exposure to heat or chemicals or radiation
n. a place or area that has been burned (especially on a person's body)
n. damage inflicted by fire","vt. 烧, 烧毁, 烧伤
vi. 燃烧, 发热, 烧毁
n. 烧伤, 烙印",n:13/v:87,4,1,zk gk cet4 cet6 ky,1754,1422,burn
burst,burst,bә:st,"n. a sudden flurry of activity (often for no obvious reason)
v. come open suddenly and violently, as if from internal pressure
v. move suddenly, energetically, or violently
v. emerge suddenly","n. 破裂, 突发, 爆发
v. 爆裂, 突发, 充满
[计] 二进制位组; 字符组; 脉冲串",n:33/j:4/v:63,3,1,gk cet4 cet6 ky toefl,3011,3560,burst
bury,bury,'beri,"v. cover from sight
v. place in a grave or tomb
v. place in the earth and cover with soil
v. embed deeply","vt. 埋葬, 埋藏",v:100,3,1,gk cet4 ky,2650,2398,bury
bus,bus,bʌs,"n. a vehicle carrying many passengers; used for public transport
n. a car that is old and unreliable
v. send or move around by bus
v. ride in a bus","n. 公共汽车
[计] 总线; 汇流条; 母线",v:2/n:98,3,1,zk gk ielts,1399,1453,bus
bush,bush,buʃ,"n. a large wilderness area
n. 43rd President of the United States; son of George Herbert Walker Bush (born in 1946)
n. United States electrical engineer who designed an early analogue computer and who led the scientific program of the United States during World War II (1890-1974)
n. vice president under Reagan and 41st President of the United States (born in 1924)","n. 矮树丛
[化] 管衬",v:2/n:98,2,1,gk cet4 ky toefl,2801,34013,bush
business,business,'biznis,"n. a commercial or industrial enterprise and the people who constitute it
n. a rightful concern or responsibility
n. an immediate objective
n. the volume of commercial activity","n. 生意, 事情, 业务, 商业, 商行, 职责
[经] 企业, 商业, 营业",n:100,5,1,zk gk cet4 cet6 ky ielts,215,246,business
businessman,businessman,'biznismæn,n. a person engaged in commercial or industrial business (especially an owner or executive),"n. 商人, 实业家, 工商业家",n:100,3,1,gk,3547,3840,businessman
businesswoman,businesswoman,'bizniswjmæn,n. a female businessperson,"n. 商人, 办理实务的人, 经商者",n:100,1,0,gk,23054,19286,businesswoman
busy,busy,'bizi,"v. keep busy with
a. actively or fully engaged or occupied
s. overcrowded or cluttered with detail
s. crowded with or characterized by much activity","a. 忙碌的, 热闹的, 没空的
vt. 使忙
vi. 忙碌
[计] 忙; 忙碌",j:93/v:7,3,1,zk gk,1753,1924,busy
but,but,bʌt,r and nothing more,"prep. 除了
conj. 但是
adv. 仅仅",i:2/c:98,5,1,zk gk,24,23,but
butcher,butcher,'butʃә,"n. a retailer of meat
n. a brutal indiscriminate murderer
n. a person who slaughters or dresses meat for market
v. kill (animals) usually for food consumption","n. 屠夫, 肉商, 小贩
vt. 屠宰, 屠杀",v:21/n:79,1,0,gk cet4 cet6 ky ielts,8559,8421,butcher
butter,butter,'bʌtә,"n. an edible emulsion of fat globules made by churning milk or cream; for cooking and table use
n. a fighter who strikes the opponent with his head
v. spread butter on","n. 奶油, 黄油
vt. 涂黄油于",v:3/n:97,3,1,zk gk cet4 ky toefl,3403,2402,butter
butterfly,butterfly,'bʌtәflai,"n. diurnal insect typically having a slender body with knobbed antennae and broad colorful wings
n. a swimming stroke in which the arms are thrown forward together out of the water while the feet kick up and down
v. flutter like a butterfly
v. cut and spread open, as in preparation for cooking","n. 蝴蝶
[医] 蝶式棉块, 翼形皮癣, 纸蝶",n:100,2,0,zk gk cet4 ky toefl ielts,5314,4923,butterfly
button,button,'bʌtәn,"n. a round fastener sewn to shirts and coats etc to fit through buttonholes
n. any of various plant parts that resemble buttons
n. a round flat badge displaying information and suitable for pinning onto a garment
n. any artifact that resembles a button","n. 钮扣, 按钮
vi. 扣住
vt. 钉钮扣于, 扣紧
[计] 按钮",v:10/n:90,3,1,gk cet4 cet6 ky,2977,2645,button
buy,buy,bai,"v. obtain by purchase; acquire by means of a financial transaction
v. be worth or be capable of buying
v. acquire by trade or sacrifice or exchange
v. accept as true","vt. 买, 获得
vi. 买
n. 购买, 买得的东西",n:2/v:98,5,1,zk gk,351,397,buy
by,by,bai,r. so as to pass a given point,"prep. 被, 经, 由, 在...之旁
adv. 经过, 在近处",i:97/r:3,5,1,zk gk,20,30,by
bye,bye,bai,n. you advance to the next round in a tournament without playing an opponent,"interj. 再会, 回头见
[计] 结束命令",u:46/n:54,3,1,zk gk,4072,18387,bye
cab,cab,kæb,"n. a compartment at the front of a motor vehicle or locomotive where driver sits
n. small two-wheeled horse-drawn carriage; with two seats and a folding hood
n. a car driven by a person whose job is to take passengers where they want to go in exchange for money","n. 出租车, 出租汽车, 出租马车
vi. 乘出租马车(或汽车)",n:100,2,0,gk ky toefl ielts,4014,4220,cab
cabbage,cabbage,'kæbidʒ,"n. any of various types of cabbage
n. any of various cultivars of the genus Brassica oleracea grown for their edible leaves or flowers","n. 卷心菜
[医] 卷心菜, 甘兰",n:100,2,0,zk gk cet4 ky,8667,6982,cabbage
cafeteria,cafeteria,.kæfi'tiәriә,n. a restaurant where you serve yourself and pay a cashier,"n. 自助餐厅
[经] 自助餐厅",n:100,1,0,gk cet4 cet6 ky ielts,19059,7076,cafeteria
cage,cage,keidʒ,"n. an enclosure made or wire or metal bars in which birds or animals can be kept
n. something that restricts freedom as a cage restricts movement
n. United States composer of avant-garde music (1912-1992)
n. the net that is the goal in ice hockey","n. 笼, 牢房, 战俘营
vt. 关进笼内",v:3/n:97,2,0,gk cet4 cet6 ky,4775,4143,cage
cake,cake,keik,"n. a block of solid substance (such as soap or wax)
n. baked goods made from or based on a mixture of flour, sugar, eggs, and fat","n. 蛋糕, 块, 饼
vt. 使结块, 加块状物于
vi. 结块",v:4/n:96,3,1,zk gk cet4 ky,2309,2540,cake
calculate,calculate,'kælkjuleit,"v. make a mathematical calculation or computation
v. judge to be probable
v. specifically design a product, event, or activity for a certain public","v. 计算, 预测, 计划, 打算",v:100,2,1,gk cet4 ky toefl,2168,3039,calculate
call,call,kɒ:l,"n. a telephone connection
n. a special disposition (as if from a divine source) to pursue a particular course
n. a demand especially in the phrase ""the call of duty""
n. a brief social visit","n. 呼叫, 访问, 打电话, 号召, 召集, 要求
vt. 呼叫, 召集, 打电话
vi. 叫喊, 访问, 叫牌
[计] 调用; 呼叫; DOS内部命令:在批处理文件中调用另一个批处理文件",n:17/v:83,5,1,zk gk ielts,161,122,call
calm,calm,kɑ:m,"v. make calm or still
v. become quiet or calm, especially after a state of agitation
s. not agitated; without losing self-possession
a. (of weather) free from storm or wind","n. 平稳, 风平浪静
a. 平静的, 冷静的
vi. 平静下来, 镇静
vt. 使平静",n:26/j:33/v:41,3,1,gk cet4 cet6 ky toefl,4472,4189,calm
camel,camel,'kæml,n. cud-chewing mammal used as a draft or saddle animal in desert regions,"n. 骆驼, 打捞浮筒",n:100,1,0,zk gk cet4 cet6 ky toefl,7869,6953,camel
camera,camera,'kæmәrә,n. equipment for taking photographs (usually consisting of a lightproof box with a lens at one end and light-sensitive film at the other),"n. 照相机, 摄影机, 密谈室, 暗箱
[计] 摄影",n:100,4,1,zk gk cet4 cet6 ky ielts,2246,949,camera
camp,camp,kæmp,"n. temporary living quarters specially built by the army for soldiers
n. a group of people living together in a camp
n. temporary lodgings in the country for travelers or vacationers
n. a penal institution (often for forced labor)","n. 露营, 帐篷
vi. 露营, 扎营
vt. 使扎营",v:4/j:2/n:94,4,1,zk gk cet4 cet6 ky toefl ielts,2079,1188,camp
campaign,campaign,kæm'pein,"n. a series of actions advancing a principle or tending toward a particular end
n. several related operations aimed at achieving a particular goal (usually within geographical and temporal constraints)
n. an overland journey by hunters (especially in Africa)
v. run, stand, or compete for an office or a position","n. 战役, 运动, 竞选运动
vi. 参加运动, 作战",v:8/n:92,5,1,gk cet4 cet6 ky toefl ielts gre,956,640,campaign
can,can,kæn,"n. airtight sealed metal container for food or drink or paint etc.
n. the quantity contained in a can
n. a buoy with a round bottom and conical top
v. preserve in a can or tin","vt. 装罐
n. 罐头, 容器
aux. 能, 可以
[计] 作废字符",n:2/v:98,2,1,zk gk toefl,35,37,can
Canada,canada,'kænәdә,n. a nation in northern North America; the French were the first Europeans to settle in mainland Canada,n. 加拿大,,0,0,zk gk,2754,0,canada
Canadian,canadian,kә'neidiәn,"n. a native or inhabitant of Canada
n. a river rising in northeastern New Mexico and flowing eastward across the Texas panhandle to become a tributary of the Arkansas River in Oklahoma
a. of or relating to Canada or its people",a. 加拿大的,j:80/n:20,0,0,gk ielts,4556,2638,canadian
canal,canal,kә'næl,"n. (astronomy) an indistinct surface feature of Mars once thought to be a system of channels; they are now believed to be an optical illusion
n. long and narrow strip of water made for boats or for irrigation
v. provide (a city) with a canal","n. 运河, 水道, 管, 沟渠
vt. 开运河",n:100,2,0,gk cet4 cet6 ky toefl ielts,2963,5394,canal
cance,cance,,, [人名] 坎斯,,0,0,gk,0,0,cance
cancel,cancel,'kænsәl,"v. postpone indefinitely or annul something that was scheduled
v. make up for
v. declare null and void; make ineffective
v. make invalid for use","n. 取消, 撤消, 盖销(邮票)
vt. 取消, 删去, 抵销, 盖销
vi. 相互抵销
[计] 作废",v:100,3,1,zk gk cet4 cet6 ky toefl ielts,3183,3915,cancel
candidate,candidate,'kændideit,n. someone who is considered for something (for an office or prize or honor etc.),"n. 候选人, 投考者
[法] 候选, 候补者",n:100,4,1,gk cet4 cet6 ky toefl ielts gre,1227,957,candidate
candle,candle,'kændl,"n. stick of wax with a wick in the middle
n. the basic unit of luminous intensity adopted under the Systeme International d'Unites; equal to 1/60 of the luminous intensity per square centimeter of a black body radiating at the temperature of 2,046 degrees Kelvin
v. examine eggs for freshness by holding them against a light","n. 蜡烛
vt. 对着光检查",n:100,2,0,zk gk cet4 cet6 ky ielts,4173,3928,candle
candy,candy,'kændi,n. a rich sweet made of flavored sugar and often combined with fruit or nuts,"n. 糖果, 冰糖
vt. 用糖煮, 使结晶为砂糖
vi. 结晶为砂糖",v:2/n:98,1,1,zk gk cet4 ky,10657,3446,candy
canteen,canteen,kæn'ti:n,"n. a flask for carrying water; used by soldiers or travelers
n. sells food and personal items to personnel at an institution or school or camp etc.
n. a restaurant outside; often for soldiers or policemen
n. a recreation room in an institution","n. 水壶, 军中俱乐部, 临时流动餐馆, 小卖部",n:100,1,0,gk cet4 cet6 ky ielts,7069,15582,canteen
cap,cap,kæp,"n. a tight-fitting headdress
n. a top (as for a bottle)
n. something serving as a cover or protection
n. a fruiting structure resembling an umbrella or a cone that forms the top of a stalked fleshy fungus such as a mushroom","n. 盖子, 帽子
vt. 戴帽子, 覆盖, 胜过
vi. 脱帽致意
[计] 调用程序分析, 容量, 代码分析程序, 计算机辅助生产, 计算机辅助印刷",v:14/n:86,3,1,zk gk cet4 cet6 ky toefl,2955,2306,cap
capital,capital,'kæpitәl,"n. assets available for use in the production of further assets
n. wealth in the form of money or property owned by a person or business and human resources of economic value
n. a seat of government
n. one of the large alphabetic characters used as the first letter in writing or printing proper names and sometimes for emphasis; capitals were kept in the upper half of the type case and so became known as upper-case letters""","n. 首都, 大写字母, 资本
a. 首都的, 重要的",j:2/n:98,5,1,zk gk cet4 cet6 ky ielts,729,1061,capital
capsule,capsule,'kæpsju:l,"n. a small container
n. a pill in the form of a small rounded gelatinous container with medicine inside
n. a dry dehiscent seed vessel or the spore-containing structure of e.g. mosses
n. a structure that encloses a body part","n. 胶囊, 蒴果, 瓶帽, 航天舱
[化] 胶囊剂",n:100,1,0,gk cet6 ky ielts gre,10031,7480,capsule
captain,captain,'kæptin,"n. an officer holding a rank below a major but above a lieutenant
n. the naval officer in command of a military ship
n. a policeman in charge of a precinct
n. the leader of a group of people","n. 船长, 指挥官, 海军上校, 首领
vt. 率领, 指挥",v:2/n:98,4,1,zk gk cet4 cet6 ky,1680,3347,captain
caption,caption,'kæpʃәn,"n. taking exception; especially a quibble based on a captious argument
n. brief description accompanying an illustration
v. provide with a caption, as of a photograph or a drawing","n. 说明, 字幕, 标题
vt. 加上标题, 加上说明
[计] 标题",v:8/n:92,4,0,gk ielts gre,10185,9117,caption
car,car,kɑ:,"n. a motor vehicle with four wheels; usually propelled by an internal combustion engine
n. a wheeled vehicle adapted to the rails of railroad
n. the compartment that is suspended from an airship and that carries personnel and the cargo and the power plant
n. where passengers ride up and down","n. 汽车, 客车
[机] 车",n:100,5,1,zk gk,247,289,car
carbon,carbon,'kɑ:bәn,"n. an abundant nonmetallic tetravalent element occurring in three allotropic forms: amorphous carbon and graphite and diamond; occurs in all organic compounds
n. a copy made with carbon paper","n. 碳, 副本, 复写纸
[化] 碳",n:100,3,0,gk cet4 cet6 ky toefl ielts,3062,3004,carbon
card,card,kɑ:d,"n. one of a set of small pieces of stiff paper marked in various ways and used for playing games or for telling fortunes
n. a card certifying the identity of the bearer
n. a rectangular piece of stiff paper used to send messages (may have printed greetings or pictures)
n. thin cardboard, usually rectangular","n. 卡片, 纸牌, 节目单, 明信片, 梳棉机
vt. 备置卡片, 记于卡片上, 梳理
[计] 卡片, 卡",v:1/n:99,4,1,zk gk ielts,1035,892,card
care,care,kєә,"n. the work of providing treatment for or attending to someone or something
n. a cause for feeling concern
n. attention and management implying responsibility for safety
n. activity involved in maintaining something in good working order","n. 小心, 照料, 忧虑
vi. 关心, 介意
vt. 在意, 喜欢",v:33/n:67,5,1,zk gk ielts,505,434,care
careful,careful,'kєәful,"a. exercising caution or showing care or attention
s. cautiously attentive
s. unhurried and with care and dignity
s. full of cares or anxiety","a. 小心的, 谨慎的",j:100,4,1,zk gk toefl,1777,1952,careful
careless,careless,'kєәlis,"a. marked by lack of attention or consideration or forethought or thoroughness; not careful
s. effortless and unstudied
s. (usually followed by `of') without due thought or consideration","a. 粗心的, 不关心的, 无忧无虑的",j:100,1,1,zk gk cet4 toefl,7681,9928,careless
carpenter,carpenter,'kɑ:pintә,"n. a woodworker who makes or repairs wooden objects
v. work as a carpenter",n. 木匠,n:100,1,0,gk cet4 cet6 ky toefl ielts gre,9552,8059,carpenter
carpet,carpet,'kɑ:pit,"n. a natural object that resembles or suggests a carpet
v. form a carpet-like cover (over)
v. cover completely, as if with a carpet
v. cover with a carpet","n. 地毯, 地毯状物
vt. 铺以地毯, 铺盖",v:8/n:92,2,1,gk cet4 cet6 ky ielts,2484,4112,carpet
carriage,carriage,'kæridʒ,"n. a vehicle with wheels drawn by one or more horses
n. characteristic way of bearing one's body
n. a machine part that carries something else","n. 马车, 客车, 举止, 运输
[经] 搬运费, 运费",n:100,2,0,gk cet4 cet6 ky toefl,3104,6534,carriage
carrier,carrier,'kæriә,"n. someone whose employment involves carrying something
n. a self-propelled wheeled vehicle designed specifically to carry something
n. an inactive substance that is a vehicle for a radioactive tracer of the same substance and that assists in its recovery after some chemical reaction
n. a person or firm in the business of transporting people or goods or messages","n. 运送者, 邮递员, 带菌者
[计] 载波",n:100,3,0,gk cet4 cet6 ky ielts,3636,3271,carrier
carrot,carrot,'kærәt,"n. deep orange edible root of the cultivated carrot plant
n. perennial plant widely cultivated as an annual in many varieties for its long conical orange edible roots; temperate and tropical regions
n. orange root; important source of carotene
n. promise of reward as in ""carrot and stick"";","n. 胡萝卜
[医] 胡萝卜",n:100,2,1,gk cet4 cet6 ky ielts,6034,4597,carrot
carry,carry,'kæri,"n. the act of carrying something
v. have with oneself; have on one's person
v. serve as a means for expressing something
v. bear or be able to bear the weight, pressure,or responsibility of","n. 进位, 射程, 运载
vt. 携带, 运送, 支持, 传送, 包含
vi. 被携带, 能达到
[计] 进位; 进位数",n:1/v:99,5,1,zk gk ielts,283,487,carry
cartoon,cartoon,kɑ:'tu:n,"n. a humorous or satirical drawing published in a newspaper or magazine
n. a film made by photographing a series of cartoon drawings to give the illusion of movement when projected in rapid sequence
v. draw cartoons of","n. 卡通画, 漫画
v. 画漫画",v:2/n:98,2,0,gk cet6 ky toefl ielts gre,6438,4155,cartoon
carve,carve,kɑ:v,"v. form by carving
v. engrave or cut by chipping away at a surface
v. cut to pieces","v. 雕刻, 切开",v:100,2,0,gk cet4 cet6 ky toefl ielts gre,4931,3803,carve
case,case,keis,"n. an occurrence of something
n. the actual state of things
n. a portable container for carrying several objects
n. a person requiring professional services","n. 情形, 情况, 箱, 容器, 事实, 病例, 案例, 框子
vt. 装箱, 包盖",c:2/v:2/n:96,2,1,gk ielts,139,186,case
cash,cash,kæʃ,"n. money in the form of bills or coins
n. prompt payment for goods or services in currency or by check
n. United States country music singer and songwriter (1932-2003)
v. exchange for cash","n. 现金
vt. 兑现",v:11/n:89,4,1,gk cet4 ky ielts,1204,1722,cash
cast,cast,kɑ:st. kæst,"n. the actors in a play
n. the distinctive form in which a thing is made
n. bandage consisting of a firm covering (often made of plaster of Paris) that immobilizes broken bones while they heal
n. object formed by a mold","n. 演员阵容, 投掷, 铸件, 预测, 特性
vt. 投, 掷, 抛, 脱落, 铸, 使弯曲, 计算
vi. 投, 计算, 浇铸成型",n:24/j:7/v:69,4,1,gk cet4 cet6 ky toefl ielts gre,2328,2035,cast
castle,castle,'kæsl. 'kɑ:sl,"n. a large building formerly occupied by a ruler and fortified against attack
n. (chess) the piece that can move any number of unoccupied squares in a direction parallel to the sides of the chessboard
n. interchanging the positions of the king and a rook
v. move the king two squares toward a rook and in the same move the rook to the square next past the king","n. 城堡, 象棋中的车
vt. 置于城堡中, 盘踞于",n:100,3,1,gk cet4 cet6 ky ielts,1765,5844,castle
casual,casual,'kæʒjuәl,"s. marked by blithe unconcern
s. without or seeming to be without plan or method; offhand
s. appropriate for ordinary or routine occasions
s. occurring or appearing or singled out by chance","a. 偶然的, 不经意的, 便装的
n. 临时工, 待命士兵",j:100,2,0,gk cet4 cet6 ky toefl ielts gre,3781,3955,casual
cat,cat,kæt,"n. feline mammal usually having thick soft fur and no ability to roar: domestic cats; wildcats
n. a spiteful woman gossip
v. beat with a cat-o'-nine-tails","n. 猫, 恶妇
vi. 呕吐
计算机辅助教育, 计算机辅助测试, 计算机辅助翻译, 计算机辅助排版
[计] 计算机辅助教学, 计算机辅助翻译, 计算机辅助排字, 计算机辅助测试",n:100,3,1,zk gk,1712,1775,cat
catalogue,catalogue,'kætәlɒg,"v. make an itemized list or catalog of; classify
v. make a catalogue, compile a catalogue","n. 目录, 大学情况一览
vt. 编入目录",v:15/n:85,2,0,gk cet6 ielts,2710,6793,catalogue
catastrophe,catastrophe,kә'tæstrәfi,"n. a state of extreme (usually irremediable) ruin and misfortune
n. a sudden violent change in the earth's surface","n. 大灾难, 大祸
[化] 突变",n:100,2,0,gk cet6 ky toefl ielts gre,8422,6648,catastrophe
catch,catch,kætʃ,"n. a drawback or difficulty that is not readily evident
n. the quantity that was caught
n. a person regarded as a good matrimonial prospect
n. anything that is caught (especially if it is worth catching)","n. 捕捉, 陷阱, 捕捉之物, 抓, 拉手
vt. 捕捉, 赶上, 感染, 听清楚
vi. 抓住, 燃着",n:9/v:91,4,1,zk gk ielts,681,586,catch
category,category,'kætigәri,n. a general concept that marks divisions or coordinations in a conceptual scheme,"n. 种类, 类项
[计] 分类",n:100,3,1,gk cet6 ky toefl ielts gre,1419,1461,category
cater,cater,'keitә,v. supply food ready to eat; for parties and banquets,"v. 提供饮食及服务, 投合, 迎合",v:100,2,0,gk cet6 ky toefl ielts gre,3809,6945,cater
cathedral,cathedral,kә'θi:drәl,"n. any large and important church
n. the principal Christian church building of a bishop's diocese
a. relating to or containing or issuing from a bishop's office or throne",n. 大教堂,n:100,2,0,gk cet4 cet6 ky toefl ielts gre,2894,7382,cathedral
catholic,catholic,'kæθәlik,"n. a member of a Catholic church
a. of or relating to or supporting Catholicism
s. free from provincial prejudices or attachments","n. 天主教徒
a. 天主教的, 普遍的, 广泛的, 宽宏大量的",j:67/n:33,3,0,gk cet6 ky toefl ielts gre,2595,1757,catholic
cattle,cattle,kætl,n. domesticated bovine animals as a group regardless of sex or age,"n. 牛, 家畜
[法] 家畜",n:100,2,0,gk cet4 cet6 ky ielts,2973,3629,cattle
cause,cause,kɒ:z,"n. events that provide the generative force that is the origin of something
n. a justification for something existing or happening
v. give rise to; cause to happen or occur, not always intentionally","n. 原因, 目标
vt. 引起, 使产生, 使遭受",n:38/v:62,5,1,zk gk cet4 cet6 ky toefl ielts,476,601,cause
caution,caution,'kɒ:ʃәn,"n. the trait of being cautious; being attentive to possible danger
n. a warning against certain acts
n. judiciousness in avoiding harm or danger
v. warn strongly; put on guard","n. 小心, 慎重, 警示
vt. 警告
[计] 警告",v:43/n:57,2,0,gk cet6 ky toefl ielts,4721,5286,caution
cautious,cautious,'kɒ:ʃәs,"a. showing careful forethought; never making swift decisions""
s. avoiding excess","a. 谨慎的, 小心的",j:100,3,0,gk cet4 cet6 ky toefl ielts,5239,5231,cautious
cave,cave,keiv,"n. a geological formation consisting of an underground enclosure with access from the surface of the ground or from the sea
v. hollow out as if making a cave or opening
v. explore natural caves","n. 洞, 穴
vi. 凹陷, 塌落
vt. 挖洞, 使凹陷, 损坏...的基础",v:7/n:93,3,0,gk cet4 cet6 ky ielts,4161,3562,cave
CD,cd,,"n a soft bluish-white ductile malleable toxic bivalent metallic element; occurs in association with zinc ores
n the basic unit of luminous intensity adopted under the Systeme International d'Unites; equal to 1/60 of the luminous intensity per square centimeter of a black body radiating at the temperature of 2,046 degrees Kelvin
n a debt instrument issued by a bank; usually pays interest
n a digitally encoded recording on an optical disk that is smaller than a phonograph record; played back by a laser
s being one hundred more than three hundred","n. 镭射碟, 镭射唱片
[计] 光盘, 压缩盘, 载波检测, DOS内部命令:显示或改变当前目录",,3,1,zk gk ielts,32141,0,cd
ceiling,ceiling,'si:liŋ,"n. the overhead upper surface of a covered space
n. (meteorology) altitude of the lowest layer of clouds
n. an upper limit on what is allowed
n. maximum altitude at which a plane can fly (under specified conditions)","n. 天花板
[经] 顶点, 顶线, 上限",n:100,2,1,zk gk cet4 cet6 ky toefl,2874,2641,ceiling
celebrate,celebrate,'selibreit,v. have a celebration,"v. 庆祝, 祝贺, 举行",v:100,3,1,zk gk cet4 cet6 ky toefl,2443,2019,celebrate
celebration,celebration,.seli'breiʃәn,"n. a joyful occasion for special festivities to mark some happy event
n. any joyous diversion
n. the public performance of a sacrament or solemn ceremony with all appropriate ritual","n. 庆祝, 庆典",n:100,3,1,gk,3379,2996,celebration
cell,cell,sel,"n. any small compartment
n. (biology) the basic structural and functional unit of all organisms; they may exist as independent units of life (as in monads) or may form colonies or tissues as in higher plants and animals
n. a device that delivers an electric current as the result of a chemical reaction
n. a small unit serving as part of or as the nucleus of a larger political movement","n. 单元, 细胞, 电池
[计] 单元",n:100,4,1,gk cet4 cet6 ky toefl,769,895,cell
cellar,cellar,'selә,n. storage space where wines are stored,"n. 地窖, 地下室, 藏酒",n:100,1,0,gk cet4 cet6 ky toefl ielts gre,6029,7671,cellar
cent,cent,sent,n. a fractional monetary unit of several countries,"n. 分
[经] 美分",,2,1,zk gk cet4 cet6 ky,10111,0,cent
centigrade,centigrade,'sentigreid,a. of or relating to a temperature scale on which the freezing point of water is 0 degrees and the boiling point of water is 100 degrees,"a. 百分度的, 摄氏的
[医] 百分度",,0,0,gk cet4 cet6 ky toefl gre,27004,0,centigrade
centimetre,centimetre,"'senti,mi:tә(r)",n a metric unit of length equal to one hundredth of a meter,"n. 厘米, 公分",,1,1,gk cet4 cet6 ky,8893,0,centimetre
central,central,'sentrәl,"n. a workplace that serves as a telecommunications facility where lines from telephones can be connected together to permit communication
a. in or near a center or constituting a center; the inner area","a. 中央的, 重要的
[医] 中央的, 中心的, 中枢的",j:100,5,1,gk cet4 cet6 ky ielts,521,743,central
centre,centre,'sentә,n. a low-lying region in central France,"n. 中心, 中心点, 中锋
a. 中央的, 位在正中的
vt. 集中, 定中心
vi. 居中",,5,1,zk gk cet4 cet6 ky ielts,327,0,centre
century,century,'sentʃuri,n. a period of 100 years,"n. 世纪, 百年",n:100,5,1,zk gk cet4 cet6 ky ielts,407,605,century
ceremony,ceremony,'serimәni,"n. a formal event performed on a special occasion
n. any activity that is performed in an especially solemn elaborate or formal way
n. the proper or conventional behavior on some solemn occasion","n. 典礼, 仪式, 礼节
[法] 典礼, 仪式",n:100,3,1,gk cet4 cet6 ky toefl ielts gre,3313,2670,ceremony
certain,certain,'sә:tәn,"s. definite but not specified or identified
a. having or feeling no doubt or uncertainty; confident and assured
a. established beyond doubt or question; definitely known
a. certain to occur; destined or inevitable","a. 确定的, 某一个的, 必然的
[法] 确凿的, 无疑的, 可靠的",r:2/j:98,3,1,zk gk cet4 ky,440,577,certain
certainly,certainly,'sә:tәnli,r definitely or positively (`sure' is sometimes used informally for `surely'),adv. 确定地,r:100,4,1,gk,540,664,certainly
certificate,certificate,sә'tifikeit,"n. a document attesting to the truth of certain stated facts
v. present someone with a certificate
v. authorize by certificate","n. 证书, 证明书
vt. 发给证明书, 用证书批准, 用证书证明",n:100,2,1,gk cet4 cet6 ky ielts,2341,5237,certificate
chain,chain,tʃein,"n. a series of things depending on each other as if linked together
n. (chemistry) a series of linked atoms (generally in an organic molecule)
n. a series of (usually metal) rings or links fitted into one another to make a flexible ligament
n. (business) a number of similar establishments (stores or restaurants or banks or hotels or theaters) under one ownership","n. 链, 枷锁, 束缚
vt. 用铁练锁住, 束缚, 囚禁",v:6/n:94,3,1,gk cet4 cet6 ky,1835,1805,chain
chair,chair,tʃєә,"n. a seat for one person, with a support for the back
n. a particular seat in an orchestra
v. act or preside as chair, as of an academic department in a university","n. 椅子, 显要的席位, 主席
vt. 使入座, 使就任要职",v:5/n:95,4,1,zk gk ielts,1029,946,chair
chairman,chairman,'tʃєәmәn,"n the officer who presides at the meetings of an organization
v act or preside as chair, as of an academic department in a university","n. 主席, 会长
[经] 主席",n:100,4,1,zk gk cet4 cet6 ky,864,1372,chairman
chairwoman,chairwoman,'tʃєәwumәn,n the officer who presides at the meetings of an organization,"n. 女主席, 女议长",n:100,0,0,gk,26627,15732,chairwoman
chalk,chalk,tʃɒ:k,"n. a soft whitish calcite
n. a pure flat white with little reflectance
n. a piece of calcite or a similar substance, usually in the shape of a crayon, that is used to write or draw on blackboards or other flat surfaces
v. write, draw, or trace with chalk","n. 粉笔, 白垩
vt. 用粉笔写, 记录",v:17/n:83,1,0,zk gk cet4 cet6 ky toefl,5988,9095,chalk
challenge,challenge,'tʃælindʒ,"n. a demanding or stimulating situation
n. a call to engage in a contest or fight
n. questioning a statement and demanding an explanation
n. a formal objection to the selection of a particular person as a juror","n. 挑战, 盘问
vt. 向...挑战, 要求, 怀疑
vi. 挑战, 对(证据等)表示异议",v:34/n:66,4,1,gk cet4 cet6 ky toefl ielts,1506,984,challenge
challenging,challenging,'tʃælindʒiŋ,"s. stimulating interest or thought
s. disturbingly provocative","a. 挑战的, 引起争论的",j:100,2,0,gk ielts,7647,4981,challenging
champion,champion,'tʃæmpiәn,"n. someone who has won first place in a competition
n. someone who fights for a cause
v. protect or fight for as a champion
s. holding first place in a contest","n. 冠军, 拥护者, 战士
vt. 保卫, 拥护
a. 优胜的",v:13/j:2/n:85,4,0,gk cet4 cet6 ky toefl ielts gre,1938,2758,champion
chance,chance,tʃæns. tʃɑ:ns,"n. a risk involving danger
v. be the case by chance","n. 机会, 意外, 可能性
vi. 偶然发生
vt. 冒险",v:1/n:99,5,1,zk gk cet4 ky toefl ielts,617,613,chance
change,change,tʃeindʒ,"n. an event that occurs when something passes from one state or phase to another
n. a relational difference between states; especially between states before and after some event
n. the action of changing something
n. the result of alteration or modification","n. 变化, 找回的零钱, 找头, 更换
vt. 改变, 更换, 兑换",n:48/v:52,5,1,zk gk,226,306,change
changeable,changeable,'tʃeindʒәbl,"a. such that alteration is possible; having a marked tendency to change
s. subject to change
s. varying in color when seen in different lights or from different angles",a. 可改变的,j:100,0,0,gk,20685,21649,changeable
channel,channel,'tʃænәl,"n. a path over which electrical signals can pass
n. a passage for water (or other fluids) to flow through
n. a deep and relatively narrow body of water (as in a river or a harbor or a strait linking two larger bodies) that allows the best passage for vessels
n. (often plural) a means of communication or access","n. 海峡, 航道, 频道
vt. 引导, 在...上挖沟, 形成河道
[计] 信道, 通道",v:15/n:85,4,1,gk cet4 cet6 ky toefl ielts,1617,2518,channel
chant,chant,tʃænt. tʃɑ:nt,"n. a repetitive song in which as many syllables as necessary are assigned to a single tone
v. recite with musical intonation; recite as a chant or a psalm","n. 圣歌, 赞美诗
v. 吟唱, 诵扬",n:35/v:65,2,0,zk gk ielts gre,8567,6880,chant
chaos,chaos,'keiɒs,"n. a state of extreme confusion and disorder
n. the formless and disordered state of matter before the creation of the cosmos
n. (Greek mythology) the most ancient of gods; the personification of the infinity of space preceding creation of the universe
n. (physics) a dynamical system that is extremely sensitive to its initial conditions","n. 大混乱, 混沌
[化] 混沌; 浑沌",n:100,3,0,gk cet4 cet6 ky toefl ielts gre,4091,3727,chaos
chapter,chapter,'tʃæptә,"n. a subdivision of a written work; usually numbered and titled
n. any distinct period in history or in a person's life
n. a local branch of some fraternity or association
n. an ecclesiastical assembly of the monks in a monastery or even of the canons of a church","n. 章, 篇, 重要章节
[计] 章; 段",n:100,4,1,gk cet4 cet6 ky ielts,593,2976,chapter
character,character,'kærәktә,"n. the inherent complex of attributes that determines a persons moral and ethical actions and reactions
n. an actor's portrayal of someone in a play
n. a person of a specified kind (usually with many eccentricities)
n. good repute","n. 个性, 字符, 人物, 性质, 品格, 资格
[计] 字符",n:100,4,1,gk cet4 cet6 ky toefl,805,786,character
characteristic,characteristic,.kærәktә'ristik,"n. a distinguishing quality
n. the integer part (positive or negative) of the representation of a logarithm; in the expression log 643 = 2.808 the characteristic is 2
n. any measurable property of a device measured under closely specified conditions
a. typical or distinctive","n. 特性, 特征, 特色
a. 特性的, 特有的, 有特色的
[计] 阶; 指数",j:13/n:87,3,1,gk cet4 cet6 ky toefl ielts gre,1811,2032,characteristic
charge,charge,tʃɑ:dʒ,"n. an impetuous rush toward someone or something
n. (criminal law) a pleading describing some wrong or offense
n. the price charged for some article or service
n. the quantity of unbalanced electricity in a body (either positive or negative) and construed as an excess or deficiency of electrons","n. 指控, 费用, 冲锋, 电荷, 炸药, 主管, 被托管人, 命令
vt. 控诉, 加罪于, 使充满, 使充电, 使承担
vi. 冲锋, 要价, 收费",i:9/v:35/n:56,5,1,gk cet4 cet6 ky toefl ielts,675,923,charge
chart,chart,tʃɑ:t,"n. a visual display of information
n. a map designed to assist navigation by air or sea
v. make a chart of
v. plan in detail","n. 图表, 海图
vt. 制成图表
[计] 图表",v:14/n:86,3,1,gk cet4 cet6 ky toefl ielts,2961,2743,chart
chat,chat,tʃæt,n. an informal conversation,"n. 闲谈
vi. 闲谈, 聊天",n:37/v:63,3,1,gk ky toefl ielts,4730,5055,chat
cheap,cheap,tʃi:p,"a. relatively low in price or charging low prices
s. embarrassingly stingy","a. 便宜的, 不值钱的, 可鄙的
adv. 便宜地",r:1/j:99,4,1,zk gk,1389,1930,cheap
cheat,cheat,tʃi:t,"n. a deception for profit to yourself
v. deprive somebody of something by deceit
v. defeat someone through trickery or deceit
v. engage in deceitful behavior; practice trickery or fraud","n. 欺骗, 作弊, 骗子
v. 欺骗, 逃脱, 骗取",n:11/v:89,2,1,zk gk cet4 cet6 ky,5936,4369,cheat
check,check,tʃek,"n. a written order directing a bank to pay money
n. the bill in a restaurant
n. the act of inspecting or verifying
n. a mark left after a small piece has been chopped or broken off of something","n. 检查, 支票, 阻止物, 寄物牌, 象棋中将军
vt. 检查, 阻止, 核对, 寄存, 托运
vi. 逐项相符, 开支票
[计] 复选",n:30/v:70,4,1,zk gk toefl ielts gre,997,854,check
cheek,cheek,tʃi:k,"n. either side of the face below the eyes
v. speak impudently to","n. 颊, 厚颜, 脸蛋
[医] 颊",n:100,2,1,gk cet4 cet6 ky,2456,2674,cheek
cheer,cheer,tʃiә,"n. a cry or shout of approval
v. give encouragement to
v. show approval or good wishes by shouting
v. cause (somebody) to feel happier or more cheerful","n. 愉快, 振奋, 欢呼
vi. 欢呼, 喝彩, 快活起来
vt. 使振奋, 欢呼",n:36/v:64,3,0,zk gk cet4 cet6 ky ielts,5070,4621,cheer
cheerful,cheerful,'tʃiәful,"a. being full of or promoting cheer; having or showing good spirits
s. pleasantly (even unrealistically) optimistic","a. 快活的, 高兴的, 兴高采烈的",j:100,2,1,gk cet4 cet6 ielts,5041,7309,cheerful
cheers,cheers,tʃiәz,"n a cry or shout of approval
n the quality of being cheerful and dispelling gloom
v give encouragement to
v show approval or good wishes by shouting
v cause (somebody) to feel happier or more cheerful
v become cheerful
v spur on or encourage especially by cheers and shouts","interj. 干杯, 再见",u:100,0,0,gk,10460,14296,cheers
cheese,cheese,tʃi:z,"n. a solid food prepared from the pressed curd of milk
v. used in the imperative (get away, or stop it)
v. wind onto a cheese","n. 乳酪
[化] 干酪",n:100,3,1,zk gk cet4 ky ielts,2717,2104,cheese
chef,chef,ʃef,n. a professional cook,n. 厨师,n:100,2,0,gk ky toefl gre,6149,3164,chef
chemical,chemical,'kemikl,"n. material produced by or used in a reaction involving changes in atoms or molecules
a. relating to or used in chemistry
a. of or made from or using substances produced by or used in reactions involving atomic or molecular changes","n. 化学药品
a. 化学的, 化学上用的",j:49/n:51,4,1,gk cet4 cet6 ky,2548,2617,chemical
chemist,chemist,'kemist,n. a scientist who specializes in chemistry,"n. 化学家, 药剂师
[化] 化学家; 化学师; 化学工作者; 药剂师; 药房",n:100,2,1,gk cet4 cet6 ky ielts,5034,9185,chemist
chemistry,chemistry,'kemistri,"n. the science of matter; the branch of the natural sciences dealing with the composition of substances and their properties and reactions
n. the chemical composition and properties of a substance or object
n. the way two individuals relate to each other","n. 化学, 化学过程
[化] 化学",n:100,2,1,zk gk cet4 cet6 ky ielts,3555,4736,chemistry
cheque,cheque,tʃek,v. withdraw money by writing a check,n. 支票,n:100,2,1,gk cet4 cet6 ky,2753,31750,cheque
chess,chess,tʃes,"n. weedy annual native to Europe but widely distributed as a weed especially in wheat
n. a board game for two players who move their 16 pieces according to specific rules; the object is to checkmate the opponent's king","n. 国际象棋
[建] 雀麦",n:100,2,0,zk gk cet4 cet6 ky,7065,6948,chess
chest,chest,tʃest,n. box with a lid; used for storage; usually large and sturdy,"n. 胸, 胸部, 衣柜, 箱子
[医] 胸, 胸廓",n:100,3,1,zk gk cet4 cet6 ky toefl ielts,2213,1717,chest
chew,chew,tʃu:,"n. a wad of something chewable as tobacco
n. biting and grinding food in your mouth so it becomes soft enough to swallow
v. chew (food); to bite and grind with the teeth","vt. 咀嚼, 嚼碎
vi. 咀嚼, 细想
n. 咀嚼, 咀嚼物",n:2/v:98,2,1,gk cet4 cet6 ky ielts,5661,4631,chew
chick,chick,tʃik,n. young bird especially of domestic fowl,"n. 小鸡, 小鸟, 竹帘",n:100,2,0,gk,8245,7269,chick
chicken,chicken,'tʃikin,"n. the flesh of a chicken used for food
n. a domestic fowl bred for flesh or eggs; believed to have been developed from the red jungle fowl
n. a foolhardy competition; a dangerous activity that is continued until one competitor becomes afraid and stops
s. easily frightened","n. 小鸡, 鸡肉",v:2/j:2/n:96,3,1,zk gk cet4 cet6 ky,3030,1538,chicken
chief,chief,tʃi:f,s. most important element,"n. 领袖, 酋长, 长官, 主要部分
a. 主要的, 首位的",j:56/n:44,5,1,gk cet4 ky toefl ielts,1283,1446,chief
child,child,tʃaild,"n. a young person of either sex
n. a human offspring (son or daughter) of any age
n. an immature childish person
n. a member of a clan or tribe","n. 孩子, 产物, 追随者
[医] 儿童",n:100,5,1,zk gk ielts,114,115,child
childhood,childhood,'tʃaildhud,"n. the time of person's life when they are a child
n. the state of a child between infancy and adolescence","n. 孩童时期
[医] 儿童期",n:100,3,0,gk cet4 ky,2746,2107,childhood
chimney,chimney,'tʃimni,n. a vertical flue that provides a path through which smoke from a fire is carried away through the wall or roof of a building,"n. 烟囱, 灯罩
[电] 烟囱",n:100,1,0,gk cet4 cet6 ky,5724,8321,chimney
China,china,'tʃainә,"n. a communist nation that covers a vast territory in eastern Asia; the most populous country in the world
n. high quality porcelain originally made only in China","n. 中国, 瓷器
a. 中国的",n:100,2,0,zk gk,1973,7946,china
Chinese,chinese,tʃai'ni:z,"n. any of the Sino-Tibetan languages spoken in China; regarded as dialects of a single language (even though they are mutually unintelligible) because they share an ideographic writing system
n. a native or inhabitant of Communist China or of Nationalist China
a. of or pertaining to China or its peoples or cultures","n. 中文, 中国话, 中国人
a. 中国的, 中国话的",j:96/n:4,0,0,zk gk ielts,2214,1218,chinese
chips,chips,tʃips,"n strips of potato fried in deep fat
n a small fragment of something broken off from the whole
n a triangular wooden float attached to the end of a log line
n a piece of dried bovine dung
n a thin crisp slice of potato fried in deep fat
n a mark left after a small piece has been chopped or broken off of something
n a small disk-shaped counter used to represent money when gambling
n electronic equipment consisting of a small crystal of a silicon semiconductor fabricated to carry out a number of electronic functions in an integrated circuit
n (golf) a low running approach shot
n the act of chipping something
v break off (a piece from a whole)
v cut a nick into
v play a chip shot
v form by chipping
v break a small piece off from",n. 炸土豆条；小木片；（作赌注用的）圆形筹码；缺口（chip的复数形式）,,0,0,gk,0,0,chips
chocolate,chocolate,'tʃɒkәlit,"n. a food made from roasted ground cacao beans
n. a medium brown to dark-brown color","n. 巧克力
a. 巧克力制的",n:100,3,1,zk gk cet4 ky ielts,3142,2636,chocolate
choice,choice,tʃɒis,"n. the person or thing chosen or selected
n. the act of choosing or selecting
s. of superior grade
s. appealing to refined taste","n. 选择, 精选品, 选择权
a. 精选的, 挑三拣四的, 上等的
[计] DOS内部命令:在批处理文件中
该命令用于提示用户作出选择, 决定批处理文件的流程",j:1/n:99,4,1,zk gk cet4 cet6 ky toefl ielts gre,725,630,choice
choir,choir,'kwaiә,"n. a chorus that sings as part of a religious ceremony
n. a family of similar musical instrument playing together
n. the area occupied by singers; the part of the chancel between sanctuary and nave
v. sing in a choir","n. 唱诗班, 唱诗班的席位
v. 合唱",n:100,2,0,gk ielts gre,5092,5331,choir
choke,choke,tʃәuk,"n. a coil of low resistance and high inductance used in electrical circuits to pass direct current and attenuate alternating current
n. a valve that controls the flow of air into the carburetor of a gasoline engine
v. breathe with great difficulty, as when experiencing a strong emotion
v. be too tight; rub or press","vt. 窒息, 阻塞, 噎, 抑制
vi. 窒息, 阻塞, 噎
n. 窒息, 噎, 阻气门",n:13/v:87,2,0,gk cet4 cet6 ky toefl ielts gre,6075,5223,choke
choose,choose,tʃu:z,"v. pick out, select, or choose from a number of alternatives
v. select as an alternative over another
v. see fit or proper to act in a certain way; decide to act in a certain way","vt. 选择, 宁愿, 欲
vi. 作出选择, 愿意
[计] 选取",v:100,4,1,zk gk cet4 ky toefl,594,600,choose
chopsticks,chopsticks,'tʃɒpstiks,n one of a pair of slender sticks used as oriental tableware to eat food with,n. 筷子,n:100,0,0,zk gk,0,17509,chopsticks
chorus,chorus,'kɒ:rәs,"n. any utterance produced simultaneously by a group
n. a group of people assembled to sing together
n. a body of dancers or singers who perform together
n. a company of actors who comment (by speaking or singing in unison) on the action in a classical Greek play","n. 合唱队, 齐声
v. 齐声说道, 合唱",v:2/n:98,2,0,gk cet6 ky toefl ielts gre,5335,5274,chorus
Christian,christian,'kristʃәn,"n. a religious person who believes Jesus is the Christ and who is a member of a Christian denomination
a. relating to or characteristic of Christianity
a. following the teachings or manifesting the qualities or spirit of Jesus Christ","n. 基督徒, 正派人
a. 基督的, 基督教的",j:75/n:25,4,0,gk cet4 cet6 ky toefl ielts,22058,1271,christian
Christmas,christmas,'krismәs,"n. period extending from Dec. 24 to Jan. 6
n. a Christian holiday celebrating the birth of Christ; a quarter day in England, Wales, and Ireland",n. 圣诞节,,4,0,zk gk cet4 ky,1142,1232,christmas
church,church,tʃә:tʃ,"n. one of the groups of Christians who have their own beliefs and forms of worship
n. a place for public (especially Christian) worship
n. the body of people who attend or belong to a particular local church
v. perform a special church rite or service for","n. 教堂, 礼拜, 教会
vt. 使人接受宗教仪式
a. 教堂的",n:100,4,1,zk gk cet4 ky ielts,393,648,church
cigar,cigar,si'gɑ:,n. a roll of tobacco for smoking,n. 雪茄,n:100,1,0,gk cet6 ky,7267,5696,cigar
cigarette,cigarette,.sigә'ret,n. finely ground tobacco wrapped in paper; for smoking,"n. 香烟, 纸烟",n:100,3,1,gk cet4,2393,2111,cigarette
cinema,cinema,'sinәmә,n. a theater where films are shown,"n. 电影院, 电影",n:100,3,1,zk gk ielts,3322,8165,cinema
circle,circle,'sә:kl,"n. ellipse in which the two axes are of equal length; a plane curve generated by one point moving at a constant distance from a fixed point
n. something approximating the shape of a circle
n. a curved section or tier of seats in a hall or theater or opera house; usually the first tier above the orchestra
n. any circular or rotating mechanism","n. 圆周, 社交圈, 循环, 范围
vt. 围着, 环绕
vi. 盘旋, 循环",v:18/n:82,4,1,zk gk cet4 cet6 ky toefl ielts,1832,1506,circle
circuit,circuit,'sә:kit,"n. an electrical device that provides a path for electrical current to flow
n. an established itinerary of venues or events that a particular group of people travel to
n. (law) a judicial division of a state or the United States (so-called because originally judges traveled and held court in different locations); one of the twelve groups of states in the United States that is covered by a particular circuit court of appeals
v. make a circuit","n. 电路, 环(行)道, 巡回
[计] 线路; 电路",n:100,3,0,gk cet4 cet6 ky toefl ielts gre,2539,4023,circuit
circulate,circulate,'sә:kjuleit,"v. cause to become widely known
v. cause be distributed
v. move through a space, circuit or system, returning to the starting point
v. cause to move in a circuit or system","v. (使)流通, (使)循环, (使)传播",v:100,2,0,gk cet4 cet6 ky toefl ielts gre,4483,5888,circulate
circumstance,circumstance,'sә:kәmstәns,"n. a condition that accompanies or influences some event or activity
n. information that should be kept in mind when making a decision
n. formal ceremony about important occasions","n. 环境, 状况, 事件",n:100,3,1,gk cet4 cet6 toefl ielts,905,1780,circumstance
circus,circus,'sә:kәs,"n. a travelling company of entertainers; including trained animals
n. a performance given by a traveling company of acrobats, clowns, and trained animals
n. a frenetic disorganized (and often comic) disturbance suggestive of a large public entertainment
n. (antiquity) an open-air stadium for chariot races and gladiatorial games","n. 马戏团, 马戏, 竞技场",n:100,2,0,gk cet6 ky ielts,6391,6045,circus
citizen,citizen,'sitizn,n. a native or naturalized member of a state or other political community,"n. 市民, 公民
[法] 公民, 国民, 市民",n:100,4,1,gk cet4 cet6 ky,1924,1084,citizen
city,city,'siti,"n. a large and densely populated urban area; may include several independent administrative districts
n. an incorporated administrative district established by state charter
n. people living in a large densely populated municipality","n. 城市, 市
[法] 都市, 城市, 市",n:100,4,1,zk gk ielts,331,290,city
civil,civil,'sivәl,"s. applying to ordinary citizens as contrasted with the military
a. not rude; marked by satisfactory (or especially minimal) adherence to social usages and sufficient but not noteworthy consideration for others
a. of or occurring within the state or between or among citizens of the state
a. of or relating to or befitting citizens as individuals","a. 市民的, 公民的, 有礼貌的
[法] 公民的, 国民的, 民用的",j:100,4,1,gk cet4 cet6 ky toefl gre,1158,1050,civil
civilian,civilian,si'viljәn,"n. a nonmilitary citizen
a. associated with civil life or performed by persons who are not active members of the military","n. 平民, 民法专家
a. 平民的, 百姓的, 民用的",j:55/n:45,3,0,gk cet4 cet6 ky toefl ielts gre,5055,3219,civilian
civilization,civilization,si.vilai'zeiʃәn,"n. a society in an advanced state of social development (e.g., with complex legal and political and religious organizations)
n. the social process whereby societies achieve an advanced stage of development and organization","n. 文明, 教化
[法] 文明, 文化, 文明国家的总称",n:100,2,0,gk cet4 cet6 ky toefl,6655,3459,civilization
clap,clap,klæp,"v. put quickly or forcibly
v. cause to strike the air in flight
v. clap one's hands together
v. strike the air in flight","n. 拍手, 拍手声, 霹雳声, 花柳病
v. 鼓掌, (使)啪地关上",n:10/v:90,1,1,zk gk cet4 cet6 ky toefl,8015,6723,clap
clarify,clarify,'klærifai,"v. make clear and (more) comprehensible
v. make clear by removing impurities or solids, as by heating","vi. 澄清, 阐明
vt. 使明晰",v:100,2,0,gk cet4 cet6 ky toefl ielts gre,4552,5050,clarify
class,class,klɑ:s,"n. a collection of things sharing a common attribute
n. a body of students who are taught together
n. people having the same social, economic, or educational status
n. a league ranked by quality","n. 班级, 阶级, 种类, 课
vt. 分类
[计] 类别; 类; 种类; 类程",v:1/n:99,5,1,zk gk ielts,387,431,class
classic,classic,'klæsik,"n. a creation of the highest excellence
n. an artist who has created classic works","n. 古典作品, 杰作, 大艺术家
a. 第一流的, 最优秀的, 古典的",j:72/n:28,4,1,gk cet4 cet6 ky ielts,2967,2616,classic
classical,classical,'klæsikl,"a. of or relating to the most highly developed stage of an earlier civilisation and its culture
a. of or relating to the study of the literary works of ancient Greece and Rome
s. (language) having the form used by ancient standard authors
s. of or pertaining to or characteristic of the ancient Greek and Roman cultures","a. 古典的, 正统派的, 经典的
[医] 古典的; 标准的, 典型的",j:100,3,0,gk cet4 cet6 ky ielts,2562,3489,classical
classify,classify,'klæsifai,"v. arrange or order by classes or categories
v. declare unavailable, as for security reasons","vt. 分类, 归类, 分等
[建] 分类, 分级, 分粒",v:100,2,0,gk cet4 cet6 ky toefl ielts gre,4168,4515,classify
classmate,classmate,'klɑ:smeit,n an acquaintance that you go to school with,n. 同班同学,n:100,1,0,zk gk cet4 ky,18807,5247,classmate
classroom,classroom,'klɑ:sru:m,n. a room in a school where lessons take place,n. 教室,n:100,2,1,zk gk ielts,2842,1479,classroom
claw,claw,klɒ:,"n. sharp curved horny process on the toe of a bird or some mammals or reptiles
n. a grasping structure on the limb of a crustacean or other arthropods
n. a bird's foot
v. move as if by clawing, seizing, or digging","n. 爪, 螯, 抓伤
v. 用爪抓, 挖, 搜刮",v:29/n:71,1,0,gk cet4 cet6 ky toefl,8058,6934,claw
clay,clay,klei,"n. a very fine-grained soil that is plastic when moist but hard when fired
n. United States general who commanded United States forces in Europe from 1945 to 1949 and who oversaw the Berlin airlift (1897-1978)
n. United States politician responsible for the Missouri Compromise between free and slave states (1777-1852)","n. 泥土, 肉体, 黏土
[化] 粘土",n:100,2,0,gk cet4 cet6 ky toefl gre,3961,4771,clay
clean,clean,kli:n,"v. make clean by removing dirt, filth, or unwanted substances from
v. remove unwanted substances from, such as feathers or pits
v. be cleanable
v. deprive wholly of money in a gambling game, robbery, etc.","a. 干净的, 清白的, 简洁的
adv. 清洁地, 完全地
vt. 清理, 使干净, 出空
vi. 被搞干净
n. 打扫",n:1/j:56/v:43,4,1,zk gk toefl ielts,1780,1514,clean
cleaner,cleaner,'kli:nә,"n. the operator of dry-cleaning establishment
n. someone whose occupation is cleaning","n. 清洁工人, 清洁剂, 干洗商
[化] 滤清器; 除垢器; 洗净剂; 清洁剂",n:100,2,0,gk ielts,5033,6567,cleaner
clear,clear,kliә,"n. the state of being free of suspicion
v. make a way or path by removing objects
v. remove
v. be debited and credited to the proper bank accounts","a. 清楚的, 明确的, 澄清的
adv. 清晰地
vt. 澄清, 清除障碍
vi. 放晴, 变清澈
n. 空隙
[计] 清除",r:5/j:75/v:20,5,1,zk gk ielts,390,563,clear
clearly,clearly,'kliәli,"r. without doubt or question
r. in an easily perceptible manner",adv. 清楚地,r:100,0,1,gk cet4,650,846,clearly
clerk,clerk,klә:k,"n. an employee who performs clerical work (e.g., keeps records or accounts)
v. work as a clerk, as in the legal business","n. 办事员, 职员, 文书
vi. 当店员",n:100,2,1,gk cet4 ky toefl,2959,3877,clerk
clever,clever,'klevә,s. showing inventiveness and skill,"a. 聪明的, 精明的",j:100,3,1,zk gk cet4 ky ielts,3025,4978,clever
click,click,klik,"n. depression of a button on a computer mouse
v. make a clicking or ticking sound
v. produce a click
v. become clear or enter one's consciousness or emotions","n. 咔哒声, 啪嗒声
vi. 作咔哒声
vt. 使发咔哒声
[计] 单击",n:31/v:69,2,1,gk ky ielts,6659,3794,click
climate,climate,'klaimit,"n. the weather in some location averaged over some long period of time
n. the prevailing psychological state","n. 气候, 社会趋势, 气候区
[医] 气候",n:100,3,1,gk cet4 ky toefl,2643,2103,climate
climb,climb,klaim,"n. an event that involves rising to a higher point (as in altitude or temperature or intensity etc.)
n. the act of climbing something
v. go upward with gradual or continuous progress
v. move with difficulty, by grasping","v. 攀登, 上升, 爬
n. 攀登, 爬升",n:9/v:91,3,1,zk gk cet4 cet6 ky,1646,1566,climb
clinic,clinic,'klinik,"n. a medical establishment run by a group of medical specialists
n. meeting for diagnosis of problems and instruction or remedial work in a particular activity
n. a healthcare facility for outpatient care","n. 诊所, 临床教学
[医] 诊所(门诊部); 临床(讲解); 临床(学)科",n:100,3,0,gk cet6 ky toefl ielts,3298,2388,clinic
clock,clock,klɒk,"n. a timepiece that shows the time of day
v. measure the time or duration of an event or action or the person who performs an action in a certain period of time","n. 时钟, 计时器, (袜子上的)绣花边花
vt. 绣花样, 记时, 记录
vi. 记录时间
[计] 时钟",v:6/n:94,3,1,zk gk cet4 ky ielts,2543,2635,clock
clone,clone,klәun,"n. a group of genetically identical cells or organisms derived from a single cell or individual by some kind of asexual reproduction
v. make multiple identical copies of","n. 无性系
[计] 代用件",v:37/n:63,1,0,zk gk ky,7440,9023,clone
close,close,klәuz,"v. move so that an opening or passage is obstructed; make shut
v. become closed
v. finish or terminate (meetings, speeches, etc.)
v. complete a business deal, negotiation, or an agreement","n. 结束, 完结
a. 靠近的, 亲近的, 亲密的, 严密的, 关闭的, 狭窄的, 秘密的
vt. 关, 结束, 使靠近, 封闭, 使接近
vi. 关闭, 结束, 靠近
adv. 接近地, 紧密地
[计] 关闭",n:3/r:28/j:29/v:40,3,1,zk gk toefl,647,649,close
cloth,cloth,klɒ:θ. klɒθ,n artifact made by weaving or felting or knitting or crocheting natural or synthetic fibers,"n. 布料, 织品, 布
[建] 布",n:100,2,1,gk cet4 ky ielts,3307,3540,cloth
clothes,clothes,klәuðz,"n clothing in general
v provide with clothes or put clothes on
v furnish with power or authority; of kings or emperors
v cover as if with clothing",n. 衣服,n:100,4,1,zk gk ielts,1315,1434,clothes
clothing,clothing,'klәuðiŋ,n. a covering designed to be worn on a person's body,n. 衣服,n:100,3,1,gk cet4 ky toefl ielts,3372,2650,clothing
cloud,cloud,klaud,"n. any collection of particles (e.g., smoke or dust) or gases that is visible
n. a visible mass of water or ice particles suspended at a considerable altitude
n. out of touch with reality
n. a cause of worry or gloom or trouble","n. 云, 阴暗, 烟雾, 疑团
vt. 以云遮敝, 笼罩, 使黯然
vi. 乌云密布, 阴沉",v:7/n:93,3,1,zk gk,2333,1914,cloud
cloudy,cloudy,'klaudi,"s. lacking definite form or limits
a. full of or covered with clouds
s. (of liquids) clouded as with sediment","a. 多云的, 有愁容的, 云的, 浑浊的
[建] (混)浊的",j:100,1,0,zk gk,11760,10229,cloudy
club,club,klʌb,"n. a formal association of people with similar interests
n. stout stick that is larger at one end
n. a playing card in the minor suit that has one or more black trefoils on it
v. unite with a common purpose","n. 俱乐部, 木棍, 球棒
vt. 用棍棒打, 缴纳
vi. 联合起来
a. 俱乐部的",v:2/n:98,5,1,zk gk cet4 ky ielts,493,1257,club
clumsy,clumsy,'klʌmzi,"s lacking grace in movement or posture
s not elegant or graceful in expression
s difficult to handle or manage especially because of shape
s showing lack of skill or aptitude","a. 笨拙的, 不雅观的, 粗陋的",j:100,1,0,gk cet4 cet6 ky toefl ielts gre,8653,9209,clumsy
coach,coach,kәutʃ,"n. (sports) someone in charge of training an athlete or a team
n. a person who gives private instruction (as in singing, acting, etc.)
n. a carriage pulled by four horses with one driver
v. teach and supervise (someone); act as a trainer or coach (to), as in sports","n. 四轮大马车, 教练
vt. 训练, 指导
vi. 坐马车旅行, 作指导",v:29/n:71,4,1,zk gk cet4 cet6 ky toefl ielts,2347,1033,coach
coal,coal,kәul,"n. fossil fuel consisting of carbonized vegetable matter deposited in the Carboniferous period
v. supply with coal
v. take in coal","n. 煤, 木炭
v. 加煤",n:100,3,1,zk gk cet4 cet6 ky,1761,3336,coal
coast,coast,kәust,"n. a slope down which sleds may coast
n. the area within view
v. move effortlessly; by force of gravity","n. 海岸, 滑坡
v. 沿海岸而行",v:4/n:96,4,1,zk gk cet4 cet6 ky,1854,2436,coast
coat,coat,kәut,"n. an outer garment that has sleeves and covers the body from shoulder down; worn outdoors
n. growth of hair or wool or fur covering the body of an animal
v. put a coat on; cover the surface of; furnish with a surface
v. cover or provide with a coat","n. 外套
vt. 外面覆盖, 给...穿外套",v:19/n:81,3,1,zk gk cet4 ky toefl,2138,2247,coat
cock,cock,kɒk,"n. obscene terms for penis
n. adult male chicken
n. adult male bird
v. tilt or slant to one side","n. 公鸡, 雄禽, 龙头, 头目, 锥形小干草堆
vt. 使耸立, 使竖起, 堆成锥形小干草堆
vi. 大摇大摆地走, 翘起",n:35/v:65,2,0,gk cet4 cet6 ky,7962,8484,cock
cocoa,cocoa,'kәukәu,"n. a beverage made from cocoa powder and milk and sugar; usually drunk hot
n. powder of ground roasted cacao beans with most of the fat removed","n. 可可粉, 可可茶, 可可色
[医] 可可, 可可豆",n:100,1,0,gk,8892,8963,cocoa
coffee,coffee,'kɒfi,"n. a beverage consisting of an infusion of ground coffee beans
n. any of several small trees and shrubs native to the tropical Old World yielding coffee beans","n. 咖啡, 咖啡色
[医] 咖啡, 咖啡豆",n:100,3,1,zk gk ielts,1403,1388,coffee
coin,coin,kɒin,"n. a flat metal piece (usually a disc) used as money
v. make up","n. 硬币, 金钱, 货币
vt. 铸币, 创造, 杜撰",v:20/n:80,1,1,zk gk cet4 cet6 ky toefl ielts,2964,4376,coin
coincidence,coincidence,kәu'insidәns,"n. an event that might have been arranged although it was really accidental
n. the quality of occupying the same position or area in space","n. 巧合, 同时发生
[电] 符合计数器",n:100,2,0,gk cet6 ky toefl ielts,5527,5812,coincidence
coke,coke,kәuk,"n. carbon fuel produced by distillation of coal
n. street names for cocaine
v. become coke","n. 可口可乐, 焦炭
v. (使)成焦炭",n:100,1,0,zk gk,7803,12273,coke
cold,cold,kәuld,"n. a mild viral infection involving the nose and respiratory passages (but not the lungs)
n. the sensation produced by low temperatures
a. having a low or inadequate temperature or feeling a sensation of coldness or having been made cold by e.g. ice or refrigeration
a. extended meanings; especially of psychological coldness; without human warmth or emotion","n. 感冒, 寒冷
a. 寒冷的, 冷淡的, 冷静的
adv. 完全地",r:1/j:83/n:16,4,1,zk gk cet4 ky,972,885,cold
collar,collar,'kɒlә,"n. a band that fits around the neck and is usually folded over
n. (zoology) an encircling band or marking around the neck of any animal
n. anything worn or placed about the neck
n. a short ring fastened over a rod or shaft to limit, guide, or secure a machine part","n. 衣领, 颈圈
vt. 控制, 扭住衣领, 给...装上领子",v:1/n:99,2,0,gk cet4 cet6 ky gre,4205,4548,collar
colleague,colleague,'kɒli:g,"n. an associate that one works with
n. a person who is member of one's class or profession","n. 同事, 同僚",n:100,4,1,gk cet4 cet6 ky toefl,1338,1518,colleague
collect,collect,kә'lekt,"n. a short prayer generally preceding the lesson in the Church of Rome or the Church of England
v. call for and obtain payment of
v. get or bring together
v. gather or collect","v. 收集, 聚集, 集中, 搜集
a. 由收到者付款的
adv. 由收到者付款地",n:1/v:99,4,1,zk gk cet4 cet6 ky,1222,1318,collect
collection,collection,kә'lekʃәn,"n. several things grouped together or considered as a whole
n. a publication containing a variety of works
n. the act of gathering something together","n. 收集, 采集, (一批)收藏品, 募捐
[医] 收集; 收集品, 标本",n:100,4,1,gk cet4 cet6 ky ielts gre,1038,1045,collection
college,college,'kɒlidʒ,"n. the body of faculty and students of a college
n. an institution of higher education created to educate and grant degrees; often a part of a university
n. a complex of buildings in which an institution of higher education is housed","n. 学院, 大学, 学会",n:100,4,1,zk gk ielts,802,415,college
collision,collision,kә'liʒәn,"n. (physics) a brief event in which two or more bodies come together
n. an accident resulting from violent impact of a moving object
n. a conflict of opposed ideas or attitudes or goals","n. 碰撞, 冲突, 抵触
[计] 冲突",n:100,2,0,gk cet4 cet6 ky toefl ielts gre,6488,5633,collision
colour,colour,'kʌlә,"n any material used for its color
n a race with skin pigmentation different from the white race (especially Blacks)
n (physics) the characteristic of quarks that determines their role in the strong interaction
n interest and variety and intensity
n the timbre of a musical sound
n a visual attribute of things that results from the light they emit or transmit or reflect
n an outward or token appearance or form that is deliberately misleading
n the appearance of objects (or light sources) described in terms of a person's perception of their hue and lightness (or brightness) and saturation
v modify or bias
v decorate with colors
v give a deceptive explanation or excuse for
v affect as in thought or feeling
v add color to
v change color, often in an undesired manner
a having or capable of producing colors","n. 颜色, 面色, 颜料, 外貌
vt. 把...涂上颜色, 粉饰, 使脸红, 歪曲
vi. 变色",,5,1,zk gk,642,0,colour
comb,comb,kәum,"n. a flat device with narrow pointed teeth on one edge; disentangles or arranges hair
n. the fleshy red crest on the head of the domestic fowl and other gallinaceous birds
n. any of several tools for straightening fibers
n. ciliated comb-like swimming plate of a ctenophore","n. 头梳, 鸡冠
vt. 梳头发, 梳毛
vi. (浪)涌起",n:41/v:59,1,0,gk cet4 cet6 ky,9845,7329,comb
combine,combine,kәm'bain,"n. harvester that heads and threshes and cleans grain while moving across the field
v. add together from different sources
v. join for a common purpose or in a common action","v. (使)联合, (使)结合
n. (企业的)联合, 联合收割机",n:2/v:98,3,1,gk cet4 cet6 ky toefl ielts,1581,1448,combine
come,come,kʌm,"v. move toward, travel toward something or somebody or approach something or somebody
v. come to pass; arrive, as in due course
v. reach or enter a state, relation, condition, use, or position
v. to be the product or result","vi. 过来, 来, 到达, 出现, 开始
interj. 喂",v:100,5,1,zk gk ielts,65,70,come
comedy,comedy,'kɒmidi,n. light and humorous drama with a happy ending,"n. 喜剧, 有趣的事情",n:100,3,1,gk cet4 cet6 ky toefl ielts,4172,3216,comedy
comfort,comfort,'kʌmfәt,"n. a state of being relaxed and feeling no pain
n. a feeling of freedom from worry or disappointment
n. satisfaction or physical well-being provided by a person or thing
n. assistance, such as that provided to an enemy or to a known criminal","n. 舒适, 安慰, 安慰者
vt. 安慰",v:30/n:70,3,1,gk cet4 cet6 ky,2827,2928,comfort
comfortable,comfortable,'kʌmfәtәbl,"a. providing or experiencing physical well-being or relief (`comfy' is informal)
a. free from stress or conducive to mental ease; having or affording peace of mind
s. more than adequate
s. sufficient to provide comfort","a. 舒服的, 轻松的
n. 盖被",j:100,3,1,zk gk cet4 cet6 ky ielts,2195,1701,comfortable
comma,comma,'kɒmә,"n. a punctuation mark (,) used to indicate the separation of elements within the grammatical structure of a sentence
n. anglewing butterfly with a comma-shaped mark on the underside of each hind wing","n. 逗点, 逗号",n:100,0,0,gk gre,10368,18884,comma
command,command,kә'mɑ:nd,"n. an authoritative direction or instruction to do something
n. a military unit or region under the control of a single officer
n. the power or authority to command
n. availability for use","n. 命令, 指挥, 控制, 部队, 司令部
v. 命令, 指挥, 控制
[计] 命令; 指令; DOS外部命令:启动新的命令处理器",v:33/n:67,3,1,gk cet4 cet6 ky,2166,2378,command
comment,comment,'kɒment,"n. a written explanation or criticism or illustration that is added to a book or other textual material
v. make or write a comment on
v. explain or interpret something","n. 注解, 批评, 评论, 备注
vi. 评论, 注解
[计] 备注",v:32/n:68,4,1,gk cet4 cet6 ky toefl ielts,1279,1363,comment
commit,commit,kә'mit,"v. cause to be admitted; of persons to an institution
v. engage in or perform","vt. 委托(托付), 犯罪, 指派...作战, 使承担义务
[法] 犯, 做, 把...交托给",v:100,4,1,gk cet4 cet6 ky toefl ielts gre,1393,1394,commit
commitment,commitment,kә'mitmәnt,"n. the act of binding yourself (intellectually or emotionally) to a course of action
n. an engagement by contract involving financial obligation
n. a message that makes a pledge
n. the official act of consigning a person to confinement (as in a prison or mental hospital)","n. 委托, 交押, 承担义务, 赞助
[医] 院禁",n:100,2,1,gk cet4 cet6 toefl ielts,1355,1616,commitment
committee,committee,kә'miti,"n. a special group delegated to consider some matter
n. a self-constituted organization to promote something","n. 委员会
[经] 委员会",n:100,5,1,gk cet4 cet6 ky toefl ielts,450,1428,committee
common,common,'kɒmәn,"a. belonging to or participated in by a community as a whole; public
a. having no special distinction or quality; widely known or commonly encountered; average or ordinary or usual
s. common to or shared by two or more parties
s. commonly encountered","a. 通常的, 共同的, 通俗的, 公共的
[计] 公用块",r:6/j:94,1,1,zk gk cet4 cet6 ky ielts,554,710,common
communicate,communicate,kә'mju:nikeit,"v. transmit information
v. transmit thoughts or feelings
v. join or connect
v. be in verbal contact; interchange information or ideas","vt. 显露, 传达, 感染
vi. 通讯",v:100,3,1,zk gk cet4 cet6 ky toefl gre,3006,2672,communicate
communication,communication,kә.mju:ni'keiʃәn,"n. the activity of communicating; the activity of conveying information
n. something that is communicated by or to or between people or groups
n. a connection allowing access between persons or places","n. 交流, 交通, 通讯
[计] 通信",n:100,3,1,zk gk cet4 cet6 ky toefl ielts,1039,1250,communication
communism,communism,'kɒmjunizm,"n. a form of socialism that abolishes private ownership
n. a political theory favoring collectivism in a classless society",n. 共产主义,n:100,0,0,gk cet4 cet6 ky,5758,7085,communism
communist,communist,'kɒmjunist,"n. a member of the communist party
n. a socialist who advocates communism
a. relating to or marked by communism","n. 共产主义者, 共产党员
[法] 共产主义的, 共产党的",j:75/n:25,4,0,gk cet4 cet6,2146,5543,communist
companion,companion,kәm'pænjәn,"n. a friend who is frequently in the company of another
n. a traveler who accompanies you
n. one paid to accompany or assist or live with another","n. 朋友, 陪伴, 指南, 升降口围罩
vt. 陪伴",n:100,2,0,gk cet4 cet6 ky toefl ielts gre,3024,3547,companion
company,company,'kʌmpәni,"n. an institution created to conduct business
n. small military unit; usually two or three platoons
n. the state of being with someone
n. organization of performers and associated personnel (especially theatrical)","n. 公司, 友伴, 交往, 连队, 朋友, 一群
vt. 陪伴
vi. 交往",n:100,5,1,zk gk toefl ielts,151,189,company
compare,compare,kәm'pєә,"v. examine and note the similarities or differences of
v. be comparable
v. consider or describe as similar, equal, or analogous
v. to form the comparative or superlative form on an adjective or adverb","vt. 比较, 比喻, 对照
vi. 相比
n. 比较
[计] 比较",v:100,3,1,zk gk cet4 cet6 ky toefl ielts,773,831,compare
compass,compass,'kʌmpәs,"n. navigational instrument for finding directions
n. the limit of capability
n. drafting instrument used for drawing circles
v. bring about; accomplish","n. 指南针, 范围, 音域
vt. 包围, 达到, 图谋, 理解",n:100,1,0,gk cet4 cet6 ky toefl ielts gre,7064,7958,compass
compensate,compensate,'kɒmpenseit,"v. adjust for
v. make amends for; pay compensation for
v. make payment to; compensate","v. 偿还, 补偿, 付报酬",v:100,2,0,gk cet6 ky toefl ielts gre,4464,5037,compensate
compete,compete,kәm'pi:t,v. compete for something; engage in a contest; measure oneself against others,"vi. 竞争, 对抗",v:100,3,1,gk cet4 cet6 ky toefl gre,2583,2065,compete
competence,competence,'kɒmpitәns,n. the quality of being adequately or well qualified physically and intellectually,"n. 胜任, 职称, 能力
[医] 能力, 活性",n:100,1,0,gk cet6 toefl ielts gre,4201,5191,competence
competition,competition,.kɒmpi'tiʃәn,"n. a business relation in which two parties compete to gain customers
n. the act of competing as for profit or a prize","n. 竞争, 竞赛
[经] 竞争, 竞销, 比赛",n:100,4,1,zk gk cet4 cet6 ky toefl ielts,992,1345,competition
competitor,competitor,kәm'petitә,n the contestant you hope to defeat,"n. 竞争者
[经] 竞争者, 竞争对手",n:100,3,0,gk cet6,3328,3259,competitor
complete,complete,kәm'pli:t,"v. come or bring to a finish or an end; others finished in over 4 hours""
v. bring to a whole, with all the necessary parts or elements
v. complete a pass
v. write all the required information onto a form","a. 完全的, 十足的, 完成的
vt. 完成, 完工, 使圆满",j:44/v:56,5,1,zk gk cet4 cet6 ky toefl ielts,998,1207,complete
complex,complex,kәm'pleks,"n. a conceptual whole made up of complicated and related parts
n. a compound described in terms of the central atom to which other atoms are bound or coordinated
n. (psychoanalysis) a combination of emotions and impulses that have been rejected from awareness but still influence a person's behavior
a. complicated in structure; consisting of interconnected parts","n. 综合体, 情结, 络合物
a. 复杂的, 组合的",j:71/n:29,4,1,gk cet4 cet6 ky toefl ielts,1339,1598,complex
component,component,kәm'pәunәnt,"n. an abstract part of something
n. an artifact that is one of the individual parts of which a composite entity is made up; especially a part that can be separated from or attached to a system","n. 元件, 组件, 成分
a. 组成的, 构成的
[计] 组件",j:1/n:99,3,0,gk cet4 cet6 ky toefl ielts gre,1631,1760,component
composition,composition,kɒmpә'ziʃәn,"n. the spatial property resulting from the arrangement of parts in relation to each other and to the whole
n. a mixture of ingredients
n. an essay (especially one written as an assignment)
n. something that is created by arranging several things to form a unified whole","n. 作文, 创作, 组成
[化] 成分; 组成",n:100,1,0,zk gk cet4 cet6 ky toefl ielts,2911,3000,composition
comprehension,comprehension,.kɒmpri'henʃәn,n. an ability to understand the meaning or importance of something (or the knowledge acquired as a result),"n. 理解, 包含",n:100,1,0,gk cet4 cet6 ky toefl,7886,7826,comprehension
compromise,compromise,'kɒmprәmaiz,"n. a middle way between two extremes
n. an accommodation in which both sides make concessions
v. make a compromise; arrive at a compromise; we all must compromise""
v. settle by concession","n. 妥协, 折中, 折中方案, 和解
vi. 妥协处理
vt. 危害",v:42/n:58,3,0,gk cet4 cet6 ky toefl ielts gre,3685,3751,compromise
compulsory,compulsory,kәm'pʌlsәri,s. required by rule,"a. 被强制的, 强迫的, 义务的
[经] 强迫的, 强制的",j:100,2,0,gk cet6 ky toefl ielts gre,3997,12735,compulsory
computer,computer,kәm'pju:tә,n. a machine for performing calculations automatically,"n. 电脑, 电子计算机
[计] 计算机",n:100,4,1,zk gk ielts,580,589,computer
comrade,comrade,'kɒmreid,n. a fellow member of the Communist Party,"n. 同志, 伙伴",n:100,1,0,gk cet4 cet6 ky,6545,7425,comrade
concentrate,concentrate,'kɒnsәntreit,"n. a concentrated form of a foodstuff; the bulk is reduced by removing water
n. a concentrated example of something
v. make denser, stronger, or purer
v. direct one's attention on something","n. 浓缩, 精选
v. 集中, 专心",n:3/v:97,3,1,gk cet4 cet6 ky ielts gre,1341,2358,concentrate
concept,concept,'kɒnsept,n. an abstract or general idea inferred or derived from specific instances,"n. 观念, 概念
[医] 概念",n:100,3,1,gk cet4 cet6 ky toefl,1101,1158,concept
concern,concern,kәn'sә:n,"n. something that interests you because it is important or affects you
n. an anxious feeling
n. a feeling of sympathy for someone or something
n. something or someone that causes anxiety; a source of unhappiness","n. 关心, 忧虑
vt. 与...有关, 使担心, 使挂念",v:14/n:86,5,1,gk cet4 cet6 ky ielts,836,717,concern
concert,concert,'kɒnsәt,"n. a performance of music by players or singers not involving theatrical staging
v. contrive (a plan) by mutual agreement
v. settle by agreement","n. 音乐会, 和声, 一致
vt. 协力, 协调
vi. 协力
[计] 美国北卡罗来纳州Internet网",n:100,3,1,zk gk cet4 cet6 ky toefl ielts,2941,2515,concert
conclude,conclude,kәn'klu:d,"v. bring to a close
v. reach a conclusion after a discussion or deliberation
v. come to a close
v. reach agreement on","vt. 结束, 作结论, 推断
vi. 结束, 推断",v:100,3,1,gk cet4 cet6 ky toefl,1687,1670,conclude
conclusion,conclusion,kәn'klu:ʒәn,"n. an intuitive assumption
n. the proposition arrived at by logical reasoning (such as the proposition that must follow from the major and minor premises of a syllogism)
n. a final settlement
n. the last section of a communication","n. 结论, 结尾, 推论
[法] 缔结, 结论, 推论",n:100,3,1,gk cet4 cet6 ky ielts,1282,1666,conclusion
concrete,concrete,'kɒnkri:t,"n. a strong hard building material composed of sand and gravel and cement and water
v. cover with cement
v. form into a solid mass; coalesce
a. capable of being perceived by the senses; not abstract or imaginary","n. 凝结物, 混凝土
a. 具体的, 实在的, 混凝土的
v. (使)凝结, 用混凝土浇筑",j:68/n:32,3,1,gk cet4 cet6 ky toefl ielts gre,3840,3310,concrete
condemn,condemn,kәn'dem,"v. express strong disapproval of
v. declare or judge unfit for use or habitation
v. compel or force into a particular state or activity
v. demonstrate the guilt of (someone)","vt. 判刑, 责备, 谴责
[法] 定罪, 判刑, 宣告有罪",v:100,3,0,gk cet4 cet6 ky toefl ielts gre,3223,4138,condemn
condition,condition,kәn'diʃәn,"n. a state at a particular time
n. an assumption on which rests the validity or effect of something else
n. a mode of being or form of existence of a person or thing
n. the state of (good) health (especially in the phrases `in condition' or `in shape' or `out of condition' or `out of shape')","n. 情况, 条件
vt. 使健康, 以...为条件, 决定, 使适应
[计] 条件",v:2/n:98,5,1,zk gk cet4 cet6 ky toefl ielts,399,629,condition
conduct,conduct,"'kɔndʌkt, -dәkt","v. direct the course of; manage or control
v. lead, as in the performance of a composition; Barenboim conducted the Chicago symphony for years""
v. lead musicians in the performance of","n. 行为, 举动, 指导
vt. 为人, 指挥, 管理, 实施
vi. 领导, 传导, 指挥",n:19/v:81,4,1,gk cet4 cet6 ky toefl gre,1792,1162,conduct
conductor,conductor,kәn'dʌktә,"n. the person who leads a musical group
n. a substance that readily conducts e.g. electricity and heat
n. the person who collects fares on a public conveyance
n. a device designed to transmit electricity, heat, etc.","n. 领导者, 指挥者, 售票员, 向导
[化] 导体",n:100,2,0,gk cet4 cet6 ky toefl,6176,5912,conductor
conference,conference,'kɒnfәrәns,"n. a prearranged meeting for consultation or exchange of information or discussion (especially one with a formal agenda)
n. a discussion among participants who have an agreed (serious) topic","n. 会议
[经] 会议, 讨论会, 协商会",n:100,5,1,zk gk cet4 cet6 ky toefl ielts gre,890,965,conference
confident,confident,'kɒnfidәnt,"a. having or marked by confidence or assurance
s. not liable to error in judgment or action","a. 有信心的, 有把握的",j:100,3,1,gk cet4 cet6 ky toefl ielts,2580,2866,confident
confidential,confidential,.kɒnfi'denʃәl,"s. entrusted with private information and the confidence of another
s. (of information) given in confidence or in secret
s. denoting confidence or intimacy
s. the level of official classification for documents next above restricted and below secret; available only to persons authorized to see documents so classified","a. 机密的, 获他人信赖的, 易于信任他人的
[经] 秘密件",j:100,2,0,gk cet6 ky toefl ielts gre,5254,7010,confidential
confirm,confirm,kәn'fә:m,"v. establish or strengthen as with new evidence or facts
v. strengthen or make more firm
v. make more firm
v. support a person for a position","vt. 证实, 确定, 批准, 使巩固
[计] 确认",v:100,4,1,gk cet4 cet6 ky toefl ielts gre,1156,1851,confirm
conflict,conflict,'kɒnflikt,"n. an open clash between two opposing groups (or individuals)
n. opposition between two simultaneous but incompatible feelings
n. a state of opposition between persons or ideas or interests
n. an incompatibility of dates or events","n. 战斗, 冲突, 矛盾, 争执
vi. 争执, 战斗, 冲突, 抵触
[计] 冲突",v:5/n:95,4,1,gk cet4 cet6 ky toefl ielts gre,1364,1179,conflict
confuse,confuse,kәn'fju:z,"v. mistake one thing for another
v. be confusing or perplexing to; cause to be unable to think clearly
v. cause to feel embarrassment
v. make unclear, indistinct, or blurred","vt. 使混乱, 使狼狈, 使困惑
[法] 混淆",v:100,2,1,gk cet4 cet6 ky toefl ielts,4666,3518,confuse
congratulate,congratulate,kәn'grætʃәleit,v. express congratulations,"vt. 祝贺, 庆贺",v:100,2,0,gk cet4 cet6 ky,6017,8361,congratulate
congratulation,congratulation,kәn.grætʃә'leiʃәn,"n. the act of acknowledging that someone has an occasion for celebration
n. (usually plural) an expression of pleasure at the success or good fortune of another","n. 祝贺, 恭喜",,0,0,gk cet4 cet6 ky toefl,23287,0,congratulation
connect,connect,kә'nekt,"v. connect, fasten, or put together two or more pieces
v. be or become joined or united or linked
v. join by means of communication equipment
v. land on or hit solidly","v. 连接, 联合, 联系",v:100,2,1,zk gk cet4 cet6 ky toefl,2042,1636,connect
connection,connection,kә'nekʃәn,"n. a relation between things or events (as in the case of one causing the other or sharing features with it)
n. the state of being connected
n. an instrumentality that connects
n. (usually plural) a person who is influential and to whom you are connected in some way (as by family or friendship)","n. 连接, 关系, 前后关系
[计] 连接",n:100,3,1,gk cet4 cet6 ky toefl,1669,1421,connection
conscience,conscience,'kɒnʃәns,"n. motivation deriving logically from ethical or moral principles that govern a person's thoughts and actions
n. conformity to one's own sense of right conduct
n. a feeling of shame when you do something immoral","n. 良心
[法] 良心, 道德感, 正义感",n:100,2,0,gk cet4 cet6 ky toefl ielts gre,4273,4641,conscience
consensus,consensus,kәn'sensәs,n. agreement in the judgment or opinion reached by a group as a whole,"n. 合意, 一致, 同感
[计] 合意",n:100,2,0,gk cet6 ky toefl ielts gre,3897,3317,consensus
consequence,consequence,'kɒnsikwәns,"n. a phenomenon that follows and is caused by some previous phenomenon
n. the outcome of an event especially as relative to an individual
n. having important effects or influence","n. 结果, 重要性
[法] 结果, 后果, 推断",n:100,3,1,gk cet4 cet6 ky toefl ielts gre,1234,1626,consequence
conservation,conservation,.kɒnsә'veiʃәn,"n. an occurrence of improvement by virtue of preventing loss or injury or other change
n. the preservation and careful management of the environment and of natural resources
n. (physics) the maintenance of a certain quantities unchanged during chemical reactions or physical transformations","n. 保护, 保存
[医] 保存",n:100,2,0,gk cet4 cet6 ky toefl ielts,3076,2820,conservation
Conservative,conservative,kәn'sә:vәtiv,"n. a person who is reluctant to accept changes and new ideas
n. a member of a Conservative Party
a. resistant to change
s. having social or political views favoring conservatism","a. 保守的, 守旧的, 有保存力的
[化] 防腐剂; 保存剂",j:62/n:38,4,1,gk cet4 cet6 ky toefl ielts gre,1497,1837,conservative
consider,consider,kәn'sidŋ,"v. take into consideration for exemplifying purposes
v. show consideration for; take into account
v. think about carefully; weigh
v. regard or treat with consideration, respect, and esteem","v. 考虑, 思考, 认为",v:100,5,1,zk gk cet4 cet6 ky toefl,312,394,consider
considerate,considerate,kәn'sidәrit,a. showing concern for the rights and feelings of others,"a. 体贴的, 体谅的, 考虑周到的",j:100,1,0,gk cet4 cet6 ky toefl ielts,13960,17092,considerate
consideration,consideration,kәn.sidә'reiʃәn,"n. the process of giving careful thought to something
n. a discussion of a topic (as in a meeting)
n. kind and considerate regard for others
n. a considerate and thoughtful act","n. 考虑, 原因
[法] 考虑, 思考, 报酬",n:100,2,1,gk cet4 cet6 ky toefl,1248,2487,consideration
consist,consist,kәn'sist,"v. have its essential character; be comprised or contained in; be embodied in
v. be consistent in form, tenor, or character; be congruous
v. be composed of","vi. 组成, 存在于, 一致",v:100,3,0,gk cet4 cet6 ky toefl ielts,1493,2190,consist
consistent,consistent,kәn'sistәnt,"a. (sometimes followed by `with') in agreement or consistent or reliable
s. the same throughout in structure or composition","a. 一致的, 坚持的, 并立的, 坚固的",j:100,3,0,gk cet4 cet6 ky toefl gre,2670,2225,consistent
constant,constant,'kɒnstәnt,"n. a quantity that does not vary
n. a number representing a quantity assumed to have a fixed value in a specified mathematical context
a. steadfast in purpose or devotion or affection","n. 常数, 恒量
a. 不变的, 一定的, 时常的
[计] 常量; 常数; 恒值",j:91/n:9,4,1,gk cet4 cet6 ky toefl ielts gre,1915,2386,constant
constitution,constitution,.kɒnsti'tju:ʃәn,"n. the act of forming or establishing something
n. the way in which someone or something is composed
n. a United States 44-gun frigate that was one of the first three naval ships built by the United States; it won brilliant victories over British frigates during the War of 1812 and is without doubt the most famous ship in the history of the United States Navy; it has been rebuilt and is anchored in the Charlestown Navy Yard in Boston","n. 构成, 宪法, 体格
[医] 体质; 结构, 组织",n:100,3,0,gk cet4 cet6 ky toefl ielts gre,2148,3917,constitution
construct,construct,kәn'strʌkt,"v. make by combining materials and parts
v. draw with suitable instruments and under specified conditions
v. create by linking linguistic units
v. create by organizing and linking ideas, arguments, or concepts","vt. 构造, 建造, 对...进行构思, 作图
n. 构成物",n:22/v:78,3,1,gk cet4 cet6 ky toefl gre,2058,2477,construct
construction,construction,kәn'strʌkʃәn,"n. the act of constructing something
n. a group of words that form a constituent of a sentence and are considered as a single unit
n. the creation of a construct; the process of combining ideas into a congruous object of thought
n. drawing a figure satisfying certain conditions as part of solving a problem or proving a theorem","n. 建筑, 构造, 建筑物
[化] 施工",n:100,3,1,gk cet4 cet6 ky toefl ielts,1442,1415,construction
consult,consult,kәn'sʌlt,"v. get or ask advice from
v. seek information from
v. advise professionally","vi. 商讨, 商量, 协商, 会诊
vt. 向...请教, 查阅, 考虑",v:100,3,1,gk cet4 cet6 ky toefl ielts,2826,3591,consult
consultant,consultant,kәn'sʌltәnt,n an expert who gives advice,"n. 顾问, 征询意见者
[医] 顾问医师",n:100,3,0,gk cet6 ky toefl ielts,2605,2480,consultant
consume,consume,kәn'sju:m,"v. serve oneself to, or consume regularly
v. spend extravagantly
v. destroy completely
v. use up (resources or materials)","vt. 消耗, 消费, 消灭
vi. 耗尽, 毁灭",v:100,2,0,gk cet4 cet6 ky toefl,3627,3006,consume
contain,contain,kәn'tein,"v. be divisible by
v. be capable of holding or containing","vt. 包含, 容纳, 控制
vi. 自制",v:100,4,1,gk cet4 cet6 ky toefl gre,559,931,contain
container,container,kәn'teinә,n. any object that can be used to hold things (especially a large metal boxlike object of standardized dimensions that can be loaded from one form of transport to another),"n. 容器, 集装箱
[化] 集装箱; 贮存箱; 容器(任何一种)",n:100,2,1,gk cet4 cet6 ky toefl ielts,4126,3361,container
contemporary,contemporary,kәn'tempәrәri,"n. a person of nearly the same age as another
s. characteristic of the present
s. belonging to the present time","n. 同时代的人
a. 同时代的, 属于同一时期的",j:91/n:9,3,1,gk cet4 cet6 ky toefl ielts,2068,1947,contemporary
content,content,kәn'tent,"n. everything that is included in a collection and that is held or included in something
n. the proportion of a substance that is contained in a mixture or alloy etc.
n. the sum or range of what has been perceived, discovered, or learned
v. satisfy in a limited way","n. 内容, 满足, 意义, 要旨
a. 满足的, 满意的
vt. 使...满足, 使...安心
[计] 内容",j:23/v:4/n:73,2,1,gk cet4 cet6 ky toefl ielts gre,1281,1732,content
continent,continent,'kɒntinәnt,"n. one of the large landmasses of the earth
n. the European mainland
a. having control over urination and defecation","n. 大陆, 洲
a. 自制的",n:100,3,1,gk cet4 cet6 ky toefl gre,3626,4022,continent
continue,continue,kәn'tinju:,"v. continue a certain state, condition, or activity
v. continue talking
v. keep or maintain in unaltered condition; cause to remain or last
v. do something repeatedly and showing no intention to stop","vi. 继续, 延续, 延长
vt. 使继续, 使延长",v:100,5,1,zk gk cet4 cet6 ky,323,293,continue
contradict,contradict,.kɒntrә'dikt,"v. be in contradiction with
v. deny the truth of","vt. 反驳, 与...抵触, 与...矛盾
vi. 反驳",v:100,1,0,gk cet6 ky toefl ielts gre,6870,6863,contradict
contradictory,contradictory,.kɒntrә'diktәri,"n. two propositions are contradictories if both cannot be true (or both cannot be false) at the same time
s. of words or propositions so related that both cannot be true and both cannot be false
s. unable to be both true at the same time","a. 反驳的, 反对的, 抗辩的
n. 矛盾因素, 对立物",j:100,0,0,gk cet6 toefl gre,7106,7435,contradictory
contrary,contrary,'kɒntrәri,"n. exact opposition
n. a logical relation such that two propositions are contraries if both cannot be true but both can be false
s. very opposed in nature or character or purpose
s. of words or propositions so related that both cannot be true but both may be false","a. 相反的, 矛盾的, 对立的
n. 相反, 对立面
adv. 相反地",i:45/j:9/n:46,2,0,gk cet4 cet6 ky toefl,4761,5495,contrary
contribute,contribute,kәn'tribju:t,"v. contribute to some cause
v. be conducive to","vt. 有助于, 捐助, 投稿
vi. 出力, 捐献, 投稿",v:100,3,1,gk cet4 cet6 ky toefl ielts,1483,1312,contribute
contribution,contribution,.kɒntri'bju:ʃәn,"n. the part played by a person in bringing about a result
n. a voluntary gift (as of money or service or ideas) made to some worthwhile cause
n. act of giving in common with others for a common purpose especially to a charity
n. an amount of money contributed","n. 捐助, 捐助之物, 贡献
[经] 贡献, 捐款, 补助品",n:100,0,1,gk cet4 ky ielts,1201,1776,contribution
control,control,kәn'trәul,"n. power to direct or determine
n. a relation of constraint of one entity (thing or person or group) by another
n. (physiology) regulation or maintenance of a function or action or reflex etc
n. the activity of managing or exerting control over something","n. 控制, 管理, 克制, 控制器, 操纵装置
vt. 控制, 操纵, 抑制
[计] 控制; 控制器",v:32/n:68,5,1,zk gk cet4 ky ielts gre,339,432,control
controversial,controversial,.kɒntrә'vә:ʃәl,a. marked by or capable of arousing controversy,"a. 争论的, 论争的, 被议论的",j:100,3,0,gk cet6 ky toefl ielts gre,3444,3090,controversial
convenience,convenience,kә'vi:njәns,"n. the state of being suitable or opportune
n. the quality of being useful and convenient","n. 方便, 便利的事物, 方便的时候",n:100,1,0,gk cet4 cet6 ky toefl ielts gre,5559,4892,convenience
convenient,convenient,kәn'vi:njәnt,a. suited to your comfort or purpose or needs,"a. 方便的, 合宜的
[法] 适当的, 合理而可行的, 方便的",j:100,2,1,gk cet4 cet6 ky toefl ielts,3494,5368,convenient
conventional,conventional,kәn'venʃәnl,"a. following accepted customs and proprieties
s. conforming with accepted standards
a. (weapons) using energy for propulsion or destruction that is not nuclear energy
a. unimaginative and conformist","a. 传统的, 习惯的, 约定的
[经] 惯例的, 常规的, 传统的",j:100,3,1,gk cet4 cet6 ky toefl gre,2253,2554,conventional
conversation,conversation,.kɒnvә'seiʃәn,n. the use of speech for informal exchange of views or ideas or information etc.,"n. 会话, 说话, 交谈
[法] 交谈, 社交, 性交",n:100,3,1,zk gk toefl ielts,1465,1164,conversation
convey,convey,kәn'vei,"v. make known; pass on, of information
v. transfer to another
v. transmit a title or property","vt. 传达, 运输, 转让
[经] 转让(财产等), 搬运",v:100,2,0,gk cet4 cet6 ky toefl ielts gre,3682,3756,convey
convince,convince,kәn'vins,"v make (someone) agree, understand, or realize the truth or validity of something","vt. 说服, 使相信
[法] 使确信, 使信服, 使人认识错误",v:100,3,1,gk cet4 cet6 ky toefl ielts gre,3203,2039,convince
cook,cook,kuk,"n. someone who cooks food
n. English navigator who claimed the east coast of Australia for Britain and discovered several Pacific islands (1728-1779)
v. prepare a hot meal
v. prepare for eating by applying heat","n. 厨子, 厨师
vt. 烹调, 煮饭, 加热
vi. 在煮着",n:20/v:80,4,1,zk gk,2338,1419,cook
cooker,cooker,'kukә,n. a utensil for cooking,"n. 炊事用具, 炉灶, 锅, 炊具, 烹饪用水果, 窜改者, 伪造者
[化] 蒸锅",n:100,1,1,zk gk,7276,13730,cooker
cookie,cookie,'kuki,"n. any of various small flat sweet cakes (`biscuit' is the British term)
n. the cook on a ranch or at a camp
n. a short line of text that a web site puts on your computer's hard drive when you access the web site","n. 饼干, 小甜点
[建] 糕点",n:100,1,1,gk,21236,3269,cookie
cool,cool,ku:l,"n. the quality of being at a refreshingly low temperature
v. make cool or cooler
v. loose heat
v. lose intensity","n. 凉爽, 凉爽的空气
a. 凉爽的, 冷淡的, 冷静的
vi. 冷却, 平息
vt. 使冷却, 使平静",n:3/r:3/j:70/v:24,4,1,zk gk,2478,1451,cool
copy,copy,'kɒpi,"n. a thing made to be similar or identical to another thing
n. matter to be printed; exclusive of graphical materials
n. material suitable for a journalistic account
v. copy down as is","n. 副本, 摹仿, 一册
v. 复印, 抄袭, 复制
[计] 副本; 复制; DOS内部命令:复制文件
将几个文件合并成一个文件, 以及将文件传至外设或在设备之间传送",v:22/n:78,4,1,zk gk toefl ielts,1175,1927,copy
coral,coral,'kɒrәl,"n. a variable color averaging a deep pink
n. the hard stony skeleton of a Mediterranean coral that has a delicate red or pink color and is used for jewelry
n. unfertilized lobster roe; reddens in cooking; used as garnish or to color sauces
n. marine colonial polyp characterized by a calcareous skeleton; masses in a variety of shapes often forming reefs","n. 珊瑚, 珊瑚色
[化] 珊瑚",n:100,1,0,gk toefl,5793,6040,coral
cordless,cordless,'kɒ:dlis,a. not having a cord,"a. 无绳索的, 交直流两用的",j:100,0,0,gk,17375,15786,cordless
corn,corn,kɒ:n,"n. tall annual cereal grass bearing kernels on large ears: widely cultivated in America in many varieties; the principal cereal in Mexico and Central and South America since pre-Columbian times
n. the dried grains or kernels or corn used as animal feed or ground for meal
n. ears of corn that can be prepared and served for human food
n. a hard thickening of the skin (especially on the top or sides of the toes) caused by the pressure of ill-fitting shoes","n. 玉蜀黍, 谷类, 谷粒, 鸡眼
vt. 使成颗粒, 腌",n:100,2,0,gk cet4 cet6 ky toefl,4957,2448,corn
corner,corner,'kɒ:nә,"n. a place off to the side of an area
n. the point where two lines meet or intersect
n. an interior angle formed by two meeting walls
n. the intersection of two streets","n. 角落, 转角, 窘境
vt. 迫至一隅, 垄断, 使陷入绝境
vi. 相交成角, 垄断
[计] 边角",v:3/n:97,4,1,zk gk,1104,1127,corner
corporation,corporation,.kɒ:pә'reiʃәn,n. a business firm whose articles of incorporation have been approved in some state,"n. 公司, 合作, 法人团体
[法] 法人团体, 社团, 法人",n:100,3,0,gk cet4 cet6 ky ielts,2025,2602,corporation
correct,correct,kә'rekt,"v. make right or correct
v. treat a defect
a. free from error; especially conforming to fact or truth
s. socially right or correct","a. 正确的, 合适的
vt. 改正, 订正",j:69/v:31,4,1,zk gk cet4 ky toefl,1580,1794,correct
correction,correction,kә'rekʃәn,"n. the act of offering an improvement to replace a mistake; setting right
n. a quantity that is added or subtracted in order to increase the accuracy of a scientific measure
n. something substituted for an error
n. a rebuke for making a mistake","n. 订正, 改正, 改正的地方
[化] 校正",n:100,2,0,gk cet4 cet6,5971,5966,correction
correspond,correspond,.kɒri'spɒnd,v. exchange messages,"vi. 符合, 通信, 相当
[法] 符合, 一致, 相当",v:100,2,0,gk cet4 cet6 ky toefl ielts,3234,5415,correspond
corrupt,corrupt,kә'rʌpt,"v. corrupt morally or by intemperance or sensuality
v. alter from the original
a. lacking in integrity
s. containing errors or alterations","a. 腐败的, 贪污的, 讹误充斥的
vt. 使腐烂, 腐蚀, 使恶化
vi. 腐烂, 堕落",j:79/v:21,2,0,gk cet6 ky ielts gre,7571,5850,corrupt
cost,cost,kɒst,"n. the total spent for goods or services including money and time and labor
v. be priced at
v. require to lose, suffer, or sacrifice","n. 代价, 价值, 费用
vi. 花费
vt. 使失去, 值, 使花费",v:33/n:67,5,1,zk gk ielts,342,550,cost
cosy,cosy,,n. a padded cloth covering to keep a teapot warm,"a. 温暖舒适的
n. 保暖套",j:100,2,0,gk ky ielts,6933,36003,cosy
cottage,cottage,'kɒtidʒ,n a small house with a single story,"n. 小屋, 茅舍",n:100,3,1,gk cet4 cet6 ky ielts,2224,4765,cottage
cotton,cotton,'kɒtn,"n. soft silky fibers from cotton plants in their raw state
n. fabric woven from cotton fibers
n. erect bushy mallow plant or small tree bearing bolls containing seeds with many long hairy fibers
n. thread made of cotton fibers","n. 棉花
vi. 和谐, 有好感, 理解",v:1/n:99,3,1,zk gk cet4 ky toefl ielts,3222,3136,cotton
cough,cough,kɒf,"n. a sudden noisy expulsion of air from the lungs that clears the air passages; a common symptom of upper respiratory infection or bronchitis or pneumonia or tuberculosis
v. exhale abruptly, as when one has a chest cold or congestion","n. 咳嗽
vi. 咳嗽
vt. 咳出",n:37/v:63,3,1,zk gk cet4 ky ielts,5757,6157,cough
count,count,kaunt,"n. the total number counted
n. the act of counting; reciting numbers in ascending order
n. a nobleman (in various countries) having rank equal to a British earl
v. determine the number or amount of","vt. 计算, 视为
vi. 计数
n. 计算, 合计, 计数, 伯爵
[计] 计数",n:32/v:68,1,1,zk gk cet4 cet6 ky,1830,1331,count
counter,counter,'kauntә,"n. table consisting of a horizontal surface over which business is transacted
n. game equipment (as a piece of wood, plastic, or ivory) used for keeping a count or reserving a space in various card or board games
n. a calculator that keeps a record of the number of times something happens
n. a person who counts things","n. 计算器, 计算者, 柜台, 筹码
a. 反方向的, 相反的
adv. 反方向地, 相反地
[计] 计数器; 计数字",v:32/j:2/n:66,3,1,gk cet4 cet6 ky ielts,3493,2830,counter
country,country,'kʌntri,"n. the territory occupied by a nation
n. an area outside of cities and towns","n. 国家, 乡村, 地区, 故乡
a. 乡下的, 农村的
[计] DOS外部命令:用于设定国家代码, 包括日期时间及货币格式",n:100,5,1,zk gk ielts,175,166,country
countryside,countryside,'kʌntrisaid,n. rural regions,"n. 乡下地方, 乡下居民",n:100,3,1,zk gk ielts,2249,5320,countryside
couple,couple,'kʌpl,"n. a pair who associate with one another
n. a pair of people who live together
n. a small indefinite number
n. two items of the same kind","n. 对, 夫妇, 数个
vt. 使成双, 连接, 使成婚, 把...联系起来
vi. 结合, 成婚",v:6/n:94,4,1,zk gk cet4 ky toefl,727,531,couple
courage,courage,'kʌridʒ,n. a quality of spirit that enables you to face danger or pain without showing fear,"n. 勇气, 胆量",n:100,3,1,zk gk cet4 cet6 ky,3640,3324,courage
course,course,kɒ:s,"n. education imparted in a series of lessons or meetings
n. a connected series of events or actions or developments
n. general line of orientation
n. a mode of action","n. 课程, 路线, 过程, 一道菜, 道路
v. 追, (使)跑",r:59/v:2/n:39,5,1,zk gk cet4 cet6 ky ielts,347,418,course
court,court,kɒ:t,"n. an assembly (including one or more judges) to conduct judicial business
n. a room in which a lawcourt sits
n. the sovereign and his advisers who are the governing power of a state
n. a specially marked horizontal area within which a game is played","n. 法院, 庭院, 奉承
vt. 献殷勤, 追求, 招致
vi. 求爱",v:2/j:1/n:97,2,1,gk cet4 cet6 ky toefl gre,254,541,court
courtyard,courtyard,'kɒ:tjɑ:d,n an area wholly or partly surrounded by walls or buildings,"n. 庭院, 天井",n:100,1,0,gk ky,5755,5825,courtyard
cousin,cousin,'kʌzәn,n. the child of your aunt or uncle,"n. 堂兄弟姊妹, 表兄弟姊妹
[法] 同辈表亲或堂亲",n:100,4,1,zk gk cet4 cet6 ky,3010,2714,cousin
cover,cover,'kʌvә,"n. the act of concealing the existence of something by obstructing the view of it
n. fire that makes it difficult for the enemy to fire on your own individuals or formations
n. a recording of a song that was first recorded or made popular by somebody else
n. a false identity and background (especially one created for an undercover agent)","n. 盖子, 封面, 藉口
vt. 覆盖, 掩饰, 保护, 掩护, 包括
vi. 覆盖",n:25/v:75,5,1,zk gk toefl ielts,525,560,cover
cow,cow,kau,"n. female of domestic cattle: ""`moo-cow' is a child's term""
n. mature female of mammals of which the male is called `bull'
n. a large unpleasant woman","n. 母牛, 母兽
vt. 威胁",v:3/n:97,3,1,zk gk cet4 cet6 ky gre,2944,3078,cow
cowboy,cowboy,'kaubɒi,"n. a hired hand who tends cattle and performs other duties on horseback
n. a performer who gives exhibitions of riding and roping and bulldogging
n. someone who is reckless or irresponsible (especially in driving vehicles)","n. 牛仔, 牛郎, 牧童",n:100,2,0,gk toefl,8757,5048,cowboy
crash,crash,kræʃ,"n. a serious accident (usually involving one or more vehicles)
n. a sudden large decline of business or the prices of stocks (especially one that causes additional failures)
n. the act of colliding with something
n. (computer science) an event that causes a computer system to become inoperative","n. 哗啦声, 猛撞, 崩溃, 粗布
v. 撞碎, 破碎, (使)...坠毁
a. 速成的
[计] 崩溃",v:45/n:55,4,1,gk cet4 cet6 ky toefl ielts,3197,2837,crash
crayon,crayon,'kreiәn,"n. writing implement consisting of a colored stick of composition wax used for writing and drawing
v. write, draw, or trace with a crayon","n. 蜡笔, 蜡笔画
vt. 以蜡笔作画",n:100,1,0,zk gk toefl gre,15597,12296,crayon
crazy,crazy,'kreizi,"n. someone deranged and possibly dangerous
s. foolish; totally unsound
s. possessed by inordinate excitement
s. bizarre or fantastic","a. 发狂的, 狂热的",j:98/n:2,3,1,zk gk cet4 cet6 ky toefl,3837,1803,crazy
cream,cream,kri:m,"n. the best people or things in a group
n. the part of milk containing the butterfat
n. toiletry consisting of any of various substances in the form of a thick liquid that have a soothing and moisturizing effect when applied to the skin
v. make creamy by beating","n. 乳酪, 奶油, 面霜
[医] 乳油, 乳皮; 乳膏, 霜",j:2/v:2/n:96,3,1,gk cet4 cet6 ky ielts,2546,2008,cream
create,create,kri:'eit,"v. bring into existence
v. pursue a creative activity; be engaged in a creative activity
v. invest with a new title, office, or rank
v. create by artistic means","vt. 创造, 建造, 引起, 任命",v:100,5,1,zk gk cet4 cet6 ky ielts,449,332,create
creature,creature,'kri:tʃә,"n. a human being; `wight' is an archaic term
n. a person who is controlled by others and is used to perform unpleasant or dishonest tasks for someone else","n. 人, 动物, 创造物, 生物",n:100,2,1,gk cet4 cet6 ky,2268,2353,creature
credit,credit,'kredit,"n. money available for a client to borrow
n. an accounting entry acknowledging income or capital items
n. used in the phrase `to your credit' in order to indicate an achievement deserving praise; 
n. arrangement for deferred payment for goods and services","n. 信用, 信任, 荣誉, 贷款, 学分
vt. 归功于, 赞颂, 信任, 相信
[计] 信用量",v:17/n:83,4,1,gk toefl ielts gre,1262,1125,credit
crew,crew,kru:,"n. the men and women who man a vehicle (ship, aircraft, etc.)
n. the team of men manning a racing shell
v. serve as a crew member on","n. 全体人员, 一群人, 全体队员
crow的过去式",v:1/n:99,3,0,gk cet4 cet6 ky toefl,2202,1706,crew
crime,crime,kraim,"n. (criminal law) an act punishable by law; usually considered an evil act
n. an evil act not necessarily punishable by law","n. 犯罪, 罪行, 罪恶
[法] 犯罪, 罪, 罪恶",n:100,4,1,gk cet4 cet6 ky ielts,1125,828,crime
criminal,criminal,'kriminәl,"n. someone who has committed a crime or has been legally convicted of a crime
s. guilty of crime or serious offense
s. involving or being or having the nature of a crime","n. 罪犯, 犯人, 刑事
a. 犯了罪的, 刑事的, 有罪的",j:67/n:33,4,1,gk cet4 cet6 ky ielts,2063,1953,criminal
criterion,criterion,krai'tiәriәn,n. the ideal in terms of which something can be judged,"n. 标准, 准则, 规范
[化] 判据",,2,1,gk cet6 ky ielts gre,1799,0,criterion
crop,crop,krɒp,"n. the yield from plants in a single growing season
n. a cultivated plant that is grown commercially on a large scale
n. a collection of people or things appearing together
n. the output of something in a season","n. 农作物, 产量, 平头
vt. 收割, 修剪, 种植
vi. 收获
[计] 裁剪",v:9/n:91,3,1,gk cet4 cet6 ky,2655,2461,crop
cross,cross,krɒs,"n. a wooden structure consisting of an upright post with a transverse piece
n. a representation of the structure on which Jesus was crucified; used as an emblem of Christianity or in heraldry
n. any affliction that causes great suffering
v. fold so as to resemble a cross","n. 十字架, 十字架形物件, 交叉, 十字标, 交叉路, 磨难, 杂交
a. 生气的, 交叉的, 相反的
v. 交叉, 横过, 越过
[计] 交叉, 十字标",n:22/j:2/v:76,2,1,zk gk cet4 cet6 ky toefl gre,1352,1391,cross
crossing,crossing,'krɒsiŋ,"n. traveling across
n. a point where two lines (paths or arcs etc.) intersect
n. a path (often marked) where something (as a street or railroad) can be crossed to get from one side to the other
n. a voyage across a body of water (usually across the Atlantic Ocean)","n. 横越, 横渡, 交叉点, 渡口
[经] 划线",n:100,2,0,gk toefl,4935,6302,crossing
crossroads,crossroads,,n. a point where a choice must be made,"n. 十字路口, 交叉路口, 聚会的中心地点, (喻)需作抉择的重要关头, 紧要关头",n:100,1,0,gk,8633,9096,crossroads
crowd,crowd,kraud,"n. a large number of things or people considered together
n. an informal body of friends
v. fill or occupy to the point of overflowing
v. to gather together in large numbers","n. 群众, 一伙人
vt. 拥挤, 挤满, 挤进",v:15/n:85,4,1,gk cet4 cet6 ky toefl,1686,1270,crowd
crowded,crowded,'kraudid,a. overfilled or compacted or concentrated,"a. 拥挤的, 塞满的",j:100,2,1,gk,5946,4738,crowded
cruel,cruel,'kru:әl,s (of persons or their actions) able or disposed to inflict pain or suffering,"a. 残酷的, 令人极痛苦的
[法] 残忍的, 残酷的",j:100,2,1,zk gk cet4 cet6 ky toefl,4471,4762,cruel
cry,cry,krai,"n. a loud utterance; often in protest or opposition
n. a loud utterance of emotion (especially when inarticulate)
n. a fit of weeping
n. the characteristic utterance of an animal","n. 叫声, 哭声, 大叫
vi. 哭, 叫, 喊
vt. 叫喊, 大声说, 哭出",n:23/v:77,4,1,zk gk,1518,1351,cry
cube,cube,kju:b,"n. a hexahedron with six equal squares as faces
n. the product of three equal terms
n. any of several tropical American woody plants of the genus Lonchocarpus whose roots are used locally as a fish poison and commercially as a source of rotenone
n. a block in the (approximate) shape of a cube","n. 立方体, 立方
[机] 立方体, 立方",v:7/n:93,2,0,gk cet4 cet6 ky toefl ielts,7702,5725,cube
cubic,cubic,'kju:bik,a. having three dimensions,"a. 立方体的, 立方的
[机] 立方的, 立方体的",j:100,1,0,gk cet4 cet6 toefl,10327,7772,cubic
cuisine,cuisine,kwi:'zi:n,n. the practice or manner of preparing food or the food so prepared,"n. 烹调风格, 烹调法, 烹饪, 厨房",n:100,0,0,gk toefl gre,10574,6403,cuisine
culture,culture,'kʌltʃә,"n. a particular society at a particular time and place
n. the tastes in art and manners that are favored by a social group
n. (biology) the growing of microorganisms in a nutrient medium (such as gelatin or agar)
n. the attitudes and behavior that are characteristic of a particular social group or organization","n. 文化, 修养, 耕种
vt. 耕种, 培养",n:100,4,1,zk gk cet4 cet6 ky toefl ielts,983,611,culture
cup,cup,kʌp,"n. a small open container usually used for drinking; usually has a handle
n. the quantity a cup will hold
n. any cup-shaped concavity
n. a United States liquid unit equal to 8 fluid ounces","n. 杯子, 茶杯, 优胜杯
vt. 使成杯状, 为...拔火罐",n:100,5,1,zk gk ielts,749,780,cup
cupboard,cupboard,'kʌpbɒ:d,n. a small room (or recess) or cabinet used for storage space,"n. 食橱, 碗柜, 餐具柜",n:100,2,1,gk cet4 cet6 ky toefl ielts,3692,9358,cupboard
cure,cure,kjuә,"v. prepare by drying, salting, or chemical processing in order to preserve
v. make (substances) hard and improve their usability
v. be or become preserved","n. 治疗, 治愈, 治疗法
vt. 治疗, 治愈, 改正, 腌制, 加工处理, 使硫化
vi. 受治疗, 被加工处理, 被硫化",v:50/n:50,3,1,gk cet4 cet6 ky toefl ielts,5242,4579,cure
curious,curious,'kjuәriәs,"s. beyond or deviating from the usual or expected
a. eager to investigate and learn or learn more (sometimes about others' concerns)
s. having curiosity aroused; eagerly interested in learning more","a. 好奇的, 求知的, 古怪的",j:100,3,1,gk cet4 cet6 ky toefl,3304,3112,curious
currency,currency,'kʌrәnsi,"n. the metal or paper medium of exchange that is presently used
n. general acceptance or use","n. 货币, 通货, 流通, 通用
[计] 货币, 货币型",n:100,4,0,gk cet6 ky toefl ielts,2114,3738,currency
curriculum,curriculum,kә'rikjulәm,n an integrated course of academic studies,"n. 课程
[医] 课程, 学程",n:100,2,0,gk cet6 ky toefl ielts gre,1694,2077,curriculum
curtain,curtain,'kә:tәn,"n. hanging cloth used as a blind (especially for a window)
n. any barrier to communication or vision
v. provide with drapery","n. 帐, 幕, 窗帘
vt. 装帘子于, 遮蔽",v:1/n:99,3,1,gk cet4 cet6 ky toefl,2492,3622,curtain
cushion,cushion,'kuʃәn,"n. the layer of air that supports a hovercraft or similar vehicle
n. a soft bag filled with air or a mass of padding such as feathers or foam rubber etc.
v. protect from impact","n. 垫子, 橡皮软垫
vt. 加垫褥, 缓冲, 掩盖",v:23/n:77,2,0,gk cet4 cet6 ky toefl ielts gre,6092,6893,cushion
custom,custom,'kʌstәm,"n. accepted or habitual practice
n. a specific practice of long standing
n. habitual patronage","n. 习惯, 风俗, 海关, 自定义
a. 定制的
[计] 定制; 自定义",n:100,2,1,gk cet4 cet6 ky toefl ielts,2344,2993,custom
customer,customer,'kʌstәmә,n. someone who pays for goods or services,"n. 消费者
[化] 顾客",n:100,4,1,gk cet4 cet6 ky toefl ielts,879,1098,customer
customs,customs,,"n. money collected under a tariff
n. money collected under a tariff","n. 海关, 关卡, 关税
[经] 关税, 海关",,2,1,gk toefl,0,0,customs
cut,cut,kʌt,"n. a share of the profits
n. (film) an immediate transition from one shot to the next
n. a trench resembling a furrow that was made by erosion or excavation
n. a step on some scale","n. 切口, 割伤, 降低, 切, 割, 砍, 削, 伤口, 削减, 缩短, 删节, 通路
a. 经切割的, 缩减的
vt. 切, 割, 减少, 刺痛, 开辟, 雕刻, 删节, 缩短, 停止, 排斥, 切断, 关, 显出
vi. 切, 割, 砍, 刺痛, 相交, 抄近路, 剪辑
[计] 剪切",n:20/j:2/v:78,5,1,zk gk ielts,541,414,cut
cycle,cycle,'saikl,"n. an interval during which a recurring sequence of events occurs
n. a series of poems or songs on the same theme
n. a periodically repeated sequence of events
n. a single complete execution of a periodically repeated phenomenon","n. 周期, 循环, 自行车, 一段时间, 整套
vi. 循环, 轮转, 骑自行车
vt. 使循环, 使轮转
[计] 环路; 周期; 循环",v:9/n:91,3,1,gk cet4 cet6 ky ielts,2200,2220,cycle
cyclist,cyclist,'saiklist,n. a person who rides a bicycle,n. 骑脚踏车的人,n:100,1,0,gk,6689,9646,cyclist
daily,daily,'deili,"n. a newspaper that is published every day
s. of or belonging to or occurring every day
r. every day; without missing a day","a. 每日的, 日常的
adv. 每日地, 日常地
n. 日报",r:24/j:73/n:3,4,1,zk gk cet4 ky ielts,1702,1483,daily
dam,dam,dæm,"n. a barrier constructed to contain the flow of water or to keep out the sea
n. female parent of an animal especially domestic livestock
v. obstruct with, or as if with, a dam","n. 水坝, 障碍
v. 控制, 筑坝
[计] 直接存取法",v:11/n:89,2,0,gk cet4 cet6 ky toefl ielts,6532,4399,dam
damage,damage,'dæmidʒ,"n. the occurrence of a change for the worse
n. loss of military equipment
n. the act of damaging something or someone
v. inflict damage upon","n. 损害, 伤害
v. 损害",v:30/n:70,4,1,gk cet4 cet6 ky ielts,1074,1522,damage
damp,damp,dæmp,"n. a slight wetness
v. restrain or discourage
s. slightly wet","n. 潮湿, 湿气
a. 潮湿的
vt. 使潮湿, 使阻尼, 抑止
vi. 变潮湿, 衰减",n:5/j:88/v:7,2,1,gk cet4 cet6 ky toefl ielts gre,3845,5562,damp
dance,dance,dæns. dɑ:ns,"n. an artistic form of nonverbal communication
n. a party of people assembled for dancing
n. a party for social dancing
v. move in a graceful and rhythmical way","n. 跳舞, 舞蹈, 舞会
v. 跳舞",v:46/n:54,4,1,zk gk,2345,1671,dance
danger,danger,'deindʒә,"n. the condition of being susceptible to harm or injury
n. a cause of pain or injury or loss
n. a dangerous place","n. 危险, 威胁
[法] 危险, 危险物, 危机",n:100,4,1,zk gk cet4 ky ielts,1264,1546,danger
dangerous,dangerous,'deindʒәrәs,"a. involving or causing danger or risk; liable to hurt or harm
s. causing fear or anxiety by threatening great harm","a. 危险的
[法] 危险的, 危害的",j:100,4,1,zk gk cet4 ky toefl ielts,1609,1457,dangerous
dare,dare,dєә,"n. a challenge to do something dangerous or foolhardy
v. to be courageous enough to try or do something","n. 挑战, 挑动, 大胆
v. 敢, 胆敢",n:3/v:97,3,1,zk gk cet4 cet6 ky,3210,3348,dare
dark,dark,dɑ:k,"n. absence of light or illumination
n. an unenlightened state
a. devoid of or deficient in light or brightness; shadowed or black
a. (used of color) having a dark hue","n. 黑暗, 夜, 黄昏, 模糊
a. 黑暗的, 暗的, 深色的, 隐密的, 模糊的, 无知的",j:73/n:27,4,1,zk gk ielts,966,857,dark
darkness,darkness,'dɑ:knis,"n. an unilluminated area
n. having a dark or somber color
n. a swarthy complexion","n. 黑暗, 暗, 深色, 隐密, 模糊, 无知",n:100,0,0,gk,2508,2649,darkness
dash,dash,dæʃ,"n. distinctive and stylish elegance
n. a quick run
n. a footrace run at top speed
n. the longer of the two telegraphic signals used in Morse code","n. 冲撞, 破折号, 短跑
vi. 猛冲, 冲撞
vt. 泼溅, 使猛撞, 搀和, 使破灭, 使沮丧",v:45/n:55,2,0,gk cet4 cet6 ky ielts,5634,6336,dash
data,data,'deitә,n. a collection of facts from which conclusions may be drawn,"pl. 资料, 数据
[计] 数据; DOS内部命令:用于显示或设定系统的日期",n:100,4,1,gk cet4 ky ielts,552,559,data
database,database,'deitәbeis,n. an organized body of related information,"n. 数据库
[计] 数据库",n:100,1,0,gk ky ielts,2072,3638,database
date,date,deit,"n. the specified day of the month
n. a participant in a date
n. a meeting arranged in advance
n. a particular but unspecified point in time","n. 日期, 约会, 枣椰树
vt. 约会, 定日期
vi. 注明日期, 过时",v:30/n:70,4,1,zk gk toefl ielts,571,1201,date
daughter,daughter,'dɒ:tә,n. a female human offspring,"n. 女儿
a. 女儿的",n:100,5,1,zk gk,871,634,daughter
dawn,dawn,dɒ:n,"n. the first light of day
n. the earliest period
n. an opening time period
v. appear or develop","n. 破晓, 黎明
vi. 破晓",v:22/n:78,2,0,gk cet4 cet6 ky toefl ielts,4374,4004,dawn
day,day,dei,"n. time for Earth to make a complete rotation on its axis
n. some point or period in time
n. a day assigned to a particular purpose or observance
n. the time after sunrise and before sunset while it is light outside","n. 天, 日子, 白天, 工作日
[医] 日(一昼夜), 昼, 白天",n:100,5,1,zk gk ielts,95,90,day
daylight,daylight,'deilait,n. light during the daytime,"n. 白昼, 日光
vt. 使沐浴于日光
vi. 享有日光",n:100,2,0,gk cet4 ky,5270,5997,daylight
dead,dead,ded,"n. people who are no longer living
n. a time when coldness (or some other quality associated with death) is intense
a. no longer having or seeming to have or expecting to have life
a. not showing characteristics of life especially the capacity to sustain life; no longer exerting force or having energy or heat","a. 死的, 不活泼的, 麻木的, 熄灭的
n. 死者
adv. 完全地, 直接地",r:8/j:92,4,1,zk gk toefl,877,726,dead
deadline,deadline,'dedlain,n. the point in time at which something must be completed,"n. 最后期限, 截止期限
[经] 截止日期",n:100,3,0,gk ky ielts,5295,4032,deadline
deaf,deaf,def,"n. people who have severe hearing impairments
a. lacking or deprived of the sense of hearing wholly or in part
s. (usually followed by `to') unwilling or refusing to pay heed","a. 聋的
[医] 聋的",j:100,2,1,zk gk cet4 ky ielts,2897,6755,deaf
deal,deal,di:l,"n. a particular instance of buying or selling
n. a plank of softwood (fir or pine board)
n. the type of treatment received (especially as the result of an agreement)
n. the act of distributing playing cards","n. 交易, 协定, 数量, 买卖, 松木板
vi. 处理, 应付, 做生意
vt. 分配, 发牌, 给予
[计] 发牌",n:47/v:53,3,1,zk gk cet4 cet6 ky toefl,595,674,deal
dear,dear,'diә,"s. with or in a close or intimate relationship
s. earnest","n. 亲爱的人
a. 亲爱的, 昂贵的, 严重的, 急迫的
interj. 啊
adv. 深爱地, 高价地",r:3/j:59/u:24/n:14,3,1,zk gk,2167,3337,dear
death,death,deθ,"n. the event of dying or departure from life
n. the permanent end of all life functions in an organism or part of an organism
n. the absence of life or state of being dead
n. the time when something ends","n. 死亡
[医] 死亡",n:100,4,1,zk gk cet4 ky,414,417,death
debate,debate,di'beit,"n. the formal presentation of a stated proposition and the opposition to it (usually followed by a vote)
v. argue with one another
v. discuss the pros and cons of an issue","n. 辩论, 讨论
v. 争论, 辩论",v:16/n:84,4,1,gk cet4 cet6 ky toefl gre,1210,1082,debate
debt,debt,det,"n. the state of owing something (especially money)
n. money or goods or services owed by one person to another
n. an obligation to pay or do something","n. 债务, 罪过
[经] 借款, 欠款, 债务",n:100,4,1,gk cet4 cet6 ky toefl ielts,1320,1871,debt
decade,decade,'dekeid,n. a period of 10 years,"n. 十年, 十",n:100,4,1,gk cet4 cet6 ky ielts,1539,730,decade
December,december,di'sembә,n. the last (12th) month of the year,n. 十二月,,4,1,zk gk ielts,1060,0,december
decide,decide,di'said,"v. reach, make, or come to a decision about something
v. bring to an end; settle conclusively
v. cause to decide
v. influence or determine","v. 决定, 判决",v:100,5,1,zk gk toefl,375,456,decide
decision,decision,di'siʒәn,"n. the act of making up your mind about something
n. a position or opinion or judgment reached after consideration
n. (boxing) a victory won on points when no knockout has occurred
n. the outcome of a game or contest","n. 决定, 决心, 决断
[计] 判定",n:100,5,1,zk gk cet4 cet6 ky ielts,381,479,decision
declare,declare,di'klєә,"v. state emphatically and authoritatively
v. state firmly
v. declare to be
v. authorize payments of","v. 宣布, 声明, 申报, 断言",v:100,4,1,gk cet4 cet6 ky toefl ielts,1534,1736,declare
decline,decline,di'klain,"n. change toward something smaller or lower
n. a condition inferior to an earlier condition; a gradual falling off from a better state
v. grow smaller
v. go down","n. 衰退, 跌落, 下降
vt. 使降低, 婉谢
vi. 下降, 衰落, 偏斜",n:40/v:60,4,1,gk cet4 cet6 ky toefl ielts gre,2190,2000,decline
decorate,decorate,'dekәreit,"v. make more attractive by adding ornament, colour, etc.
v. award a mark of honor, such as a medal, to",v. 装饰,v:100,3,1,gk cet4 cet6 ky toefl ielts gre,3957,4327,decorate
decoration,decoration,.dekә'reiʃәn,"n. something used to beautify
n. an award for winning a championship or commemorating some other event
n. the act of decorating something (in the hope of making it more attractive)","n. 装饰, 装饰品",n:100,2,1,gk toefl ielts,4554,6136,decoration
decrease,decrease,'di:kri:s,"n. a change downward
n. a process of becoming smaller or shorter
n. the amount by which something decreases
n. the act of decreasing or reducing something","n. 减少, 减少量
v. 减少",n:28/v:72,2,1,gk cet4 cet6 ky toefl ielts,4237,3370,decrease
deed,deed,di:d,n. a legal document signed and sealed and delivered to effect a transfer of property and to show the legal right to possess it,"n. 行为, 实行, 契约
vt. 立契转让",n:100,1,0,gk cet4 cet6 ky gre,4742,5766,deed
deep,deep,di:p,"n. the central and most intense or profound part
n. literary term for an ocean
a. relatively deep or strong; affecting one deeply
s. marked by depth of thinking","a. 深的
adv. 深入地
n. 深渊, 深处",r:34/j:64/n:2,4,1,zk gk,1024,975,deep
deeply,deeply,'di:pli,r. to a great depth; far down,"adv. 深刻地, 在深处, 深沉地",r:100,0,1,gk,2327,2122,deeply
deer,deer,diә,n. distinguished from Bovidae by the male's having solid deciduous antlers,n. 鹿,n:100,2,0,gk cet4 cet6 ky,6143,2911,deer
defeat,defeat,di'fi:t,n. an unsuccessful ending to a struggle or contest,"n. 败北, 失败
vt. 击败, 使落空",n:42/v:58,4,1,gk cet4 cet6 ky toefl ielts,2560,3326,defeat
defence,defence,di'fens,"n (psychiatry) an unconscious process that tries to reduce the anxiety associated with instinctive desires
n (sports) the team that is trying to prevent the other team from scoring
n the defendant and his legal advisors collectively
n an organization of defenders that provides resistance against attack
n the speech act of answering an attack on your assertions
n the justification for some act or belief
n a structure used to defend against attack
n a defendant's answer or plea denying the truth of the charges against him
n (military) military action or resources protecting a country against potential enemies
n protection from harm
n the act of defending someone or something against attack or injury","n. 防卫, 防卫设备
[经] (诉讼程序中的)辩护",n:100,4,1,gk cet4 cet6 ky ielts,788,21674,defence
defend,defend,di'fend,"v. argue or speak in defense of
v. be on the defensive; act against an attack
v. protect against a challenge or attack
v. be the defense counsel for someone in a trial","vt. 防护, 辩护, 防卫
[法] 作...的辩护律师, 辩护, 为...答辩",v:100,4,1,gk cet4 cet6 ky toefl,2130,1750,defend
degree,degree,di'gri:,"n. a position on a scale of intensity or amount or quality
n. a specific identifiable position in a continuum or series or especially in a process
n. a measure for arcs and angles
n. the highest power of a term or variable","n. 程度, 度数, 学位, 度
[医] 度, 程度",n:100,4,1,zk gk cet4 cet6 ky ielts,763,789,degree
delay,delay,di'lei,"n. time during which some action is awaited
n. the act of delaying; inactivity resulting in something being put off until a later time
v. cause to be slowed down or delayed
v. act later than planned, scheduled, or required","n. 耽搁, 迟滞
v. 耽搁, 延迟
[计] 延迟, 延时",v:46/n:54,4,1,gk cet4 cet6 ky toefl ielts,2530,3105,delay
delete,delete,di'li:t,v. remove or make invisible,"vt. 删除
[计] 删除",v:100,1,0,gk cet4 ky toefl ielts,5794,8051,delete
deliberately,deliberately,di'libәrәtli,"r with intention; in an intentional manner
r in a deliberate unhurried manner",adv. 故意地,r:100,0,1,gk cet4 cet6 toefl,2806,4592,deliberately
delicate,delicate,'delikәt,"a. exquisitely fine and subtle and pleasing; susceptible to injury
s. marked by great skill especially in meticulous technique
s. easily broken or damaged or destroyed
s. easily hurt","a. 细致优雅的, 微妙的, 美味的
[医] 柔弱的",j:100,2,1,gk cet4 cet6 ky toefl ielts gre,3775,3787,delicate
delicious,delicious,di'liʃәs,n. variety of sweet eating apples,a. 美味的,j:100,2,0,zk gk cet4 ky toefl ielts,5437,4985,delicious
delight,delight,di'lait,"n. a feeling of extreme pleasure or satisfaction
v. take delight in","n. 高兴, 愉快
vt. 使高兴, 乐于
vi. 感到高兴(或愉快、快乐)",v:28/n:72,3,1,gk cet4 cet6 ky,3393,4890,delight
delighted,delighted,di'laitid,s. greatly pleased,"a. 高兴的, 快乐的",j:100,3,1,gk,2938,6609,delighted
deliver,deliver,di'livә,"v. deliver (a speech, oration, or idea)
v. bring to a destination, make a delivery
v. utter (an exclamation, noise, etc.)
v. save from sins","vt. 递送, 陈述, 释放, 发表, 引渡, 投递, 交付
[经] 交运",v:100,4,1,gk cet4 ky ielts,1459,1288,deliver
demand,demand,di'mɑ:nd,"n. an urgent or peremptory request
n. the ability and desire to purchase goods and services
n. the act of demanding
v. request urgently and forcefully","n. 要求, 需求, 需要
v. 要求, 查询",v:46/n:54,5,1,gk cet4 cet6 ky gre,723,1287,demand
dentist,dentist,'dentist,n. a person qualified to practice dentistry,"n. 牙科医生
[医] 牙医师",n:100,2,1,zk gk cet6 ky toefl ielts,6054,6301,dentist
department,department,di'pɑ:tmәnt,"n. a specialized division of a large organization
n. the territorial and administrative division of some countries (such as France)
n. a specialized sphere of knowledge","n. 部门, 系, 机关
[医] 部, 科",n:100,5,1,gk cet4 cet6 ky ielts,447,1198,department
departure,departure,di'pɑ:tʃә,n. the act of departing,"n. 离开, 出发, 违背, 偏离
[经] 启运",n:100,0,1,gk cet4 cet6 ky toefl,2903,3867,departure
depend,depend,di'pend,v. be contingent upon (something that is elided),"vi. 靠, 视...而定, 信赖",v:100,4,1,zk gk cet4 cet6 ky,987,1475,depend
deposit,deposit,di'pɒzit,"n. the phenomenon of sediment or gravel accumulating
n. money deposited in a bank or some similar institution
n. money given as security for an article acquired for temporary use
n. a payment given as a guarantee that an obligation will be met","n. 存款, 定金, 堆积物
vt. 存放, 堆积
vi. 沉淀",v:35/n:65,3,1,gk cet4 cet6 ky toefl ielts gre,2384,4692,deposit
depth,depth,depθ,"n. the extent downward or backward or inward
n. degree of psychological or intellectual profundity
n. (usually plural) the deepest and most remote part
n. (usually plural) a low moral state","n. 深度, 深处, 深奥
[计] 深度",n:100,3,1,gk cet4 cet6 ky ielts,2159,2555,depth
describe,describe,di'skraib,v. give a description of,"vt. 描述, 描绘, 画",v:100,5,1,zk gk cet4 cet6 ky,398,568,describe
description,description,di'skripʃәn,"n. a statement that represents something in words
n. the act of describing something
n. sort or variety","n. 描述, 说明, 种类
[经] 说明书(物品), 品名种类, 货物名称",n:100,3,1,gk cet4 cet6 ky ielts,1441,2171,description
desert,desert,'dezәt. di'sә:t,"n. arid land with little or no vegetation
v. leave behind","n. 沙漠, 应得的赏罚, 功劳
a. 沙漠的, 不毛的
vt. 放弃, 遗弃, 擅离
vi. 逃掉",v:18/n:82,3,1,gk cet4 cet6 ky toefl ielts gre,3426,2196,desert
deserve,deserve,di'zә:v,v. be worthy or deserving,"vt. 该得到, 值得
vi. 应得报答",v:100,3,1,gk cet4 cet6 ky toefl ielts,2627,2224,deserve
design,design,di'zain,"n. the act of working out the form of something (as by making a sketch or outline or plan)
n. an arrangement scheme
n. a decorative or artistic work
n. a preliminary sketch indicating the plan for something","n. 设计, 图样, 方案, 企图
v. 设计, 计划",v:49/n:51,5,1,gk cet4 cet6 ky toefl ielts,679,834,design
desire,desire,di'zaiә,"n. the feeling that accompanies an unsatisfied state
n. an inclination to want things
n. something that is desired
v. feel or have a desire for; want strongly","n. 欲望, 要求
vt. 想要, 请求
vi. 渴望",v:24/n:76,4,1,gk cet4 cet6 ky toefl ielts,1629,1551,desire
desk,desk,desk,n. a piece of furniture with a writing surface and usually drawers or other compartments,"n. 书桌, 办公桌, 工作台",n:100,4,1,zk gk ielts,1862,1659,desk
desperate,desperate,'despәrәt,"n. a person who is frightened and in need of help
s. desperately determined
s. (of persons) dangerously reckless or violent as from urgency or despair
s. showing extreme courage; especially of actions courageously undertaken in desperation as a last resort","a. 不顾一切的, 危急的, 令人绝望的, 极渴望的",j:100,3,1,gk cet4 cet6 ky toefl ielts gre,2935,3091,desperate
dessert,dessert,di'zә:t,n. a dish served as the last course of a meal,n. 餐后甜点,n:100,2,0,gk cet6 ky toefl,9993,4269,dessert
destination,destination,.desti'neiʃәn,n. the ultimate goal for which something is done,"n. 目的地, 目标, 目的
[计] 目的文件, 目的单元",n:100,2,0,gk cet4 cet6 ky toefl ielts,4309,3883,destination
destroy,destroy,di'strɒi,"v. do away with, cause the destruction or undoing of
v. destroy completely; damage irreparably
v. put (an animal) to death","vt. 破坏, 毁坏, 消灭",v:100,4,1,gk cet4 cet6 ky,1521,1418,destroy
detective,detective,di'tektiv,"n. a police officer who investigates crimes
n. an investigator engaged or employed in obtaining information not easily available to the public","n. 侦探
a. 侦探的",n:100,3,0,gk cet6 ky toefl ielts,2906,3793,detective
determination,determination,di.tә:mi'neiʃәn,"n. the act of determining the properties of something, usually by research or calculation
n. the quality of being determined to do or achieve something; firmness of purpose
n. deciding or controlling something's outcome or nature","n. 决心, 果断
[化] 判定; 测定",n:100,2,1,gk cet4 cet6 toefl ielts gre,2788,3846,determination
determine,determine,di'tә:min,"v. establish after a calculation, investigation, experiment, survey, or study
v. shape or influence; give direction to
v. fix conclusively or authoritatively
v. fix in scope; fix the boundaries of","v. 决定, 决心",v:100,4,1,gk cet4 cet6 ky toefl,845,773,determine
develop,develop,di'velәp,"v. make something new, such as a product or a mental or artistic creation
v. gain through experience
v. be gradually disclosed or unfolded; become manifest; 
v. grow, progress, unfold, or evolve through a process of evolution, natural growth, differentiation, or a conducive environment","vt. 发展, 使发达, 进步, 洗印, 显影
vi. 发展, 生长",v:100,5,1,zk gk toefl,400,484,develop
development,development,di'velәpmәnt,"n. act of improving by expanding or enlarging or refining
n. a process in which something passes by degrees to a different stage (especially a more advanced or mature stage)
n. a recent event that has some relevance for the present situation
n. a district that has been developed to serve some purpose","n. 发展
[化] 展开",n:100,5,1,zk gk ielts,234,448,development
devote,devote,di'vәut,v. set aside or apart for a specific purpose or use,"vt. 投入于, 献身",v:100,2,1,gk cet4 cet6 ky toefl ielts,3407,3225,devote
devotion,devotion,di'vәuʃәn,"n. feelings of ardent love
n. commitment to some purpose
n. (usually plural) religious observance or prayers (usually spoken silently)","n. 热爱, 投入",n:100,1,0,gk cet6 toefl,6937,6466,devotion
diagram,diagram,'daiәɡræm,"n. a drawing intended to explain how something works; a drawing showing the relation between the parts
v. make a schematic or technical drawing of that shows interactions among variables or how something is constructed",n. 图表；图解,v:4/n:96,1,1,gk cet4 cet6 ky toefl ielts gre,3855,7324,diagram
dial,dial,'daiәl,"n. the face of a timepiece; graduated to show the hours
n. the control on a radio or television set that is used for tuning
n. the circular graduated indicator on various measuring instruments
n. a disc on a telephone that is rotated a fixed distance for each number called","n. 刻度盘, 钟面, 转盘
v. 拨",n:39/v:61,2,0,gk cet4 cet6 ky ielts,8621,6092,dial
dialogue,dialogue,'daiәlɒg,"n. a conversation between two persons
n. the lines spoken by characters in drama or fiction
n. a literary composition in the form of a conversation between two people","n. 对话
vi. 对话
vt. 用对话表达",n:100,3,0,zk gk toefl ielts,3654,2794,dialogue
diamond,diamond,'daiәmәnd,"n. a transparent piece of diamond that has been cut and polished and is valued as a precious gem
n. very hard native crystalline carbon valued as a gem
n. a playing card in the minor suit that has one or more red rhombuses on it","n. 钻石, 菱形
[计] 菱形",n:100,2,1,gk cet4 cet6 ky,3941,4044,diamond
diary,diary,'daiәri,"n. a daily written record of (usually personal) experiences and observations
n. a personal journal (as a physical object)","n. 日记
[经] 日记簿",n:100,3,1,zk gk cet4 cet6 ky ielts,2934,4334,diary
dictation,dictation,dik'teiʃәn,"n. speech intended for reproduction in writing
n. matter that has been dictated and transcribed; a dictated passage","n. 听写, 口述, 命令",n:100,0,0,gk cet4 cet6 ky ielts,20641,21756,dictation
dictionary,dictionary,'dikʃәnәri,n. a reference book containing an alphabetical list of words with information about them,"n. 字典, 词典
[计] 词典",n:100,2,1,zk gk,3332,8493,dictionary
die,die,dai,"n. a small cube with 1 to 6 spots on the six faces; used in gambling to generate random numbers
n. a device used for shaping metal
n. a cutting tool that is fitted into a diestock and used for cutting male (external) screw threads on screws or bolts or pipes or rods
v. pass from physical life and lose all bodily attributes and functions necessary to sustain life","vi. 死亡, 消逝, 平息, 熄灭, 漠然, 渴望
vt. 死
n. 骰子, 冲模",v:100,5,1,zk gk gre,443,403,die
diet,diet,'daiәt,"n. a prescribed selection of foods
n. a legislative assembly in certain countries (e.g., Japan)
n. the usual food and drink consumed by an organism (person or animal)
n. the act of restricting your food intake (or your intake of particular foods)","n. 日常饮食, 议会
vt. 照规定饮食
vi. 忌食",v:7/n:93,4,1,gk cet4 cet6 ky toefl ielts,1964,2139,diet
differ,differ,'difә,v. be different,"vi. 不一致, 不同
[机] 差异, 不同",v:100,2,0,gk cet4 cet6 ky ielts,2552,2990,differ
difference,difference,'difәrәns,"n. the quality of being unlike or dissimilar
n. a significant change","n. 不同, 差异
[计] 差分",n:100,4,1,zk gk cet4 ky ielts,528,496,difference
different,different,'difәrәnt,"a. unlike in nature or quality or form or degree
s. distinctly separate from the first
s. differing from all others; not ordinary
s. distinct or separate","a. 不同的
[机] 差动, 微分的, 差速器",j:100,5,1,zk gk ielts,177,237,different
difficult,difficult,'difikәlt,a. not easy; requiring great physical or mental effort to accomplish or comprehend or endure,a. 困难的,j:100,5,1,zk gk ielts,439,608,difficult
difficulty,difficulty,'difikәlti,"n. a factor causing trouble in achieving a positive result or tending to produce a negative result
n. a condition or state of affairs almost beyond one's ability to deal with and requiring great effort to bear or overcome
n. the quality of being difficult","n. 困难, 难点",n:100,4,1,zk gk cet4 ky ielts,760,1686,difficulty
dig,dig,dig,"n. the site of an archeological exploration
n. a small gouge (as in the cover of a book)
n. the act of touching someone suddenly with your finger or elbow
v. turn up, loosen, or remove earth","vt. 挖, 翻土, 发掘
vi. 挖掘
n. 挖掘
[计] 数字, 数位",n:15/v:85,3,1,zk gk,2810,2460,dig
digest,digest,di'dʒest,"n. a periodical that summarizes the news
v. convert food into absorbable substances
v. arrange and integrate in the mind
v. put up with something or somebody unpleasant","n. 文摘
vi. 消化
vt. 消化, 理解
[计] 摘要",n:8/v:92,2,0,gk cet4 cet6 ky toefl ielts,7573,9447,digest
digital,digital,'didʒitәl,"a. displaying numbers rather than scale positions
a. relating to or performed with the fingers
a. of a circuit or device that represents magnitudes in digits","a. 数字显示的, 数字的
n. 数字仪表, 数字式电子表(或时钟)
[计] 数字, 数字式",j:99/n:1,2,0,gk cet4 cet6 ky ielts,3598,2356,digital
dignity,dignity,'digniti,"n. the quality of being worthy of esteem or respect
n. formality in bearing and appearance
n. high office or rank or station","n. 尊严, 高贵
[法] 尊严, 高位, 高贵",n:100,2,0,gk cet6 ky toefl ielts gre,4745,4100,dignity
dilemma,dilemma,di'lemә,n. state of uncertainty or perplexity especially as requiring a choice between equally unfavorable options,"n. 困境, (进退两难的)窘境",n:100,2,0,gk cet6 ky toefl ielts gre,4551,4118,dilemma
dimension,dimension,dai'menʃәn,"n. the magnitude of something in a particular direction (especially length or width or height)
n. one of three Cartesian coordinates that determine a position in space
v. indicate the dimensions on
v. shape or form to required dimensions","n. 尺寸, 次元, 面积, 维数
vt. 标出尺寸",n:100,2,0,gk cet4 cet6 ky toefl ielts gre,2699,2420,dimension
dine,dine,dain,"v. have supper; eat dinner
v. give dinner to; host for dinner","vi. 用正餐, 进餐
vt. 宴请",v:100,2,0,gk cet6 ky ielts,7900,7360,dine
dinner,dinner,'dinә,"n. the main meal of the day served in the evening or at midday
n. a party of people assembled to have dinner together","n. 晚餐, 正餐, 宴会",n:100,4,1,zk gk ielts,1422,1076,dinner
dinosaur,dinosaur,'dainәsɒ:,n. any of numerous extinct terrestrial reptiles of the Mesozoic era,n. 恐龙,n:100,2,0,gk toefl,7298,5326,dinosaur
dioxide,dioxide,dai'ɒksaid,n. an oxide containing two atoms of oxygen in the molecule,"n. 二氧化物
[医] 二氧化物",n:100,0,0,gk cet6 toefl ielts,4653,5712,dioxide
dip,dip,dip,"n. a depression in an otherwise level surface
n. (physics) the angle that a magnetic needle makes with the plane of the horizon
n. tasty mixture or liquid into which bite-sized foods are dipped
n. a brief immersion","v. 浸, 降下, 把(手、勺等)伸入, 舀取
n. 浸, 涉猎
[计] 双列直插式组件, 分布式输入输出系统, 双排直插封装",n:26/v:74,2,0,gk cet4 cet6 ky ielts,4987,4532,dip
diploma,diploma,di'plәumә,n. a document certifying the successful completion of a course of study,"n. 文凭, 毕业证书
[医] 文凭",n:100,1,0,gk cet6 ky ielts,6259,8453,diploma
direct,direct,di'rekt,"v. command with authority
v. guide the actors in (plays and films)
v. be in charge of
v. give directions to; point somebody into a certain direction","a. 直接的, 坦白的
vt. 指示, 指挥, 命令, 导演
vi. 指导, 指挥
adv. 直接地",r:2/j:52/v:46,5,1,zk gk cet4 cet6 ky toefl ielts,960,1478,direct
direction,direction,di'rekʃәn,"n. a line leading to a place or point
n. the spatial relation between something and the course along which it points or moves
n. a general course along which something has a tendency to develop
n. a message describing how something is to be done","n. 方向, 指导, 趋势
[计] 方向; 流向",n:100,4,1,zk gk cet4 cet6 ky,910,928,direction
director,director,di'rektә,"n. someone who controls resources and expenditures
n. member of a board of directors
n. someone who supervises the actors and directs the action in the production of a show","n. 主管, 导演, 董事
[计] 寻向偶极子; 指挥仪",n:100,5,1,zk gk cet4 cet6 ky ielts,603,510,director
directory,directory,di'rektәri,"n. an alphabetical list of names and addresses
n. (computer science) a listing of the files stored in memory (usually on a hard disk)","n. 目录, 工商名录, 指南
[计] 目录",n:100,2,0,gk cet6 ky ielts,3680,8211,directory
dirt,dirt,dә:t,"n. the state of being covered with unclean things
s. (of roads) not leveled or drained; unsuitable for all year travel","n. 污垢, 泥土
[化] 污垢",n:100,2,1,gk cet4 ky,5597,2737,dirt
dirty,dirty,'dә:ti,"v. make soiled, filthy, or dirty
a. soiled or likely to soil with dirt or grime
a. (of behavior or especially language) characterized by obscenity or indecency
s. vile; despicable","a. 肮脏的, 卑鄙的
vt. 弄脏
vi. 变脏",r:3/j:93/v:4,3,1,zk gk,2873,2869,dirty
disability,disability,disә'biliti,n. the condition of being unable to perform as a consequence of physical or mental unfitness,"n. 无力, 无能, 残疾
[医] 劳动能力丧失, 病废",n:100,2,0,gk,3323,2558,disability
disabled,disabled,dis'eibld,"n. people collectively who are crippled or otherwise physically handicapped
s. incapable of functioning as a consequence of injury or illness","a. 残废的, 有缺陷的, 失效的
[计] 失效的",j:100,2,1,gk ielts,2671,4412,disabled
disadvantage,disadvantage,.disәd'vɑ:ntidʒ,"n. the quality of having an inferior or less favorable position
v. put at a disadvantage; hinder, harm","n. 缺点, 不利, 坏处",v:2/n:98,2,1,gk cet4 cet6 toefl,3518,6291,disadvantage
disagree,disagree,.disә'gri:,"v. be of different opinions
v. be different from one another","vi. 不一致, 不适宜
[法] 抵触, 不同意, 争执",v:100,2,1,gk cet4 cet6,4677,2679,disagree
disagreement,disagreement,.disә'gri:mәnt,"n. a conflict of people's opinions or actions or characters
n. the speech act of disagreeing or arguing or disputing","n. 不合, 争论, 不一致
[法] 不一致, 不同意, 陪审团的意见不一",n:100,2,1,gk cet6 ielts,5048,5117,disagreement
disappear,disappear,.disә'piә,"v. get lost, as without warning or explanation","vi. 消失, 不见",v:100,3,1,gk cet4 cet6 ky,1663,1578,disappear
disappoint,disappoint,.disә'pɒint,v. fail to meet the hopes or expectations of,vt. 使失望,v:100,1,1,gk cet4 cet6 ky,9539,8204,disappoint
disappointment,disappointment,.disә'pɒintmәnt,"n. a feeling of dissatisfaction that results when your expectations are not realized
n. an act (or failure to act) that disappoints someone",n. 失望,n:100,2,1,gk toefl,3927,4566,disappointment
disaster,disaster,di'zɑ:stә,n. an act that has disastrous consequences,"n. 灾祸, 不幸, 彻底失败",n:100,3,1,gk cet4 cet6 ky toefl ielts gre,2466,2321,disaster
discount,discount,'diskaunt,"n. the act of reducing the selling price of merchandise
v. give a reduction in price on","n. 折扣, 贴现率
vt. 打折扣
vi. 贴现",v:26/n:74,3,1,gk cet4 cet6 ky toefl ielts gre,3143,4504,discount
discourage,discourage,dis'kʌridʒ,v. deprive of courage or hope; take away hope from; cause to feel discouraged,"vt. 使气馁, 阻碍",v:100,2,0,gk cet4 cet6 ky toefl,5260,4211,discourage
discover,discover,dis'kʌvә,"v. make a discovery, make a new finding
v. make a discovery
v. see for the first time; make a discovery","vt. 发现, 找到, 暴露
vi. 发现",v:100,4,1,zk gk cet4 cet6 ky,923,956,discover
discovery,discovery,dis'kʌvәri,"n. the act of discovering something
n. something that is discovered
n. a productive insight
n. (law) compulsory pretrial disclosure of documents relevant to a case; enables one side in a litigation to elicit information from the other side concerning the facts in the case","n. 发现, 被发现的事物
[法] 要求告知, 发现, 发觉",n:100,3,1,zk gk cet4 cet6 ky ielts,2453,2227,discovery
discrimination,discrimination,dis.krimi'neiʃәn,"n. unfair treatment of a person or group on the basis of prejudice
n. the cognitive process whereby two or more stimuli are distinguished","n. 差别, 岐视, 辨别力
[化] 鉴别",n:100,2,0,gk cet4 cet6 ky toefl,3592,3167,discrimination
discuss,discuss,dis'kʌs,"n an athletic competition in which a disk-shaped object is thrown as far as possible
n a disk used in throwing competitions
v to consider or examine in speech or writing
v speak with others about (something); talk (something) over in detail; have a discussion","vt. 讨论, 论述
[医] 讨论, 辩论",v:100,4,1,zk gk,661,847,discuss
discussion,discussion,dis'kʌʃәn,"n. an extended communication (often interactive) dealing with some particular topic
n. an exchange of views on some topic",n. 讨论,n:100,4,1,zk gk cet4 cet6 ielts,860,1041,discussion
disease,disease,di'zi:z,n. an impairment of health or a condition of abnormal functioning,"n. 疾病, 弊病
[医] [疾]病",n:100,4,1,zk gk cet4 cet6 ky ielts,931,775,disease
disgusting,disgusting,dis'gʌstiŋ,s. highly offensive; arousing aversion or disgust,a. 令人厌恶的,j:100,1,1,gk,6544,8938,disgusting
dish,dish,diʃ,"n. a piece of dishware normally used as a container for holding or serving food
n. a particular item of prepared food
n. the quantity that a dish will hold
n. directional antenna consisting of a parabolic reflector for microwave or radio frequency radiation","n. 盘子, 碟, 菜肴
[医] 皿, 碟",v:5/n:95,3,1,zk gk,2709,1935,dish
dislike,dislike,dis'laik,"n. a feeling of aversion or antipathy
v. have or feel a dislike or distaste for","n. 嫌恶
vt. 讨厌, 不喜欢",n:28/v:72,2,1,gk cet4 cet6 ky,4949,6813,dislike
dismiss,dismiss,dis'mis,"v. bar from attention or consideration
v. cease to consider; put out of judicial consideration
v. stop associating with
v. end one's encounter with somebody by causing or permitting the person to leave","vt. 解散, 开除, 解职
vi. 解散
[计] 解散",v:100,4,1,zk gk cet4 cet6 ky toefl ielts,2100,2802,dismiss
disobey,disobey,.disә'bei,v. refuse to go along with; refuse to follow; be disobedient,"v. 违反, 不服从",v:100,0,0,gk,18583,15476,disobey
distance,distance,'distәns,"n. the property created by the space between two objects or points
n. a distant region
n. size of the gap between two places
n. indifference by personal withdrawal","n. 距离, 远方, 遥远
[计] 位距",v:4/n:96,4,1,gk cet4 cet6 ky toefl ielts,1275,1235,distance
distant,distant,'distәnt,"a. separated in space or coming from or going to a distance
a. far apart in relevance or relationship or kinship
s. separate or apart in time
s. located far away spatially","a. 远的, 疏远的
[经] 远期的",j:100,2,0,gk cet4 cet6 ky toefl ielts gre,2745,2630,distant
distinction,distinction,dis'tiŋkʃәn,"n. a distinguishing quality
n. a distinguishing difference",n. 区别,n:100,2,0,gk cet4 cet6 ky toefl ielts gre,1865,2921,distinction
distinguish,distinguish,dis'tiŋgwiʃ,"v. mark as different
v. be a distinctive feature, attribute, or trait; sometimes in a very positive sense","v. 区别, 辨别",v:100,2,1,gk cet4 cet6 ky toefl ielts,2265,3246,distinguish
distribute,distribute,di'stribju:t,"v. administer or bestow, as in small portions
v. make available
v. give to several people
v. spread throughout a given area","vt. 分配, 散布, 分发
[经] 分配, 分发",v:100,2,1,gk cet4 cet6 ky toefl ielts gre,2662,2944,distribute
district,district,'distrikt,n. a region marked off for administrative or other purposes,"n. 区域, 地方
[医] 地区, 地段",n:100,4,1,gk cet4 cet6 ky toefl gre,1071,1266,district
disturb,disturb,dis'tә:b,"v. move deeply
v. damage as if by shaking or jarring","vt. 扰乱, 妨碍, 使不安
[法] 滋扰, 扰乱",v:100,2,1,zk gk cet4 cet6 ky toefl ielts,3272,4565,disturb
disturbing,disturbing,dis'tә:biŋ,"v move deeply
v change the arrangement or position of
v tamper with
v destroy the peace or tranquility of
v damage as if by shaking or jarring
s causing distress or worry or anxiety","a. 引起烦恼的, 令人不安的",j:100,0,1,gk,5532,4827,disturbing
dive,dive,daiv,"n. a headlong plunge into water
n. a steep nose-down descent by an aircraft
v. drop steeply
v. plunge into water","n. 潜水, 跳水
vi. 跳水, 俯冲, 猛冲
vt. 把...突然伸入",n:33/v:67,2,0,gk cet4 cet6 ky toefl,5288,5121,dive
diverse,diverse,dai'vә:s,s. distinctly dissimilar or unlike,"a. 不同的, 变化多的",j:100,2,0,gk cet4 cet6 ky toefl ielts gre,4813,2813,diverse
divide,divide,di'vaid,"n. a serious disagreement between two groups of people (typically producing tension or hostility)
v. separate into parts or portions
v. perform a division","vi. 分开, 分配, 分裂
vt. 分, 分开, 分裂, 除
n. 分配, 分水岭
[计] 除",n:14/v:86,4,1,zk gk cet4 ky toefl,1544,1942,divide
division,division,di'viʒәn,"n. an army unit large enough to sustain combat
n. the act or process of dividing
n. an administrative unit in government or business
n. discord that splits a group","n. 分, 分开, 除法, 部门(如部、处、系等), 师
[计] 部分",n:100,4,1,gk cet4 cet6 ky toefl,891,1849,division
divorce,divorce,di'vɒ:s,"n. the legal dissolution of a marriage
v. get a divorce; formally terminate a marriage","n. 离婚
vt. 与...离婚",v:38/n:62,3,1,gk cet4 cet6 ky toefl ielts,3853,2978,divorce
dizzy,dizzy,'dizi,"v. make dizzy or giddy
s. having or causing a whirling sensation; liable to falling","a. 晕眩的, 眼花缭乱的
vt. 使晕眩",j:100,2,0,gk cet6 ky toefl ielts,9951,8740,dizzy
do,do,du:,"n. the syllable naming the first (tonic) note of any major scale in solmization
v. get (something) done
v. proceed or get along
v. create or design, often in a certain way","v. 做, 进行, 完成",v:100,5,1,zk gk,19,18,do
doctor,doctor,'dɒktә,"n. a licensed medical practitioner
n. children take the roles of physician or patient or nurse and pretend they are at the physician's office
n. a person who holds Ph.D. degree (or the equivalent) from an academic institution
v. give medical treatment to","n. 医生, 博士
vt. 授以博士学位, 诊断, 修改
vi. 行医",v:1/n:99,4,1,zk gk ielts,665,570,doctor
document,document,'dɒkjumәnt,"n. writing that provides information (especially information of an official nature)
n. anything serving as a representation of a person's thinking by means of symbolic marks
n. a written account of ownership or obligation
v. record in detail","n. 文件, 公文, 文档
vt. 证明, 为...引证
[计] 文档",v:24/n:76,4,1,gk cet4 cet6 ky toefl gre,1052,1389,document
does,does,dʌz; dәz,"n the federal department responsible for maintaining a national energy policy of the United States; created in 1977
n mature female of mammals of which the male is called `buck'
v engage in
v carry out or perform an action
v get (something) done
v proceed or get along
v give rise to; cause to happen or occur, not always intentionally
v carry out or practice; as of jobs and professions
v be sufficient; be adequate, either in quality or quantity
v create or design, often in a certain way
v behave in a certain manner; show a certain behavior; conduct or comport oneself
v spend time in prison or in a labor camp
v carry on or function
v arrange attractively
v travel or traverse (a distance)",v. 做；工作；有用（do的第三人称单数形式）,,0,0,gk,0,0,does
dog,dog,dɒg,"n. a member of the genus Canis (probably descended from the common wolf) that has been domesticated by man since prehistoric times; occurs in many breeds
n. informal term for a man","n. 狗, 坏蛋
vt. 跟踪, 尾随",v:2/n:98,4,1,zk gk,819,753,dog
doll,doll,dɒl,n. a small replica of a person; used as a toy,"n. 洋娃娃, 无头脑的美丽女人",n:100,2,0,zk gk ky toefl,5101,3823,doll
dollar,dollar,'dɒlә,"n. the basic monetary unit in many countries; equal to 100 cents
n. a piece of paper money worth one dollar
n. a United States coin worth one dollar
n. a symbol of commercialism or greed","n. 美元, 元(加、澳等国货币单位)
[经] 纯经济的, 美元, 元",,5,1,zk gk,2340,0,dollar
door,door,dɒ:,"n. a swinging or sliding barrier that will close the entrance to a room or building or vehicle
n. anything providing a means of access (or escape)
n. a structure where people live or work (usually ordered along a street or road)
n. a room that is entered via a door",n. 门,n:100,5,1,zk gk,300,343,door
dormitory,dormitory,'dɒ:mitәri,"n. a college or university building containing living quarters for students
n. a large sleeping room containing several beds",n. 宿舍,n:100,1,0,gk cet4 cet6 toefl,14248,10947,dormitory
dot,dot,dɒt,"n. the shorter of the two telegraphic signals used in Morse code
v. scatter or intersperse like dots or studs
v. make a dot or dots
v. mark with a dot","n. 点, 圆点, 小数点, 小东西, 嫁妆
vt. 作小点记号, 加小点于
vi. 打上点
[计] 点",v:27/n:73,2,1,gk cet4 ky toefl ielts,4132,4480,dot
double,double,'dʌbl,"n. a base hit on which the batter stops safely at second base
n. a stand-in for movie stars to perform dangerous stunts
n. someone who closely resembles a famous person (especially an actor)
n. a quantity that is twice as great as another","n. 两倍
a. 两倍的, 双重的
vt. 使加倍
vi. 加倍, 代替, 快步走
[计] 双精度型",n:14/r:5/j:47/v:34,4,1,zk gk ielts,1640,2202,double
doubt,doubt,daut,"n. the state of being unsure of something
n. uncertainty about the truth or factuality or existence of something
v. consider unlikely or have doubts about
v. lack confidence in or have doubts about","n. 怀疑, 疑惑
v. 怀疑, 不信",v:36/n:64,4,1,zk gk cet4 cet6 ky toefl,1183,1906,doubt
down,down,daun,"n. soft fine feathers
n. (American football) a complete play to advance the football
n. English physician who first described Down's syndrome (1828-1896)
n. (usually plural) a rolling treeless highland with little soil","a. 向下的
adv. 下, 下去, 降下
prep. 往下, 沿着
n. 丘陵, 软毛, 开阔的高地
[计] 向下, 退下命令",i:10/n:1/r:87/j:1/v:1,2,1,zk gk toefl gre,102,118,down
download,download,,v. transfer a file or program from a central computer to a smaller computer or to a computer at a remote location,"[计] 卸载, 下栽",n:22/v:78,0,0,gk,27269,6382,download
downstairs,downstairs,'daun'stєәz,"a. on or of lower floors of a building
r. on a floor below","n. 楼下
a. 楼下的
adv. 在楼下",r:88/n:12,0,1,zk gk cet4 ky,4046,5467,downstairs
downtown,downtown,'daun'taun,"a. of or located in the lower part of a town, or in the business center
r. toward or in the lower or central part of town","n. 市中心区
a. 市中心的
adv. 往闹市区",r:34/j:64/n:2,2,0,gk ky toefl ielts,18944,3116,downtown
downward,downward,'daunwәd,s. on or toward a surface regarded as a base,a. 向下的,r:43/j:57,0,1,gk cet4 cet6 ky,8499,8257,downward
dozen,dozen,'dʌzn,"n the cardinal number that is the sum of eleven and one
s denoting a quantity consisting of 12 items or units","n. 打, 十二个
a. 一打的",m:100,4,1,zk gk cet4 ky,2371,1194,dozen
Dr,dr,,,"n. 博士, 医生
[医] 英钱",,0,1,gk,820,0,dr
draft,draft,dræft. drɑ:ft,"n. a document ordering the payment of money; drawn by one person or bank on another
n. a current of air (usually coming into a chimney or room or vehicle)
n. a preliminary sketch of a design or picture
n. a serving of drink (usually alcoholic) drawn from a keg","n. 气流, 草稿, 汇票, 草案
vt. 起草, 征兵
[计] 草稿",v:33/n:67,3,1,gk cet4 cet6 ky toefl ielts gre,2834,2624,draft
drag,drag,dræg,"n. the phenomenon of resistance to motion through a fluid
n. something that slows or delays progress
n. something tedious and boring
n. clothing that is conventionally worn by the opposite sex (especially women's clothing when worn by a man)","n. 拖, 拖累
v. 拖累, 拖拉, 沉重缓慢地走, 拖动
[计] 拖动",n:1/v:99,3,1,gk cet4 cet6 ky toefl,2538,2127,drag
draw,draw,drɒ:,"n. a gully that is shallower than a ravine
n. the finish of a contest in which the score is tied and the winner is undecided
n. anything (straws or pebbles etc.) taken or chosen at random
n. a playing card or cards dealt or taken from the pack","vi. 拉, 拖, 拔剑
vt. 拖拉, 挨近, 领取, 打成平局, 引导, 抽签决定, 画, 描写, 制订, 草拟, 吸引
n. 拉, 拖, 拔出, 抽签, 平局
[计] 翻牌, 绘图",n:5/v:95,5,1,zk gk toefl,429,592,draw
drawback,drawback,'drɒ:bæk,n. the quality of being a hindrance,"n. 缺点, 退税
[法] 退款, 退税",n:100,1,0,gk cet6 ky toefl ielts,7710,8563,drawback
drawer,drawer,'drɒ:ә,"n. a boxlike container in a piece of furniture; made so as to slide in and out
n. the person who writes a check or draft instructing the drawee to pay someone else","n. 抽屉, 开票人
[计] 抽屉",n:100,2,1,zk gk cet4 cet6 ky toefl ielts,4175,4212,drawer
drawing,drawing,'drɒ:iŋ,"n. an illustration that is drawn by hand and published in a book, magazine, or newspaper
n. a representation of forms or objects on a surface by means of lines
n. the creation of artistic pictures or diagrams
n. act of getting or draining something such as electricity or a liquid from a source","n. 图画, 制图, 拉
[计] 绘图",n:100,2,1,gk cet4 cet6 ky toefl,1892,2521,drawing
dream,dream,dri:m,"n. a series of mental images and emotions occurring during sleep
n. imaginative thoughts indulged in while awake
n. a state of mind characterized by abstraction and release from reality
n. someone or something wonderful","n. 梦, 空想, 愿望
v. 做梦, 想象, 梦想",v:25/n:75,4,1,zk gk cet4 cet6 ky,1513,990,dream
dress,dress,dres,"n. a one-piece garment for a woman; has skirt and bodice
v. put on clothes
v. provide with clothes or put clothes on
v. put a finish on","n. 服装, 覆盖物
vi. 穿着
vt. 给...穿衣, 整理",n:45/v:55,4,1,zk gk ielts,1673,1437,dress
drier,drier,'draiә,"n a substance that promotes drying (e.g., calcium oxide absorbs water and is used to remove moisture)
n an appliance that removes moisture
a free from liquid or moisture; lacking natural or normal moisture or depleted of water; or no longer wet
s humorously sarcastic or mocking
a lacking moisture or volatile components
a opposed to or prohibiting the production and sale of alcoholic beverages
a not producing milk
a (of liquor) having a low residual sugar content because of decomposition of sugar during fermentation
a without a mucous or watery discharge; a small child with a dry nose""
s not shedding tears
s lacking interest or stimulation; dull and lifeless
s used of solid substances in contrast with liquid ones
s unproductive especially of the expected results
s having no adornment or coloration
s (of food) eaten without a spread or sauce or other garnish
s having a large proportion of strong liquor
s lacking warmth or emotional involvement
s practicing complete abstinence from alcoholic beverages; I happen to be teetotal""","n. 干燥机, 干燥剂
[化] 干燥剂; 催干剂; 干燥设备; 干燥器; 烘缸",n:100,0,0,gk,19790,22822,drier
drill,drill,dril,"n. a tool with a sharp point and cutting edges for making holes in hard materials (usually rotating rapidly or by repeated blows)
n. similar to the mandrill but smaller and less brightly colored
n. (military) the training of soldiers to march (as in ceremonial parades) or to perform the manual of arms
v. train in the military, e.g., in the use of weapons","n. 钻孔机, 钻子, 播种机, 粗斜纹布
v. 训练, 钻孔",n:49/v:51,2,0,gk cet4 cet6 ky toefl ielts gre,5299,4760,drill
drink,drink,driŋk,"n. a single serving of a beverage
n. the act of drinking alcoholic beverages to excess
n. any large deep body of water
v. take in liquids","n. 饮料, 酒
v. 喝, 喝酒",n:37/v:63,4,1,zk gk,1284,1232,drink
drive,drive,draiv,"n. the act of applying force to propel something
n. a mechanism by which force or power is transmitted in a machine
n. the trait of being highly motivated
n. hitting a golf ball off of a tee with a driver","n. 驾车, 快车道, 推进力, 驱动, 动力, 击球, 驱动器
vt. 开车, 驱使, 推动, 驾驶
vi. 开车, 猛击, 飞跑
[计] 驱动器",n:25/v:75,5,1,zk gk,640,490,drive
driver,driver,'draivә,"n. the operator of a motor vehicle
n. someone who drives animals that pull a vehicle
n. a golfer who hits the golf ball with a driver
n. (computer science) a program that determines how a computer will communicate with a peripheral device","n. 驾驶员, 驱动器, 驱动程序
[化] 驱动器",n:100,0,1,zk gk ielts,1225,1226,driver
drop,drop,drɒp,"n. a shape that is spherical and small
n. a small indefinite quantity (especially of a liquid)
n. a sudden sharp decrease in some quantity
n. a predetermined hiding place for the deposit and distribution of illicit goods (such as drugs or stolen property)","n. 滴, 微量, 落下, 空投
vi. 放下, 掉下, 下降
vt. 使滴下, 放下, 丢失, 遗漏
[计] 投入, 投入点, 接入点, 分接点",n:19/v:81,4,1,zk gk cet4 cet6 ky ielts,925,690,drop
drown,drown,draun,"v. get rid of as if by submerging
v. die from being submerged in water, getting water into the lungs, and asphyxiating
v. kill by submerging in water","vi. 淹死
vt. 把...淹死, 淹没",v:100,2,0,gk cet4 cet6 ky ielts,4492,4927,drown
drug,drug,drʌg,"n. a substance that is used as a medicine or narcotic
v. administer a drug to
v. use recreational drugs","n. 药, 麻药, 麻醉药
vi. 吸毒
vt. 使服麻醉药, 使麻木",v:1/n:99,5,1,zk gk cet4 cet6 ky,963,461,drug
drum,drum,drʌm,"n. a musical percussion instrument; usually consists of a hollow cylinder with a membrane stretched across each end
n. the sound of a drum
n. a cylindrical metal container used for shipping or storage of liquids
n. small to medium-sized bottom-dwelling food and game fishes of shallow coastal and fresh waters that make a drumming noise","n. 鼓, 鼓声
vi. 击鼓, 作鼓声
vt. 打鼓奏出
[计] 磁鼓",v:16/n:84,3,1,zk gk cet4 cet6 ky,4171,4116,drum
drunk,drunk,drʌŋk,n. someone who is intoxicated,"a. 喝醉了的
drink的过去式",j:92/n:8,2,1,gk cet4 cet6 ky,4187,3701,drunk
dry,dry,drai,"n. a reformer who opposes the use of intoxicating beverages
v. remove the moisture from and make dry
v. become dry or drier
a. free from liquid or moisture; lacking natural or normal moisture or depleted of water; or no longer wet","a. 干的, 无酒的, 枯燥无味的, 干燥的
vt. 把...弄干
vi. 变干
n. 干, 干涸",j:71/v:29,4,1,zk gk,1665,1561,dry
duck,duck,dʌk,"n. small wild or domesticated web-footed broad-billed swimming bird usually having a depressed body and short legs
n. (cricket) a score of nothing by a batsman
n. flesh of a duck (domestic or wild)
n. a heavy cotton fabric of plain weave; used for clothing and tents","n. 鸭子
vi. 没入水中, 闪避
vt. 猛按...入水, 躲避",v:27/n:73,2,0,zk gk cet4 cet6 ky,3713,3521,duck
due,due,dju:,"n. that which is deserved or owed
n. a payment that is due (e.g., as the price of membership)
a. owed and payable immediately or on demand
s. scheduled to arrive","n. 应得的东西, 应付款
a. 到期的, 应得的, 应付的, 约定的",i:61/r:1/j:38,4,1,gk cet4 cet6 ky toefl ielts,1280,1796,due
dull,dull,dʌl,"v. make dull in appearance
v. become dull or lusterless in appearance; lose shine or brightness
v. make dull or blunt
v. make less lively or vigorous","a. 钝的, 无趣的, 呆滞的, 阴暗的
vt. 使迟钝, 使阴暗, 缓和
vi. 变迟钝, 减少",j:85/v:15,2,1,gk cet4 cet6 ky toefl ielts gre,3799,5094,dull
dumpling,dumpling,'dʌmpliŋ,"n. small balls or strips of boiled or steamed dough
n. dessert made by baking fruit wrapped in pastry","n. 面团布丁, 团子",n:100,0,0,zk gk,22551,14302,dumpling
during,during,'djuәriŋ,"prep. In the time of; as long as the action or existence of;
   as, during life; during the space of a year.",prep. 在...的时候,i:100,5,1,zk gk,192,198,during
dusk,dusk,dʌsk,v. become dusk,"n. 薄暮, 傍晚, 黄昏
a. 微暗的
v. (使)微暗",n:100,1,0,gk cet4 cet6 ky,7861,7212,dusk
dust,dust,dʌst,"n. fine powdery material such as dry earth or pollen that can be blown about in the air
n. free microscopic particles of solid material
v. remove the dust from
v. rub the dust over a surface so as to blur the outlines of a shape","n. 灰尘, 尘埃, 粉末, 花粉, 土, 骚乱
vt. 拂去灰尘, 撒, 弄成粉末
vi. 拂去灰尘, 化为粉末",v:14/n:86,3,1,gk cet4 cet6 ky ielts,2933,2263,dust
dustbin,dustbin,'dʌstbin,n a bin that holds rubbish until it is collected,n. 垃圾箱,n:100,1,0,gk,9594,28258,dustbin
dusty,dusty,'dʌsti,s. covered with a layer of dust,"a. 灰尘多的, 无聊的, 含糊的, 粉末状的",j:100,1,0,gk,6602,5298,dusty
duty,duty,'dju:ti,"n. the social force that binds you to the courses of action demanded by that force; every opportunity, an obligation; every possession, a duty""- John D.Rockefeller Jr
n. work that you are obliged to perform for moral or legal reasons
n. a government tax on imports or exports","n. 责任, 关税, 职务, 尊敬
[化] 职责",n:100,4,1,zk gk cet4 cet6 ky ielts,846,1752,duty
dvd,dvd,,n a digital recording (as of a movie) on an optical disk that can be played on a computer or a television set,abbr. 数字化视频光盘（Digital Video Disk）,,0,1,zk gk,0,0,dvd
dynamic,dynamic,dai'næmik,"a. characterized by action or forcefulness or force of personality
a. of or relating to dynamics","a. 动态的, 有活力的, 有力的, 动力的, 不断变化的
n. 动力, 动态
[计] 动态的",j:100,2,0,gk cet4 cet6 ky toefl ielts gre,4218,3978,dynamic
dynasty,dynasty,'dainæsti,n. a sequence of powerful leaders in the same family,"n. 朝代, 王朝",n:100,1,0,gk ky,7797,10552,dynasty
each,each,i:tʃ,"s. (used of count nouns) every one considered individually
r. to or from every one of two or more (considered individually)","a. 每个, 每一
adv. 每个
pron. 每个, 个人, 各自",p:22/d:78,5,1,zk gk,170,192,each
eager,eager,'i:gә,a. having or showing keen interest or intense desire or impatient expectancy,"a. 热心的, 渴望的, 热望的",j:100,3,0,gk cet4 cet6 ky toefl,4501,3123,eager
eagle,eagle,'i:gl,"n. any of various large keen-sighted diurnal birds of prey noted for their broad wings and strong soaring flight
n. (golf) a score of two strokes under par on a hole
n. a former gold coin in the United States worth 10 dollars
n. an emblem representing power","n. 鹰, 鹰状标饰",v:1/n:99,2,0,gk cet4 cet6 ky ielts,3850,45890,eagle
ear,ear,iә,"n. the sense organ for hearing and equilibrium
n. good hearing
n. attention to what is said
n. fruiting spike of a cereal plant especially corn","n. 耳朵, 倾听, 听觉, 穗
vi. 抽穗",n:100,3,1,zk gk,1599,1337,ear
early,early,'ә:li,"a. at or near the beginning of a period of time or course of events or before the usual or expected time
a. being or occurring at an early stage of development
s. belonging to the distant past
s. very young","a. 早的, 早熟的
adv. 很早, 初",r:42/j:58,5,1,zk gk,245,365,early
earn,earn,ә:n,v. acquire or deserve by one's efforts or actions,"vt. 赚得, 获得, 博得
[计] 欧州科学研究网",v:100,4,1,gk cet4 ky,1727,1305,earn
earth,earth,ә:θ,"n. the 3rd planet from the sun; the planet we live on
n. the loose soft material that makes up a large part of the land surface
n. the abode of mortals (as contrasted with Heaven or Hell)
n. once thought to be one of four elements composing the universe (Empedocles)","n. 地球, 泥土, 世界, 尘世
vt. 埋入土中, 赶入洞内
vi. 躲入洞内",n:100,4,1,zk gk,1026,1547,earth
earthquake,earthquake,'ә:θkweik,"n. shaking and vibration at the surface of the earth resulting from underground movement along a fault plane of from volcanic activity
n. a disturbance that is extremely disruptive",n. 地震,n:100,2,0,gk cet4 cet6 ky toefl,6891,4261,earthquake
ease,ease,i:z,"n. freedom from difficulty or hardship or effort
n. a freedom from financial difficulty that promotes a comfortable state
n. freedom from constraint or embarrassment
v. move gently or carefully","n. 安乐, 安逸, 悠闲
vt. 使安乐, 使安心, 减轻, 放松
vi. 减轻, 放松, 灵活地移动",n:40/v:60,3,1,gk cet4 cet6 ky ielts,3093,3229,ease
easily,easily,'i:zili,"r. with ease (`easy' is sometimes used informally for `easily')
r. without question","adv. 容易地, 轻易地, 流利地",r:100,3,1,gk cet4,1004,1211,easily
east,east,i:st,"n. the cardinal compass point that is at 90 degrees
n. the countries of Asia
n. the region of the United States lying to the north of the Ohio River and to the east of the Mississippi River
n. the direction corresponding to the eastward cardinal compass point","n. 东方, 东
a. 东方的, 向东的
adv. 向东方, 朝东方",n:100,5,1,zk gk,785,733,east
Easter,easter,'i:stә,n. a Christian celebration of the Resurrection of Christ; celebrated on the Sunday following the first full moon after the vernal equinox,n. 复活节,n:100,2,0,gk ky ielts,40125,5893,easter
eastern,eastern,'i:stәn,"s. lying toward or situated in the east
a. of or characteristic of eastern regions of the United States
a. relating to or characteristic of regions of eastern parts of the world","n. 东方人, 东正教徒
a. 东方的, 向东的, 自东的",j:100,4,1,gk cet4 ky ielts,1588,1503,eastern
eastwards,eastwards,'i:stwәdz,"n the cardinal compass point that is at 90 degrees
r toward the east",adv. 向东方地,,0,0,gk,14945,0,eastwards
easy,easy,'i:zi,"a. posing no difficulty; requiring little effort
s. not hurried or forced
a. free from worry or anxiety
s. affording pleasure","a. 容易的, 缓缓的, 舒适的, 从容的, 宽容的, 流畅的, 随便的, 自在的, 疲软的
adv. 容易地, 慢慢地",r:14/j:86,5,1,zk gk,502,549,easy
eat,eat,i:t,"v. take in solid food
v. eat a meal; take a meal
v. worry or cause anxiety in a persistent way","v. 吃, 腐蚀",v:100,4,1,zk gk,701,543,eat
ecology,ecology,i:'kɒlәdʒi,"n. the environment as it relates to living organisms
n. the branch of biology concerned with the relations between organisms and their environment","n. 生态学, 社会生态学
[化] 生态学",n:100,1,0,gk cet6 ky toefl ielts,8093,6425,ecology
edge,edge,edʒ,"n. the boundary of a surface
n. a sharp side formed by the intersection of two surfaces of an object
n. the attribute of urgency in tone of voice
n. a slight competitive advantage","n. 边缘, 尖锐, 刀刃, 优势
vt. 使锐利, 挤进, 镶边
vi. 缓缓移动",v:6/n:94,4,1,zk gk cet4 cet6 ky toefl ielts,1081,977,edge
edition,edition,i'diʃәn,"n. the form in which a text (especially a printed book) is published
n. all of the identical copies of something offered to the public at the same time
n. an issue of a newspaper","n. 版本, 版, 翻版",n:100,4,1,gk cet4 cet6 ky ielts,2537,3155,edition
editor,editor,'editә,n. a person responsible for the editorial aspects of publication; the person who determines the final content of a text (especially of a newspaper or magazine),"n. 编者, 编辑, 主笔, 编辑器, 编辑装置
[计] 编辑器",n:100,4,1,gk cet4 cet6 ky ielts,1945,1385,editor
educate,educate,'edjukeit,"v. give an education to
v. teach or refine to be discriminative in taste or judgment","vt. 教育, 培养, 训练",v:100,2,1,gk cet4 ky,3663,3033,educate
education,education,.edju'keiʃәn,"n. the activities of educating or instructing; activities that impart knowledge or skill
n. knowledge acquired by learning and instruction
n. the gradual process of acquiring knowledge
n. the profession of teaching (especially at a school or college or university)","n. 教育, 训练, 教育学
[医] 教育, 训练",n:100,5,1,zk gk cet4 ky toefl ielts,353,376,education
educator,educator,'edjukeitә,n. someone who educates young people,n. 教育家,n:100,0,0,gk,12905,2429,educator
effect,effect,i'fekt,"n. an impression (especially one that is artificial or contrived)
n. the central meaning or theme of a speech or literary work
n. (of a law) having legal validity
n. a symptom caused by an illness or a drug","n. 结果, 影响, 效果, 印象
vt. 实行, 引起, 完成
[计] 效果",v:3/n:97,5,1,gk cet4 cet6 ky toefl ielts,262,427,effect
effort,effort,'efәt,n. use of physical or mental energy; hard work,"n. 努力, 成就",n:100,5,1,zk gk cet4 cet6 ky,745,454,effort
egg,egg,eg,"n. animal reproductive body consisting of an ovum or embryo together with nutritive and protective envelopes; especially the thin-shelled reproductive body laid by e.g. female birds
n. oval reproductive body of a fowl (especially a hen) used as food
v. throw eggs at
v. coat with beaten egg","n. 蛋, 卵
vt. 挑唆, 煽动, 调蛋黄",v:1/n:99,4,1,zk gk,1532,1376,egg
eggplant,eggplant,'egplɑ:nt,"n. egg-shaped vegetable having a shiny skin typically dark purple but occasionally white or yellow
n. hairy upright herb native to southeastern Asia but widely cultivated for its large glossy edible fruit commonly used as a vegetable",n. 茄子,n:100,0,0,gk,0,10618,eggplant
Egyptian,egyptian,i'dʒipʃәn,"n. a native or inhabitant of Egypt
n. the ancient and now extinct language of Egypt under the Pharaohs; written records date back to 3000 BC
a. of or relating to or characteristic of Egypt or its people or their language","n. 埃及人
a. 埃及的, 埃及人的",j:71/n:29,0,0,gk cet6 ielts,5710,5515,egyptian
eight,eight,eit,"n. the cardinal number that is the sum of seven and one
s. being one more than seven","num. 八, 八个",m:100,5,0,zk gk,579,739,eight
eighteen,eighteen,'ei'ti:n,"n. the cardinal number that is the sum of seventeen and one
s. being one more than seventeen","num. 十八, 十八个",m:100,5,0,zk gk cet4 ky,2690,5480,eighteen
eighth,eighth,eitθ,"n. position eight in a countable series of things
s. coming next after the seventh and just before the ninth in position","num. 第八, 八分之一",m:100,4,0,zk gk,4714,4425,eighth
eighty,eighty,'eiti,"n. the cardinal number that is the product of ten and eight
s. being ten more than seventy","num. 八十, 八十个",m:100,5,0,zk gk cet4 ky,1944,7486,eighty
either,either,'i:ðә,r. after a negative statement used as an intensive meaning something like `likewise' or `also',"a. (两者之中)任一的, (两者之中)各一的
pron. (两者之中)任一
conj. 或, 要么",r:80/d:20,5,1,zk gk,437,558,either
elder,elder,'eldә,"n. a person who is older than you are
n. any of numerous shrubs or small trees of temperate and subtropical northern hemisphere having white flowers and berrylike fruit
n. any of various church officers
s. used of the older of two persons of the same name especially used to distinguish a father from his son","n. 年长者, 老人, 前辈
a. 年长的, 资深的",j:22/n:78,2,0,zk gk cet4 ky ielts,5602,4056,elder
elect,elect,i'lekt,"v. select by a vote for an office or membership
v. choose
s. selected as the best
s. elected but not yet installed in office","n. 当选人, 被选的人
a. 被选的, 选出的
vt. 选举, 选择
vi. 作选择",n:2/j:2/v:96,4,1,gk cet4 ky,1794,2265,elect
electric,electric,i'lektik,"n. a car that is powered by electricity
a. using or providing or producing or transmitting or operated by electricity
s. (of a situation) exceptionally tense
s. affected by emotion as if by electricity; thrilling","a. 电的, 导电的, 电动的
[医] 电的",j:98/n:2,3,1,zk gk cet4 cet6 ky,2469,2696,electric
electrical,electrical,i'lektrikәl,a. relating to or concerned with electricity,"a. 电的, 有关电的
[医] 电的",j:100,2,1,gk cet4 cet6 ky ielts,3190,3789,electrical
electricity,electricity,.ilek'trisiti,"n. a physical phenomenon associated with stationary or moving electrons and protons
n. energy made available by the flow of electric charge through a conductor
n. keen and shared excitement","n. 电, 电流, 电学, 热情, 电力供应
[化] 电学; 电",n:100,3,1,gk cet4 cet6 ky ielts,2296,2719,electricity
electronic,electronic,.ilek'trɒnik,"a. of or relating to electronics; concerned with or using devices that operate on principles governing the behavior of electrons
a. of or concerned with electrons","a. 电子的
[计] 电子工业协会接口",j:100,3,1,gk cet4 cet6 ky ielts,2494,2407,electronic
elegant,elegant,'eligәnt,"a. refined and tasteful in appearance or behavior or style
s. suggesting taste, ease, and wealth
s. displaying effortless beauty and simplicity in movement or execution","a. 优雅的, 端庄的, 高雅的",j:100,3,1,gk cet6 ky toefl ielts,3833,3942,elegant
elephant,elephant,'elifәnt,"n. five-toed pachyderm
n. the symbol of the Republican Party; introduced in cartoons by Thomas Nast in 1874",n. 象,n:100,2,0,zk gk cet4 cet6 ky,4323,4355,elephant
eleven,eleven,i'levn,"n. the cardinal number that is the sum of ten and one
s. being one more than ten","num. 十一, 十一个",m:100,5,0,zk gk,2299,4273,eleven
else,else,els,"a. & pron. Other; one or something beside; as, Who else is
   coming? What else shall I give? Do you expect anything else?
adv. & conj. Besides; except that mentioned; in addition; as,
   nowhere else; no one else.
adv. & conj. Otherwise; in the other, or the contrary, case; if
   the facts were different.","a. 别的, 其他的
adv. 另外, 否则, 不然",r:100,5,1,zk gk,471,440,else
embarrass,embarrass,im'bærәs,v. cause to be embarrassed; cause to feel self-conscious,"vt. 使困窘, 使局促不安, 阻碍",v:100,2,1,gk cet4 cet6 ky toefl ielts gre,9521,7138,embarrass
embassy,embassy,'embәsi,"n. a diplomatic building where ambassadors live or work
n. an ambassador and his entourage collectively","n. 大使馆, 大使馆全体人员
[经] 大使馆",n:100,3,0,gk cet6 ky ielts,4389,5731,embassy
emergency,emergency,i'mә:dʒәnsi,"n. a sudden unforeseen crisis (usually involving danger) that requires immediate action
n. a state in which martial law applies","n. 紧急状况, 紧急事件, 紧急需要
[化] 紧急情况",j:1/n:99,4,1,gk cet4 cet6 ky ielts gre,2083,1725,emergency
emperor,emperor,'empәrә,"n. the male ruler of an empire
n. red table grape of California
n. large moth of temperate forests of Eurasia having heavily scaled transparent wings","n. 皇帝, 君主",n:100,2,0,gk cet4 cet6 ky ielts,3161,7060,emperor
empire,empire,'empaiә,"n. the domain ruled by an emperor or empress; the region over which imperial dominion is exercised
n. a group of countries under a single authority
n. a monarchy with an emperor as head of state
n. an eating apple that somewhat resembles a McIntosh; used as both an eating and a cooking apple","n. 帝国, 帝权",n:100,3,1,gk cet4 cet6 ky,2251,4218,empire
employ,employ,im'plɒi,"n the state of being employed or having a job
v put into service; make work or employ for a particular purpose or for its inherent or natural purpose
v engage or hire for work","n. 雇用
vt. 雇用, 使用, 使从事于",n:1/v:99,3,1,gk cet4 cet6 ky toefl,1231,1962,employ
empty,empty,'empti,"n. a container that has been emptied
v. make void or empty of contents
v. become empty or void of its content
v. remove","a. 空的, 空虚的, 空腹的, 空洞的
n. 空的东西, 空车
vt. 倒空, 使变空, 使排出
vi. 流空
[计] 空",n:1/j:85/v:14,3,1,zk gk toefl ielts,1735,1644,empty
encourage,encourage,in'kʌridʒ,"v. inspire with confidence; give hope or courage to
v. spur on","vt. 鼓励, 支持, 激励
[法] 怂恿, 煽动, 助长",v:100,4,1,zk gk cet4 cet6 ky toefl,881,1184,encourage
encouragement,encouragement,in'kʌridʒmәnt,"n. the expression of approval and support
n. the feeling of being encouraged","n. 鼓励, 激励, 奖励
[法] 怂恿, 煽动, 助长",n:100,2,1,gk,4267,6193,encouragement
end,end,end,"n. either extremity of something that has length
n. the point in time at which something ends
n. the concluding parts of an event or occurrence
n. a final part or section","n. 结束, 终点, 目标, 末端, 梢, 死亡, 残余
v. 结束, 终结, 终止
[计] 端; 结束",v:36/n:64,5,1,zk gk ielts,187,278,end
ending,ending,'endiŋ,"n. the end of a word (a suffix or inflectional ending or final morpheme)
n. event whose occurrence ends something","n. 终止, 终了, 收场
[医] 末梢",n:100,2,1,gk cet4 cet6 ky ielts,5246,5188,ending
endless,endless,'endlis,"s. tiresomely long; seemingly without end
s. infinitely great in number
s. having the ends united so as to form a continuous whole","a. 不停的, 无穷尽的, 无尽的
[机] 无端的, 环状的",j:100,2,0,gk cet4 cet6 toefl,4095,3722,endless
enemy,enemy,'enimi,"n. an opposing military force
n. an armed adversary (especially a member of an opposing military force)
n. any hostile group of people","n. 敌人, 仇敌, 敌军
a. 敌人的",n:100,3,1,zk gk cet4 ky,1860,1596,enemy
energetic,energetic,.enә'dʒetik,"a. possessing or exerting or displaying energy
s. working hard to promote an enterprise","a. 精力充沛的, 积极的",j:100,2,0,gk cet6 ky toefl ielts,6931,7129,energetic
engine,engine,'endʒin,"n. motor that converts thermal energy to mechanical work
n. something used to achieve a purpose
n. an instrument or machine that is used in warfare, such as a battering ram, catapult, artillery piece, etc.","n. 引擎, 发动机, 机车
vt. 安装发动机于",n:100,4,1,gk cet4 cet6 ky ielts,1374,1569,engine
engineer,engineer,.endʒi'niә,"n. a person who uses scientific knowledge to solve practical problems
n. the operator of a railway locomotive
v. design as an engineer","n. 工程师, 工兵
vt. 设计, 监造, 精明地处理, 策划",v:11/n:89,3,1,zk gk cet4 cet6 ky ielts,1889,1997,engineer
English,english,'iŋgliʃ,"n. an Indo-European language belonging to the West Germanic branch; the official language of Britain and the United States and most of the commonwealth countries
n. the people of England
n. the discipline that studies the English language and literature","n. 英语
a. 英文的, 英国人的",j:51/n:49,0,0,zk gk,18425,1782,english
enjoy,enjoy,in'dʒɒi,"v. derive or receive pleasure from; get enjoyment from; take pleasure in
v. have benefit from
v. have for one's benefit","vt. 享受, 喜欢, 欣赏
[法] 享受, 享有, 获得某种利益",v:100,4,1,zk gk,685,881,enjoy
enjoyable,enjoyable,in'dʒɒiәbl,s. affording satisfaction or pleasure,"a. 可从中得到乐趣的, 令人愉快的",j:100,2,1,gk,6001,9019,enjoyable
enlarge,enlarge,in'lɑ:dʒ,"v. make larger
v. become larger or bigger","vt. 扩大, 增大
vi. 扩大, 详述",v:100,2,0,gk cet4 cet6 ky,6348,7530,enlarge
enough,enough,i'nʌf,"n. an adequate quantity; a quantity that is large enough to achieve a purpose
r. as much as necessary; (`plenty' is nonstandard) ""I've had plenty, thanks""","n. 充足, 够, 很多
a. 充足的, 足够
adv. 足够
interj. 够了",r:70/d:30,5,1,zk gk,378,374,enough
enquiry,enquiry,in'kwaiәri,"n an instance of questioning
n a search for knowledge
n a systematic investigation of a matter of public interest","n. 询问
[经] 询价, 询盘",n:100,0,1,gk ielts,2472,24159,enquiry
enter,enter,'entә,"v. to come or go into
v. become a participant; be involved in
v. come on stage","vt. 进入, 参加, 开始, 输入, 回车
vi. 进去, 参加
[计] 输入, 回车",v:100,4,1,zk gk cet4 ky,706,709,enter
enterprise,enterprise,'entәpraiz,"n. a purposeful or industrious undertaking (especially one that requires effort or boldness)
n. an organization created for business ventures
n. readiness to embark on bold new ventures","n. 企业, 事业心, 进取心, 干事业
[计] 企业",n:100,3,0,gk cet6 ky toefl ielts gre,1566,2499,enterprise
entertainment,entertainment,.entә'teinmәnt,n. an activity that is diverting and that holds the attention,"n. 娱乐, 款待, 娱乐表演",n:100,3,1,gk cet4 cet6 ky toefl ielts,3187,2350,entertainment
enthusiastic,enthusiastic,in.θju:zi'æstik,a. having or showing great excitement and interest,"a. 狂热的, 热心的, 热烈的",j:100,2,1,gk cet4 cet6 ky ielts,4458,5508,enthusiastic
entire,entire,in'taiә,"s. constituting the full quantity or extent; complete
s. (of leaves or petals) having a smooth edge; not broken up into teeth or lobes
s. (used of domestic animals) sexually competent","n. 整个, 全部
a. 全体的, 完全的, 全部的",j:100,4,1,gk cet4 cet6 ky,1876,868,entire
entrance,entrance,'entrәns,"n. something that provides access (to get in or get out)
n. a movement into or inward
n. the act of entering
v. put into a trance","n. 入口, 进入点, 入场, 入学, 进入, 开始(阶段), 就任
vt. 使出神, 使入迷
[计] 入口",v:5/n:95,1,1,gk cet4 cet6 ky toefl ielts gre,2465,2877,entrance
entry,entry,'entri,"n. an item inserted in a written record
n. a written record of a commercial transaction","n. 登录, 条目, 进入, 入口, 报关
[计] 登录项, 输入项, 条目",n:100,4,1,gk cet4 cet6 ky toefl ielts gre,1373,2338,entry
envelope,envelope,'envәlәup,"n. a flat (usually rectangular) container for a letter, thin package, etc.
n. any wrapper or covering
n. a curve that is tangent to each of a family of curves
n. a natural covering (as by a fluid)","n. 信封, 封套, 封袋
[医] 膜, 包袋",n:100,2,1,gk cet4 cet6 ky,3672,3879,envelope
environment,environment,in'vairәnmәnt,"n. the totality of surrounding conditions
n. the area in which something exists or lives","n. 环境, 外界, 围绕
[计] 环境",n:100,4,1,zk gk cet4 cet6 ky ielts,702,855,environment
envy,envy,'envi,"n. a feeling of grudging admiration and desire to have something that is possessed by another
n. spite and resentment at seeing the success of another (personified as one of the deadly sins)
v. feel envious towards; admire enviously
v. be envious of; set one's heart on","n. 羡慕, 嫉妒
vt. 羡慕, 嫉妒",v:49/n:51,2,0,gk cet4 cet6 ky ielts,8468,8491,envy
equal,equal,'i:kwәl,"v. be identical or equivalent to
v. be equal to in quality or ability
v. make equal, uniform, corresponding, or matching
a. having the same quantity, value, or measure as another","n. 对手, 匹敌, 同辈
a. 相等的, 平等的, 胜任的, 合适的, 平静的, 不相上下的
vt. 等于, 比得上
[计] 等长度编码",n:4/j:85/v:11,4,1,gk cet4 cet6 ky toefl ielts,1547,1830,equal
equality,equality,i:'kwɒliti,"n. the quality of being the same in quantity or measure or value or status
n. a state of being essentially equal or equivalent; equally balanced","n. 平等, 均匀, 相等
[法] 同等, 平等, 相等",n:100,0,0,gk cet4 cet6 ky toefl,4197,4590,equality
equip,equip,i'kwip,"v. provide with (something) usually for a specific purpose
v. provide with abilities or understanding","vt. 装备, 配备
[机] 设备, 装置",v:100,2,0,gk cet4 cet6 ky toefl,3643,4145,equip
equipment,equipment,i'kwipmәnt,n. an instrumentality needed for an undertaking or to perform a service,"n. 装备, 设备, 才能
[化] 设备; 装备; 装置",n:100,4,1,gk cet4 cet6 ky toefl ielts,1117,1352,equipment
eraser,eraser,i'reisә,n. an implement used to erase something,n. 擦子,n:100,0,0,zk gk,35588,16590,eraser
error,error,'erә,"n. a misconception resulting from incorrect information
n. (baseball) a failure of a defensive player to make an out when normal play would have sufficed
n. departure from what is ethically acceptable
n. (computer science) the occurrence of an incorrect result produced by a computer","n. 错误, 过失, 失误, 误差
[计] 错误",n:100,3,1,gk cet4 cet6 ky toefl,1595,2198,error
erupt,erupt,i'rʌpt,"v. start abruptly
v. erupt or intensify suddenly
v. start to burn or burst into flames
v. break out","vi. 爆发
vt. 喷出",v:100,2,0,gk cet6 ky toefl ielts gre,6441,5291,erupt
escape,escape,i'skeip,"n. the act of escaping physically
n. an inclination to retreat from unpleasant realities through diversion or fantasy
n. an avoidance of danger or difficulty
n. a means or way of escaping","n. 逃亡, 避难设备, 逃跑
vi. 逃脱, 避开, 溜走
vt. 逃避, 避免, 被...忘掉",n:27/v:73,4,1,gk cet4 cet6 ky toefl,1697,2034,escape
especially,especially,i'speʃәli,"r to a distinctly greater extent or degree than is common
r in a special manner","adv. 尤其, 特别, 格外",r:100,4,1,zk gk cet4 cet6 ky,570,515,especially
essay,essay,'esei. e'sei,"n. an analytic or interpretive literary composition
n. a tentative attempt","n. 随笔, 短文, 评论, 企图
vt. 试图",v:1/n:99,2,1,gk cet4 cet6 ky ielts,3147,2536,essay
European,european,.juәrә'pi:әn,"n. a native or inhabitant of Europe
a. of or relating to or characteristic of Europe or the people of Europe","n. 欧洲人
a. 欧洲的, 欧洲人的",j:80/n:20,0,0,zk gk ielts,512,1263,european
evaluate,evaluate,i'væljueit,v. form a critical opinion of,"vt. 评估, 评价, 赋值",v:100,2,0,gk cet4 cet6 ky toefl ielts,3168,2339,evaluate
even,even,'i:vәn,"v. become even or more even
v. make even or more even
a. divisible by two
s. equal in degree or extent or amount; or equally matched or balanced","a. 平坦的, 相等的, 连贯的, 均等的, 公平的, 偶数的, 平均的, 平衡的, 恰好的
vt. 使平坦, 使相等
vi. 变平, 成为相等
adv. 甚至, 实际上, 完全, 十分
n. 偶数, 偶校验
[计] 偶数, 偶校验",c:17/r:81/v:1/n:1,1,1,zk gk toefl ielts gre,113,107,even
evening,evening,'i:vniŋ,"n. the latter part of the day (the period of decreasing daylight from late afternoon until nightfall)
n. a later concluding time period
n. the early part of night (from dinner until bedtime) spent in a special way","n. 傍晚, 晚间, 末期",n:100,4,1,zk gk ielts,651,961,evening
event,event,i'vent,"n. something that happens at a given place and time
n. a special set of circumstances
n. a phenomenon located at a single point in space-time; the fundamental observational entity in relativity theory","n. 事件, 结果, 事情的进程, 竞赛项目
[计] 事件",n:100,5,1,gk cet4 ky ielts,473,525,event
eventually,eventually,i'ventʃuәli,r after an unspecified period of time or an especially long delay,"adv. 最后, 终于",r:100,4,1,gk cet4 cet6 ky toefl ielts,1089,1106,eventually
ever,ever,'evә,"r. at any time
r. (intensifier for adjectives) very","adv. 曾经, 究竟, 永远",r:100,5,1,zk gk,355,280,ever
every,every,'evri,"s. (used of count nouns) each and all of the members of a group considered singly and without exception
s. each and all of a series of entities or intervals as specified","a. 每一, 所有的",a:99/r:1,5,1,zk gk,210,172,every
everybody,everybody,'evribɒdi,n. Every person.,"pron. 每个人, 人人",p:99/n:1,4,0,zk gk,1552,799,everybody
everyday,everyday,'evri'dei,"s. found in the ordinary course of events
s. commonplace and ordinary","a. 每天的, 日常的, 平常的",j:100,2,0,zk gk cet4 ky,3381,3291,everyday
everyone,everyone,'evriwʌn,"n. Everybody; -- commonly separated, every one.","pron. 每个人, 人人
[计] 系统中的一个组名",p:100,4,1,zk gk,753,529,everyone
everything,everything,'evriθiŋ,"n. Whatever pertains to the subject under consideration;
   all things.","pron. 每件事物, 所有事物",p:100,5,1,zk gk,538,389,everything
everywhere,everywhere,'evrihwєә,r. to or in any or all places; (`everyplace' is used informally for `everywhere'),"adv. 各处, 到处",r:100,3,1,zk gk,2578,1938,everywhere
evidence,evidence,'evidәns,"n. your basis for belief or disbelief; knowledge on which to base belief
n. an indication that makes something evident
n. (law) all the means by which any alleged matter of fact whose truth is investigated at judicial trial is established or disproved","n. 根据, 证据, 迹象
[经] 证据, 凭证",v:3/n:97,4,1,gk cet4 cet6 ky toefl ielts,456,606,evidence
evident,evident,'evidәnt,"s clearly revealed to the mind or the senses or judgment
s capable of being seen or noticed","a. 显然的, 明显的",j:100,2,0,gk cet4 cet6 ky toefl,2975,3466,evident
evolution,evolution,.i:vә'lu:ʃәn,n. (biology) the sequence of events involved in the evolutionary development of a species or taxonomic group of organisms,"n. 进化, 发展, 进展, (气体)放出, 开方
[医] 进化, 演化, 旋出",n:100,2,0,gk cet4 cet6 ky toefl ielts,3069,2946,evolution
exact,exact,ig'zækt,a. marked by strict and particular and complete accordance with fact,"a. 精确的, 准确的, 精密的
vt. 强求, 急需",j:91/v:9,4,1,gk cet4 ky toefl gre,3270,3341,exact
exactly,exactly,i^'zæktli,"r indicating exactness or preciseness
r just as it should be
r in a precise manner","adv. 确切地, 精确地, 恰好, 完全地, 确实, 恰恰正是, 确实如此",r:100,3,1,gk cet4,924,748,exactly
examine,examine,ig'zæmin,"v. observe, check out, and look over carefully or inspect
v. question closely","v. 检查, 调查, 考试",v:100,4,1,zk gk cet4 cet6 ky,1050,1165,examine
example,example,ig'zæmpl,"n. an item of information that is typical of a class or group
n. punishment intended as a warning to others","n. 例子, 样本, 实例
[化] 实例",n:100,5,1,zk gk ielts,511,852,example
excellent,excellent,'ekslәnt,s. very good; of the highest quality,"a. 优良的, 杰出的, 出色的",j:100,4,1,zk gk cet4 cet6 ky toefl,1416,2123,excellent
except,except,ik'sept,"v take exception to
v prevent from being included or considered or accepted","vt. 除, 除外
vi. 反对
prep. 除了...之外, 若不是, 除非
conj. 只是",i:50/c:48/v:2,4,1,zk gk,2154,1836,except
exchange,exchange,iks'tʃeindʒ,"n. chemical process in which one atom or ion or group changes places with another
n. a mutual expression of views (especially an unpleasant one)
n. the act of changing one thing for another thing
n. the act of giving something in return for something received","n. 交换, (电话)交换局, 交换机, 汇兑, 交易所
v. 交换, 交易, 兑换
[计] 交换; 电话局",v:21/n:79,4,1,gk cet4 cet6 ky toefl ielts,1084,1513,exchange
excite,excite,ik'sait,"v. arouse or elicit a feeling
v. raise to a higher energy level
v. produce a magnetic field in","vt. 刺激, 使兴奋, 激励",v:100,2,1,zk gk cet4 cet6 ky toefl,7567,5328,excite
excuse,excuse,ik'skju:z,"n. a defense of some offensive behavior or some failure to keep a promise etc.
n. a note explaining an absence
v. accept an excuse for
v. grant exemption or release to","vt. 原谅, 申辩, 做为...的托辞
n. 致歉, 理由, 饶恕, 借口",n:46/v:54,3,1,zk gk toefl ielts,3182,3484,excuse
exercise,exercise,'eksәsaiz,"n. the activity of exerting your muscles in various ways to keep fit
n. systematic training by multiple repetitions
n. a task performed or problem solved in order to develop skill or understanding
n. (usually plural) a ceremony that involves processions and speeches","n. 行使, 执行, 运动, 练习, 作业
vt. 运用, 练习, 运动
vi. 练习, 锻炼",v:37/n:63,4,1,zk gk ielts,1233,1487,exercise
exhibition,exhibition,.eksi'biʃәn,"n. the act of exhibiting
n. a collection of things (goods or works of art etc.) for public display","n. 表现, 展览会, 展览品
[医] 投药, 展览, 展出",n:100,3,1,gk cet4 cet6 ky toefl ielts,1426,2476,exhibition
exist,exist,ig'zist,"v. have an existence, be extant
v. support oneself","vi. 存在, 生存, 发生",v:100,4,1,gk cet4 cet6 ky toefl,875,1016,exist
existence,existence,ig'zistәns,"n the state or fact of existing
n everything that exists anywhere","n. 存在, 生存
[法] 存在, 存在状态, 实体",n:100,0,1,gk cet4 cet6 ky ielts,1454,2213,existence
exit,exit,'eksit,"n. an opening that permits escape or release
n. the act of going out
v. move out of or depart from
v. lose the lead","n. 出口, 退场, 离去, 去世
vi. 退出, 脱离, 去世
[计] 退出; DOS内部命令:本命令用于退出当前的命令处理器(COMMAND.COM)
恢复前一个命令处理器",v:41/n:59,2,1,gk cet4 cet6 ky toefl,4923,3798,exit
expand,expand,ik'spænd,"v. extend in one or more directions
v. become larger in size or volume or quantity
v. make bigger or wider in size, volume, or quantity","vt. 使膨胀, 详述, 扩张
vi. 张开, 发展
vt. 展开
vi. 展开
[计] 展开; DOS外部命令:将原始DOS磁盘上的压缩文件解压缩并拷贝到硬盘上",v:100,3,1,gk cet4 cet6 ky toefl ielts gre,2124,1572,expand
expect,expect,iks'pekt,"v. regard something as probable or likely
v. look forward to the probable occurrence of
v. consider reasonable or due
v. look forward to the birth of a child","vt. 预期, 盼望, 期待",v:100,5,1,zk gk,313,405,expect
expectation,expectation,.ekspek'teiʃәn,"n. belief about (or mental picture of) the future
n. the feeling that something is about to happen","n. 期待, 指望, 展望
[化] 期望值",n:100,3,1,gk cet4 cet6 ky,1970,1890,expectation
expense,expense,ik'spens,"n. amounts paid for goods and services that may be currently tax deductible (as opposed to capital expenditures)
n. a detriment or sacrifice
n. money spent to perform work and usually reimbursed by an employer
v. reduce the estimated value of something","n. 费用, 代价, 开支, 损失
[经] 费用, 开支, 将支出转为费用",n:100,3,1,gk cet4 ky,1919,2137,expense
expensive,expensive,ik'spensiv,a. high in price or charging high prices,"a. 贵的, 奢华的, 费用浩大的, 乱化钱的
[经] 高价的, 昂贵的, 浪费的",j:100,4,1,zk gk ielts,1577,1664,expensive
experience,experience,ik'spiәriәns,"n. the accumulation of knowledge or skill that results from direct participation in events or activities
n. the content of direct observation or participation in an event
n. an event as apprehended
v. go or live through","n. 经历, 经验, 体验
vt. 经历, 经验, 体验",v:26/n:74,5,1,zk gk cet4 cet6 ky ielts,430,420,experience
experiment,experiment,ik'sperimәnt,"n. the act of conducting a controlled test or investigation
n. the testing of an idea
n. a venture at something new or different
v. to conduct a test or investigation","n. 实验, 试验, 实验仪器
vi. 实验, 尝试",v:21/n:79,3,1,zk gk cet4 cet6 ky ielts,1651,1990,experiment
expert,expert,'ekspә:t,n. a person with special knowledge or ability who performs skillfully,"n. 专家, 行家
a. 老练的, 内行的, 专门的
[计] 高级",j:2/n:98,4,1,gk cet4 ky ielts,1335,899,expert
explain,explain,ik'splein,"v. make plain and comprehensible
v. define","v. 解释, 说明",v:100,4,1,zk gk cet4 cet6 ky,518,480,explain
explanation,explanation,.eksplә'neiʃәn,"n. a statement that makes something comprehensible by describing the relevant structure or operation or circumstances etc.
n. thought that makes something comprehensible
n. the act of explaining; making something plain or intelligible","n. 解释, 说明, 辩解, 表明
[经] 解释, 注释, 说明",n:100,3,1,gk cet4 cet6 ky,1492,2054,explanation
explicit,explicit,ik'splisit,a. precisely and clearly expressed or readily observable; leaving nothing to implication,"a. 详述的, 清楚的, 直言的",j:100,2,0,gk cet6 ky toefl ielts gre,3722,4826,explicit
explode,explode,ik'splәud,"v. cause to burst with a violent release of energy
v. burst outward, usually with noise
v. show a violent emotional reaction
v. be unleashed; emerge with violence or noise","vi. 爆炸, 爆发, 激增
vt. 使爆炸",v:100,3,1,gk cet4 cet6 ky toefl ielts,3934,3106,explode
exploit,exploit,'eksplɒit,"v. use or manipulate to one's advantage
v. draw from; make good use of","n. 功绩, 勋绩
vt. 开发, 利用, 开拓, 剥削",n:16/v:84,3,0,gk cet4 cet6 ky toefl ielts gre,3034,4374,exploit
explore,explore,ik'splɒ:,"v. travel to or penetrate into
v. examine minutely
v. examine (organs) for diagnostic purposes","v. 探险, 探测, 探究",v:100,3,1,gk cet4 cet6 ky toefl ielts,1882,1594,explore
explorer,explorer,ik'splɒ:rә,n. someone who travels into little known regions (especially for some scientific purpose),"n. 探险家, 探测者, 勘探器
[医] 探察器",n:100,0,0,gk toefl,9840,7763,explorer
export,export,ik'spɒ:t,"n. commodities (goods or services) sold to a foreign country
v. sell or transfer abroad
v. transfer (electronic data) out of a database or document in a format that can be used by other programs
v. cause to spread in another part of the world","n. 输出品, 输出
vt. 输出, 出口
vi. 输出物资
[计] 导出",v:34/n:66,4,1,gk cet4 ky ielts,2231,3456,export
expose,expose,ik'spәuz,"n. the exposure of an impostor or a fraud
v. expose or make accessible to some action or influence
v. to show, make visible or apparent
v. expose to light, of photographic film","vt. 使暴露, 使曝光, 揭穿, 陈列
[医] 暴露, 露置",v:100,3,1,gk cet4 cet6 ky toefl ielts,2577,2005,expose
express,express,ik'spres,"n. mail that is distributed by a rapid and efficient system
n. public transport consisting of a fast train or bus that makes only a few scheduled stops
n. rapid transport of goods
v. give expression to","n. 快车, 快递, 专使
a. 明确的, 丝毫不差的, 专门的, 快的
vt. 表达, 表示, 表露",j:4/v:96,4,1,zk gk cet4 cet6 ky,839,1272,express
expression,expression,ik'spreʃәn,"n. the feelings expressed on a person's face
n. expression without words
n. the communication (in speech or writing) of your beliefs or opinions
n. (genetics) the process of expressing a gene","n. 表达, 表现, 词语, 措辞
[计] 表达式",n:100,3,1,gk cet4 cet6 ky,1139,1533,expression
extension,extension,ik'stenʃәn,"n. a mutually agreed delay in the date set for the completion of a job or payment of a debt
n. act of expanding in scope; making more widely available
n. an educational opportunity provided by colleges and universities to people who are not enrolled as regular students
n. act of stretching or straightening out a flexed limb","n. 延长, 扩充, 范围, 扩展名
a. 伸缩的
[计] 扩展名, 扩充名",n:100,2,1,gk cet4 cet6 ky toefl ielts,2123,3190,extension
extra,extra,'ekstrә,"n. an additional edition of a newspaper (usually to report a crisis)
n. something additional of the same kind
s. added to a regular schedule
s. further or added","n. 额外的事物, 另外的收费
a. 额外的, 特别的
adv. 额外地, 特别地, 非常地",r:4/j:91/n:5,4,1,gk cet4 cet6 ky ielts,1080,1543,extra
extraordinary,extraordinary,ik'strɒ:dәnәri,"a. beyond what is ordinary or usual; highly unusual or exceptional or remarkable
s. far more than usual or expected
s. (of an official) serving an unusual or special function in addition to those of the regular officials","a. 非常的, 特别的, 非凡的
[经] 非常的, 特别的, 临时的",j:100,3,1,gk cet4 cet6 ky toefl,2759,2625,extraordinary
extreme,extreme,ik'stri:m,"n. the furthest or highest degree of something
s. of the greatest possible degree or extent or intensity
s. far beyond a norm in quantity or amount or degree; to an utmost degree
s. beyond a norm in views or actions","n. 极端, 末端
a. 极端的, 尽头的, 极度的, 偏激的",j:84/n:16,3,1,gk cet4 cet6 ky ielts,2528,2519,extreme
extremely,extremely,ik'stri:mli,r. to an extreme degree,"adv. 极端地, 非常地",r:100,4,1,gk cet4 cet6,1388,1756,extremely
eye,eye,ai,"n. the organ of sight
n. good discernment (either visually or as if visually)
n. attention to what is seen
n. a small hole or loop (as in a needle)","n. 眼睛, 视力, 看
vt. 看, 注视",v:2/n:98,5,1,zk gk ielts,219,242,eye
eyesight,eyesight,'aisait,n. normal use of the faculty of vision,"n. 视力, 目力",n:100,1,0,gk cet4 cet6 ky ielts,13749,14627,eyesight
eyewitness,eyewitness,ai'witnis,"n. a spectator who can describe what happened
v. be present at an event and see it with one's own eyes","n. 目击者, 见证人",n:100,1,0,gk toefl,19899,8633,eyewitness
F,f,ef,n. the 6th letter of the Roman alphabet,"[计] 故障, 假, 法拉, 字段, 标记, 特征, 分数, 频率, 函数, 功能",,0,0,gk,4238,0,f
face,face,feis,"n. the front of the human head from the forehead to the chin and ear to ear
n. the general outward appearance of something
n. the striking or working surface of an implement
n. a part of a person that is used to refer to a person","n. 脸, 面容, 正面, 外观
vt. 面对, 朝, 正视, 面临
vi. 朝, 向
[计] 现场可改变的控制元件",v:36/n:64,5,1,zk gk toefl ielts,282,330,face
facial,facial,'feiʃәl,"n. cranial nerve that supplies facial muscles
n. care for the face that usually involves cleansing and massage and the application of cosmetic creams
a. of or concerning the face
a. of or pertaining to the outside surface of an object","n. 美颜, 脸部按摩
a. 脸的, 表面的, 脸部用的",j:93/n:7,2,0,gk,8701,5735,facial
fact,fact,fækt,"n. a piece of information about circumstances that exist or events that have occurred
n. a statement or assertion of verified information about something that is the case or has happened
n. an event known to have happened or something known to have existed
n. a concept whose truth can be proved","n. 事实, 真实性, 真相, 细节, 论据",n:100,5,1,zk gk cet4 ky,201,235,fact
factory,factory,'fæktәri,n. a plant consisting of one or more buildings with facilities for manufacturing,"n. 工厂, 产生地, 代理店
[经] 工厂, 代理店, 商行在国外的代理处",n:100,4,1,zk gk ielts,1505,2132,factory
fade,fade,feid,"n. gradually ceasing to be visible
v. become less clearly visible or distinguishable; disappear gradually or seemingly
v. lose freshness, vigor, or vitality","vi. 褪色, 消失, 凋谢
vt. 使褪色
n. 淡入, 淡出
a. 平淡的",n:2/v:98,3,0,gk cet4 cet6 ky toefl ielts gre,3506,2882,fade
fail,fail,feil,"v. fail to do something; leave something undone
v. be unsuccessful
v. disappoint, prove undependable to; abandon, forsake
v. stop operating or functioning","vi. 失败, 缺乏, 中断, 衰退, 失灵
vt. 忘记, 使...失望, 缺乏, 不及格
n. 不及格",n:1/v:99,5,1,zk gk,616,808,fail
failure,failure,'feiljә,"n. an act that fails
n. an event that does not accomplish its intended purpose
n. lack of success
n. a person with a record of failing; someone who loses consistently","n. 失败, 失败者, 不足, 缺乏, 破产
[计] 故障; 失效",n:100,4,1,gk cet4 ky ielts,1147,1360,failure
fair,fair,fєә,"n. gathering of producers to promote business
n. a competitive exhibition of farm products
v. join so that the external surfaces blend smoothly
a. free from favoritism or self-interest or bias or deception; conforming with established standards or rules","n. 展览会, 市集, 美好的事物
a. 公平的, 按规则进行的, 不好不坏的, 晴朗的, 美丽的
adv. 公平地, 正面地, 有教养地, 清楚地
vi. 转晴",r:4/j:91/v:2/n:3,4,1,zk gk cet4 cet6 ky toefl,1150,1484,fair
fairly,fairly,'fєәli,"r. without favoring one party, in a fair evenhanded manner
r. in conformity with the rules or laws and without fraud or cheating","adv. 美观地, 公平地, 相当地, 清楚地",r:100,3,1,gk cet4 cet6 ky toefl,1413,2157,fairly
fairness,fairness,'fєәnis,"n. conformity with rules or standards
n. ability to make judgments free from discrimination or dishonesty","n. 晴朗, 光明正大, 美丽
[经] 公正, 适当",n:100,1,0,gk,6946,5954,fairness
faith,faith,feiθ,"n. complete confidence in a person or plan etc
n. loyalty or allegiance to a cause or a person","n. 信心, 信任, 忠实, 保证
[法] 信任, 信仰, 信念",n:100,3,1,gk cet4 cet6 ky toefl ielts,1738,1326,faith
fall,fall,fɒ:l,"n. the season when the leaves fall from the trees
n. the lapse of mankind into sinfulness because of the sin of Adam and Eve
n. a lapse into sin; a loss of innocence or of chastity
n. a sudden decline in strength or number or importance","n. 落下, 瀑布, 采伐量, 下降, 落差, 降低, 堕落, 秋天
vi. 倒下, 落下, 来临, 失守, 阵亡, 下跌, 减弱, 倾斜, 垮台, 轮到, 变成, 降低
a. 秋天的",n:29/v:71,5,1,zk gk ielts,332,410,fall
false,false,fɒ:ls,"a. not in accordance with the fact or reality or actuality
s. arising from error
s. erroneous and usually accidental
s. deliberately deceptive","a. 错误的, 虚伪的, 假的, 不老实的
adv. 不准确地, 欺诈地",r:2/j:98,3,1,gk cet4 cet6 ky,2370,2516,false
familiar,familiar,fә'miljә,"n. a person attached to the household of a high official (as a pope or bishop) who renders service in return for support
n. a spirit (usually in animal form) that acts as an assistant to a witch or wizard
a. well known or easily recognized
a. within normal everyday experience; common and ordinary; not strange","a. 熟悉的, 常见的, 亲密的
n. 熟友, 常客",j:99/n:1,3,1,gk cet4 cet6 ky ielts,1635,1492,familiar
family,family,'fæmәli,"n. a social unit living together
n. primary social group; parents and children
n. people descended from a common ancestor
n. (biology) a taxonomic group containing one or more genera","n. 家庭, 家人, 族
a. 家庭的",n:100,5,1,zk gk ielts,200,147,family
famous,famous,'feimәs,s widely known and esteemed,"a. 出名的, 极好的",j:100,4,1,zk gk ielts,1461,1486,famous
fan,fan,fæn,"n. a device for creating a current of air by movement of a surface or surfaces
n. an ardent follower and admirer
v. strike out (a batter), (of a pitcher)
v. make (an emotion) fiercer","n. 风扇, 迷, 狂热者, 爱好者
vt. 煽动, 刺激, 吹拂
vi. 飘动, 成扇形散开",v:12/n:88,4,1,zk gk cet4 cet6 ky,1905,1208,fan
fancy,fancy,'fænsi,"n. a kind of imagination that was held by Coleridge to be more casual and superficial than true imagination
v. have a fancy or particular liking or desire for
a. not plain; decorative or ornamented","n. 想象力, 幻想, 喜好
a. 想象的, 精美的, 新奇的, 奇特的, 高价的, 特级的
vt. 想象, 设想, 相信, 喜爱
vi. 想象, 幻想",j:66/v:17/n:17,1,1,gk cet4 cet6 ky toefl ielts,3859,5118,fancy
fantastic,fantastic,fæn'tæstik,"s. extraordinarily good or great; used especially as intensifiers
s. fanciful and unrealistic; foolish
s. existing in fancy only
s. extravagantly fanciful in design, construction, appearance","a. 奇妙的, 稀奇的, 空想的",j:100,2,0,zk gk cet6 ky toefl ielts,4942,4747,fantastic
fantasy,fantasy,'fæntәsi,"n. imagination unrestricted by reality
n. fiction with a large amount of imagination in it
v. indulge in fantasies","n. 幻想, 想象的产物
[医] 幻想",n:100,3,0,gk cet4 ky toefl ielts gre,3642,2964,fantasy
far,far,fɑ:,"a. located at a great distance in time or space or degree
s. being of a considerable distance or length
s. being the animal or vehicle on the right or being on the right side of an animal or vehicle
s. beyond a norm in opinion or actions","a. 远的, 久远的, 遥远的
adv. 甚远地, 很, 到很深的程度, 到很远的距离",c:9/r:72/j:19,5,1,zk gk,287,252,far
fare,fare,fєә,"n. the sum charged for riding in a public conveyance
n. a paying (taxi) passenger
n. the food and drink that are regularly served or consumed
v. eat well","n. 费用, 旅客, 食物
vi. 进展, 进步, 经营, 过活",v:35/n:65,3,0,gk cet4 cet6 ky ielts,4481,4776,fare
farm,farm,fɑ:m,"n. workplace consisting of farm buildings and cultivated land as a unit
v. be a farmer; work as a farmer
v. collect fees or profits","n. 农场, 农田
vt. 耕种
vi. 种田",v:4/n:96,4,1,zk gk ielts,1167,1258,farm
farmer,farmer,'fɑ:mә,"n. a person who operates a farm
n. United States civil rights leader who in 1942 founded the Congress of Racial Equality (born in 1920)
n. an expert on cooking whose cookbook has undergone many editions (1857-1915)","n. 农夫, 农场主
[法] 农民, 农场主, 承包者",n:100,4,1,zk gk cet4 cet6 ky,1333,1589,farmer
fast,fast,fɑ:st,"n. abstaining from food
v. abstain from certain foods, as for religious or medical reasons
v. abstain from eating
a. acting or moving or capable of acting or moving quickly","a. 快速的, 紧的
adv. 很快地, 紧紧地, 彻底地
n. 绝食, 斋戒
vi. 绝食, 斋戒",n:1/r:72/v:2/j:25,4,1,zk gk gre,1833,1096,fast
fasten,fasten,'fɑ:sәn,"v. cause to be firmly attached
v. become fixed or fastened
v. attach to","vt. 拴紧, 使固定, 系, 集中于, 强加于
vi. 扣紧",v:100,1,1,gk cet4 cet6 ky toefl gre,7148,7930,fasten
fat,fat,fæt,"n. a soft greasy substance occurring in organic tissue and consisting of a mixture of lipids (mostly triglycerides)
a. having an (over)abundance of flesh
s. having a relatively large diameter
s. lucrative","n. 脂肪, 脂油, 肥肉
a. 肥的, 胖的, 油腻的
n. 文件分配表
[计] 文件分配表",j:38/n:62,4,1,zk gk ky,2848,1575,fat
father,father,'fɑ:ðә,"n. a male parent (also used as a term of address to your father)
n. `Father' is a term of address for priests in some churches (especially the Roman Catholic Church or the Orthodox Catholic Church); `Padre' is frequently used in the military
n. a person who holds an important or distinguished position in some organization
n. God when considered as the first person in the Trinity","n. 父亲, 祖先, 长辈, 神父, 创始者
vt. 当...的父亲, 保护, 创作, 发明, 培养",v:1/n:99,5,1,zk gk,364,267,father
fault,fault,fɒ:lt,"n. (geology) a crack in the earth's crust resulting from the displacement of one side with respect to the other
n. (electronics) equipment failure attributable to some defect in a circuit (loose connection or insulation failure or short circuit etc.)
n. responsibility for a bad situation or event
n. (sports) a serve that is illegal (e.g., that lands outside the prescribed area)","n. 过错, 故障, 毛病
vt. 挑剔
vi. 产生断层, 弄错
[计] 故障",v:9/n:91,3,1,gk cet4 ky toefl ielts gre,2076,2849,fault
favour,favour,'feivә,"n a feeling of favorable regard
n an inclination to approve
n an advantage to the benefit of someone or something
n souvenir consisting of a small gift given to a guest at a party
n an act of gracious kindness
v treat gently or carefully
v bestow a privilege upon
v promote over another
v consider as the favorite","n. 好感, 偏爱, 喜爱, 相信, 庇护, 赞同, 支持, 信赖, 善行, 恩惠, 徽章, 礼物
vt. 赞成, 帮助, 支持, 喜爱, 偏袒, 关切, 赐与, 给与, 有利于, 有助于, 像, 体恤",v:100,4,1,gk cet4 cet6 ielts,2781,28142,favour
favourite,favourite,'feivәrit,"n a competitor thought likely to win
n a special loved one
n something regarded with special favor or liking
s appealing to the general public
s preferred above all others and treated with partiality","n. 喜欢的事物
a. 喜爱的, 宠爱的",j:69/n:31,4,1,zk gk,2527,22274,favourite
FAX,fax,fæks,v. send something via a facsimile machine,"n. 传真
vt. 发传真
[计] 传真系统; 传真",v:43/n:57,2,0,gk cet4 ky,5816,5729,fax
fear,fear,fiә,"n. an emotion experienced in anticipation of some specific pain or danger (usually accompanied by a desire to flee or fight)
n. a feeling of profound respect for someone or something
v. be afraid or feel anxious or apprehensive about a possible or probable situation or event
v. be afraid or scared of; be frightened of","n. 恐怖, 害怕, 担心
v. 害怕, 恐惧, 为...担心, 敬畏",v:36/n:64,5,1,zk gk cet4 cet6 ky,1066,985,fear
feast,feast,fi:st,"n. something experienced with great delight
v. partake in a feast or banquet
v. provide a feast or banquet for","n. 宴会, 酒席, 享受, 节日
vt. 款待, 享乐, 请客
vi. 参加宴会, 尽情地吃, 享受",v:14/n:86,2,0,gk cet4 cet6 ky ielts,5626,5910,feast
feather,feather,'feðә,"n. the light horny waterproof structure forming the external covering of birds
n. turning an oar parallel to the water between pulls
v. join tongue and groove, in carpentry
v. cover or fit with feathers","n. 羽毛
vi. 长羽毛
vt. 用羽毛装饰",v:4/n:96,2,1,gk cet4 cet6 ky,4798,4531,feather
February,february,'februәri,n. the month following January and preceding March,n. 二月,,4,1,zk gk,1188,0,february
fee,fee,fi:,"n. a fixed charge for a privilege or for professional services
n. an interest in land capable of being inherited","n. 费用, 小费, 封地, 所有权
vt. 付费给",n:100,4,1,gk cet4 ky ielts,1618,1826,fee
feed,feed,fi:d,"n. food for domestic livestock
v. provide as food
v. give food to
v. feed into; supply","n. 饲料, 一餐, 饲养
vt. 喂, 饲养, 放牧, 靠...为生
vi. 吃东西, 用餐, 流入
[计] 送纸",n:11/v:89,4,1,zk gk cet4 cet6 ky toefl,1412,1317,feed
feel,feel,fi:l,"n. an intuitive awareness; 
n. manual stimulation of the genital area for sexual pleasure
v. undergo an emotional sensation or be in a particular state of mind
v. perceive by a physical sensation, e.g., coming from the skin or muscles","vt. 感觉, 觉得, 触摸, 以为
vi. 有知觉, 摸索, 同情
n. 感觉, 觉得, 触摸",n:3/v:97,5,1,zk gk ielts,135,134,feel
feeling,feeling,'fi:liŋ,"n. the experiencing of affective and emotional states
n. a physical sensation that you experience
n. an intuitive understanding of something","n. 摸, 触觉, 知觉, 感觉, 情绪, 同情
a. 有同情心的, 有感觉的, 仁慈的, 动人的",n:100,4,1,zk gk cet4 ky,797,805,feeling
fellow,fellow,'felәu,"n. a member of a learned society
n. an informal form of address for a man","n. 男人, 朋友, 同事
a. 同伴的, 同事的, 同道的",j:56/n:44,4,1,gk cet4 cet6 ky,2954,2421,fellow
female,female,'fi:meil,"n. an animal that produces gametes (ova) that can be fertilized by male gametes (spermatozoa)
n. a person who belongs to the sex that can have babies
a. being the sex (of plant or animal) that produces fertilizable gametes (ova) from which offspring develop
s. characteristic of or peculiar to a woman","n. 女性, 女人, 雌性动物
a. 女性的, 女子的",j:59/n:41,4,1,gk cet4 cet6 ky ielts,1563,1396,female
fence,fence,fens,"n. a barrier that serves to enclose an area
n. a dealer in stolen property
v. enclose with a fence
v. receive stolen goods","n. 围墙, 栅栏, 买卖赃物的人, 剑术
vt. 用篱笆围住, 练习剑术, 防护
vi. 击剑, 搪塞",v:5/n:95,3,1,gk cet4 cet6 ky,3306,2653,fence
ferry,ferry,'feri,"n. a boat that transports people or vehicles across a body of water and operates on a regular schedule
n. transport by boat or aircraft
v. transport from one place to another
v. transport by ferry","n. 渡船, 渡口
[法] 摆渡营业权, 轮渡",v:28/n:72,2,0,gk cet6 ky toefl ielts gre,4590,6492,ferry
festival,festival,'festәvәl,"n. a day or period of time set aside for feasting and celebration
n. an organized series of acts and performances (usually in one place)","a. 节日的, 喜庆的, 快乐的
n. 节日, 庆祝, 欢宴",n:100,4,1,zk gk cet4 cet6 ky toefl ielts,2395,3695,festival
fetch,fetch,fetʃ,"n. the action of fetching
v. be sold for a certain price
v. take away or remove","n. 取得, 拿, 诡计, 魂
vt. 接来, 取来, 售得, 带来, 推出, 引出, 杀死, 吸引, 到达
vi. 取物, 前进
[计] 取",n:4/v:96,2,1,zk gk cet4 cet6 ky ielts,3687,6744,fetch
fever,fever,'fi:vә,"n. a rise in the temperature of the body; frequently a symptom of infection
n. intense nervous anticipation","n. 发烧, 发热, 热病
[医] 发热, 热",v:1/n:99,2,1,zk gk cet4 cet6 ky ielts,5338,4372,fever
few,few,fju:,"n. a small elite group
a. a quantifier that can be used with count nouns and is often preceded by `a'; a small but indefinite number","a. 很少的, 不多的, 少数的
n. 少数",d:100,5,1,zk gk,189,185,few
fibre,fibre,'faibә,"n a slender and greatly elongated substance capable of being spun into yarn
n any of several elongated, threadlike cells (especially a muscle fiber or a nerve fiber)
n the inherent complex of attributes that determines a persons moral and ethical actions and reactions
n a leatherlike material made by compressing layers of paper or cloth","n. 纤维, 构造, 纤维制品
[化] 纤维",n:100,2,0,gk cet4 cet6 ielts,3214,24899,fibre
fiction,fiction,'fikʃәn,n. a literary work based on the imagination and not necessarily on fact,"n. 小说, 虚构故事
[法] 虚构的事实, 捏造, 拟制",n:100,2,0,gk cet4 cet6 ky toefl,3431,2762,fiction
field,field,fi:ld,"n. a piece of land cleared of trees and usually enclosed
n. somewhere (away from a studio or office or library or laboratory) where practical work is done or data is collected
n. the space around a radiating body within which its electromagnetic oscillations can exert force on another similar body not in contact with it
n. a particular kind of commercial enterprise","n. 领域, 田地, 场地, 战场, 场, 域
vt. 使...晒在场上, 使上场
a. 田间的, 野生的, 野外的, 田赛的
[计] 域, 字段",v:3/n:97,4,1,zk gk ielts,495,439,field
fierce,fierce,fiәs,s. marked by extreme intensity of emotions or convictions; inclined to react violently; fervid,"a. 凶猛的, 猛烈的, 热烈的, 暴躁的",j:100,3,0,gk cet4 cet6 ky toefl ielts,3932,4482,fierce
fifteen,fifteen,'fif'ti:n,"n. the cardinal number that is the sum of fourteen and one
s. being one more than fourteen","num. 十五, 十五个",m:100,5,0,zk gk,1736,2995,fifteen
fifth,fifth,fifθ,"n. a quantity of liquor equal to one fifth of a United States gallon
n. position five in a countable series of things
n. the musical interval between one note and another five notes away from it
s. coming next after the fourth and just before the sixth in position","num. 第五, 五分之一",m:100,4,0,zk gk ielts,2418,2497,fifth
fifty,fifty,'fifti,"n. the cardinal number that is the product of ten and five
s. being ten more than forty","num. 五十, 五十个",m:100,5,0,zk gk,1041,3038,fifty
fight,fight,fait,"n. the act of fighting; any contest or struggle
n. an intense verbal dispute
n. a boxing or wrestling match
v. fight against or resist strongly","n. 打架, 争吵, 斗志
v. 对抗, 打架",n:29/v:71,5,1,zk gk cet4 cet6 ky,917,676,fight
fighter,fighter,'faitә,n. a high-speed military or naval airplane designed to destroy enemy aircraft in the air,"n. 斗士, 战士, 好战者, 战斗机",n:100,3,0,gk cet6,4002,3028,fighter
figure,figure,'figә,"n. a diagram or picture illustrating textual material
n. a model of a bodily form (especially of a person)
n. a combination of points and lines and planes that form a visible palpable shape
n. an amount of money expressed numerically","n. 数字, 价格, 图形, 形状
vt. 描绘, 表示, 演算, 认为
vi. 计算, 出现, 估计",v:33/n:67,5,1,gk cet4 cet6 ky toefl ielts,325,552,figure
file,file,fail,"n. a set of related records (either written or electronic) kept together
n. a line of persons or things ranged one behind the other
n. office furniture consisting of a container for keeping papers in order
n. a steel hand tool with small sharp teeth on some or all of its surfaces; used for smoothing wood or metal","n. 档案, 公文箱, 文件夹, 文件, 卷宗, 锉刀
vi. 列队行进, 用锉刀做
vt. 归档, 申请, 锉, 琢磨
[计] 文件",v:49/n:51,4,1,gk cet4 ky toefl ielts gre,1170,1745,file
fill,fill,fil,"n. a quantity sufficient to satisfy
v. make full, also in a metaphorical sense
v. become full
v. assume, as of positions or roles","vt. 装满, 填充, 弥漫, 供给, 满足, 供应
vi. 充满, 变得沉重
n. 满足, 装满, 充分, 填方
vt. 填充
vi. 填充
[计] 填充",n:2/v:98,4,1,zk gk,900,686,fill
film,film,film,"n. a medium that disseminates moving pictures
n. photographic material consisting of a base of celluloid covered with a photographic emulsion; used to make negatives or transparencies
n. a thin coating or layer
n. a thin sheet of (usually plastic and usually transparent) material used to wrap or cover things","n. 软片, 薄膜, 胶卷, 电影
vt. 覆以薄膜, 拍摄
vi. 生薄膜, 拍电影",v:6/n:94,5,1,zk gk ielts,739,593,film
final,final,'fainl,"n. the final match between the winners of all previous matches in an elimination tournament
s. conclusive in a process or progression
s. not to be altered or undone","n. 期末考试, 结局, 决赛
a. 最后的, 终极的, 决定性的",j:82/n:18,5,1,zk gk cet4 ky toefl ielts,778,887,final
finance,finance,fai'næns,"n. the commercial activity of providing funds and capital
n. the branch of economics that studies the management of money and other assets
n. the management of money and credit and banking and investments
v. obtain or provide money for","n. 财政, 财务
vt. 供给...经费, 负担经费
vi. 筹措资金",v:43/n:57,4,1,gk cet4 cet6 ky toefl ielts,1515,2808,finance
find,find,faind,"v. come upon, as if by accident; meet with
v. come upon after searching; find the location of something that was missed or lost
v. come to believe on the basis of emotion, intuitions, or indefinite grounds
v. obtain through effort or management","vt. 发现, 感到, 找到, 认为, 得到
vi. 裁决
n. 发现
[计] 查找; DOS外部命令:在指定的文件或从键盘输入的文本行中
寻找指定的字符串, 将符合条件的行或行数输出到标准输出设备上",n:1/v:99,5,1,zk gk,92,95,find
fine,fine,fain,"n. money extracted as a penalty
s. minutely precise especially in differences in meaning
s. thin in thickness or diameter
s. characterized by elegance or refinement or accomplishment","n. 罚款, 罚金, 晴天, 精细
a. 好的, 晴朗的, 健康的, 细小的, 精细的
vt. 罚款, 精炼, 澄清
vi. 变清, 变细
adv. 很好
[计] 精细",r:1/j:96/v:3,3,1,zk gk toefl ielts,660,704,fine
finger,finger,'fiŋgә,"n. any of the terminal members of the hand (sometimes excepting the thumb)
n. the length of breadth of a finger used as a linear measure
n. one of the parts of a glove that provides covering for a finger or thumb
v. feel or handle with the fingers","n. 手指, 指状物, (手套的)手指部分, 指针
v. 用手指拨弄, 伸出
[计] 网络命令",v:4/n:96,4,1,zk gk cet4 cet6 ky,1109,1042,finger
fingernail,fingernail,'fiŋgәneil,n. the nail at the end of a finger,n. 手指甲,n:100,1,0,gk,12348,7769,fingernail
finish,finish,'finiʃ,"n. the place designated as the end (as of a race or journey)
n. designated event that concludes a contest (especially a race)
n. the downfall of someone (as of persons on one side of a conflict)
n. (wine tasting) the taste of a wine on the back of the tongue (as it is swallowed)","n. 完成, 结束, 末道漆, 磨光, 完美
vt. 完成, 结束, 用完, 毁掉
vi. 结束
[计] 完成",n:15/v:85,4,1,zk gk toefl,842,916,finish
fire,fire,'faiә,"n. the event of something burning (often destructive)
n. the act of firing weapons or artillery at an enemy
n. the process of combustion of inflammable materials producing heat and light and (often) smoke
n. a fireplace in which a relatively small fire is burning","n. 火, 炉火, 电炉, 火灾, 闪光体, 炮火, 热情
vt. 点燃, 烧制, 使发光, 激动, 放枪, 解雇
vi. 着火, 烧火, 开枪, 射击, 激动",v:30/n:70,2,1,zk gk ielts,693,653,fire
firefighter,firefighter,ˈfaɪəfaɪtə(r),n a member of a fire department who tries to extinguish fires,n. <美>消防队员,n:100,0,0,gk,17650,5511,firefighter
fireplace,fireplace,'faiәpleis,n. an open recess in a wall at the base of a chimney where a fire can be built,n. 壁炉,n:100,1,0,gk cet6 ky,6692,5530,fireplace
firewood,firewood,'faiәwud,n. wood used for fuel,n. 木柴,n:100,1,0,gk,15317,12444,firewood
firework,firework,,n. (usually plural) a device with an explosive that burns at a low rate and with colored flames; can be used to illuminate areas or send signals etc.,"n. 烟火具, 烟火, 烟火信号弹, 焰火, 激情的表现",,1,0,gk cet6,8853,0,firework
firm,firm,fә:m,"n. the members of a business organization that owns or operates one or more establishments
s. marked by firm determination or resolution; not shakable
s. not soft or yielding to pressure
s. strong and sure","n. 公司, 商号
a. 坚定的, 坚强的, 牢固的, 结实的, 坚硬的, 坚挺的, 严格的, 确定的
vt. 使牢固, 使坚定
vi. 变稳固, 变坚实
adv. 稳固地",j:16/v:2/n:82,5,1,gk cet4 cet6 ky toefl ielts,607,902,firm
firmly,firmly,'fә:mli,"r with resolute determination
r in a secure manner; in a manner free from danger
r with firmness","adv. 坚固, 坚定, 断然",r:100,0,1,gk,2206,3818,firmly
first,first,fә:st,"n. the first or highest in an ordering or series
n. the first element in a countable series
n. an honours degree of the highest class
a. preceding all others in time or space or degree","adv. 首先, 第一, 优先
a. 第一的
num. 第一
n. 开始, 第一",r:3/m:96/n:1,5,1,zk gk,79,86,first
fish,fish,fiʃ,"n. any of various mostly cold-blooded aquatic vertebrates usually having scales and breathing through gills
n. the flesh of fish used as food
v. seek indirectly
v. catch or try to catch fish or shellfish","n. 鱼, 鱼肉, 鱼类, 接合板
vt. 钓, 钓鱼, 查出, 用接合板连接
vi. 捕鱼, 钓鱼, 用钩捞取, 摸索寻找",v:12/n:88,4,1,zk gk ielts,954,947,fish
fisherman,fisherman,'fiʃәmәn,n. someone whose occupation is catching fish,"n. 渔夫, 钓鱼者, 渔船",n:100,2,0,zk gk cet4 cet6 ky,5287,4272,fisherman
fist,fist,fist,n. a hand with the fingers clenched in the palm (as for hitting),"n. 拳头, 手
vt. 拳打, 握成拳, 紧握",n:100,2,0,gk cet4 cet6 ky toefl ielts,4178,3881,fist
fit,fit,fit,"n. a display of bad temper
n. the manner in which something fits
v. be the right size or shape; fit correctly or as desired
v. make fit","n. 适宜, 合身, 发作, 痉挛
a. 适宜的, 对的, 准备好的
vt. 适合, 安装, 使合身, 使适应, 使合格
vi. 适合, 符合, 合身
[计] 非特",n:9/j:21/v:70,2,1,zk gk toefl ielts,1046,1349,fit
five,five,faiv,"n. the cardinal number that is the sum of four and one
s. being one more than four","num. 五, 五个",m:100,5,0,zk gk,207,299,five
fix,fix,fiks,"n. informal terms for a difficult situation
n. something craved, especially an intravenous injection of a narcotic drug
n. an exemption granted after influence (e.g., money) is brought to bear
v. set or place definitely","vt. 使固定, 修理, 准备, 安装, 凝视, 牢记, 确定, 整理
vi. 固定, 注视, 确定
n. 困境, 方位, 维修, 贿赂",n:16/v:84,3,1,zk gk cet4 cet6 ky,1954,1850,fix
flag,flag,flæg,"n. emblem usually consisting of a rectangular piece of cloth of distinctive design
n. a rectangular piece of fabric used as a signalling device
n. stratified stone that splits into pieces suitable as paving stones
n. a conspicuously marked or shaped tail","n. 标志, 旗标, 旗子, 信号旗, 菖蒲
vt. 悬旗, 打旗号, 铺石板
vi. 无力地下垂
[计] 标志; 属性标记命令",v:7/n:93,3,1,zk gk cet4 cet6 ky toefl ielts gre,3502,2444,flag
flame,flame,fleim,"v. be in flames or aflame
v. criticize harshly, usually via an electronic medium","n. 火焰, 火舌, 热情, 光辉
vt. 焚烧, 用火焰给...灭菌, 用火焰传送(信号), 点燃, 激动
vi. 燃烧, 爆发, 闪耀
[计] 无聊邮件, 无益邮件",v:4/n:96,2,1,gk cet4 cet6 ky toefl ielts,3195,3199,flame
flaming,flaming,'fleimiŋ,"n the process of combustion of inflammable materials producing heat and light and (often) smoke
v shine with a sudden light
v be in flames or aflame
v criticize harshly, usually via an electronic medium
s informal intensifiers
s very intense","a. 燃烧的, 热烈的, 色彩鲜明的",j:100,1,0,gk,15457,12654,flaming
flash,flash,flæʃ,"n. a sudden intense burst of radiant energy
n. a momentary brightness
n. a short vivid experience
n. a sudden brilliant understanding","n. 闪光, 闪现, 一瞬间
vi. 闪光, 闪现, 反射
vt. 使闪光, 反射",n:38/j:12/v:50,3,1,gk cet4 cet6 ky toefl ielts,4001,3500,flash
flashlight,flashlight,'flæʃlait,n. a small portable battery-powered electric lamp,"n. 手电筒, 闪光信号灯",n:100,1,0,gk toefl,25749,6373,flashlight
flat,flat,flæt,"n. a level tract of land
n. a shallow box in which seedlings are started
n. a musical notation indicating one half step lower than the note named
n. a deflated pneumatic tire","a. 平坦的, 单调的, 无力的, 浅的, 萧条的, 干脆的, 无聊的
adv. 平直地, 断然地
n. 扁平物, 平面, 平地, 平原, 平板车
v. (使)变平",r:7/j:93,4,1,zk gk cet4 cet6 ky toefl ielts,1448,2569,flat
flee,flee,fli:,v. run away quickly,"vt. 逃避, 逃跑, 逃走
vi. 逃, 消失",v:100,3,0,gk cet4 cet6 ky toefl ielts,3410,2942,flee
flesh,flesh,'fleʃ,"n. the soft tissue of the body of a vertebrate: mainly muscle tissue and fat
v. remove adhering flesh from (hides) when preparing leather manufacture","n. 肉, 肉体, 肉欲, 人性, 亲属, 人类, 众生, 人体
vt. 以肉喂, 激起...的杀戳情绪, 使肥, 赋以血肉
vi. 长胖",n:100,2,1,gk cet4 ky ielts,3036,3209,flesh
flexible,flexible,'fleksәbl,"a. capable of being changed
a. able to flex; able to bend easily
s. bending and snapping back readily without breaking","a. 易曲的, 灵活的, 柔顺的, 能变形的, 可通融的
[医] 能屈的",j:100,3,0,gk cet4 cet6 ky toefl ielts gre,3127,4227,flexible
flight,flight,flait,"n. a formation of aircraft in flight
n. an instance of traveling by air
n. a stairway (set of steps) between one floor or landing and the next
n. an air force unit smaller than a squadron","n. 飞行, 射程, 逃走, 飞跃, 飞机航程, 班机, 迁徙, 飞逝
vi. 迁徙
vt. 射击(飞禽), 为(箭)装上羽毛, 使惊飞",n:100,4,1,gk ielts gre,1487,1295,flight
float,float,flәut,"n. the time interval between the deposit of a check in a bank and its payment
n. the number of shares outstanding and available for trading by the public
n. an elaborate display mounted on a platform carried by a truck (or pulled by a truck) in a procession or parade
n. a hand tool with a flat face used for smoothing and finishing the surface of plaster or cement or stucco","n. 漂流物, 浮舟, 漂浮, 浮萍, 彩车
vi. 浮动, 飘动, 散播, 摇摆, 动摇, 浮动
vt. 使漂浮, 容纳, 淹没, 发行, 实行
[计] 浮动",n:23/v:77,3,1,gk cet4 cet6 ky toefl ielts,3498,3140,float
flood,flood,flʌd,"n. the rising of a body of water and its overflowing onto normally dry land
n. an overwhelming number or amount
n. light that is a source of artificial illumination having a broad beam; used in photography
n. a large flow","n. 洪水, 大量之水, 涨潮
vt. 淹没, 使泛滥, 注满
vi. 被淹, 溢出, 涌进",v:41/n:59,3,1,gk cet4 cet6 ky toefl,4100,3582,flood
floor,floor,flɒ:,"n. the inside lower horizontal surface (as of a room, hallway, tent, or other structure)
n. a structure consisting of a room or set of rooms at a single position along a vertical scale
n. a lower limit
n. the ground on which people and animals move about","n. 地板, 楼层, 底部, 底价
vt. 铺地板, 打倒
n. 地面, 地板, 基底
[计] 基底",v:1/n:99,4,1,zk gk,791,639,floor
flour,flour,'flauә,"n. fine powdery foodstuff obtained by grinding and sifting the meal of a cereal grain
v. cover with flour
v. convert grain into flour","n. 面粉, 粉沫, 碎粉
[医] 面粉, 麦粉",v:2/n:98,2,1,gk cet4 cet6 ky toefl ielts,5355,3429,flour
flow,flow,flәu,"n. the motion characteristic of fluids (liquids or gases)
n. the amount of fluid that flows in a given time
n. the act of flowing or streaming; continuous progression
n. any uninterrupted stream or discharge","n. 流程, 流动, 流量, 洋溢, 泛滥, 涨潮
vi. 流动, 流泄, 畅流, 川流不息, 飘扬, 涌出
vt. 使流动, 淹没, 流出",v:39/n:61,4,1,gk cet4 ky,1759,1984,flow
flower,flower,'flauә,"n. a plant cultivated for its blooms or blossoms
n. reproductive organ of angiosperm plants especially one having showy or colorful parts
n. the period of greatest prosperity or productivity","n. 花, 开花植物, 精华, 盛时
vi. 开花, 发育, 旺盛, 成熟
vt. 用花装饰, 使开花",v:5/n:95,4,1,zk gk ielts,1270,1489,flower
flu,flu,flu:,n an acute febrile highly contagious viral disease,"n. 流感, 流行性感冒",n:100,1,1,zk gk cet4 cet6 ky ielts,8041,5662,flu
fluency,fluency,'flu:әnsi,"n. skillfulness in speaking or writing
n. the quality of being facile in speech and writing","n. 流畅, 雄辩, 善辩",n:100,0,0,gk,14342,13181,fluency
fluent,fluent,'flu:әnt,s. smooth and unconstrained in movement,"a. 流利的, 流畅的",j:100,1,0,gk cet4 cet6 ky toefl ielts,9662,11910,fluent
fly,fly,flai,"n. two-winged insects characterized by active flight
n. an opening in a garment that is closed by a zipper or by buttons concealed under a fold of cloth
n. (baseball) a hit that flies up in the air
n. fisherman's lure consisting of a fishhook decorated to look like an insect","n. 苍蝇, 两翼昆虫, 飞行
vi. 飞, 飞翔, 飘扬, 逃走
vt. 飞, 飞越, 使飘扬, 逃出
a. 敏捷的",n:18/j:2/v:80,5,1,zk gk ielts,1106,943,fly
focus,focus,'fәukәs,"n. the concentration of attention or energy on something
n. maximum clarity or distinctness of an image rendered by an optical system
n. maximum clarity or distinctness of an idea
n. a central point or locus of an infection in an organism","n. 焦点, 焦距
vi. 聚焦, 注视
vt. 使聚焦, 调焦, 集中
[计] 焦点",n:32/v:68,4,1,gk cet4 cet6 ky toefl ielts,1918,688,focus
fog,fog,fɒg,"n. droplets of water vapor suspended in the air near the ground
n. an atmosphere in which visibility is reduced because of a cloud of some substance","n. 雾, 迷惑, (割后的)最生草, 苔藓
vi. 被雾笼罩, 变模糊
vt. 使困惑, 以雾笼罩",v:6/n:94,2,0,gk cet4 cet6 ky toefl,5413,4913,fog
foggy,foggy,'fɒgi,"s stunned or confused and slow to react (as from blows or drunkenness or exhaustion)
s indistinct or hazy in outline
s filled or abounding with fog or mist
s obscured by fog","a. 雾深的, 模糊的",j:100,1,0,gk toefl,14412,12681,foggy
fold,fold,fәuld,"n. an angular or rounded shape made by folding
n. a geological process that causes a bend in a stratum of rock
n. a folded part (as in skin or muscle)
n. a pen for sheep","n. 折层, 折, 羊栏, 折痕, 信徒
vt. 折叠, 包, 合拢, 交迭
vi. 折叠起来, 彻底失败
[计] 折叠; 合并",n:32/v:68,3,1,gk cet4 cet6 ky toefl gre,3975,3493,fold
folk,folk,fәuk,n. people in general (often used in the plural),"n. 人们, 家人, 亲属, 民族
a. 民间的",n:100,3,0,gk cet4 cet6 ky toefl,2958,1339,folk
follow,follow,'fɒlәu,"v. to travel behind, go after, come after
v. come as a logical consequence; follow logically
v. travel along a certain course
v. come after in time, as a result","vt. 跟随, 沿行, 遵循, 追求
vi. 跟随, 接着
n. 跟随, 追随",n:1/v:99,5,1,zk gk cet4 cet6 ky,186,325,follow
following,following,'fɒlәuiŋ,"n. a group of followers or enthusiasts
s. about to be mentioned or specified
s. immediately following in time or order
a. going or proceeding or coming after in the same direction","n. 下列各项, 部下, 追随者
a. 下列的, 其次的",i:6/r:5/j:84/n:5,4,1,gk cet4 cet6 ky,748,1471,following
fond,fond,fɒnd,"s. (followed by `of' or `to') having a strong preference or liking for
s. absurd or silly because unlikely","a. 喜欢的, 宠爱的, 温柔的",j:100,2,0,gk cet4 cet6 ky,4954,6241,fond
food,food,fu:d,"n. any substance that can be metabolized by an animal to give energy and build tissue
n. any solid substance (as opposed to liquid) that is used as a source of nourishment
n. anything that provides mental stimulus for thinking","n. 食物, 养料
[医] 食物, 食品",n:100,5,1,zk gk ielts,466,366,food
fool,fool,fu:l,"n. a person who lacks good judgment
v. make a fool or dupe of","n. 愚人, 受骗者, 奶油拌水果
vt. 愚弄, 欺骗, 浪费
vi. 干傻事, 开玩笑, 游荡
a. 傻的",v:39/j:2/n:59,3,0,gk cet4 ky,3660,4030,fool
foolish,foolish,'fu:liʃ,a. devoid of good sense or judgment,"a. 愚蠢的, 傻的",j:100,2,0,gk cet4 ky toefl,4977,5783,foolish
foot,foot,fut,"n. the part of the leg of a human being below the ankle joint
n. a linear unit of length equal to 12 inches or a third of a yard
n. the lower part of anything
n. any of various organs of locomotion or attachment in invertebrates","n. 脚, 步调, 英尺, 底部, 末尾, 步兵
vt. 走在...上, 给...换底, 支付
vi. 跳舞, 步行, 总计",v:1/n:99,5,1,zk gk ielts,459,380,foot
football,football,'futbɒ:l,"n. any of various games played with a ball (round or oval) in which two teams try to kick or carry or propel the ball into each other's goal
n. the inflated oblong ball used in playing American football","n. 足球, 橄榄球",n:100,4,1,zk gk,1424,1534,football
for,for,fɒ:,"prep. In the most general sense, indicating that in consideration
   of, in view of, or with reference to, which anything is done or takes
   place.
prep. Indicating the antecedent cause or occasion of an action;
   the motive or inducement accompanying and prompting to an act or state;
   the reason of anything; that on account of which a thing is or is done.
prep. Indicating the remoter and indirect object of an act; the
   end or final cause with reference to which anything is, acts, serves,
   or is done.
prep. Indicating that in favor of which, or in promoting which,
   anything is, or is done; hence, in behalf of; in favor of; on the side
   of; -- opposed to against.
prep. Indicating that toward which the action of anything is
   directed, or the point toward which motion is made; /ntending to go to.
prep. Indicating that on place of or instead of which anything
   acts or serves, or that to which a substitute, an equivalent, a
   compensation, or the like, is offered or made; instead of, or place of.
prep. Indicating that in the character of or as being which
   anything is regarded or treated; to be, or as being.
prep. Indicating that instead of which something else controls in
   the performing of an action, or that in spite of which anything is
   done, occurs, or is; hence, equivalent to notwithstanding, in spite of;
   -- generally followed by all, aught, anything, etc.
prep. Indicating the space or time through which an action or
   state extends; hence, during; in or through the space or time of.
prep. Indicating that in prevention of which, or through fear of
   which, anything is done.
conj. Because; by reason that; for that; indicating, in Old
   English, the reason of anything.
conj. Since; because; introducing a reason of something before
   advanced, a cause, motive, explanation, justification, or the like, of
   an action related or a statement made. It is logically nearly
   equivalent to since, or because, but connects less closely, and is
   sometimes used as a very general introduction to something suggested by
   what has gone before.
n. One who takes, or that which is said on, the affrimative side;
   that which is said in favor of some one or something; -- the antithesis
   of against, and commonly used in connection with it.","prep. 为, 因为, 至于
conj. 因为
[计] DOS批处理命令:对一组参数重复执行指定的命令",i:99/c:1,5,1,zk gk,12,13,for
forbid,forbid,fә'bid,v. command against,"vt. 禁止, 不准, 妨碍
[法] 不许, 禁止, 阻止",v:100,2,0,gk cet4 cet6 ky toefl gre,4670,4698,forbid
force,force,fɒ:s,"n. a powerful effect or influence
n. (physics) the influence that produces a change in a physical quantity
n. physical energy or intensity
n. group of people willing to obey orders","n. 力量, 武力, 势力, 影响力, 军队, 力, 效力
vt. 强迫, 强夺, 推动, 提高
[计] 人工转移; 强制",v:30/n:70,5,1,zk gk cet4 cet6 ky,369,372,force
forecast,forecast,'fɒ:kɑ:st,v. predict in advance,"n. 预想, 预测, 预报
vt. 预想, 预测, 预报
[计] 趋势预测",v:42/n:58,3,1,gk cet4 cet6 ky toefl ielts gre,3980,5890,forecast
forehead,forehead,'fɒ:rid,"n the part of the face above the eyes
n the large cranial bone forming the front part of the cranium: includes the upper part of the orbits","n. 额, 前额, 前部
[医] 额",n:100,2,0,gk cet4 cet6 ky,4632,3788,forehead
foreign,foreign,'fɒ:rin,"a. of concern to or concerning the affairs of other nations (other than your own)
a. relating to or originating in or characteristic of another place or part of the world","a. 外国的, 外交的, 外省的, 外来的, 不相关的
[机] 外来的",j:100,2,1,zk gk ielts,621,689,foreign
foreigner,foreigner,'fɒ:rinә,"n. a person who comes from a foreign country; someone who does not owe allegiance to your country
n. someone who is excluded from or is not a member of a group","n. 外国人, 外地人
[法] 外国人, 进口货, 外国货",n:100,3,0,zk gk cet4 cet6 ky,4934,4887,foreigner
foresee,foresee,fɒ:'si:,"v realize beforehand
v picture to oneself; imagine possible
v act in advance of; deal with ahead of time","vt. 预见, 预知",v:100,2,0,gk cet6 ky toefl ielts,6364,7614,foresee
forest,forest,'fɒrist,"n. the trees and other plants in a large densely wooded area
n. land that is covered with trees and shrubs","n. 森林, 林区
vt. 植树于",v:1/n:99,3,1,zk gk cet4 cet6 ky ielts,1108,1108,forest
forever,forever,fә'revә,r. for a very long or seemingly endless time,adv. 永远,r:100,2,1,gk cet4 cet6 ky,3798,2082,forever
forget,forget,fә'get,"v. dismiss from the mind; stop remembering
v. be unable to remember
v. forget to do something
v. leave behind unintentionally","vt. 忘记, 忽略, 忘
vi. 忘记",v:100,4,1,zk gk,813,872,forget
forgetful,forgetful,fә'getful,s. failing to keep in mind,"a. 健忘的, 易忘的",j:100,0,0,gk,19606,23938,forgetful
forgive,forgive,fә'giv,"v. stop blaming or grant forgiveness
v. absolve from payment","vt. 原谅, 宽恕, 免除
[法] 免除, 宽恕, 原谅",v:100,2,1,gk cet4 cet6 ky ielts,3395,3595,forgive
fork,fork,fɒ:k,"n. cutlery used for serving and eating food
n. the region of the angle formed by the junction of two branches
n. an agricultural tool used for lifting or digging; has a handle and metal prongs
v. place under attack with one's own pieces, of two enemy pieces","n. 叉子, 叉状物, 分岔
vi. 分支, 分歧
vt. 做成叉形, 叉起
[计] 派生指令",v:5/n:95,2,1,zk gk cet4 cet6 ky,5592,3758,fork
form,form,fɒ:m,"n. the phonological or orthographic sound or appearance of a word that can be used to describe or identify something
n. a perceptual structure
n. the visual appearance of something or someone
n. a printed document with spaces in which to write","n. 形状, 形体, 类型, 方式, 表格, 形式
v. 形成, 排列, (使)组成
n. 表单
[计] 表单",v:37/n:63,3,1,zk gk ielts,239,523,form
format,format,'fɒ:mæt,"n. the organization of information according to preset specifications (usually for computer processing)
n. the general appearance of a publication
v. set (printed matter) into a specific format
v. determine the arrangement of (data) for storage and display (in computer science)","n. 开本, 版式, 形式, 格式
vt. 格式化
[计] 格式; DOS外部命令:对磁盘进行格式化",v:9/n:91,2,0,gk ky toefl ielts,3080,3730,format
former,former,'fɒ:mә,"n. the first of two or the first mentioned of two
a. referring to the first of two things or persons mentioned (or the earlier one or ones of several); I prefer the former version to the latter one""
s. (used especially of persons) of the immediate past","a. 从前的, 前者的
n. 起形成作用的人(或物), 模型, 样板",d:99/n:1,5,1,gk cet4 ky toefl ielts,588,442,former
fortnight,fortnight,'fɒ:tnait,n. a period of fourteen consecutive days,n. 两星期,n:100,2,0,gk cet4 cet6 ky ielts,4290,22633,fortnight
fortunate,fortunate,'fɒ:tʃәnit,"a. having unexpected good fortune
s. supremely favored
s. presaging good fortune","a. 幸运的, 幸福的",j:100,2,0,gk cet4 cet6 ky toefl,4680,5300,fortunate
fortune,fortune,'fɒ:tʃәn,"n. a large amount of wealth or prosperity
n. your overall circumstances or condition in life (including everything that happens to you)","n. 财富, 运气, 兴隆, 大量财产, 好运, 命运
[法] 命运, 财产, 大量财产",n:100,3,1,gk cet4 cet6 ky toefl,2626,2703,fortune
forty,forty,'fɒ:ti,"n. the cardinal number that is the product of ten and four
s. being ten more than thirty","num. 四十, 四十个",m:100,5,0,zk gk,1350,3734,forty
forward,forward,'fɒ:wәd,"n. the person who plays the position of forward in certain games, such as basketball, soccer, or hockey
n. a position on a basketball, soccer, or hockey team
v. send or ship onward from an intermediate post or station in transit
a. at or near or directed toward the front","a. 向前的, 早的, 迅速的, 在前的, 进步的
vt. 促进...的生长, 转寄, 运送
adv. 向前地
[计] 前推, 转信",n:2/r:91/v:2/j:5,4,1,zk gk gre,734,815,forward
found,found,faund,"n. food and lodging provided in addition to money
a. come upon unexpectedly or after searching","vt. 建立, 创立, 铸造
find的过去式和过去分词",v:100,4,1,gk cet4 cet6 ky,2608,2664,found
founding,founding,'faundiŋ,"n the act of starting something for the first time; introducing something new
v set up or found
v set up or lay the groundwork for
v use as a basis for; found on",[计] 铸造,j:64/n:36,0,0,gk,11750,7525,founding
fountain,fountain,'fauntin,"n. a structure from which an artificially produced jet of water arises
n. an artificially produced flow of water
n. a plumbing fixture that provides a flow of water","n. 水源, 源, 喷泉, 泉水, 本源
[医] 泉",n:100,2,0,gk cet4 cet6 ky toefl ielts,6028,5279,fountain
four,four,fɒ:,"n. the cardinal number that is the sum of three and one
s. being one more than three","num. 四, 四个
[机] 四冲程循环",m:99/n:1,5,0,zk gk,184,247,four
fourteen,fourteen,'fɒ:'ti:n,"n. the cardinal number that is the sum of thirteen and one
s. being one more than thirteen","num. 十四, 十四个",m:100,5,0,zk gk,2877,5498,fourteen
fourth,fourth,fɒ:θ,"n. following the third position; number four in a countable series
n. the musical interval between one note and another four notes away from it
s. coming next after the third and just before the fifth in position or time or degree or magnitude","num. 第四, 四分之一",m:100,4,0,zk gk,1543,1570,fourth
fox,fox,fɒks,"n. alert carnivorous mammal with pointed muzzle and ears and a bushy tail; most are predators that do not hunt in packs
n. the grey or reddish-brown fur of a fox
n. English statesman who supported American independence and the French Revolution (1749-1806)
n. English religious leader who founded the Society of Friends (1624-1691)","n. 狐狸, 狡猾的人
vi. 奸狡地行动, (书页)生斑, 变酸
vt. 欺骗, 使变酸, 为(鞋等)换面, 使生黄斑",v:2/n:98,2,0,zk gk cet4 cet6 ky,4616,6537,fox
fragile,fragile,'frædʒail,s. vulnerably delicate,"a. 易碎的, 脆的
[医] 脆弱的, 脆的",j:100,2,0,gk cet6 ky toefl ielts gre,5941,4733,fragile
fragrant,fragrant,'freigrәnt,a. pleasant-smelling,"a. 芬香的, 馥郁的, 愉快的",j:100,1,0,gk cet6 ky toefl gre,12331,9055,fragrant
framework,framework,'freimwә:k,"n. the underlying structure
n. a structure supporting or containing something","n. 结构, 骨架, 参照标准, 准则, 观点
[医] 构架组织",n:100,2,0,gk cet4 cet6 ky toefl ielts,2177,2968,framework
franc,franc,fræŋk,n. the basic monetary unit in many countries; equal to 100 centimes,n. 法郎,,2,0,gk,7261,0,franc
free,free,fri:,"n. people who are free
v. grant freedom to; free from confinement
v. make (information) available for publication
v. free from obligations or duties","a. 自由的, 享受政治权力的, 允许的, 免费的, 丰富的
vt. 释放, 解放, 使自由
adv. 自由地, 免费",j:88/v:12,5,1,zk gk,497,473,free
freedom,freedom,'fri:dәm,n. the condition of being free; the power to act or speak or think without externally imposed restraints,"n. 自由, 坦率, 特权
[法] 自由, 自主, 免除",n:100,4,1,gk cet4 cet6 ky ielts,1480,1148,freedom
freeway,freeway,'fri:wei,n a broad highway designed for high-speed traffic,n. 高速公路,n:100,1,0,gk,23892,6142,freeway
freeze,freeze,fri:z,"n. the withdrawal of heat to change something from a liquid to a solid
n. weather cold enough to cause freezing
n. an interruption or temporary suspension of progress or movement
n. fixing (of prices or wages etc) at a particular level","vi. 冻结, 冷冻, 僵硬, 楞住
vt. 使结冰, 使冻住, 使呆住
n. 结冰, 凝固
[计] 冻结",n:17/v:83,3,1,zk gk cet4 cet6 ky,3516,2807,freeze
freezing,freezing,'fri:ziŋ,"n the withdrawal of heat to change something from a liquid to a solid
v stop moving or become immobilized
v change to ice
v be cold
v cause to freeze
v stop a process or a habit by imposing a freeze on it
v be very cold, below the freezing point
v change from a liquid to a solid when cold
v prohibit the conversion or use of (assets)
v anesthetize by cold
v suddenly behave coldly and formally","a. 冰冻的, 冷冻用的, 严寒的
[化] 冻结; 冻结作用; 凝固; 凝固作用",j:100,1,0,gk,5949,6369,freezing
French,french,frentʃ,"n. the Romance language spoken in France and in countries colonized by France
n. the people of France
n. United States sculptor who created the seated marble figure of Abraham Lincoln in the Lincoln Memorial in Washington D.C. (1850-1931)","n. 法国人, 法文, 法式
a. 法国的, 法国人的, 法语的",j:73/n:27,0,0,gk ielts,10037,1362,french
Frenchman,frenchman,'frentʃmәn,n. a person of French nationality,n. 法国人,n:100,0,0,gk,6523,11653,frenchman
frequent,frequent,'fri:kwәnt,"v. be a regular or frequent visitor to a certain place
a. coming at short intervals or habitually
s. frequently encountered;","a. 时常发生的, 频繁的, 快速的
vt. 时常来访, 常常聚集, 常与...交往",j:88/v:12,4,1,gk cet4 cet6 ky toefl ielts gre,3109,3272,frequent
fresh,fresh,freʃ,"a. recently made, produced, or harvested
s. (of a cycle) beginning or occurring again
s. original and of a kind not seen before
a. not canned or otherwise preserved","a. 新鲜的, 新奇的, 另外的, 淡的, 精神饱满的, 冒失的
adv. 最新地, 刚刚
n. 开始, 泛滥",j:100,4,1,zk gk cet4 cet6 ky,1368,1107,fresh
friction,friction,'frikʃәn,"n. the resistance encountered when one body is moved in contact with another
n. effort expended in moving one object over another with pressure","n. 摩擦, 摩擦治疗, 不和
[医] 摩擦",n:100,1,0,gk cet4 cet6 ky toefl ielts gre,8497,7336,friction
Friday,friday,'fraidi,n. the sixth day of the week; the fifth working day,n. 星期五,,4,1,zk gk ielts,1621,0,friday
fried,fried,fraid,s. cooked by frying in fat,a. 油炸的,j:100,0,0,gk,10093,5612,fried
friend,friend,frend,"n. a person you know well and regard with affection and trust
n. a member of the Religious Society of Friends founded by George Fox (the Friends have never called themselves Quakers)","n. 朋友, 支持者, 赞助者
[法] 朋友, 友人, 赞助者",n:100,5,1,zk gk,281,265,friend
friendly,friendly,'frendli,"n. troops belonging to or allied with your own military forces
a. characteristic of or befitting a friend
s. inclined to help or support; not antagonistic or hostile
a. easy to understand or use","a. 友好的, 亲切的, 互助的
adv. 友善地, 温和地",j:96/n:4,3,1,zk gk,2241,2760,friendly
friendship,friendship,'frendʃip,n. the state of being friends (or friendly),"n. 友谊, 友爱, 友善",n:100,3,1,zk gk,3092,3036,friendship
fright,fright,frait,"n an emotion experienced in anticipation of some specific pain or danger (usually accompanied by a desire to flee or fight)
v cause fear in","n. 惊骇, 吃惊
[医] 惊吓",n:100,1,0,gk cet6 ky toefl,10016,12606,fright
frighten,frighten,'fraitn,"v. cause fear in
v. drive out by frightening","vt. 使惊吓
vi. 惊恐",v:100,2,1,gk cet4 cet6 ky,5047,5537,frighten
frog,frog,frɒg,"n. any of various tailless stout-bodied amphibians with long hind limbs for leaping; semiaquatic and terrestrial species
n. a person of French descent
n. a decorative loop of braid or cord
v. hunt frogs for food","n. 青蛙
[医] 蛙, 马蹄叉",n:100,1,0,zk gk cet4 cet6 ky,5747,5370,frog
from,from,frɒm,"prep. Out of the neighborhood of; lessening or losing proximity
   to; leaving behind; by reason of; out of; by aid of; -- used whenever
   departure, setting out, commencement of action, being, state,
   occurrence, etc., or procedure, emanation, absence, separation, etc.,
   are to be expressed. It is construed with, and indicates, the point of
   space or time at which the action, state, etc., are regarded as setting
   out or beginning; also, less frequently, the source, the cause, the
   occasion, out of which anything proceeds; -- the aritithesis and
   correlative of to; as, it, is one hundred miles from Boston to
   Springfield; he took his sword from his side; light proceeds from the
   sun; separate the coarse wool from the fine; men have all sprung from
   Adam, and often go from good to bad, and from bad to worse; the merit
   of an action depends on the principle from which it proceeds; men judge
   of facts from personal knowledge, or from testimony.","prep. 从, 来自, 根据",i:100,5,1,zk gk,27,26,from
front,front,frʌnt,"n. the side that is forward or prominent
n. the outward appearance of a person
n. the side that is seen or that goes first
n. a sphere of activity involving effort","n. 前面, 开头, 前线, 阵线, 态度
vt. 面对, 朝向, 对抗
vi. 朝向",i:38/r:2/j:33/v:2/n:25,5,1,zk gk,1185,1087,front
frontier,frontier,'frʌntjә,"n. a wilderness at the edge of a settled area of a country
n. an international boundary or the area (often fortified) immediately inside the boundary
n. an undeveloped field of study; a topic inviting research and development","n. 边界, 边境
[法] 国境, 边境, 边界",n:100,2,0,gk cet4 cet6 ky toefl ielts,4553,4415,frontier
frost,frost,frɒst,"n. ice crystals forming a white deposit (especially on objects outside)
n. the formation of frost or ice on a surface
n. United States poet famous for his lyrical poems on country life in New England (1874-1963)
v. decorate with frosting","n. 霜, 冰冻, 冷漠
vt. 覆着霜, 冻结, 结霜
vi. 受冻, 起霜",v:16/n:84,1,0,gk cet4 cet6 ky toefl ielts,6935,21397,frost
fruit,fruit,fru:t,"n. the ripened reproductive body of a seed plant
n. the consequence of some effort or action
v. cause to bear fruit
v. bear fruit","n. 水果, 果类, 结果
[医] 果实, 种实",v:1/n:99,4,1,zk gk ielts,1809,1662,fruit
fry,fry,frai,"n. English painter and art critic (1866-1934)
n. English dramatist noted for his comic verse dramas (born 1907)
v. be excessively hot
v. cook on a hot surface using fat","n. 油炸食物, 鱼苗
v. 油炸, 煎",v:45/n:55,3,1,gk cet4 cet6 ky ielts,8929,7089,fry
fuel,fuel,'fjuәl,"n. a substance that can be consumed to produce energy
v. provide with a combustible substance that provides energy
v. provide with fuel
v. take in fuel, as of a ship","n. 燃料, 木炭
vt. 加燃料, 供燃料
vi. 得到燃料",v:17/n:83,4,1,gk cet4 ky toefl ielts,1933,1558,fuel
full,full,ful,"v. beat for the purpose of cleaning and thickening
v. make (a garment) fuller by pleating or gathering
a. containing as much or as many as is possible or normal
s. complete in extent or degree and in every particular","n. 全部, 完整
a. 充满的, 完全的, 丰富的, 完美的, 丰满的, 详尽的
adv. 完全地, 整整, 十分
vt. 把(衣服等)缝得宽松, 漂洗
[计] 完整",r:4/j:96,5,1,zk gk,309,503,full
fun,fun,fʌn,"n. activities that are enjoyable or amusing
n. verbal wit or mockery (often at another's expense but not to be taken seriously)
n. violent and excited activity","n. 乐趣, 玩笑, 娱乐
vi. 开玩笑
a. 供娱乐用的",j:48/n:52,4,1,zk gk,2497,1888,fun
function,function,'fʌŋkʃәn,"n. (mathematics) a mathematical relation such that each element of a given set (the domain of the function) is associated with an element of another set (the range of the function)
n. what something is used for
n. the actions and activities assigned to or required or expected of a person or group
n. a relation such that one thing is dependent on another","n. 官能, 职务, 功能, 函数
vi. 活动, 运行, 行使职责
[计] 功能, 函数",v:26/n:74,4,1,gk cet4 cet6 ky ielts,782,1442,function
fundamental,fundamental,.fʌndә'mentәl,"n. any factor that could be considered important to the understanding of a particular business
n. the lowest tone of a harmonic series
s. being or involving basic facts or principles
s. far-reaching and thoroughgoing in effect especially on the nature of something","n. 基本原理, 原则, 基波
a. 基本的, 重要的, 原音的",j:92/n:8,3,1,gk cet4 cet6 ky toefl ielts gre,2031,2328,fundamental
funeral,funeral,'fju:nәrәl,n. a ceremony at which a dead person is buried or cremated,"n. 葬礼, 出殡",n:100,2,1,gk cet4 cet6 ky ielts,3009,2885,funeral
funny,funny,'fʌni,s. experiencing odd bodily sensations,"a. 好笑的, 有趣的, 滑稽的
n. 滑稽人物",j:99/n:1,3,1,zk gk cet4 ky,1942,1789,funny
fur,fur,fә:,"n. the dressed hairy coat of a mammal
n. dense coat of fine silky hairs on mammals (e.g., cat or seal or weasel)
n. a garment made of the dressed hairy coat of a mammal","n. 毛皮
vt. 以毛皮制作, 使生苔, 使生水垢
vi. 生苔, 积水垢",n:100,2,1,gk cet4 cet6 ky toefl ielts,5029,4700,fur
furnished,furnished,,a. provided with whatever is necessary for a purpose (as furniture or equipment or authority),"a. 家具, 有家具的",j:100,1,0,gk,14915,18244,furnished
furniture,furniture,'fәnitʃә,n. furnishings that make a room or other area ready for occupancy,"n. 家具, 帆具",n:100,3,1,zk gk cet4 cet6 ky toefl ielts,2428,2669,furniture
future,future,'fju:tʃә,"n. the time yet to come
n. a verb tense that expresses actions or states in the future
n. bulk commodities bought or sold at an agreed price for delivery at a specified future date
a. yet to be or coming","n. 未来, 将来
a. 将来的, 未来的",j:36/n:64,5,1,zk gk ielts,639,654,future
gain,gain,gein,"n. the amount by which the revenue of a business exceeds its cost of operating
v. obtain advantages, such as points, etc.
v. increase or develop
v. earn on some commercial or business transaction; earn as salary or wages","n. 增益, 获得, 利润, 收获, 增加
vt. 得到, 增进, 赚到
vi. 获利, 增加
[计] 增益",n:35/v:65,4,1,gk cet4 cet6 ky,1113,1253,gain
gale,gale,geil,n. a strong wind moving 45-90 knots; force 7 to 10 on Beaufort scale,"n. 狂风, 大风, 定期租金
[经] 地租, 年金",n:100,1,0,gk toefl ielts gre,8689,12845,gale
gallery,gallery,'gælәri,"n. spectators at a golf or tennis match
n. a room or series of rooms where works of art are exhibited
n. a long usually narrow room used for some specific purpose
n. a covered corridor (especially one extending along the wall of a building and supported with arches or columns)","n. 走廊, 最高楼座, 画廊, 收集, 图库
[计] 图库",n:100,3,0,gk cet4 cet6 ky toefl ielts,1714,3354,gallery
gallon,gallon,'gælәn,"n. United States liquid unit equal to 4 quarts or 3.785 liters
n. a British imperial capacity measure (liquid or dry) equal to 4 quarts or 4.545 liters","n. 加仑
[医] 加仑",,2,1,gk cet4 cet6 ky toefl gre,6013,0,gallon
game,game,geim,"n. a contest with rules to determine a winner
n. a single play of a sport or other contest
n. an amusement or pastime
n. animal hunted for food or sport","n. 比赛, 玩耍, 比分, 得胜, 比赛规则, 策略, 游戏, 野味
vi. 赌博
a. 勇敢的, 有胆量的, 关于野味的, 跛的
[计] 博弈; 对策",v:1/n:99,5,1,zk gk,464,273,game
garage,garage,gә'rɑ:ʒ. 'gærɑ:ʒ,"n. an outbuilding (or part of a building) for housing automobiles
n. a repair shop where cars and trucks are serviced and repaired
v. keep or store in a garage","n. 车库, 汽车修理厂, 机库
vt. 把车送入修车场",n:100,2,1,gk cet4 cet6 ky ielts,3113,3208,garage
garbage,garbage,'gɑ:bidʒ,"n. food that is discarded (as from a kitchen)
n. a receptacle where waste can be discarded","n. 垃圾, 废物
[计] 无用信息",n:100,1,1,gk cet4 cet6 ky toefl ielts,12130,3934,garbage
garden,garden,'gɑ:dn,"n. a plot of ground where plants are cultivated
n. the flowers or vegetables or fruits or herbs that are cultivated in a garden
n. a yard or lawn adjoining a house
v. work in the garden","n. 花园, 果园, 菜园
vi. 栽培花木
vt. 造园
a. 花园的, 普通的",v:1/n:99,4,1,zk gk ielts,700,1043,garden
gardening,gardening,'gɑ:dniŋ,n. the cultivation of plants,n. 园艺(学),n:100,0,0,gk,5625,7049,gardening
garlic,garlic,'gɑ:lik,"n. bulbous herb of southern Europe widely naturalized; bulb breaks up into separate strong-flavored cloves
n. aromatic bulb used as seasoning","n. 大蒜
[化] 大蒜",n:100,2,0,gk cet6 ky,6745,2956,garlic
garment,garment,'gɑ:mәnt,n. an article of clothing,"n. 衣服, 衣装, 外表",n:100,2,0,gk cet6 ky toefl ielts gre,4822,6112,garment
gas,gas,gæs,"n. the state of matter distinguished from the solid and liquid states by: relatively low density and viscosity; relatively great expansion and contraction with changes in pressure and temperature; the ability to diffuse readily; and the spontaneous tendency to become distributed uniformly throughout any container
n. a fluid in the gaseous state having neither independent shape nor volume and being able to expand indefinitely
v. attack with gas; subject to gas fumes","n. 气体, 汽油, 瓦斯
[化] 气体; 煤气; 瓦斯; 毒气",v:1/n:99,4,1,gk cet4 ky,1205,1023,gas
gate,gate,geit,"n. a movable barrier in a fence or wall
n. a computer circuit with several inputs but only one output that can be activated by particular combinations of inputs
n. total admission receipts at a sports event
n. passageway (as in an air terminal) where passengers can embark or disembark","n. 门, 牌楼, 大门, 通道, 闸
vt. 装门于
[计] 门; 栅",v:1/n:99,3,1,zk gk,1707,2010,gate
gather,gather,'gæðә,"n. sewing consisting of small folds or puckers made by pulling tight a thread in a line of stitching
n. the act of gathering something
v. assemble or get together
v. conclude from evidence","n. 集合, 聚集
vi. 聚集, 集合, 渐增
vt. 使聚集, 搜集, 积聚",n:1/v:99,4,1,gk cet4 cet6 ky,1778,1347,gather
gay,gay,gei,"s. full of or showing high-spirited merriment
s. given to social pleasures often including dissipation
s. offering fun and gaiety
s. homosexual or arousing homosexual desires","a. 欢快的, 艳丽的, 快乐的, 放荡的",j:86/n:14,4,0,gk cet4 cet6 ky,4231,2056,gay
general,general,'dʒenәrәl,"n. a general officer of the highest rank
n. the head of a religious order or congregation
n. a fact about the whole (as opposed to particular)
v. command as a general","n. 一般, 将军, 大体
a. 全面的, 大体的, 总的, 一般的, 普遍的
n. 常规
[计] 常规",r:17/j:66/n:17,5,1,zk gk cet4 cet6 ky toefl ielts,301,804,general
generation,generation,.dʒenә'reiʃәn,"n. group of genetically related organisms constituting a single step in the line of descent
n. the normal time between successive generations
n. a stage of technological development or innovation
n. the production of heat or electricity","n. 一代, 一世, 产生
[医] 生殖, 世代",n:100,4,1,gk cet4 cet6 ky gre,1344,1026,generation
generous,generous,'dʒenәrәs,"a. willing to give and share unstintingly
a. not petty in character and mind
s. more than adequate","a. 慷慨的, 有雅量的, 大量的, 丰富的",j:100,3,1,gk cet4 cet6 ky toefl ielts,3178,3886,generous
gentle,gentle,'dʒentl,"v. stroke soothingly
s. soft and mild; not harsh or stern or severe
s. having or showing a kindly or tender nature
s. quiet and soothing","a. 温和的, 文雅的",j:99/v:1,3,1,gk cet4 cet6 ky toefl ielts gre,2778,3393,gentle
gentleman,gentleman,'dʒentlmәn,n. a man of refinement,"n. 绅士, 先生",n:100,3,1,zk gk cet4 cet6 ky,1455,2447,gentleman
geography,geography,dʒi'ɒgrәfi,n. study of the earth's surface; includes people's responses to topography and climate and soil and vegetation,"n. 地理学, 地理
[医] 地理",n:100,2,1,zk gk cet4 cet6 ky ielts,3967,5163,geography
geometry,geometry,dʒi'ɒmәtri,n. the pure mathematics of points and lines and curves and surfaces,"n. 几何学
[机] 几何学",n:100,1,0,gk cet4 cet6 ky toefl ielts,8997,7851,geometry
German,german,'dʒә:mәn,"n. a person of German nationality
n. the standard German language; developed historically from West Germanic
a. of or pertaining to or characteristic of Germany or its people or language","n. 德国人, 德语
a. 德国的, 德国人的, 德国语的, 同父母的",j:67/n:33,0,0,gk cet4 cet6 ielts,1017,1823,german
Germany,germany,'dʒә:mәni,n. a republic in central Europe; split into East Germany and West Germany after World War II and reunited in 1990,n. 德国,,0,0,gk cet4 cet6 ielts,929,0,germany
gesture,gesture,'dʒestʃә,"n. motion of hands or body to emphasize or help to express a thought or feeling
n. the use of movements (especially of the hands) to communicate familiar or prearranged signals
n. something done as an indication of intention","n. 手势, 姿态
vi. 作手势, 作姿态",v:23/n:77,3,0,zk gk cet4 cet6 ky ielts gre,2883,2969,gesture
get,get,get,"n. a return on a shot that seemed impossible to reach and would normally have resulted in a point for the opponent
v. come into the possession of something concrete or abstract
v. cause to move; cause to be in a certain position or condition
v. succeed in catching or seizing, especially after a chase","vt. 得到, 获得, 变成, 使得, 收获, 接通, 抓住, 染上
vi. 到达, 成为, 变得
n. (网球等)救球, 生殖, 幼兽
[计] 取得指令, 获取文件",v:100,5,1,zk gk ielts,41,39,get
gift,gift,gift,n. something acquired without compensation,"n. 礼物, 赠予, 天才
vt. 赋予",v:1/n:99,3,1,zk gk,1914,1382,gift
gifted,gifted,'giftid,"v give qualities or abilities to
v give as a present; make a gift of
a endowed with talent or talents",a. 有天才的,j:100,1,0,gk toefl,8603,3237,gifted
giraffe,giraffe,dʒi'rɑ:f,n. tallest living quadruped; having a spotted coat and small horns and very long neck and legs; of savannahs of tropical Africa,"n. 长颈鹿, 鹿豹座",n:100,0,0,zk gk,20489,15421,giraffe
girl,girl,gә:l,"n. a young woman
n. a friendly informal reference to a grown woman","n. 女孩, 少女, 女佣",n:100,5,1,zk gk,362,363,girl
give,give,giv,"n. the elasticity of something that can be stretched and returns to its original length
v. cause to have, in the abstract sense or physical sense
v. transfer possession of something concrete or abstract to somebody
v. convey or reveal information","n. 弹性, 适应性
vt. 给, 授予, 供给, 产生, 发表, 付出, 献出, 让出
vi. 捐赠, 支持不住, 让步",v:100,5,1,zk gk ielts,71,98,give
glad,glad,glæd,"a. showing or causing joy and pleasure; especially made happy
s. eagerly disposed to act or to be of service
s. feeling happy appreciation","a. 高兴的, 喜欢的, 情愿的",j:100,3,1,zk gk,2185,2269,glad
glance,glance,'glɑ:ns,"n. a quick look
v. throw a glance at; take a brief look at
v. hit at an angle","n. 一瞥, 闪光, 掠过, 辉矿类
vi. 扫视, 闪光, 掠过, 提到, 略说
vt. 扫视, 反射, 使掠过",n:34/v:66,3,0,gk cet4 cet6 ky gre,2192,2417,glance
glare,glare,glєә,"n. a light within the field of vision that is brighter than the brightness to which the eyes are adapted
n. an angry stare
v. be sharply reflected
v. shine intensely","n. 闪耀光, 刺眼
vi. 发眩光, 瞪视
vt. 瞪眼表示",n:43/v:57,2,0,gk cet4 cet6 ky toefl ielts gre,5510,6371,glare
glass,glass,glɑ:s,"n. a brittle transparent solid with irregular atomic structure
n. a container for holding liquids while drinking
n. the quantity a glass will hold
n. glassware collectively","n. 玻璃, 玻璃杯, 透镜
vt. 装玻璃于, 反射, 反映
vi. 成玻璃状",v:1/n:99,4,1,zk gk ielts,844,820,glass
glasshouse,glasshouse,'glɑ:shaus,n a building with glass walls and roof; for the cultivation and exhibition of plants under controlled conditions,"n. 温室, 玻璃工场, 禁闭房",n:100,0,0,gk,22763,39029,glasshouse
globe,globe,glәub,n. a sphere on which a map (especially of the earth) is represented,"n. 球, 球状物, 地球仪, 天体
v. (使)成球状",n:100,2,0,gk cet4 cet6 ky,6872,4735,globe
glory,glory,'glɒ:ri,"n. a state of high honor
n. brilliant radiant beauty
v. rejoice proudly","n. 光荣, 荣耀, 荣誉, 壮丽, 繁荣
vi. 自豪",v:2/n:98,2,0,gk cet4 cet6 ky,3797,4113,glory
glove,glove,glʌv,n. handwear: covers the hand and wrist,"n. 手套
vt. 给...戴手套",n:100,2,1,zk gk cet4 cet6 ky,4535,3095,glove
glue,glue,glu:,"n. cement consisting of a sticky substance that is used as an adhesive
v. join or attach with or as if with glue
v. be fixed as if by glue","n. 胶, 粘性物
vt. 粘合, 胶合",v:48/n:52,2,1,gk cet4 cet6 ky toefl ielts,7883,7268,glue
go,go,gou,"n. a time for working (after which you will be relieved by someone else)
n. a board game for two players who place counters on a grid; the object is to surround and so capture the opponent's counters
v. follow a procedure or take a course
v. move away from a place into another direction","vi. 去, 走, 达到, 运转, 查阅, 消失, 结束, 放弃, 花费, 流传, 趋于, 打算, 剩下
vt. 以...打赌, 对付, 忍受, 出产, 为被捕者出(保释金)
n. 去, 尝试, 进行",v:100,5,1,zk gk ielts,44,35,go
goal,goal,gәul,"n. the state of affairs that a plan is intended to achieve and that (when achieved) terminates behavior intended to achieve it
n. game equipment consisting of the place toward which players of a game try to advance a ball or puck in order to score points
n. a successful attempt at scoring","n. 目标, 终点, 得分, 球门, 守门员
vi. 攻门, 射门得分",n:100,4,1,gk cet4 cet6 ky toefl ielts,930,681,goal
goat,goat,gәut,n. any of numerous agile ruminants related to sheep but having a beard and straight horns,"n. 山羊, 替罪羊, 色鬼",n:100,2,0,zk gk cet4 cet6 ky,5117,4674,goat
God,god,^ɔd,"n. the supernatural being conceived as the perfect and omnipotent and omniscient originator and ruler of the universe; the object of worship in monotheistic religions
n. a man of such superior qualities that he seems like a deity to other people","n. 上帝, 神像, 偶像
vt. 使神化",n:100,4,1,zk gk cet4 ky,492,2809,god
gold,gold,gәuld,"n. coins made of gold
n. a soft yellow malleable ductile (trivalent and univalent) metallic element; occurs mainly as nuggets in rocks and alluvial deposits; does not react with most chemicals but is attacked by chlorine and aqua regia
n. great wealth
n. something likened to the metal in brightness or preciousness or superiority etc.","n. 黄金, 钱财, 金块, 金色, 宝贵
a. 金的, 似金的, 金色的, 金制的",j:7/n:93,4,1,zk gk cet4 ky ielts,1278,1256,gold
golden,golden,'gәuldn,"s. marked by peace and prosperity
s. suggestive of gold
s. presaging or likely to bring good luck","a. 金的, 含金的, 金色的, 贵重的, 繁盛的
[法] 金制的, 金色的, 兴隆的",j:100,3,0,zk gk cet4 cet6 ky,2240,1821,golden
goldfish,goldfish,'gәuldfiʃ,n. small golden or orange-red freshwater fishes of Eurasia used as pond or aquarium fishes,n. 金鱼,n:100,1,0,gk,10625,16320,goldfish
golf,golf,gɒlf,"n. a game played on a large open course with 9 or 18 holes; the object is use as few strokes as possible in playing all the holes
v. play golf","n. 高尔夫球
vi. 打高尔夫球",v:1/n:99,3,0,gk cet4 cet6 ky ielts,2501,1801,golf
good,good,gud,"n. benefit
n. moral excellence or admirableness
n. that which is pleasing or valuable or useful
a. having desirable or positive qualities especially those suitable for a thing specified","n. 善行, 好处, 利益
a. 好的, 优良的, 上等的, 愉快的, 有益的, 好心的, 慈善的, 虔诚的",r:2/j:94/n:4,5,1,zk gk ielts,73,110,good
goodness,goodness,'gudnis,"n that which is pleasing or valuable or useful
n moral excellence or admirableness","n. 仁慈, 善良",n:100,2,0,gk cet4 cet6 ky,4367,5155,goodness
goods,goods,guds,"n benefit
n moral excellence or admirableness
n that which is pleasing or valuable or useful
n articles of commerce","n. 货物
[经] 货物, 商品, 动产",,4,1,gk cet4 cet6 ky ielts,995,0,goods
goose,goose,gu:s,"n. web-footed long-necked typically gregarious migratory aquatic birds usually larger and less aquatic than ducks
n. flesh of a goose (domestic or wild)
v. pinch in the buttocks
v. prod into action","n. 鹅, 雌鹅, 鹅肉, 弯把熨斗
vt. 与...性交, 突然加大油门, 使生色, 喝倒彩",n:100,2,0,zk gk cet4 cet6 ky,6076,5529,goose
govern,govern,'gʌvәn,"v. direct or strongly influence the behavior of
v. exercise authority over; as of nations
v. require to be in a certain grammatical case, voice, or mood","v. 统治, 支配, 管理",v:100,3,1,gk cet4 cet6 ky toefl,3050,3711,govern
government,government,'gʌvәnmәnt,"n. the organization that is the governing authority of a political unit
n. the act of governing; exercising authority
n. (government) the system or form by which a community or other political unit is governed","n. 政府, 内阁
[经] 政府, 政治, 政体",n:100,5,1,zk gk cet4 cet6 ky ielts,124,201,government
gown,gown,gaun,"n. a woman's dress, usually with a close-fitting bodice and a long flared skirt, often worn on formal occasions
n. the members of a university as distinguished from the other residents of the town in which the university is located
n. protective garment worn by surgeons during operations
n. outerwear consisting of a long flowing garment used for official or ceremonial occasions","n. 睡衣, 法衣, 大学全体师生
vt. 使穿睡衣",n:100,2,0,gk cet4 cet6 ky ielts,5811,5262,gown
grade,grade,greid,"n. a relative position or degree of value in a graded group
n. the gradient of a slope or road or other surface
n. a degree of ablaut
n. the height of the ground on which something stands","n. 等级, 年级, 阶段, 成绩, 程度, 坡度, 斜坡
vt. 分等, 分级, 评分
vi. 属于某等级, 逐渐变化",v:14/n:86,3,1,zk gk ielts,2822,1426,grade
gradually,gradually,'grædʒuәli,r. in a gradual manner,adv. 逐渐地,r:100,0,1,gk cet4 cet6,2325,2961,gradually
graduate,graduate,'grædʒueit,"n. a measuring instrument for measuring fluid volume; a glass container (cup or cylinder or flask) whose sides are marked with or divided into amounts
v. receive an academic degree upon completion of one's studies
v. confer an academic degree upon
s. of or relating to studies beyond a bachelor's degree","n. 毕业生, 量杯
a. 已得学位的, 研究生的, 毕业的
vi. 毕业, 得学位, 逐渐变为
vt. 准予...毕业, 授予...学位, 分等级, 刻刻度",v:43/n:57,3,0,gk cet4 cet6 ky toefl,3693,2115,graduate
graduation,graduation,.grædʒu'eiʃәn,"n. the successful completion of a program of study
n. a line (as on a vessel or ruler) that marks a measurement","n. 毕业, 得学位, 分划, 刻度, 分等级
[医] 刻度, 分度, 毕业",n:100,1,0,gk,15296,4759,graduation
grain,grain,grein,"n. a relatively small granular particle of a substance
n. foodstuff prepared from the starchy grains of cereal grasses
n. the side of leather from which the hair has been removed
n. a weight unit used for pearls or diamonds: 50 mg or 1/4 carat","n. 谷粒, 颗粒, 谷类, 纹理, 本质
v. (使)成谷粒",v:1/n:99,3,1,gk cet4 cet6 ky toefl ielts gre,3226,3222,grain
gram,gram,græm,"n. a metric unit of weight equal to one thousandth of a kilogram
n. Danish physician and bacteriologist who developed a method of staining bacteria to distinguish among them (1853-1938)","n. 克, 绿豆, 鹰嘴豆
[医] 克",,2,1,gk,9092,0,gram
grammar,grammar,'græmә,n. the branch of linguistics that deals with syntax and morphology (and sometimes also deals with semantics),"n. 语法学, 入门书
[计] 语法检查",n:100,2,1,zk gk cet4 cet6 ky ielts,2979,8367,grammar
grand,grand,grænd,"s. large and impressive in physical size or extent
s. the most important and magnificent in adornment","a. 庄重的, 壮观的, 显赫的, 重大的, 最高的, 雄伟的, 宏大的, 豪华的, 傲慢的
[法] 重大的, 主要的, 伟大的",j:97/n:3,4,1,gk cet4 cet6 ky toefl ielts,1851,2237,grand
grandchild,grandchild,'^rændtʃaild,n. a child of your son or daughter,"n. 孙, 外孙女, 外孙, 孙女, 孙子",n:100,2,1,zk gk,19714,4393,grandchild
granddaughter,granddaughter,'^rændɔ:tә(r),n. a female grandchild,"n. 孙女, 外孙女",n:100,1,1,zk gk cet4 cet6,11766,8528,granddaughter
grandparents,grandparents,,n a parent of your father or mother,n. 外祖父母；祖父母（grandparent的复数）,,0,0,gk,0,0,grandparents
grandson,grandson,'grændsʌn,n. a male grandchild,"n. 孙子, 外孙",n:100,1,1,zk gk cet4 cet6,6942,6641,grandson
granny,granny,'^ræni,n. an old woman,"n. 奶奶, 老奶奶, 老婆婆, 外婆, 婆婆妈妈的人, 唠叨挑剔的人, 接生婆",n:100,1,0,zk gk,7205,18824,granny
grape,grape,greip,"n. any of various juicy fruit of the genus Vitis with green or purple skins; grow in clusters
n. any of numerous woody vines of genus Vitis bearing clusters of edible berries","n. 葡萄, 葡萄树
[医] 葡萄",n:100,2,0,zk gk cet4 cet6 ky,6533,4764,grape
graph,graph,græf,"n. a visual representation of the relations between certain quantities plotted with reference to a set of axes
v. represent by means of a graph
v. plot upon a graph","n. 曲线图, 图表, 图形
[计] 图形",v:8/n:92,1,0,gk cet4 cet6 ky toefl ielts,4596,26137,graph
grasp,grasp,græsp,v. hold firmly,"n. 把握, 抓紧, 理解, 抓, 柄, 控制
vt. 抓住, 紧握, 领会
vi. 抓",n:29/v:71,2,0,gk cet4 cet6 ky toefl,3973,4181,grasp
grass,grass,græs,"n. narrow-leaved green herbage: grown as lawns; used as pasture for grazing animals; cut and dried as hay
n. German writer of novels and poetry and plays (born 1927)
v. shoot down, of birds
v. cover with grass","n. 草, 草原, 牧场
[医] 草, 禾本",v:1/n:99,3,1,zk gk ielts,2003,2014,grass
grateful,grateful,'greitful,"a. feeling or showing gratitude
s. affording comfort or pleasure","a. 感谢的, 感激的, 令人快意的, 受欢迎的",j:100,2,1,gk cet4 cet6 ky toefl gre,2887,3672,grateful
gravity,gravity,'græviti,"n. (physics) the force of attraction between all masses in the universe; especially the attraction of the earth's mass for bodies near its surface
n. a solemn and dignified feeling","n. 地心引力, 重力
[化] 重力",n:100,2,0,gk cet4 cet6 ky toefl ielts gre,4956,3956,gravity
great,great,greit,"n. a person who has achieved distinction and honor in some field
s. relatively large in size or number or extent; larger than others of its kind
s. of major significance or importance
s. remarkable or out of the ordinary in degree or magnitude or effect","a. 大的, 非常的, 主要的, 重大的, 崇高的, 伟大的
adv. 顺利地, 得意地
n. 全部, 大人物, 大师",r:2/j:98,5,1,zk gk,129,160,great
Greece,greece,gri:s,"n. a republic in southeastern Europe on the southern part of the Balkan peninsula; known for grapes and olives and olive oil
n. ancient Greece; a country of city-states (especially Athens and Sparta) that reached its peak in the fifth century BCE",n. 希腊,,0,0,gk ielts,3964,0,greece
greedy,greedy,'gri:di,s. wanting to eat or drink more than one can reasonably consume,"a. 贪婪的, 贪得的, 贪吃的",j:100,0,0,gk cet4 cet6 ky toefl ielts,8585,8908,greedy
Greek,greek,gri:k,"n. the Hellenic branch of the Indo-European family of languages
n. a native or inhabitant of Greece
a. of or relating to or characteristic of Greece or the Greeks or the Greek language","n. 希腊人, 希腊语
a. 希腊的, 希腊人的
[计] 希腊",j:66/n:34,0,0,gk cet4 cet6,35822,4063,greek
green,green,gri:n,"n. green color or pigment; resembling the color of growing grass
n. United States labor leader who was president of the American Federation of Labor from 1924 to 1952 and who led the struggle with the Congress of Industrial Organizations (1873-1952)
n. an environmentalist who belongs to the Green Party
n. a river that rises in western Wyoming and flows southward through Utah to become a tributary of the Colorado River","n. 绿色, 绿色颜料
a. 绿色的, 未成熟的, 新鲜的, 青春的, 无经验的, 脸色发青的",j:72/v:1/n:27,5,1,zk gk ielts gre,985,890,green
greengrocer,greengrocer,'gri:ngrәusә,n. a grocer who sells fresh fruits and vegetables,"n. 蔬菜水果商, 菜贩",n:100,0,0,gk,20056,31343,greengrocer
greet,greet,gri:t,"v. express greetings upon meeting someone
v. send greetings to
v. react to in a certain way
v. be perceived by","vt. 问候, 致敬, 欢迎, 映入眼帘",v:100,2,0,gk cet4 cet6 ky,3303,3475,greet
greeting,greeting,'gri:tiŋ,n. (usually plural) an acknowledgment or expression of good will (especially on meeting),"n. 祝贺, 问候",n:100,1,0,zk gk cet4 cet6 ky,6498,6324,greeting
grill,grill,gril,"n. a framework of metal bars used as a partition or a grate
v. cook over a grill
v. examine thoroughly","n. 烤架, 铁格子, 烤肉
v. 烧, 烤, 严加盘问, 给...装栅栏",v:32/n:68,2,0,gk ielts gre,9117,5395,grill
grocer,grocer,'grәusә,n. a retail merchant who sells foodstuffs (and some household supplies),n. 食品商,n:100,1,0,gk cet4 cet6 ky,11854,14410,grocer
ground,ground,graund,"n. a position to be won or defended in battle (or as if in battle)
n. a relatively homogeneous percept extending back of the figure on which attention is focused
n. a connection between an electrical device and a large conducting body, such as the earth (which is taken to be at zero voltage)
n. (art) the surface (as a wall or canvas) prepared to take the paint for a painting","n. 土地, 战场, 场地, 地面, 范围
a. 土地的, 地面上的
vt. 放在地上, 使搁浅, 打基础, 给...以训练
vi. 搁浅, 落地, 根据, 基于
a. 磨过的
grind的过去式和过去分词",v:4/j:4/n:92,5,1,zk gk ielts,455,522,ground
group,group,gru:p,"n. any number of entities (members) considered as a unit
n. (chemistry) two or more atoms bound together as a single unit and forming part of a molecule
n. a set that is closed, associative, has an identity element and every element has an inverse
v. arrange into a group or groups","n. 团体, 组, 团, 群
v. 聚合, 成群
[计] 创建组; 组, 用户组",v:1/n:99,5,1,zk gk ielts gre,142,163,group
grow,grow,grәu,"v. become larger, greater, or bigger; expand or gain
v. increase in size by natural process
v. cause to grow or develop
v. cultivate by growing, often involving improvements by means of agricultural techniques","vt. 种植, 使长满
vi. 生长, 变成, 发展",v:100,5,1,zk gk,524,353,grow
growth,growth,grәuθ,"n. (biology) the process of an individual organism growing organically; a purely biological unfolding of events involved in an organism changing gradually from a simple to a more complex level
n. a progression from simpler to more complex forms
n. vegetation that has grown
n. (pathology) an abnormal proliferation of tissue (as in a tumor)","n. 生长, 栽培, 增长
[计] 等比级数",n:100,4,1,gk cet4 cet6 ky ielts,770,787,growth
gruel,gruel,'gru:әl,n. a thin porridge (usually oatmeal or cornmeal),"n. 稀粥
vt. 使极度疲劳, 惩罚",n:100,0,0,gk,36700,25887,gruel
guarantee,guarantee,.gærәn'ti:,"n. a written assurance that some product or service will be provided or will meet certain specifications
n. an unconditional commitment that something will happen or that something is true
n. a collateral agreement to answer for the debt of another in case that person defaults
v. give surety or assume responsibility","n. 担保, 抵押品, 保证书
vt. 保证, 担保",n:32/v:68,4,1,gk cet4 cet6 ky toefl ielts gre,2525,2774,guarantee
guard,guard,gɑ:d,"n. a person who keeps watch over something or someone
n. the person who plays that position on a football team
n. a device designed to prevent injury or accidents
n. a posture of defence in boxing or fencing","n. 守卫者, 警戒, 护卫队, 防护装置
vt. 保卫, 看守, 当心
vi. 防止, 警惕, 警卫, 看守",v:21/n:79,4,1,zk gk cet4 cet6 ky,2247,1284,guard
guess,guess,ges,"n. a message expressing an opinion based on incomplete evidence
n. an estimate based on little or no information
v. put forward, of a guess, in spite of possible refutation
v. guess correctly; solve by guessing","n. 猜测, 臆测
v. 猜测, 臆测",n:9/v:91,4,1,zk gk,2218,862,guess
guest,guest,gest,"n. a visitor to whom hospitality is extended
n. United States journalist (born in England) noted for his syndicated homey verse (1881-1959)
n. a customer of a hotel or restaurant etc.","n. 客人, 来宾, 旅客
[化] 客体",v:1/n:99,4,1,zk gk ielts,1649,1310,guest
guidance,guidance,'gaidns,"n. something that provides direction or advice as to a decision or course of action
n. the act of guiding or showing the way","n. 指导, 领导
[医] 导",n:100,2,0,gk cet4 cet6 ky ielts,2601,3869,guidance
guide,guide,gaid,"n. someone who shows the way by leading or advising
n. a structure or marking that serves to direct the motion or positioning of something
v. be a guiding or motivating force or drive
v. use as a guide","n. 引导者, 导游, 指南, 路标
vt. 指导, 支配, 管理, 带领, 操纵
vi. 任向导
[计] 辅助线",v:34/n:66,4,1,gk cet4 cet6 ky ielts,1645,1779,guide
guilty,guilty,'gilti,"a. responsible for or chargeable with a reprehensible act
s. showing a sense of guilt","a. 犯罪的, 有过失的, 自觉有错的, 心虚的
[法] 有罪的, 犯罪的, 自觉有罪的",j:100,3,1,gk cet4 cet6 ky gre,2126,2061,guilty
guitar,guitar,gi'tɑ:,n. a stringed instrument usually having six strings; played by strumming or plucking,n. 吉他,n:100,3,0,zk gk cet6 ky ielts,2516,3658,guitar
gun,gun,gʌn,"n. a weapon that discharges a missile at high velocity (especially from a metal tube or barrel)
n. the discharge of a firearm as signal or as a salute in military ceremonies
v. shoot with a gun","n. 枪
[医] 枪",v:3/n:97,4,1,zk gk cet4 cet6 ky,1706,840,gun
gymnastics,gymnastics,dʒim'næstiks,n. a sport that involves exercises intended to display strength and balance and agility,"n. 体操, 体育
[医] 体操, 体育",n:100,1,0,gk toefl,22030,10424,gymnastics
ha,ha,hɑ:,n (astronomy) the angular distance of a celestial point measured westward along the celestial equator from the zenith crossing; the right ascension for an observer at a particular location and time of day,"interj. 嘿, 哈, 哈哈",u:100,1,0,gk,2731,4798,ha
habit,habit,'hæbit,"n. an established custom
n. (psychology) an automatic pattern of behavior in reaction to a specific situation; may be inherited or acquired through frequent repetition
n. a distinctive attire worn by a member of a religious order
n. the general form or mode of growth (especially of a plant or crystal)","n. 习惯, 嗜好, 习性
vt. 使穿衣",n:100,3,1,zk gk cet4 cet6 ky ielts,2239,2308,habit
hair,hair,hєә,"n. a covering for the body (or parts of it) consisting of a dense growth of threadlike structures (as on the human head); helps to prevent heat loss
n. filamentous hairlike growth on a plant
n. any of the cylindrical filaments characteristically growing from the epidermis of a mammal
n. a filamentous projection or process on an organism","n. 头发, 毛发, 些微
[医] 毛, 发",n:100,4,1,zk gk,668,602,hair
haircut,haircut,'hєәkʌt,"n. the style in which hair has been cut
n. the act of cutting the hair","n. 理发, (男子的)发式",n:100,1,0,gk cet4 cet6,12035,8476,haircut
half,half,hɑ:f,"n. one of two divisions into which some games or performances are divided: the two divisions are separated by an interval
s. consisting of one of two equivalent parts in value or quantity
s. partial
a. (of siblings) related through one parent only","n. 一半, 半场, 不完全
a. 一半的, 不完全的, 部分的, 半场的
adv. 一半地, 部分地, 在某种程度上地, 几乎",r:5/d:73/n:22,5,1,zk gk,470,547,half
hall,hall,hɒ:l,"n. a large room for gatherings or entertainment
n. English writer whose novel about a lesbian relationship was banned in Britain for many years (1883-1943)
n. United States child psychologist whose theories of child psychology strongly influenced educational psychology (1844-1924)
n. United States chemist who developed an economical method of producing aluminum from bauxite (1863-1914)","n. 门厅, 走廊, 会堂",n:100,3,1,zk gk cet4 cet6 ky toefl ielts,800,1839,hall
ham,ham,hæm,"n. meat cut from the thigh of a hog (usually smoked)
n. (Old Testament) son of Noah
n. a licensed amateur radio operator
n. an unskilled actor who overacts","n. 火腿, 后腿, 笨拙演员
a. 过火的, 做作的
v. 演得过火",v:3/n:97,2,0,zk gk cet6 ky toefl,6147,6170,ham
hamburger,hamburger,'hæmbә:gә,"n. a sandwich consisting of a fried cake of minced beef served on a bun, often with other ingredients","n. 汉堡(德国港口), 肉饼, 汉堡包, 纯精牛肉, 汉堡牛排",n:100,1,0,zk gk cet4 cet6 ky toefl,14356,7483,hamburger
hammer,hammer,'hæmә,"n. the part of a gunlock that strikes the percussion cap when the trigger is pulled
n. a hand tool with a heavy rigid head and a handle; used to deliver an impulsive force by striking
n. a heavy metal sphere attached to a flexible wire; used in the hammer throw
n. a striker that is covered in felt and that causes the piano strings to vibrate","n. 锤, 铁锤, 钉锤
vt. 锤打, 敲打, 钉
vi. 连续锤打
[计] 锤头",v:49/n:51,2,1,gk cet4 cet6 ky toefl gre,4955,6231,hammer
hand,hand,hænd,"n. the (prehensile) extremity of the superior limb
n. ability
n. a position given by its location to the side of an object
n. the cards held in a card game by a given player at any given time","n. 手, 爪, 指针, 掌握, 协助, 人手, 手艺, 手迹, 支配, 插手
vt. 交给, 支持, 搀扶",v:8/n:92,4,1,zk gk ielts,163,174,hand
handbag,handbag,'hændbæg,n a container used for carrying money and small personal items or accessories (especially by women),n. 手提包,n:100,1,0,zk gk,7266,11790,handbag
handful,handful,'hændful,"n. a small number or amount
n. the quantity that can be held in the hand","n. 少数, 一把, 棘手事",n:100,2,0,gk cet4 cet6 ky toefl,4262,3109,handful
handkerchief,handkerchief,'hæŋkәtʃif,n. a square piece of cloth used for wiping the eyes or nose or as a costume accessory,"n. 手帕, 头巾, 围巾",n:100,1,0,gk cet4 cet6 ky,6708,8487,handkerchief
handle,handle,hændl,"n. the appendage to an object that is designed to be held in order to use or move it
v. touch, lift, or hold with the hands
v. show and train","n. 柄, 把手, 把柄, 柄状物, 手感
vt. 触摸, 运用, 买卖, 处理, 操作
vi. 搬运, 易于操纵
n. 句柄
[计] 句柄",n:19/v:81,4,1,gk cet4 cet6 ky toefl gre,1576,1238,handle
handsome,handsome,'hænsәm,"s pleasing in appearance especially by reason of conformity to ideals of form and proportion
s given or giving freely","a. 英俊的, 大方的, 慷慨的, 相当可观的, 美观的, 灵敏的",j:100,2,0,zk gk cet4 cet6 ky ielts,4033,3838,handsome
handtruck,handtruck,'hændtrʌk,,"n. 手推车,手推运货车",,0,0,gk,0,0,handtruck
handwriting,handwriting,'hændraitiŋ,"n. something written by hand
n. the activity of writing by hand",n. 笔迹,n:100,1,0,zk gk cet4 cet6 ky,7825,9204,handwriting
handy,handy,'hændi,"n. United States blues musician who transcribed and published traditional blues music (1873-1958)
s. easy to reach
s. easy to use
s. skillful with the hands","a. 便利的, 敏捷的, 容易取得的
[化] 便于使用的; 易操作的",j:100,2,0,gk cet4 cet6 ky toefl ielts,5980,6380,handy
hang,hang,hæŋ,"n. the way a garment hangs
n. a gymnastic exercise performed on the rings or horizontal bar or parallel bars when the gymnast's weight is supported by the arms
v. be suspended or hanging
v. cause to be hanging or suspended","n. 悬挂, 诀窍, 意义
vt. 悬挂, 附着, 装饰, 垂下, 踌躇, 绞死, 使悬而未决
vi. 悬着, 垂下, 被绞死, 悬而不决",n:2/v:98,4,1,zk gk cet4 cet6 ky toefl ielts,1069,867,hang
happen,happen,'hæpәn,"v. come to pass
v. happen, occur, or be the case in the course of events or by chance
v. chance to be or do something, without intention or causation
v. come into being; become reality","vi. 发生, 发生, 恰巧",v:100,5,1,zk gk cet4 ky,275,216,happen
happily,happily,'hæpili,"r. in a joyous manner
r. in an unexpectedly lucky way","adv. 幸福地, 快乐地, 幸好",r:100,1,1,gk,3821,4708,happily
happiness,happiness,'hæpinis,"n. state of well-being characterized by emotions ranging from contentment to intense joy
n. emotions experienced when in a state of well-being","n. 快乐, 幸运, 适当",n:100,0,1,gk cet4,3979,3870,happiness
happy,happy,'hæpi,"a. enjoying or showing or marked by joy or pleasure
s. well expressed and to the point","a. 快乐的, 幸福的, 愉快的, 恰当的",j:100,4,1,zk gk,777,747,happy
harbour,harbour,'hɑ:bә,"n a sheltered port where ships can take on or discharge cargo
n a place of refuge and comfort and security
v secretly shelter (as of fugitives or criminals)
v keep in one's possession; of animals
v hold back a thought or feeling about
v maintain (a theory, thoughts, or feelings)","n. 港, 避难所
v. 庇护, 藏匿, (使)入港停泊",v:100,3,0,gk cet4 cet6 ielts,3526,36866,harbour
hard,hard,hɑ:d,"a. dispassionate; 
a. resisting weight or pressure
s. very strong or vigorous
a. (of light) transmitted directly from a pointed light source","a. 坚硬的, 硬的, 难的, 艰苦的, 困难的, 坚固的, 猛烈的, 艰难的, 结实的, 确实的
adv. 坚硬地, 努力地, 辛苦地, 接近地, 猛烈地, 牢固地",r:37/j:63,5,1,zk gk ielts,573,438,hard
hardly,hardly,'hɑ:dli,r. almost not,"adv. 刚刚, 几乎不, 勉强是",r:100,4,1,zk gk cet4 cet6 ky toefl,1135,1741,hardly
hardship,hardship,'hɑ:dʃip,n. something that causes or entails suffering,"n. 艰难, 辛苦, 苦难
[法] 受苦, 吃苦, 苦难",n:100,2,0,gk cet4 cet6 ky toefl,6378,6922,hardship
hardworking,hardworking,'hɑ:d.wә:kiŋ,s. characterized by hard work and perseverance,"a. 苦干的, 不辞辛劳的",,0,0,gk,18992,0,hardworking
harm,harm,hɑ:m,v. cause or do harm to,"n. 伤害, 害处
vt. 伤害, 损害",v:44/n:56,3,1,gk cet4 cet6 ky toefl,3189,3651,harm
harmful,harmful,'hɑ:mful,a. causing or capable of causing harm,"a. 有害的, 伤害的",j:100,2,1,gk cet4 cet6 toefl ielts,6454,5809,harmful
harmless,harmless,'hɑ:mlis,a. not causing or capable of causing harm,"a. 无害处的, 未受损害的, 无辜的, 无恶意的
[法] 无害的, 无恶意的, 无损害的",j:100,2,1,gk toefl,6985,7615,harmless
harmony,harmony,'hɑ:mәni,"n. compatibility in opinion and action
n. the structure of music with respect to the composition and progression of chords
n. a harmonious state of things in general and of their properties (as of colors and sounds); congruity of parts with one another and with the whole
n. agreement of opinions","n. 协调, 和睦, 调和
[电] 和声学",n:100,2,0,gk cet4 cet6 ky toefl ielts gre,4697,4669,harmony
harvest,harvest,'hɑ:vist,"n. the consequence of an effort or activity
n. the gathering of a ripened crop
n. the season for gathering crops
v. remove from a culture or a living or dead body, as for the purposes of transplantation","n. 收获, 成果, 收获物, 收获期
v. 收割, 收获",v:50/n:50,2,0,gk cet4 cet6 ky toefl,5250,4839,harvest
hat,hat,hæt,"n. headdress that protects the head from bad weather; has shaped crown and usually a brim
n. an informal term for a person's role
v. put on or wear a hat
v. furnish with a hat","n. 帽子
vt. 给...戴帽子",n:100,3,1,zk gk ielts,2209,2015,hat
hatch,hatch,hætʃ,"n. the production of young from an egg
n. shading consisting of multiple crossing lines
n. a movable barrier covering a hatchway
v. emerge from the eggs","n. 孵化, 舱口
vt. 孵, 孵出, 策划
vi. 孵化",v:39/n:61,2,0,gk cet4 cet6 ky toefl ielts gre,7882,7365,hatch
hate,hate,heit,"n. the emotion of intense dislike; a feeling of dislike so strong that it demands action
v. dislike intensely; feel antipathy or aversion towards","n. 憎恨, 恨, 厌恶
vt. 憎恨, 憎恶
vi. 仇恨",n:14/v:86,3,1,zk gk cet4 cet6 ky,1839,1526,hate
have,have,hæv,"v. have or possess, either in a concrete or an abstract sense
v. have as a feature
v. have a personal or business relationship with someone
v. have left","vt. 有, 怀有, 拿, 进行
aux. 已经",n:1/v:99,5,1,zk gk,8,8,have
hawk,hawk,hɒ:k,"n. diurnal bird of prey typically having short rounded wings and a long tail
n. an advocate of an aggressive policy on foreign relations
v. hunt with hawks","n. 鹰, 掠夺者, 鹰派成员
vi. 放鹰行猎, 像鹰一般地袭击, 清嗓, 咳嗽
vt. 捕捉, 咳出, 兜售, 叫卖, 散播",v:27/n:73,2,0,gk cet4 cet6 ky ielts gre,9990,7924,hawk
hay,hay,hei,"n. grass mowed and cured for use as fodder
v. convert (plant material) into hay","n. 干草
vt. 制干草, 供给干草
vi. 晒干草",n:100,1,0,gk cet4 cet6 ky toefl,6529,7184,hay
he,he,hi:,n. the 5th letter of the Hebrew alphabet,"pron. 他
n. 男孩, 男人, 雄性动物",p:100,5,1,zk gk,11,15,he
head,head,hed,"n. the upper part of the human body or the front part of the body in animals; contains the face and brains
n. a single domestic animal
n. a person who is in charge
n. the front of a military formation or procession","n. 头, 头脑, 领袖, 脑袋, 最前的部分
vt. 为首, 朝向, 前进, 用头顶
vi. 朝特定方向行进, (作物)结穗
a. 头的, 在顶端的, 主要的
[计] 磁头; 冲头",v:20/j:3/n:77,5,1,zk gk toefl,209,251,head
headache,headache,'hedeik,n. pain in the head caused by dilation of cerebral arteries or muscle contractions or a reaction to drugs,"n. 头痛, 令人头痛之事
[医] 头痛",n:100,2,1,zk gk cet4 cet6 ky ielts,5005,4745,headache
headline,headline,'hedlain,"n. the heading or caption of a newspaper article
v. publicize widely or highly, as if with a headline
v. provide (a newspaper page or a story) with a headline","n. 大标题, 新闻摘要
vt. 为...做标题, 写标题",v:9/n:91,3,0,gk cet4 cet6 ky,4488,3293,headline
headmaster,headmaster,'hed'mɑ:stә,n. presiding officer of a school,"n. (中小学)校长, 监工",n:100,1,0,gk cet4 cet6 ky ielts,4787,16726,headmaster
headmistress,headmistress,'hed'mistris,n. a woman headmaster,n. (中小学)女校长,n:100,1,0,gk,12713,27070,headmistress
headteacher,headteacher,hed'ti:tʃər,,n. 中小学的校长,,0,0,gk,10832,0,headteacher
health,health,'helθ,"n. a healthy state of wellbeing free from disease
n. the general condition of body and mind","n. 健康, 卫生, 蓬勃, 健康状态
[医] 健康",n:100,5,1,zk gk ielts,373,344,health
healthy,healthy,'helθi,"a. having or indicating good health in body or mind; free from infirmity or disease
s. financially secure and functioning well
s. promoting health; healthful
s. exercising or showing good judgment","a. 健康的, 有益健康的, 卫生的
[医] 健康的",j:100,3,1,zk gk,2199,1468,healthy
heap,heap,hi:p,"v. bestow in large quantities
v. fill to overflow","n. 堆, 许多, 累积
vt. 堆积, 装满
[计] 堆",v:33/n:67,2,0,gk cet4 cet6 ky ielts,5596,7087,heap
hear,hear,hiә,"v. perceive (sound) via the auditory sense
v. examine or hear (evidence or a case) by judicial process
v. receive a communication from someone","vt. 听到, 倾听, 听说, 审理
vi. 听见, 听",v:100,5,1,zk gk,238,195,hear
hearing,hearing,'hiәriŋ,"n. (law) a proceeding (usually by a court) where evidence is taken for the purpose of determining an issue of fact and reaching a decision based on that evidence
n. an opportunity to state your case and be heard
n. a session (of a committee or grand jury) in which witnesses are called and testimony is taken
n. the ability to hear; the auditory faculty","n. 听, 听觉, 听讯
[医] 听, 听觉",n:100,3,1,gk ky ielts,2480,1711,hearing
heart,heart,hɑ:t,"n. the locus of feelings and intuitions
n. the hollow muscular organ located behind the sternum and between the lungs; its rhythmic contractions move the blood through the body
n. the courage to carry on
n. an inclination or tendency of a certain kind","n. 心, 心脏, 中心, 内心, 感情, 精神, 心情, 宝贝儿
vt. 鼓励",n:100,4,1,zk gk ielts,654,460,heart
heat,heat,hi:t,"n. a form of energy that is transferred by a difference in temperature
n. the sensation caused by heat energy
n. the trait of being intensely emotional
n. a preliminary race in which the winner advances to a more important race","n. 热, 热度, 体温, 高潮
vi. 加热, 激昂, 加剧
vt. 把...加热, 使激动",v:15/n:85,4,1,zk gk cet4 cet6 ky,1699,1009,heat
heaven,heaven,'hevn,n. the abode of God and the angels,"n. 天堂, 上帝, 天空",n:100,3,1,zk gk cet4 cet6 ky toefl,2649,2626,heaven
heavily,heavily,'hevili,"r. to a considerable degree
r. in a heavy-footed manner
r. with great force
r. in a manner designed for heavy duty","adv. 很重地, 严重地, 难以忍受地",r:100,0,1,gk cet4 cet6,2153,2363,heavily
heavy,heavy,'hevi,"n. an actor who plays villainous roles
n. a serious (or tragic) role in a play
a. of comparatively great physical weight or density
a. unusually great in degree or quantity or number","a. 重的, 巨大的, 沉重的, 笨重的, 过度的
adv. 沉重地
n. 重物, 严肃角色",r:1/j:99,4,1,zk gk ielts,943,1005,heavy
heel,heel,hi:l,"n. the bottom of a shoe or boot; the back part of a shoe or boot that touches the ground and provides elevation
n. the back part of the human foot
n. one of the crusty ends of a loaf of bread
n. the lower end of a ship's mast","n. 脚后跟, 踵, 后部, 倾侧
vt. 尾随, 装以鞋跟, 倾侧, 追赶
vi. 紧随, 用脚后跟传球",v:3/n:97,2,1,gk cet4 cet6 ky toefl,3535,3056,heel
height,height,hait,n. the vertical dimension of extension; distance from the base of something to the top,"n. 高度, 海拔, 高地, 顶点
[化] 高度",n:100,3,1,zk gk cet4 cet6 ky toefl ielts,1913,2040,height
helicopter,helicopter,'helikɒptә,n. an aircraft without wings that obtains its lift from the rotation of overhead blades,"n. 直升机
vt. 由直升机运送
vi. 乘直升机",n:100,3,0,gk cet4 cet6 ky ielts,4159,3100,helicopter
hello,hello,hә'lәu,n. an expression of greeting,"interj. 喂, 嘿",u:97/n:3,3,1,zk gk,2319,2238,hello
helmet,helmet,'helmit,"n. armor plate that protects the head
n. a protective headgear made of hard material to resist blows","n. 钢盔, 盔, 防护帽
vt. 给...戴头盔",n:100,2,0,gk cet4 cet6 ky ielts gre,5642,4303,helmet
help,help,help,"v. give help or assistance; be of service
v. improve the condition of
v. be of use
v. contribute to the furtherance of","n. 帮忙, 帮助者, 补救办法, 有益的东西
vt. 帮助, 帮忙, 接济, 治疗, 款待
vi. 有用, 救命, 招待
[计] 帮助, 帮助程序; DOS外部命令: DOS命令的电子文件帮助程序",n:17/v:83,5,1,zk gk,204,167,help
helpful,helpful,'helpful,a. providing assistance or serving a useful function,"a. 有帮助的, 有益的, 有用的",j:100,2,1,zk gk cet4 cet6 ky toefl,2582,3054,helpful
hen,hen,hen,"n. adult female chicken
n. adult female bird
n. flesh of an older chicken suitable for stewing
n. female of certain aquatic animals e.g. octopus or lobster","n. 母鸡, 雌禽",n:100,2,0,zk gk cet4 ky,6080,7934,hen
her,her,hә:,"pron. & a. The form of the objective and the possessive case of
   the personal pronoun she; as, I saw her with her purse out.
pron. pl. Alt. of Here","pron. 她的, 她",a:70/p:30,5,1,zk gk,42,42,her
herb,herb,hә:b,"n. a plant lacking a permanent woody stem; many are flowering garden plants or potherbs; some having medicinal properties; some are pests
n. aromatic potherb used in cookery for its savory qualities","n. 药草, 香草
[医] 草, 草本, 草药",n:100,2,0,gk cet6 ky toefl ielts,5112,3573,herb
here,here,hiә,"n. the present location; this place
s. being here now
r. in or at this place; where the speaker or writer is
r. in this circumstance or respect or on this point or detail","adv. 在这里, 此时, 这里
n. 这里",r:99/n:1,5,1,zk gk,117,96,here
hero,hero,'hiәrәu,"n. a man distinguished by exceptional courage and nobility and strength
n. the principal character in a play or movie or novel or poem
n. Greek mathematician and inventor who devised a way to determine the area of a triangle and who described various mechanical devices (first century)
n. (classical mythology) a being of great strength and courage celebrated for bold exploits; often the offspring of a mortal and a god","n. 英雄, 超越常人者, 男主角",n:100,3,1,zk gk cet4 cet6 ky ielts,2477,1912,hero
heroine,heroine,'herәuin,"n. the main good female character in a work of fiction
n. a woman possessing heroic qualities or a woman who has performed heroic deeds","n. 巾帼英雄, 烈妇, 女主角
[化] 海洛因; 二醋吗啡; 二乙酰吗啡",n:100,2,0,gk cet4 cet6 ky ielts,8840,8342,heroine
hers,hers,hә:z,"pron. See the Note under Her, pron.",pron. 她的,p:100,2,1,zk gk,3071,3849,hers
herself,herself,hә:'self,"pron. An emphasized form of the third person feminine
   pronoun; -- used as a subject with she; as, she herself will bear the
   blame; also used alone in the predicate, either in the nominative or
   objective case; as, it is herself; she blames herself.
pron. Her own proper, true, or real character; hence, her
   right, or sane, mind; as, the woman was deranged, but she is now
   herself again; she has come to herself.","pron. 她自己, 她亲自",p:100,5,1,zk gk,582,792,herself
hey,hey,hei,"a. High.
interj. An exclamation of joy, surprise, or encouragement.
interj. A cry to set dogs on.",interj. 嗨,u:100,2,0,gk,3901,1429,hey
hi,hi,hai,"n an expression of greeting
n a state in the United States in the central Pacific on the Hawaiian Islands",interj. 喂,u:100,3,1,gk,6210,2072,hi
hibernate,hibernate,'haibәneit,"v. sleep during winter
v. be in an inactive or dormant state","vi. 过冬, 冬眠, 避寒",v:100,0,0,gk toefl gre,24989,21924,hibernate
hibernation,hibernation,.haibә'neiʃәn,"n. the torpid or resting state in which some animals pass the winter
n. cessation from or slowing of activity during the winter; especially slowing of metabolism in some animals
n. the act of retiring into inactivity","n. 过冬, 冬眠, 避寒
[医] 冬眠, 冬蛰",n:100,0,0,gk toefl,22451,19620,hibernation
hide,hide,haid,"n. the dressed skin of an animal (especially a large animal)
n. body covering of a living animal
v. prevent from being seen or discovered
v. be or go into hiding; keep out of sight, as for protection and safety","n. 兽皮, 迹象, 躲藏处
vt. 藏, 隐瞒, 遮避, 剥...的皮, 隐藏
vi. 躲藏
[计] 隐藏",n:5/v:95,3,1,zk gk cet4 cet6 ky toefl gre,1486,1255,hide
high,high,hai,"n. a lofty level or position or degree
n. an air mass of higher than normal pressure
n. a state of sustained elation
n. a state of altered consciousness induced by alcohol or narcotics","n. 高度, 高处
a. 高的, 高级的, 主要的, 高尚的, 高原的, 高音的, 昂贵的, 傲慢的
adv. 高度地, 奢侈地",r:3/j:96/n:1,5,1,zk gk,152,141,high
highway,highway,'haiwei,n. a major road for any form of motor transport,"n. 公路, 大道, 捷径
[法] 公路, 大路",n:100,2,1,gk cet4 cet6 ky,4470,2583,highway
hill,hill,hil,"n. a local and well-defined elevation of the land
n. United States railroad tycoon (1838-1916)
n. risque English comedian (1925-1992)
v. form into a hill","n. 小山, 丘陵, 小土堆
vt. 作成土堆, 堆成小丘",n:100,3,1,zk gk,1134,1800,hill
hillside,hillside,'hilsaid,n. the side or slope of a hill,"n. 山坡, 山腹",n:100,1,0,gk cet4 cet6,6497,6756,hillside
hilly,hilly,'hili,s having hills and crags,"a. 多丘陵的, 多山岗的, 险峻的",j:100,1,0,gk toefl,15079,15597,hilly
him,him,him,"pron. Them. See Hem.
pron. The objective case of he. See He.",pron. 他,p:100,5,1,zk gk,0,68,him
himself,himself,him'self,"pron. An emphasized form of the third person masculine
   pronoun; -- used as a subject usually with he; as, he himself will bear
   the blame; used alone in the predicate, either in the nominative or
   objective case; as, it is himself who saved himself.
pron. One's true or real character; one's natural temper and
   disposition; the state of being in one's right or sane mind (after
   unconsciousness, passion, delirium, or abasement); as, the man has come
   to himself.
pron. pl. Alt. of Himselven","pron. 他自己, 他亲自",p:100,5,1,zk gk,286,367,himself
hire,hire,haiә,"n. a newly hired employee
n. the act of hiring something or someone
v. engage or hire for work","n. 租金, 租用, 雇用
vt. 雇请, 出租
vi. 受雇",n:5/v:95,3,1,gk cet4 cet6 ky,3488,1491,hire
his,his,hiz,"pron. Belonging or pertaining to him; -- used as a pronominal
   adjective or adjective pronoun; as, tell John his papers are ready;
   formerly used also for its, but this use is now obsolete.
pron. The possessive of he; as, the book is his.","pron. 他的
[化] 组氨酸",a:98/p:2,5,1,zk gk,25,25,his
history,history,'histәri,"n. the aggregate of past events
n. a record or narrative description of past events
n. the discipline that records and interprets past events involving human beings
n. the continuum of events occurring in succession leading from the past to the present and even into the future","n. 历史, 过去, 经历, 发展过程, 历史学, 过去的事, 历史记录
[计] 历史记录",n:100,5,1,zk gk cet4 cet6 ky ielts,496,350,history
hit,hit,hit,"n. (baseball) a successful stroke in an athletic contest (especially in baseball)
n. the act of contacting one thing with another
n. a conspicuous success
n. a dose of a narcotic drug","n. 打击, 打, 冲撞, 讽刺
vt. 打, 打击, 碰撞, 打中, 袭击, 偶然碰上
vi. 打, 打中, 打击, 碰撞, 偶然碰上
[计] 击中; 找到; 瞬时打扰",n:17/j:1/v:82,5,1,zk gk cet4 cet6 ky ielts,927,535,hit
hive,hive,haiv,"n. a teeming multitude
v. store, like bees
v. move together in a hive or as if in a hive
v. gather into a hive","n. 蜂房, 闹区, 蜜蜂群
vi. 进入蜂房, 储藏蜜于蜂房, 如蜂般群居
vt. 使进蜂房, 储备
[计] 蜂巢",n:100,1,0,gk toefl gre,11665,11401,hive
hobby,hobby,'hɒbi,"n. a child's plaything consisting of an imitation horse mounted on rockers; the child straddles it and pretends to ride
n. small Old World falcon formerly trained and flown at small birds","n. 嗜好, 癖好, 爱好",n:100,2,1,zk gk ielts,6000,6554,hobby
hold,hold,hәuld,"n. power by which something or someone is affected or dominated
n. a stronghold
n. a cell in a jail or prison
v. have or hold in one's hands or grip","n. 把握, 把持力, 柄, 控制, 掌握, 监禁
vt. 保存, 握住, 拿住, 占据, 持有, 拥有
vi. 支持, 持续, 有效
n. 保留
[计] 保留",n:6/v:94,4,1,zk gk ielts gre,178,213,hold
hole,hole,hәul,"n. an opening into or through something
n. an opening deliberately made in or through something
n. one playing period (from tee to green) on a golf course
n. an unoccupied space","n. 孔, 洞, 穴, 漏洞
vt. 挖洞, 掘坑
vi. 进洞, 凿洞",v:3/n:97,4,1,zk gk cet4 cet6 ky,1329,1213,hole
holiday,holiday,'hɒlәdi,n. a day on which work is suspended by law or custom,"n. 假日, 假期, 节日
vi. 度假",v:2/n:98,4,1,zk gk ielts,948,1963,holiday
holy,holy,'hәuli,a. belonging to or derived from or associated with a divine power,"a. 神圣的, 圣洁的, 至善的
n. 神圣的东西",j:100,3,1,gk cet4 cet6 ky,2701,2375,holy
home,home,hәum,"n. where you live at a particular time
n. the country or state or city where you live
n. place where something began and flourished
n. an environment offering affection and security","n. 家, 避难所, 故乡
a. 家庭的, 国内的, 打中目标的
adv. 在家, 在本国, 打中目标地
[计] 返回始位",r:36/v:1/n:63,1,1,zk gk,222,224,home
homeland,homeland,'hәumlænd,n the country where you were born,"n. 本国, 故国",n:100,2,0,gk,8870,4149,homeland
hometown,hometown,hәum'taun,n. the town (or city) where you grew up or where you have your principal residence,"n. 故乡, 家乡",n:100,1,0,zk gk,33112,5471,hometown
homework,homework,'hәumwә:k,n. preparatory school work done outside school (especially at home),"n. 家庭作业, 家里做的工作
[经] 家庭作业",n:100,1,1,zk gk ielts,6447,4778,homework
honest,honest,'ɒnist,"a. not disposed to cheat or defraud; not deceptive or fraudulent
s. without dissimulation; frank
s. without pretensions
s. marked by truth","a. 诚实的, 坦直的, 可靠的",j:100,3,1,zk gk cet4 ky,2681,2530,honest
honey,honey,'hʌni,"n. a sweet yellow liquid produced by bees
v. sweeten with honey
s. of something having the color of honey","n. 蜂蜜, 甜蜜, 爱人
a. 蜂蜜似的, 甜蜜的, 甘美的
vt. 加蜜使甜, 对...说甜言蜜语
vi. 说甜言蜜语, 奉承",n:100,2,0,gk cet4 ky,5334,2932,honey
honour,honour,'ɒnә,"n the state of being honored
n a tangible symbol signifying approval or distinction
n the quality of being honorable and having a good name
n a woman's virtue or chastity
v bestow honor or rewards upon
v show respect towards
v accept as pay","n. 荣誉, 头衔, 信用, 尊敬, 名誉, 阁下, 勋章
vt. 尊敬, 授予荣誉, 承兑, 实践",v:100,3,1,zk gk cet4 cet6,2382,32290,honour
hook,hook,huk,"n. a catch for locking a door
n. a sharp curve or crook; a shape resembling a hook
n. a mechanical device that is curved or bent to suspend or hold or pull something
n. a curved or bent implement for suspending or pulling something","n. 钩, 钩状, 镰刀, 陷阱
vt. 挂...于钩上, 钩住, 引上钩, 偷窃
vi. 弯成钩状, 钩紧
[计] 钩",v:48/n:52,3,1,gk cet4 cet6 ky toefl,4337,3791,hook
hooray,hooray,hu'rei,n a victory cheer,"interj. 万岁
n. 万岁
v. 呼万岁",u:100,0,0,gk,21582,23679,hooray
hope,hope,hәup,"n. a specific instance of feeling hopeful
n. the general feeling that some desire will be fulfilled
n. someone (or something) on which expectations are centered
n. United States comedian (born in England) who appeared in films with Bing Crosby (1903-2003)","n. 希望, 信心, 期待
v. 希望, 期望, 信赖",n:29/v:71,5,1,zk gk,444,482,hope
hopeful,hopeful,'hәupful,a. having or manifesting hope,"n. 有希望之人, 有前途之人
a. 有希望的, 怀抱希望的, 保持乐观的",j:91/n:9,2,0,gk cet4 cet6 ky,6877,5116,hopeful
hopeless,hopeless,'hәuplis,"a. without hope because there seems to be no possibility of comfort or success
s. of a person unable to do something skillfully
s. certain to fail
s. (informal to emphasize how bad it is) beyond hope of management or reform","a. 无希望的, 绝望的, 不可救药的",j:100,2,0,gk cet4 cet6,6390,7926,hopeless
horrible,horrible,'hɒrәbl,s provoking horror,"a. 可怕的, 遭透的, 极讨厌的",j:100,2,0,gk cet4 cet6 ky ielts,4036,3750,horrible
horse,horse,hɒ:s,"n. solid-hoofed herbivorous quadruped domesticated since prehistoric times
n. a padded gymnastic apparatus on legs
v. provide with a horse or horses","n. 马, 骑兵, 脚架
vi. 骑马, 取笑
vt. 使骑马, 系马于",v:1/n:99,4,1,zk gk ielts,803,1279,horse
hospital,hospital,'hɒspitәl,"n. a health facility where patients receive treatment
n. a medical institution where sick or injured people are given medical or surgical care","n. 医院
[医] 医院",n:100,5,1,zk gk ielts,562,647,hospital
host,host,hәust,"n. a person who invites guests to a social event (such as a party in his or her own home) and who is responsible for them while they are there
n. an animal or plant that nourishes and supports a parasite; it does not benefit and is often harmed by the association
n. archaic terms for army
n. any organization that provides resources and facilities for a function or event","n. 主人, 旅馆老板, 节目主持人
vt. 当主人招待, 作...节目主持人
[计] 主机, 宿主机",v:34/n:66,5,1,gk cet4 cet6 ky ielts,2542,1840,host
hostess,hostess,'hәustis,"n. a woman host
n. a woman innkeeper","n. 女主人, 女房东, 女老板",n:100,1,0,gk cet4 cet6 ky,9940,10323,hostess
hot,hot,hɒt,"a. used of physical heat; having a high or higher than desirable temperature or giving off heat or feeling or causing a sensation of heat or burning
s. characterized by violent and forceful activity or movement; very intense
a. extended meanings; especially of psychological heat; marked by intensity or vehemence especially of passion or enthusiasm
s. (color) bold and intense","a. 热的, 热心的, 辣的, 热情的, 激动的, 猛烈的, 紧迫的
adv. 热, 紧迫地",r:1/j:99,4,1,zk gk,1055,721,hot
hotel,hotel,hәu'tel,n. a building where travelers can pay for lodging and meals and other services,"n. 旅馆, 客栈",n:100,4,1,zk gk ielts,731,1002,hotel
hour,hour,auә,"n. a period of time equal to 1/24th of a day
n. clock time
n. a special and memorable period
n. distance measured by the time taken to cover it","n. 小时, 钟头, 时间, ...点钟, 课时",n:100,5,1,zk gk,299,272,hour
house,house,haus,"n. a dwelling that serves as living quarters for one or more families
n. the members of a religious community living together
n. the audience gathered together in a theatre or cinema
n. an official assembly having legislative powers","n. 房子, 住宅, 机构, 议院, 家族, 家庭
vt. 给...房子住, 收藏
vi. 住, 躲藏",v:8/n:92,5,1,zk gk toefl ielts,148,257,house
housewife,housewife,'hauswaif,n. a wife who manages a household while her husband earns the family income,"n. 主妇, 家庭妇女",n:100,1,0,gk cet4 cet6 ky,5741,8592,housewife
housework,housework,'hauswә:k,n. the work of cleaning and running a house,"n. 家事, 家务",n:100,1,0,zk gk ky,7299,15787,housework
how,how,hau,"adv. In what manner or way; by what means or process.
adv. To what degree or extent, number or amount; in what
   proportion; by what measure or quality.
adv. For what reason; from what cause.
adv. In what state, condition, or plight.
adv. By what name, designation, or title.
adv. At what price; how dear.","adv. 如何, 怎样, 多少, 多么
n. 方式",r:100,5,1,zk gk,90,76,how
however,however,hau'evә,"r. despite anything to the contrary (usually following a concession)
r. by contrast; on the other hand; the second, however, took hours""
r. to whatever degree or extent
r. in whatever way or manner","adv. 然而, 无论如何, 究竟怎样
conj. 然而, 可是",r:100,5,1,zk gk cet4 ky,145,284,however
howl,howl,haul,"n. a long loud emotional utterance
n. the long plaintive cry of a hound or a wolf
n. a loud sustained noise resembling the cry of a hound
v. emit long loud cries","n. 嗥叫, 吠声, 号叫
vi. 狂吠, 咆哮, 呼啸
vt. 对...吼叫, 狂喊着说",n:36/v:64,2,0,gk cet6 ky toefl ielts,10307,8380,howl
hug,hug,hʌg,"n. a tight or amorous embrace
v. fit closely or tightly","n. 紧抱, 拥抱
vt. 紧抱, 坚持, 使沾沾自喜",n:33/v:67,2,0,gk cet6 ky ielts,6694,3858,hug
huge,huge,hju:dʒ,s. unusually great in size or amount or degree or especially extent or scope,"a. 极大的, 巨大的, 无限的",j:100,4,1,zk gk cet4 ky,1230,911,huge
human,human,'hju:mәn,"a. characteristic of humanity
a. relating to a person
a. having human form or attributes as opposed to those of animals or divine beings","n. 人, 人类
a. 人类的, 似人类的, 人性的, 有同情心的",j:82/n:18,5,1,zk gk cet4 ky toefl ielts,550,399,human
humorous,humorous,'hju:mәrәs,a. full of or characterized by humor,"a. 富幽默感的, 滑稽的, 诙谐的",j:100,1,1,zk gk cet4 cet6 ky toefl,9475,9877,humorous
humour,humour,'hju:mә,"n a characteristic (habitual or relatively temporary) state of feeling
n a message whose ingenuity or verbal skill or incongruity has the power to evoke laughter
n (Middle Ages) one of the four fluids in the body whose balance was believed to determine your emotional and physical state
n the liquid parts of the body
n the quality of being funny
n the trait of appreciating (and being able to express) the humorous
v put into a good mood","n. 幽默, 诙谐, 情绪, 体液
vt. 使满足, 迁就",,3,1,gk cet4 cet6,3219,0,humour
hundred,hundred,'hʌndrәd,"n. ten 10s
s. being ten more than ninety","n. 百, 百个东西
num. 百, 百个
a. 一百的, 许多的",m:100,5,0,zk gk,413,621,hundred
hunger,hunger,'hʌŋgә,"n. a physiological need for food; the consequence of food deprivation
n. strong desire for something (not food or drink)
v. feel the need to eat","n. 饥饿, 渴望, 饥荒
vt. 使挨饿
vi. 挨饿, 渴望",v:5/n:95,2,0,gk cet4 cet6 ky toefl,5267,4584,hunger
hungry,hungry,'hʌŋgi,a. feeling hunger; feeling a need or desire to eat food,"a. 饥饿的, 荒年的, 渴望的, 不毛的
[化] 欠鞣皮",j:100,2,1,zk gk,3683,3181,hungry
hunt,hunt,hʌnt,"n. Englishman and Pre-Raphaelite painter (1827-1910)
n. United States architect (1827-1895)
n. British writer who defended the Romanticism of Keats and Shelley (1784-1859)
n. an association of huntsmen who hunt for sport","n. 狩猎, 追捕, 搜寻, 猎区
vt. 狩猎, 打猎, 搜索
vi. 打猎, 猎食, 搜寻",n:37/v:63,3,1,gk cet4 cet6 ky ielts,4330,3420,hunt
hunter,hunter,'hʌntә,"n. someone who hunts game
n. a person who searches for something
n. a watch with a hinged metal lid to protect the crystal","n. 猎人, 猎犬, 追求者",n:100,3,0,gk,5802,3030,hunter
hurricane,hurricane,'hә:rikәn,n. a severe tropical cyclone usually with heavy rains and winds moving a 73-136 knots (12 on the Beaufort scale),"n. 飓风, 暴风, 暴风雨",n:100,2,0,gk cet6 ky toefl ielts gre,7263,4512,hurricane
hurry,hurry,'hʌri,n. a condition of urgency making it necessary to hurry,"n. 匆忙, 急忙, 急促
vt. 急派, 催促
vi. 匆忙, 赶快",n:26/v:74,2,1,zk gk,3065,3609,hurry
hurt,hurt,hә:t,"v. give trouble or pain to
v. cause damage or affect negatively
v. hurt the feelings of
v. feel physical pain","n. 伤害, 创伤, 损害
v. 伤害, (使)伤心, 危害, 刺痛",n:2/j:11/v:87,4,1,zk gk cet4 cet6 ky,1931,1140,hurt
husband,husband,'hʌzbәnd,n. a married man; a woman's partner in marriage,"n. 丈夫, 管理人, 节俭的人
vt. 节俭, 使成丈夫, 持有",v:1/n:99,4,1,zk gk gre,826,637,husband
hydrogen,hydrogen,'haidrәdʒәn,n. a nonmetallic univalent element that is normally a colorless and odorless highly flammable diatomic gas; the simplest and lightest and most abundant element in the universe,"n. 氢
[化] 氢H-2",n:100,2,0,gk cet4 cet6 ky toefl ielts,5200,5103,hydrogen
I,i,ai,n. the 9th letter of the Roman alphabet,"pron. 我
[计] 电流, 中断, 指令, 指示符",p:100,5,1,zk gk,4624,11,i
ice,ice,ais,"n. water frozen in the solid state
n. the frozen part of a body of water
n. diamonds
n. a frozen dessert with fruit flavoring (especially one containing no milk)","n. 冰, 冰淇淋, 糖衣, 冷若冰霜, 矜持, 贿赂
vt. 使结冰, 冰镇, 覆以糖衣
vi. 结冰",v:2/n:98,4,1,zk gk ielts,2164,1230,ice
Iceland,iceland,'aislәnd,"n. an island republic on the island of Iceland; became independent of Denmark in 1944
n. a volcanic island in the North Atlantic near the Arctic Circle",n. 冰岛,,0,0,gk,8965,0,iceland
idea,idea,ai'diә,"n. the content of cognition; the main thing you are thinking about
n. a personal view","n. 主意, 办法, 理想, 思想, 概念, 意见
[医] 观念, 思想",n:100,5,1,zk gk ielts,268,311,idea
identification,identification,ai.dentifi'keiʃәn,"n. evidence of identity; something that identifies a person or thing
n. the condition of having the identity (of a person or object) established
n. the attribution to yourself (consciously or unconsciously) of the characteristics of another person (or group of persons)","n. 识别, 身份证明, 认同
[化] 鉴定; 鉴别; 鉴别法; 认证",n:100,1,0,gk cet4 cet6 ky toefl ielts,3230,3289,identification
identity,identity,ai'dentiti,"n. the distinct personality of an individual regarded as a persisting entity
n. the individual characteristics by which a thing or person is recognized or known
n. an operator that leaves unchanged the element on which it operates
n. exact sameness","n. 身份, 相同, 一致, 特性, 恒等式
[计] (打)标记, 标识",n:100,3,1,gk cet4 ky toefl ielts,2061,1322,identity
idiom,idiom,'idiәm,n. an expression whose meanings cannot be inferred from the meanings of the words that make it up,"n. 习语, 成语, 惯用语法, 方言",n:100,1,0,gk cet4 cet6 ky toefl ielts gre,10357,12698,idiom
if,if,if,"conj. In case that; granting, allowing, or supposing that; --
   introducing a condition or supposition.
conj. Whether; -- in dependent questions.","conj. 如果, 是否, 无论何时, 假设, 即使
n. 条件
[计] DOS批处理命令:根据所测试的条件决定是否执行另一条命令",c:100,5,1,zk gk,40,40,if
ignore,ignore,ig'nɒ:,"v. refuse to acknowledge
v. fail to notice
v. be ignorant of or in the dark about","vt. 不理睬, 忽视, 驳回, 忽略
[计] 忽略",v:100,4,1,gk cet4 cet6 ky toefl,1296,1375,ignore
ill,ill,il,"a. affected by an impairment of normal physical or mental function
s. resulting in suffering or adversity
s. distressing
s. indicating hostility or enmity","n. 疾病, 坏事, 罪恶, 灾难
a. 生病的, 邪恶的, 不吉利的, 敌意的, 不良的, 不顺利的
adv. 有害地, 不幸地, 几乎不",r:6/j:84/n:10,4,1,zk gk,1955,2945,ill
illegal,illegal,i'li:gәl,a. prohibited by law or by official or accepted rules,"a. 违法的, 不合规定的
[经] 非法的, 犯规的",j:97/n:3,3,1,gk cet4 cet6 ky ielts gre,3103,2071,illegal
illness,illness,'ilnis,n. impairment of normal physiological function affecting part or all of an organism,"n. 疾病, 恶意
[医] 病",n:100,3,1,zk gk cet4 ky ielts,2290,2303,illness
imagine,imagine,i'mædʒin,v. form a mental image of something that is not present or that is not the case,"vt. 想像, 设想, 猜测
vi. 想像起来",v:100,4,1,zk gk cet4 cet6 ky toefl,1197,909,imagine
immediate,immediate,i'mi:diәt,"s. of the present time and place
a. having no intervening medium
s. immediately before or after as in a chain of cause and effect
s. performed with little or no delay","a. 立即的, 直接的, 接近的
[医] 直接的, 立即的",j:100,4,1,gk cet4 cet6 ky toefl,1542,2180,immediate
immediately,immediately,i'mi:diәtli,"r. without delay or hesitation; with no time intervening
r. near or close by
r. bearing an immediate relation","adv. 直接地, 立刻, 立即",r:100,4,1,zk gk cet4 cet6 toefl,974,1142,immediately
immigration,immigration,.imi'greiʃәn,"n. migration into a place (especially migration to a country of which you are not a native in order to settle there)
n. the body of immigrants arriving during a specified interval","n. 移民, 移居
[医] 移民",n:100,3,0,gk cet6 toefl,5448,2431,immigration
import,import,im'pɒ:t,"n. commodities (goods or services) bought from a foreign country
n. an imported person brought from a foreign country
v. bring in from abroad
v. transfer (electronic data) into a database or document","n. 进口货, 进口, 输入, 含义, 重要性
vt. 输入, 引入, 进口, 含...的意思, 重要
vi. 有关系
[计] 引入",v:38/n:62,4,1,gk cet4 cet6 ky toefl gre,2757,4050,import
importance,importance,im'pɒ:tәns,"n. the quality of being important and worthy of note
n. a prominent status","n. 重要, 重要性, 重要地位, 自大
[机] 重要, 重要性",n:100,0,1,gk cet4 cet6 ky,1025,1573,importance
important,important,im'pɒ:tәnt,"a. of great significance or value
s. having or suggesting a consciousness of high position","a. 重要的, 有地位的, 大量的, 显要的, 自负的
[计] 要点",j:100,5,1,zk gk ielts,218,266,important
impossible,impossible,im'pɒsәbl,"n. something that cannot be done
a. not capable of occurring or being accomplished or dealt with
s. totally unlikely
s. used of persons or their behavior","a. 不可能的, 难以置信的, 令人无法忍受的",j:100,4,1,zk gk cet4 cet6 ky ielts,1340,1606,impossible
impress,impress,im'pres,"n. the act of coercing someone into government service
v. impress positively
v. produce or try to produce a vivid impression of
v. mark or stamp with or as if with pressure","n. 印象, 特征, 印记
vt. 使有印象, 印, 铭刻, 传送, 影响, 强征
vi. 给人印象",v:100,3,1,gk cet4 cet6 ky,4079,3055,impress
impression,impression,im'preʃәn,"n. a vague idea in which some confidence is placed
n. an outward appearance
n. all the copies of a work printed at one time
n. (dentistry) an imprint of the teeth and gums in wax or plaster","n. 印象, 意念, 盖印, 印记, 印数, 底色, 效果
[医] 压迹, 印模, 印象, 影响",n:100,3,1,gk cet4 cet6 ky gre,1846,2537,impression
improve,improve,im'pru:v,"v to make better
v get better","vt. 改良, 提高...的价值, 改善, 利用
vi. 变得更好, 增加",v:100,4,1,zk gk cet4 cet6 ky,903,995,improve
in,in,in,"s. holding office
s. directed or bound inward
s. currently fashionable
r. to or toward the inside of","prep. 在...期间, 在...之内, 处于...之中, 从事于, 按照, 穿着
adv. 进入, 朝里, 在里面, 在屋里
a. 在里面的, 在朝的
n. 执政者, 交情",i:95/c:1/r:3/j:1,2,1,zk gk ielts,6,6,in
inch,inch,intʃ,n. a unit of length equal to one twelfth of a foot,"n. 英寸, 身高, 小岛
vi. 慢慢前进, 慢慢移动
vt. 使缓慢地移动",v:100,3,1,zk gk cet4 cet6 ky gre,2158,8178,inch
incident,incident,'insidәnt,"n. a single distinct event
n. a public disturbance
a. falling or striking of light rays on something","n. 事件, 事变, 小事
a. 附带的, 易于发生的, 外来的, 入射的",n:100,4,1,gk cet4 cet6 ky toefl,1785,1980,incident
include,include,in'klu:d,"v. have as a part, be made up out of
v. consider as part of something
v. add as part of something else; put in as part of a set, group, or category","vt. 包括, 把...算入, 包住
[计] DOS内部命令:在CONFIG.SYS文件的一个配置块中包含另一配置块的内容",v:100,5,1,zk gk cet4 cet6 ky,246,292,include
income,income,'inkʌm,n. the financial gain (earned or unearned) accruing over a given period of time,"n. 收入, 收益, 流入
[经] 收益",n:100,4,1,gk cet4 cet6 ky,744,1138,income
incorrect,incorrect,.inkә'rekt,"a. not correct; not in conformity with fact or truth
s. (of a word or expression) not agreeing with grammatical principles","a. 不正确的
[法] 不正确, 错误的, 不适当的",j:100,1,0,gk cet4 cet6,7053,7280,incorrect
increase,increase,in'kri:s,"n. a change resulting in an increase
n. a process of becoming larger or longer or more numerous or more important
n. the amount by which something increases
n. the act of increasing something","n. 增加, 增进, 利益
vt. 增加, 加大
vi. 增加, 繁殖",n:35/v:65,5,1,zk gk cet4 cet6 ky,523,660,increase
indeed,indeed,in'di:d,"r. in truth (often tends to intensify)
r. (used as an interjection) an expression of surprise or skepticism or irony etc.","adv. 的确, 实在, 真正地, 甚至",r:100,4,1,gk cet4 cet6 ky,535,848,indeed
independence,independence,.indi'pendәns,"n. freedom from control or influence of another or others
n. the successful ending of the American Revolution
n. a city in western Missouri; the beginning of the Santa Fe Trail","n. 独立, 自立, 自主
[医] 自主性, 独立性",n:100,0,1,gk cet4 cet6 ky ielts,2010,2291,independence
independent,independent,.indi'pendәnt,"a. free from external control and constraint
a. (of a clause) capable of standing syntactically alone as a complete sentence
s. not controlled by a party or interest group","n. 独立自主者, 无党派者
a. 独立的, 有主见的, 不须依赖的, 不受约束的",j:93/n:7,5,1,gk cet4 cet6 ky toefl,1013,1265,independent
India,india,'indjә,n. a republic in the Asian subcontinent in southern Asia; second most populous country in the world; achieved independence from the United Kingdom in 1947,n. 印度,,0,0,zk gk cet4 cet6,1929,0,india
Indian,indian,'indiәn,"n. a member of the race of people living in America when Europeans arrived
n. a native or inhabitant of India
a. of or relating to or characteristic of India or the East Indies or their peoples or languages or cultures","n. 印度人, 印第安人, 印第安语
a. 印度的, 印度群岛的, 印第安语的",j:64/n:36,0,0,zk gk cet4 cet6 ielts,15712,1436,indian
indicate,indicate,'indikeit,"v. indicate a place, direction, person, or thing; either spatially or figuratively
v. to state or express briefly
v. suggest the necessity of an intervention; in medicine","vt. 显示, 象征, 指示, 指出
[医] 指示",v:100,4,1,gk cet4 cet6 ky toefl gre,812,785,indicate
industry,industry,'indәstri,"n. the people or companies engaged in a particular kind of commercial enterprise
n. the organized action of making of goods and services for sale","n. 勤劳, 工业, 企业, 产业, 有组织的劳动
[经] 工业, 实业",n:100,5,1,zk gk cet4 cet6 ky ielts,383,551,industry
influence,influence,'influәns,"n. a power to affect persons or events especially power based on prestige etc
n. causing something without any direct or apparent effort
n. a cognitive factor that tends to have an effect on what you do
n. the effect of one thing (or person) on another","n. 影响力, 权力, 势力
vt. 影响, 改变",v:44/n:56,4,1,zk gk cet4 cet6 ky ielts,1061,1392,influence
inform,inform,in'fɒ:m,"v. impart knowledge of some fact, state or affairs, or event to
v. give character or essence to
v. act as an informer","vt. 通知, 使了解, 使充满
vi. 提供资料, 告发",v:100,3,1,gk cet4 cet6 ky,1726,2177,inform
information,information,.infә'meiʃәn,"n. a message received and understood
n. knowledge acquired through study or experience or instruction
n. formal accusation of a crime
n. (communication theory) a numerical measure of the uncertainty of an outcome","n. 消息, 知识, 通知, 情报, 信息, 问讯处, 起诉
[计] 信息",n:100,5,1,zk gk ielts,223,314,information
initial,initial,i'niʃәl,"n. the first letter of a word (especially a person's name)
v. mark with one's initials
s. occurring at the beginning","n. 字首, 首字母
a. 开始的, 最初的, 字首的
vt. 用姓名的首字母签名",j:88/v:2/n:10,3,1,gk cet4 cet6 ky toefl ielts gre,1525,1943,initial
injure,injure,'indʒә,v. cause injuries or bodily harm to,"vt. 伤害, 损害, 使受冤屈
[医] 损伤",v:100,1,1,gk cet4 cet6 ky toefl,3032,3721,injure
injury,injury,'indʒәri,"n. any physical damage to the body caused by violence or accident or fracture etc.
n. an accident that results in physical damage or hurt
n. an act that causes someone or something to receive physical damage
n. wrongdoing that violates another's rights and is unjustly inflicted","n. 伤害, 侮辱
[医] 伤, 损伤",n:100,4,1,gk cet4 cet6 ky toefl ielts,1334,1553,injury
ink,ink,iŋk,"n. a liquid used for printing or writing or drawing
n. dark protective fluid ejected into the water by cuttlefish and other cephalopods
v. append one's signature to
v. mark, coat, cover, or stain with ink","n. 墨水, 墨汁
vt. 涂墨水于, 签署, 加墨水",v:6/n:94,2,1,zk gk cet4 cet6 ky,6004,5193,ink
inland,inland,'inlәnd,"a. situated away from an area's coast or border
r. towards or into the interior of a region","a. 内陆的, 国内的
n. 内地",r:51/j:49,2,0,gk cet6 ky toefl ielts,5084,11233,inland
inn,inn,in,n a hotel providing overnight lodging for travelers,"n. 旅馆, 客栈
vi. 住旅馆",n:100,2,0,gk cet4 cet6 ky,3852,6591,inn
innocent,innocent,'inәsәnt,"n. a person who lacks knowledge of evil
a. free from evil or guilt
s. lacking intent or capacity to injure
s. lacking in sophistication or worldliness","a. 无罪的, 不懂事的, 无知的
n. 天真的人, 笨蛋",j:93/n:7,3,1,gk cet4 cet6 ky toefl ielts,3421,2775,innocent
insect,insect,'insekt,n. small air-breathing arthropod,"n. 昆虫, 卑鄙的人
[医] 昆虫",n:100,2,1,gk cet4 cet6 ky ielts,3450,3405,insect
insert,insert,in'sә:t,"n. a folded section placed between the leaves of another publication
n. an artifact that is inserted or is to be inserted
v. put or introduce into something
v. introduce","n. 插入物
vt. 插入, 把(人造卫星)射入(轨道), 添写
vi. 附着
[计] 插入",n:18/v:82,2,1,gk cet4 cet6 ky toefl ielts gre,3796,4301,insert
inside,inside,'in'said,"n. the region that is inside of something
n. the inner or enclosed surface of something
a. relating to or being on the side closer to the center or within a defined space
s. being or applying to the inside of a building","n. 内部, 内脏, 内幕
a. 内部的, 秘密的, 户内的
adv. 在里面
prep. 在...之内",i:49/r:37/j:6/n:8,4,1,zk gk cet4 cet6 ky,1301,964,inside
insist,insist,in'sist,"v. be emphatic or resolute and refuse to budge
v. assert to be true","v. 坚持, 坚决主张, 强调",v:100,4,1,zk gk cet4 cet6 ky toefl,1411,1359,insist
inspect,inspect,in'spekt,v. look over carefully,"vt. 检查, 检阅, 检验
vi. 检查",v:100,3,0,gk cet4 cet6 ky toefl,4286,5031,inspect
inspire,inspire,in'spaiә,"v. heighten or intensify
v. supply the inspiration for","vt. 使感动, 激发, 启示, 吸入, 鼓舞, 产生, 使生灵感
vi. 吸入, 赋予灵感",v:100,4,0,gk cet4 cet6 ky toefl ielts,3204,2299,inspire
instant,instant,'instәnt,s. in or of the present month,"n. 立即, 瞬间
a. 紧急的, 立即的, 即时的",j:50/n:50,3,0,gk cet4 cet6 ky toefl,4938,4453,instant
instead,instead,in'sted,"r in place of, or as an alternative to
r on the contrary; rather (or instead), he wrote her a letter""","adv. 作为替代, 反而",i:49/r:51,4,1,zk gk,1274,994,instead
institute,institute,'institju:t,"n. an association organized to promote art or science or education
v. advance or set forth in court","n. 学会, 学院, 协会
vt. 创立, 开始, 制定, 任命",v:37/n:63,4,1,gk cet4 cet6 ky toefl ielts gre,1630,7980,institute
institution,institution,.insti'tju:ʃәn,"n. an organization founded and united for a specific purpose
n. an establishment consisting of a building or complex of buildings where an organization for the promotion of some cause is situated
n. a custom that for a long time has been an important feature of some group or society","n. 机构, 惯例, 制度
[医] 机关, 机构, 设施",n:100,4,1,gk cet4 cet6 ky toefl ielts gre,880,987,institution
instruct,instruct,in'strʌkt,"v. give instructions or directions for some task
v. make aware of","vt. 教, 教育, 命令, 通知
[法] 托办, 指导, 指示",v:100,3,0,gk cet4 cet6 ky toefl,3820,4243,instruct
instruction,instruction,in'strʌkʃәn,n. (computer science) a line of code written as part of a computer program,"n. 指令, 教导, 命令
[计] 指令",n:100,2,1,zk gk cet4 cet6 ky toefl ielts,1594,1563,instruction
instrument,instrument,'instrumәnt,"n. a device that requires skill for proper use
n. the means whereby some act is accomplished
n. a person used by another to gain an end
v. equip with instruments for measuring, recording, or controlling","n. 工具, 手段, 仪器
[化] 仪器",v:1/n:99,3,1,gk cet4 cet6 ky toefl ielts,1709,1611,instrument
insurance,insurance,in'ʃurәns,n. promise of reimbursement in the case of loss; paid to people or companies so concerned about hazards that they have made prepayments to an insurance company,"n. 保险, 保险业, 保险费
[医] 保险",n:100,4,1,gk cet4 cet6 ky ielts,1347,1197,insurance
insure,insure,in'ʃuә,v. take out insurance for,"vt. 保险, 确保
vi. 投保",v:100,2,0,gk cet4 cet6 ky ielts,5378,6180,insure
intelligence,intelligence,in'telidʒәns,"n. the ability to comprehend; to understand and profit from experience
n. a unit responsible for gathering and interpreting information about an enemy
n. secret information about an enemy (or potential enemy)
n. the operation of gathering information about an enemy","n. 智力, 情报, 信息
[医] 智力",n:100,3,1,gk cet4 cet6 ky toefl ielts,2444,1417,intelligence
intend,intend,in'tend,"v. have in mind as a purpose
v. design or destine","vt. 计划, 打算, 意思是
[法] 想要, 打算, 意旨",v:100,4,1,gk cet4 cet6 ky,916,1536,intend
intention,intention,in'tenʃәn,"n. (usually plural) the goal with respect to a marriage proposal
n. an act of intending; a volition that you intend to carry out","n. 意图, 目的, 含义
[医] 愈合, 意向",n:100,3,1,zk gk cet4 cet6 ky toefl,1523,2517,intention
interest,interest,'intrist,"n. a sense of concern with and curiosity about someone or something
n. the power of attracting or holding one's attention (because it is unusual or exciting etc.)
n. a fixed charge for borrowing money; usually a percentage of the amount borrowed
n. (law) a right or legal share of something; a financial involvement with something","n. 兴趣, 嗜好, 利息, 利益, 爱好, 趣味, 势力
vt. 使感兴趣, 与...有关系",v:3/n:97,5,1,zk gk cet4 cet6 ky toefl ielts,231,416,interest
interesting,interesting,'intristiŋ,a. arousing or holding the attention,a. 有趣的,j:100,3,1,zk gk,1032,1072,interesting
international,international,.intә'næʃәnәl,"n. any of several international socialist organizations
a. concerning or belonging to all or at least two or more nations","a. 国际的
n. 国别设定
[计] 国别设定",j:99/n:1,5,1,zk gk cet4 cet6 ky ielts,435,500,international
internet,internet,'intәnet,n. a computer network consisting of a worldwide network of computer networks that use the TCP/IP network protocols to facilitate data transmission and exchange,"[计] 因特网, 国际互连网, 网际网络, 互连网络, 广域网",n:100,0,1,zk gk cet4 ky ielts,31055,1467,internet
interpreter,interpreter,in'tә:pritә,"n. someone who mediates between speakers of different languages
n. someone who uses art to represent something
n. (computer science) a program that translates and executes source language statements one line at a time","n. 直译程序, 解释者, 口译者, 注释器
[计] 注释器",n:100,0,0,gk cet4 cet6,7208,5628,interpreter
interrupt,interrupt,.intә'rʌpt,"n. a signal that temporarily stops the execution of a program so that another procedure can be carried out
v. make a break in
v. destroy the peace or tranquility of
v. interfere in someone else's activity","vt. 中断, 妨碍, 插嘴
vi. 打断
n. 中断
[计] 中断",n:11/v:89,2,1,gk cet4 cet6 ky toefl gre,3386,3407,interrupt
interval,interval,'intәvәl,"n. a set containing all points (or all real numbers) between two given endpoints
n. the distance between things
n. the difference in pitch between two notes","n. 间隔, 距离, 间歇, 间隙
[计] 时间间隔",n:100,2,1,gk cet4 cet6 ky toefl ielts,2689,4646,interval
interview,interview,'intәvju:,"n. the questioning of a person (or a conversation in which information is elicited); often conducted by journalists
v. conduct an interview in television, newspaper, and radio reporting
v. discuss formally with (somebody) for the purpose of an evaluation
v. go for an interview in the hope of being hired","n. 面谈, 访问, 接见, 面试
vt. 接见, 对...进行面谈(试)",v:28/n:72,4,1,zk gk cet4 cet6 ky ielts,1421,944,interview
into,into,'intu:,"prep. To the inside of; within. It is used in a variety of
   applications.
prep. Expressing entrance, or a passing from the outside of a
   thing to its interior parts; -- following verbs expressing motion; as,
   come into the house; go into the church; one stream falls or runs into
   another; water enters into the fine vessels of plants.
prep. Expressing penetration beyond the outside or surface, or
   access to the inside, or contents; as, to look into a letter or book;
   to look into an apartment.
prep. Indicating insertion; as, to infuse more spirit or
   animation into a composition.
prep. Denoting inclusion; as, put these ideas into other words.
prep. Indicating the passing of a thing from one form,
   condition, or state to another; as, compound substances may be resolved
   into others which are more simple; ice is convertible into water, and
   water into vapor; men are more easily drawn than forced into
   compliance; we may reduce many distinct substances into one mass; men
   are led by evidence into belief of truth, and are often enticed into
   the commission of crimes'into; she burst into tears; children are
   sometimes frightened into fits; all persons are liable to be seduced
   into error and folly.","prep. 进入...之内, 朝..., 深入...之中, 成为...状况",i:100,5,1,zk gk,57,65,into
introduce,introduce,.intrә'dju:s,"v. cause to come to know personally
v. bring something new to an environment
v. bring in or establish in a new place or environment
v. bring before the public for the first time, as of an actor, song, etc.","vt. 介绍, 引入, 采用, 输入
[法] 引进, 输入, 介绍",v:100,4,1,zk gk cet4 cet6 ky,698,1225,introduce
introduction,introduction,.intrә'dʌkʃәn,"n. the act of beginning something new
n. the first section of a communication
n. a basic or elementary instructional text
n. a new proposal","n. 介绍, 传入, 采用, 初步",n:100,2,1,zk gk cet4 cet6 ky ielts,1379,2904,introduction
invent,invent,in'vent,"v. come up with (an idea, plan, explanation, theory, or principle) after a mental effort","vt. 发明, 创作, 虚构
[机] 发明",v:100,2,1,zk gk cet4 cet6 ky,3639,3398,invent
invention,invention,in'venʃәn,"n. the creation of something in the mind
n. a creation (a new device or process) resulting from study and experimentation
n. the act of inventing","n. 发明, 创作能力, 虚构的故事
[经] 发明",n:100,2,1,zk gk cet4 cet6 ky,4752,4773,invention
inventor,inventor,in'ventә,n. someone who is the first to think of or make something,"n. 发明家
[法] 发明人, 发明家, 创造者",n:100,1,0,gk cet4 cet6,10125,8188,inventor
invitation,invitation,.invi'teiʃәn,"n. a request (spoken or written) to participate or be present or take part in something
n. a tempting allurement","n. 邀请, 请柬, 引诱
[经] 邀请, 招待, 吸引",n:100,3,1,gk cet4 cet6 ky,3177,4072,invitation
invite,invite,in'vait,"n. a colloquial expression for invitation
v. increase the likelihood of
v. invite someone to one's house
v. ask someone in a friendly way to do something","vt. 邀请, 请求, 引起, 招致
n. 邀请",n:1/v:99,4,1,zk gk cet4 cet6 ky,1502,1601,invite
Ireland,ireland,'aiәlәnd,"n. a republic consisting of 26 of 32 counties comprising the island of Ireland; achieved independence from the United Kingdom in 1921
n. an island comprising the republic of Ireland and Northern Ireland",n. 爱尔兰,,0,0,gk,1040,0,ireland
Irish,irish,'airiʃ,"n. people of Ireland or of Irish extraction
n. whiskey made in Ireland chiefly from barley
n. the Celtic language of Ireland","n. 爱尔兰人, 爱尔兰语
a. 爱尔兰的",j:100,0,0,gk,1592,2930,irish
iron,iron,'aiәn,"n. a heavy ductile magnetic metallic element; is silver-white in pure form but readily rusts; used in construction and tools and armament; plays a role in the transport of oxygen by the blood
n. a golf club that has a relatively narrow metal head
n. implement used to brand live stock
n. home appliance consisting of a flat metal base that is heated and used to smooth cloth","n. 铁, 熨斗, 铁器, 坚强, 烙铁, 镣铐
vt. 烫平, 熨, 用铁包
vi. 烫平",v:9/n:91,3,1,zk gk cet4 cet6 ky,1877,2280,iron
irrigate,irrigate,'irigeit,"v. supply with a constant flow or sprinkling of some liquid, for the purpose of cooling, cleansing, or disinfecting","vt. 灌溉, 冲洗伤口, 使清新
vi. 灌溉",v:100,1,0,gk ky toefl gre,26536,16313,irrigate
irrigation,irrigation,.iri'geiʃәn,"n. supplying dry land with water by means of ditches etc
n. (medicine) cleaning a wound or body organ by flushing or washing out with water or a medicated solution","n. 灌溉, 冲洗
[医] 冲洗法, 灌溉",n:100,0,0,gk cet6 toefl ielts,12413,6974,irrigation
island,island,'ailәnd,"n. a land mass (smaller than a continent) that is surrounded by water
n. a zone or area resembling an island","n. 岛, 岛屿, 孤立地区, 安全岛
vt. 使成岛状, 孤立",n:100,4,1,zk gk cet4 cet6 ky ielts,982,1512,island
it,it,it,n the branch of engineering that deals with the use of computers and telecommunications to retrieve and store and transmit information,"pron. 它
[计] 信息论, 输入终端, 智能终端, 内捕获",p:100,5,1,zk gk,9,10,it
Italian,italian,i'tæljәn,"n. a native or inhabitant of Italy
n. the Romance language spoken in Italy
a. of or pertaining to or characteristic of Italy or its people or culture or language","n. 意大利人, 意大利语
a. 意大利的, 意大利语的",j:73/n:27,0,0,gk cet4 cet6,2201,2637,italian
Italy,italy,'itәli,n. a republic in southern Europe on the Italian Peninsula; was the core of the Roman Republic and the Roman Empire between the 4th century BC and the 5th century AD,n. 意大利,,0,0,gk ielts,1810,0,italy
its,its,its,n the branch of engineering that deals with the use of computers and telecommunications to retrieve and store and transmit information,pron. 它的,a:100,5,1,zk gk,58,78,its
itself,itself,it'self,"pron. The neuter reciprocal pronoun of It; as, the thing is
   good in itself; it stands by itself.","pron. 它本身, 它自己",p:100,5,1,zk gk,396,556,itself
jacket,jacket,'dʒækit,"n. a short coat
n. an outer wrapping or casing
n. the outer skin of a potato
n. the tough metal shell casing for certain kinds of ammunition","n. 夹克, 外套, 护套
vt. 给...穿夹克, 给...装护套",n:100,3,1,zk gk cet4 cet6 ky ielts,2400,2267,jacket
jam,jam,dʒæm,"n. preserve of crushed fruit
v. push down forcibly
v. crush or bruise
v. interfere with or prevent the reception of signals","n. 果酱, 拥塞之物, 堵塞, 困境
vt. 挤进, 使塞满, 混杂, 压碎, 使堵塞
vi. 堵塞, 轧住, 拥挤",v:48/n:52,2,1,gk cet4 cet6 ky ielts,5571,5470,jam
January,january,'dʒænjuәri,n. the first month of the year; begins 10 days after the winter solstice,n. 一月,,4,1,zk gk ielts,984,0,january
Japan,japan,dʒә'pæn,"n. a string of more than 3,000 islands to the east of Asia extending 1,300 miles between the Sea of Japan and the western Pacific Ocean
n. a constitutional monarchy occupying the Japanese Archipelago; a world leader in electronics and automobile manufacture and ship building
n. lacquerware decorated and varnished in the Japanese manner with a glossy durable black lacquer","n. 日本
[化] 天然漆; 大漆; 漆器",,0,0,zk gk,1471,0,japan
Japanese,japanese,.dʒæpә'ni:z,"n. a native or inhabitant of Japan
n. the language (usually considered to be Altaic) spoken by the Japanese
a. of or relating to or characteristic of Japan or its people or their culture or language","n. 日本人, 日语
a. 日本的, 日语的",j:74/n:26,0,0,zk gk ielts,1820,1718,japanese
jar,jar,dʒɑ:,"n. a vessel (usually cylindrical) with a wide mouth and without handles
n. the quantity contained in a jar
v. shock physically
v. affect in a disagreeable way","n. 广口瓶, 震动, 刺耳声
vi. 震惊, 冲突, 发刺耳声, 不一致
vt. 震动, 刺激",v:12/n:88,2,0,gk cet4 cet6 ky toefl gre,5688,4262,jar
jaw,jaw,dʒɒ:,"n. the part of the skull of a vertebrate that frames the mouth and holds the teeth
n. the bones of the skull that frame the mouth and serve to open it; the bones that hold the teeth
n. holding device consisting of one or both of the opposing parts of a tool that close to hold an object","n. 颚, 颌
v. 闲谈, 教训, 唠叨",v:2/n:98,2,0,gk cet4 cet6 ky toefl,3999,4087,jaw
jazz,jazz,dʒæz,"n. a genre of popular music that originated in New Orleans around 1900 and developed through increasingly complex styles
n. a style of dance music popular in the 1920s; similar to New Orleans jazz but played by large bands
v. play something in the style of jazz","n. 爵士乐, 喧闹
a. 爵士乐的, 喧吵的
vi. 演奏爵士乐, 跳爵士舞, 游荡
vt. 奏爵士乐, 使活泼",v:1/n:99,3,0,gk cet4 ky gre,5759,3848,jazz
jeans,jeans,dʒi:nz,"n (usually plural) close-fitting trousers of heavy denim for manual work or casual wear
n a coarse durable twill-weave cotton fabric","n. 工装裤, 牛仔裤",n:100,2,1,zk gk cet4 ky ielts,4826,3421,jeans
jeep,jeep,dʒi:p,n. a car suitable for traveling over rough terrain,"n. 吉普车
vi. 乘吉普车
vt. 用吉普车运",n:100,1,0,gk,8186,9569,jeep
jet,jet,dʒet,"n. an airplane powered by one or more jet engines
n. the occurrence of a sudden discharge (as of liquid)
n. a hard black form of lignite that takes a brilliant polish and is used in jewelry or ornamentation
n. atmospheric discharges (lasting 10 msec) bursting from the tops of giant storm clouds in blue cones that widen as they flash upward","n. 喷射流, 喷嘴, 煤玉
v. 射出, 迸出, 喷射
a. 黑而发亮的, 墨黑的",v:3/n:97,3,0,gk cet4 cet6 ky,3846,3144,jet
jewel,jewel,'dʒu:әl,"n. a precious or semiprecious stone incorporated into a piece of jewelry
n. a person who is as brilliant and precious as a piece of jewelry","n. 珠宝, 贵重物, 镶珠宝的饰物
vt. 饰以珠宝, 镶以宝石",n:100,2,0,gk cet4 cet6 ky toefl,6409,6074,jewel
jewelry,jewelry,'dʒu:әlri,n. an adornment (as a bracelet or ring or necklace) made of precious metals and set with gems (or imitation gems),"n. 珠宝, 珠宝类",n:100,0,0,gk ky toefl ielts,0,4187,jewelry
job,job,dʒɒb,"n. a specific piece of work required to be done as a duty or for a specific fee
n. a workplace; as in the expression ""on the job""; 
n. an object worked on; a result produced by working
n. the responsibility to do something","n. 工作, 零活, 职业, 事情
vi. 做零工, 打杂, 做股票经纪, 假公济私
vt. 代客买卖, 批发, 承包, 欺骗
[计] 作业",n:100,5,1,zk gk ielts,272,243,job
jog,jog,dʒɒg,"n. a sharp change in direction
n. a slow pace of running
v. run for exercise
v. give a slight push to","n. 轻推, 轻撞, 慢跑
v. 轻推, (使)蹒跚行进, (使)慢跑",n:18/v:82,1,0,gk cet6 ky toefl ielts gre,8826,8335,jog
join,join,dʒɒin,"v. become part of; become a member of a group or organization
v. cause to become joined or linked
v. come into the company of
v. make contact or come together","vi. 参加, 结合, 加入
vt. 连接, 结合, 参加, 加入
n. 连接, 结合, 接合点
[计] 连接; 汇合指令",n:1/v:99,5,1,zk gk toefl,578,505,join
joke,joke,dʒәuk,"n. a humorous anecdote or remark intended to provoke laughter
n. a triviality not to be taken seriously
v. tell a joke; speak humorously
v. act in a funny or teasing way","n. 笑话, 玩笑, 笑柄
v. 开玩笑, 取笑, 作弄",v:27/n:73,3,1,zk gk cet4 ky,2533,2246,joke
journalist,journalist,'dʒә:nәlist,n. a writer for newspapers and magazines,"n. 新闻记者, 从事新闻杂志业的人",n:100,4,1,gk cet4 cet6 ky toefl ielts,2607,2099,journalist
journey,journey,'dʒә:ni,n. the act of traveling from one place to another,"n. 旅程, 旅行, 行程
vi. 旅行
vt. 游历",v:7/n:93,3,1,gk cet4 cet6 ky,1662,2409,journey
joy,joy,dʒɒi,"n. the emotion of great happiness
n. something or someone that provides a source of happiness","n. 欢喜, 乐事, 高兴
vt. 使快乐, 令人高兴
vi. 欢喜",n:100,3,1,zk gk cet4 ky,2881,2816,joy
judge,judge,dʒʌdʒ,"n. a public official authorized to decide questions brought before a court of justice
v. determine the result of (a competition)
v. put on trial or hear a case and sit as the judge at the trial of","n. 法官, 裁判员, 审判官, 鉴定人
vt. 审理, 鉴定, 判断, 判决, 裁定
vi. 下判断, 作评价",v:37/n:63,4,1,gk cet4 cet6 ky,1362,1115,judge
judgement,judgement,'dʒʌdʒmәnt,"n the legal document stating the reasons for a judicial decision
n an opinion formed by judging something
n the cognitive process of reaching a decision or drawing conclusions
n the mental ability to understand and discriminate between relations
n the capacity to assess situations or circumstances shrewdly and to draw sound conclusions
n (law) the determination by a court of competent jurisdiction on matters submitted to it
n the act of judging or assessing a person or situation or event","n. 审判, 判决, 判断
[经] 判定, 审定, 鉴定",n:100,0,1,gk cet4 cet6 ky toefl,2486,14669,judgement
juice,juice,dʒu:s,"n. the liquid part that can be extracted from plant or animal tissue by squeezing or cooking
n. energetic vitality
n. electric current
n. any of several liquids of the body","n. 汁, 活力, 体液
vt. 挤出汁来, 加汁",n:100,3,1,zk gk toefl ielts,3724,2310,juice
juicy,juicy,'dʒusi,"a. full of juice
s. having strong sexual appeal","a. 多汁液的, 生动的, 多水分的",j:100,1,0,gk toefl,14477,8742,juicy
July,july,dʒu:'lai,n. the month following June and preceding August,n. 七月,,4,1,zk gk ielts,847,0,july
jump,jump,dʒʌmp,"n. a sudden and decisive increase
n. (film) an abrupt transition from one scene to another
n. descent with a parachute
n. the act of jumping; propelling yourself off the ground","n. 跳跃, 跳动, 暴涨, 惊跳
vt. 跳跃, 跃过, 突升, 使跳跃
vi. 跳跃, 跳, 跳动, 暴涨
[计] 转移, 跳转",n:18/v:82,4,1,zk gk,1784,1346,jump
June,june,dʒu:n,n. the month following May and preceding July,n. 六月,,4,1,zk gk ielts,691,0,june
jungle,jungle,'dʒʌŋgl,"n. a location marked by an intense competition and struggle for survival
n. an impenetrable equatorial forest","n. 丛林, 杂乱的一堆, 弱肉强食的地方",n:100,2,0,gk cet4 cet6 ky toefl ielts,5317,4507,jungle
junior,junior,'dʒu:njә,"n. term of address for a disrespectful and annoying male
n. a third-year undergraduate
n. the younger of two persons
n. a son who has the same first name as his father","n. 年少者, 地位较低者, 大学三年级学生
a. 年少的, 下级的, 后进的",j:90/n:10,3,1,gk cet4 cet6 ky ielts,2820,2451,junior
junk,junk,dʒʌŋk,n. any of various Chinese boats with a high poop and lugsails,"n. 垃圾, 乌七八糟的东西, 舢板
[计] 清除",v:3/j:2/n:95,2,0,gk cet6 ky ielts,7753,5130,junk
just,just,dʒʌst,"a. used especially of what is legally or ethically right or proper or fitting
r. only a moment ago
r. absolutely
r. exactly at this moment or the moment described;","a. 正直的, 合理的, 正确的, 应得的
adv. 刚刚, 正好, 仅仅",r:97/j:3,1,1,zk gk,72,66,just
justice,justice,'dʒʌstis,"n. the quality of being just or fair
n. judgment involved in the determination of rights and the assignment of rewards and punishments","n. 正义, 公平, 公正, 正确, 司法, 审判",n:100,4,1,gk cet4 cet6 ky toefl,1287,1481,justice
kangaroo,kangaroo,.kæŋgә'ru:,n. any of several herbivorous leaping marsupials of Australia and New Guinea having large powerful hind legs and a long thick tail,"n. 袋鼠
[医] 袋鼠(澳洲产)",n:100,1,0,gk ielts gre,15573,15706,kangaroo
keep,keep,ki:p,"n. the main tower within the walls of a medieval castle or fortress
v. keep in a certain state, position, or activity; e.g., ""keep clean""
v. retain possession of
v. look after; be the keeper of; have charge of","n. 生计, 维持, 保持
vt. 保持, 保存, 遵守, 看守, 整理, 维持, 履行, 经营, 拘留, 记帐
vi. 保持, 继续不断",n:1/v:99,5,1,zk gk ielts,171,156,keep
keeper,keeper,'ki:pә,n. someone in charge of other people,"n. 监护人, 管理人, 看守人
[机] 保管人, 看守人, 保持片",n:100,2,0,gk cet4 cet6,4146,7388,keeper
kettle,kettle,'ketl,"n. a metal pot for stewing or boiling; usually has a lid
n. the quantity a kettle will hold
n. a large hemispherical brass or copper percussion instrument with a drumhead that can be tuned by adjusting the tension on it","n. 茶壶, 罐
[化] 釜体釜; 锅",n:100,1,0,gk cet4 cet6 ky toefl,5784,10726,kettle
key,key,ki:,"n. metal device shaped in such a way that when it is inserted into the appropriate lock the lock's mechanism can be rotated
n. something crucial for explaining
n. pitch of the voice
n. any of 24 major or minor diatonic scales that provide the tonal framework for a piece of music","n. 钥匙, 键, 解答, 关键, 要害, 基调, 线索, 答案, 暗礁
vt. 调音, 锁上, 提供线索
vi. 使用钥匙
[计] 键, 密钥",j:57/v:3/n:40,4,1,zk gk ielts,1267,1093,key
keyboard,keyboard,'ki:bɒ:d,"n. device consisting of a set of keys on a piano or organ or typewriter or typesetting machine or computer or the like
n. holder consisting of an arrangement of hooks on which keys or locks can be hung","n. 键盘
[计] 键盘",v:1/n:99,2,1,zk gk cet4 cet6 ky toefl,5374,5541,keyboard
kick,kick,kik,"n. the act of delivering a blow with the foot
n. the sudden stimulation provided by strong drink (or certain drugs)
n. a rhythmic thrusting movement of the legs as in swimming or calisthenics
v. drive or propel with the foot","n. 踢, 反冲, 后座力, 凹底
vi. 踢, 反抗, 反冲
vt. 踢, 反冲",n:19/v:81,4,1,zk gk cet4 cet6 ky,2403,1815,kick
kid,kid,kid,"n. soft smooth leather from the hide of a young goat
n. young goat
v. be silly or tease one another","n. 小山羊, 小山羊肉, 小孩, 欺骗
a. 小山羊皮制的
v. 哄骗, 嘲弄",v:4/n:96,4,1,zk gk cet4 ky,1572,312,kid
kill,kill,kil,"n. the destruction of an enemy plane or ship or tank or missile
v. cause to die; put to death, usually intentionally or knowingly
v. thwart the passage of
v. be fatal","n. 杀, 杀戮, 小河
vt. 杀, 破坏, 消灭, 使终止, 抵消, 否决
vi. 杀死
[计] 删除",n:2/v:98,5,1,zk gk cet4 ky,635,425,kill
kilo,kilo,'kilәu,n one thousand grams; the basic unit of mass adopted under the Systeme International d'Unites,"n. 千
[计] 千",,1,0,zk gk ky,11522,0,kilo
kilogram,kilogram,'kilәgræm,n. one thousand grams; the basic unit of mass adopted under the Systeme International d'Unites,"n. 千克, 公斤
[医] 千克, 公斤",,1,1,zk gk cet4,15873,0,kilogram
kind,kind,kaind,"n. a category of things distinguished by some common characteristic or quality
a. having or showing a tender and considerate and helpful nature; used especially of persons and their behavior
s. agreeable, conducive to comfort
s. tolerant and forgiving under provocation","n. 种类, 性质, 方式
a. 亲切的, 仁慈的, 和蔼的",r:15/j:3/n:82,2,1,zk gk,337,250,kind
kindergarten,kindergarten,'kindә.gɑ:tn,n. a preschool for children age 4 to 6 to prepare them for primary school,n. 幼稚园,n:100,1,0,gk ky ielts,20561,6121,kindergarten
kindness,kindness,'kaindnis,"n. the quality of being warmhearted and considerate and humane and sympathetic
n. a kind act","n. 仁慈, 亲切, 和蔼",n:100,1,1,gk cet4 cet6 ky,7000,7682,kindness
king,king,kiŋ,"n. a male sovereign; ruler of a kingdom
n. a competitor who holds a preeminent position
n. preeminence in a particular category or group or field
n. United States woman tennis player (born in 1943)","n. 国王, 君主
vt. 使...成为君主
vi. 君临, 统治",n:100,4,1,zk gk cet4 ky ielts,612,2080,king
kingdom,kingdom,'kiŋdәm,"n. a domain in which something is dominant
n. a country with a king as head of state
n. the domain ruled by a king or queen
n. a monarchy with a king or queen as head of state","n. 王国, 领域
[医] 界(动物,植物,矿物)",n:100,2,0,gk cet4 cet6 ky toefl,2070,4487,kingdom
kiss,kiss,kis,"n. the act of caressing with the lips (or an instance thereof)
n. a cookie made of egg whites and sugar
n. any of several bite-sized candies
n. a light glancing touch","n. 吻
vt. 吻
vi. 接吻",n:31/v:69,3,1,zk gk cet4 ky,2408,2302,kiss
kitchen,kitchen,'kitʃin,n. a room equipped for preparing meals,"n. 厨房, 全套炊具
[医] 厨房",n:100,4,1,zk gk toefl ielts,1124,1051,kitchen
kite,kite,kait,"n. a bank check that has been fraudulently altered to increase its face value
n. a bank check drawn on insufficient funds at another bank in order to take advantage of the float
n. plaything consisting of a light frame covered with tissue paper; flown in wind at end of a string
n. any of several small graceful hawks of the family Accipitridae having long pointed wings and feeding on insects and small animals","n. 风筝, 筝帆, 空头支票, 骗子
vi. 象风筝一样飞, 轻快地移动, 使用空头支票
vt. 使上升, 骗钱",n:100,1,0,zk gk cet4 cet6 ky,5870,9509,kite
knee,knee,ni:,"n. hinge joint in the human leg connecting the tibia and fibula with the femur and protected in front by the patella
n. the part of a trouser leg that provides the cloth covering for the knee","n. 膝, 膝盖
vt. 膝行, 用膝盖碰",n:100,3,1,zk gk cet4 cet6 ky,1979,1488,knee
knife,knife,naif,"n. edge tool used as a cutting instrument; has a pointed blade with a sharp edge and a handle
n. a weapon with a handle and blade with a sharp point
v. use a knife on","n. 小刀, 匕首
vt. 切割, 伤害, 切, 戳
vi. 劈开, 穿过",v:2/n:98,3,1,zk gk ielts,2471,2240,knife
knock,knock,nɒk,"n. the sound of knocking (as on a door or in an engine or bearing)
n. negative criticism
n. a vigorous blow
n. a bad experience","n. 敲, 敲打, 敲门
v. 敲击, 互撞, 攻击",n:17/v:83,3,1,zk gk,1958,2087,knock
know,know,nәu,"n. the fact of being aware of information that is known to few people
v. be cognizant or aware of a fact or a specific piece of information; possess knowledge or information about
v. know how to do or perform something
v. be aware of the truth of something; have a belief or faith in something; regard as true beyond any doubt","v. 知道, 了解, 认识, 确信",n:1/v:99,3,1,zk gk,49,47,know
knowledge,knowledge,'nɒlidʒ,n the psychological result of perception and learning and reasoning,"n. 知识, 学问, 认识, 知道",n:100,4,1,zk gk cet4 cet6 ky ielts,689,839,knowledge
lab,lab,læb,n. a workplace for the conduct of scientific research,"n. 实验室, 研究室
[医] 凝乳酶",n:100,2,0,zk gk cet4 cet6 ky ielts,4848,2089,lab
labour,labour,'leibә,"n a social class comprising those who do manual labor or work for wages
n concluding state of pregnancy; from the onset of contractions to the birth of a child
n a political party formed in Great Britain in 1900; characterized by the promotion of labor's interests and formerly the socialization of key industries
n productive work (especially physical work done for wages)
v work hard
v strive and make an effort to reach a goal
v undergo the efforts of childbirth","n. 劳动, 努力, 工作, 劳工, 分娩
vi. 劳动, 努力, 苦干
vt. 详细分析, 使厌烦",j:100,5,1,zk gk cet4 cet6,724,16348,labour
labourer,labourer,'leibәrә,n someone who works with their hands; someone engaged in manual labor,"n. 劳动者, 干体力工作的工人, 劳工
[机] 劳动者",n:100,1,0,gk,5556,32892,labourer
lack,lack,læk,n. the state of needing something that is absent or unavailable,"n. 缺乏, 无, 不足
vt. 缺乏, 短少, 不足, 需要
vi. 缺乏",v:37/n:63,4,1,gk cet4 ky ielts,1103,1229,lack
ladder,ladder,'lædә,"n. steps consisting of two parallel members connected by rungs; for climbing up or down
n. ascending stages by which somebody or something can progress
v. come unraveled or undone as if by snagging","n. 梯, 梯状物, 发迹的途径
vi. 袜子抽丝, 成名",n:100,2,0,gk cet4 cet6 ky,4136,4505,ladder
lady,lady,'leidi,"n. a polite name for any woman
n. a woman of the peerage in Britain","n. 淑女, 夫人, 女士, 贵妇",n:100,4,1,zk gk cet4 ky,774,1517,lady
lake,lake,leik,"n. a body of (usually fresh) water surrounded by land
n. a purplish red pigment prepared from lac or cochineal
n. any of numerous bright translucent organic pigments","n. 湖, 池, 色淀
v. (使)血球溶解",n:100,3,1,zk gk ielts,1812,1950,lake
lamb,lamb,læm,"n. young sheep
n. English essayist (1775-1834)
n. a person easily deceived or cheated (especially in financial matters)
n. a sweet innocent mild-mannered person (especially a child)","n. 小羊, 羔羊
v. 产羊羔",n:100,2,0,zk gk cet4 cet6 ky ielts,4170,5590,lamb
lame,lame,leim,n. a fabric interwoven with threads of metal,"a. 跛足的, 僵痛的, 不完全的, 金属薄板, 不知内情的人
vi. 变跛
vt. 使成残废, 使无用",j:92/v:8,1,0,gk cet4 cet6 ky ielts,11787,9982,lame
lamp,lamp,læmp,"n. an artificial source of visible illumination
n. a piece of furniture holding one or more electric light bulbs","n. 灯
vt. 照亮
[计] 逻辑模拟分析系统",n:100,2,1,zk gk cet4 cet6 ky toefl ielts,3340,3936,lamp
land,land,lænd,"n. the land on which real estate is located
n. material in the top layer of the surface of the earth in which plants can grow (especially with reference to its quality or use)
n. the solid part of the earth's surface
n. United States inventor who incorporated Polaroid film into lenses and invented the one step photographic process (1909-1991)","n. 陆地, 地面, 地界, 地产, 国土, 土地
vi. 登陆, 登岸, 到达
vt. 使上岸, 使登陆, 使到达
[计] 连接盘; 焊盘",v:20/n:80,5,1,zk gk toefl ielts,472,566,land
language,language,'læŋgwidʒ,"n. a systematic means of communicating by the use of sounds or conventional symbols
n. the mental faculty or power of vocal communication","n. 语言, 文字, 措辞
[计] 语言",n:100,4,1,zk gk ielts,436,722,language
lantern,lantern,'læntәn,n. light in a transparent protective case,"n. 灯笼, 提灯, 航标灯
vt. 装上提灯",n:100,1,0,gk cet4 cet6 ky,10101,8338,lantern
lap,lap,læp,"n. the upper side of the thighs of a seated person
n. an area of control or responsibility
n. the part of a piece of clothing that covers the thighs
n. a flap that lies over another part","n. 膝盖, 舔, 一圈, 下摆, 衣兜, 山坳
vi. 重叠, 围住, 轻拍, 舔
vt. 包围, 抱...在膝上, 使重叠, 舔, 拍打, 泼溅
[计] 链接访问程序",v:9/n:91,3,0,gk cet4 cet6 ky ielts gre,4140,3359,lap
large,large,lɑ:dʒ,"n. a garment size for a large person
a. above average in size or number or quantity or magnitude or extent
s. fairly large or important in effect; influential
s. having broad power and range and scope","a. 大的, 大量的, 宽大的, 广博的
adv. 大大地, 夸大地",r:3/j:97,5,1,zk gk,181,220,large
laser,laser,'leizә,n. an acronym for light amplification by stimulated emission of radiation; an optical device that produces an intense monochromatic beam of coherent light,"n. 激光
[计] 激光器",n:100,2,0,gk cet4 cet6 ky toefl ielts,4841,3896,laser
last,last,lɑ:st,"n. the last or lowest in an ordering or series
n. a person's dying act; the final thing a person can do
n. a unit of weight equal to 4,000 pounds
n. a unit of capacity for grain equal to 80 bushels","a. 最后的, 末尾的, 最近的
vi. 持续, 支持, 维持
vt. 使维持, 够...用
adv. 最后, 后来
n. 最后, 末尾, 鞋楦头",n:1/r:2/m:90/j:1/v:6,2,1,gk,119,130,last
late,late,leit,"a. being or occurring at an advanced period of time or after a usual or expected time
s. of the immediate past or just previous to the present time
s. having died recently
a. of a later stage in the development of a language or literature; used especially of dead languages","a. 迟的, 晚的, 已故的
adv. 很晚, 很迟, 晚",r:19/j:81,5,1,zk gk,298,437,late
lately,lately,'leitli,r in the recent past,"adv. 近来, 最近",r:100,2,0,gk cet4 cet6 ky toefl,6088,4028,lately
later,later,'leitә,"s. coming at a subsequent time or stage
r. comparative of the adverb `late'","adv. 以后, 随后",r:88/j:12,5,1,gk cet4 cet6 ky,279,295,later
latest,latest,'leitist,"n. the most recent news or development
s. in the current fashion or style",a. 最近的,,4,1,gk ielts,0,0,latest
latter,latter,'lætә,"n. the second of two or the second mentioned of two
a. referring to the second of two things or persons mentioned (or the last one or ones of several)","a. 后者的, 较后的, 近来的",d:100,3,1,gk cet4 cet6 ky toefl,1251,2725,latter
laugh,laugh,lɑ:f,"n. the sound of laughing
n. a facial expression characteristic of a person laughing
v. produce laughter","n. 笑, 笑声
vi. 笑, 大笑
vt. 以笑表示",n:15/v:85,5,1,zk gk,1021,861,laugh
laughter,laughter,'lɑ:ftә,n. the activity of laughing; the manifestation of joy or mirth or scorn,"n. 笑, 笑声
[医] 笑, 大笑",n:100,3,0,gk cet4 cet6 ky,3321,3397,laughter
laundry,laundry,'lɒ:ndri,"n. garments or white goods that can be cleaned by laundering
n. workplace where clothes are washed and ironed","n. 洗衣店, 洗好的衣服, 洗涤
[机] 洗衣作, 洗衣店, 洗衣房",n:100,1,0,gk cet4 cet6 ky toefl ielts,7707,4940,laundry
lavatory,lavatory,'lævәtәri,"n a room or building equipped with one or more toilets
n a bathroom sink that is permanently installed and connected to a water supply and drainpipe; where you can wash your hands and face
n a toilet that is cleaned of waste by the flow of water through it","n. 洗脸盆, 厕所",n:100,1,0,gk cet4 cet6 ky,7030,19680,lavatory
law,law,lɒ:,"n. the collection of rules imposed by authority
n. legal document setting forth rules governing a particular kind of activity
n. a rule or body of rules of conduct inherent in human nature and essential to or binding upon human society
n. a generalization that describes recurring facts or events in nature","n. 法律, 法则, 定律, 法律的制约, 法学, 司法界, 诉讼
v. 起诉",n:100,5,1,zk gk cet4 cet6 ky ielts,278,287,law
lawyer,lawyer,'lɒ:jә,n. a professional person authorized to practice law; conducts lawsuits or gives legal advice,"n. 律师
[经] 律师",n:100,4,1,gk cet4 cet6 ky ielts,1962,816,lawyer
lay,lay,lei,"v. put in a horizontal position
v. prepare or position for action or operation
v. lay eggs
v. impose as a duty, burden, or punishment","vt. 放置, 产, 铺设, 布置, 提出, 平息
vi. 下蛋, 打赌
n. 位置, 层, 隐藏处
a. 世俗的, 外行的
lie的过去式",j:5/v:95,4,1,zk gk cet4 cet6 ky toefl ielts,958,803,lay
lazy,lazy,'leizi,s. moving slowly and gently,"a. 懒惰的, 怠惰的, 缓慢的
vi. 懒散",j:100,2,1,zk gk cet4 ky,6453,6238,lazy
lead,lead,li:d. led,"n. an advantage held by a competitor in a race
n. a soft heavy toxic malleable metallic element; bluish white when freshly cut but tarnishes readily to dull grey
n. evidence pointing to a possible solution
n. a position of leadership (especially in the phrase `take the lead')","n. 铅, 铅条, 领导, 超前量, 领引, 榜样, 主角, 导线
vt. 引导, 带领, 领导, 指挥, 致使, 加铅于, 用铅包
vi. 领导, 带头, 导致, 用测深锤测深, 被铅覆盖
a. 带头的, 最重要的",n:16/v:84,2,1,zk gk cet4 ky toefl,263,318,lead
leader,leader,'li:dә,n. a person who rules or guides or inspires others,"n. 领导者, 社论, 指挥, 领袖, 领唱者, 前导字符
[计] 前导字符",n:100,5,1,zk gk cet4 cet6,604,463,leader
leading,leading,'li:diŋ,"s. indicating the most important performer or role
s. greatest in importance or degree or significance or achievement
a. going or proceeding or going in advance; showing the way","n. 领导, 指挥, 神示, 铅板
a. 领导的, 主要的, 在前的",j:100,4,1,gk cet4 cet6 ky toefl,1551,2188,leading
leaf,leaf,li:f,"n. the main organ of photosynthesis and transpiration in higher plants
n. a sheet of any written or printed material (especially in a manuscript or book)
n. hinged or detachable flat section (as of a table or door)
v. turn over pages","n. 叶, 树叶, 花瓣, 页
vi. 生叶, 翻书页
vt. 在...上长叶, 翻...的页",v:3/n:97,3,1,zk gk cet4 cet6 ky,1823,1559,leaf
league,league,li:g,"n. an association of sports teams that organizes matches for its members
n. an association of states or organizations or individuals for common action
n. an obsolete unit of distance of variable length (usually 3 miles)
v. unite to form a league","n. 同盟, 联盟, 盟约
v. 组联盟, (使)加盟",n:100,4,1,gk toefl,1181,1951,league
leak,leak,li:k,"n. an accidental hole that allows something (fluid or light etc.) to enter or escape
n. soft watery rot in fruits and vegetables caused by fungi
n. a euphemism for urination
n. unauthorized (especially deliberate) disclosure of confidential information","n. 漏洞, 漏处, 漏出, 泄漏
vi. 漏, 泄漏
vt. 使渗漏",n:46/v:54,3,0,gk cet4 cet6 ky toefl ielts gre,5948,5165,leak
learn,learn,lә:n,"v. gain knowledge or skills
v. get to know or become aware of, usually accidentally
v. be a student of a certain subject",vt. 学习；认识到；得知,v:100,5,1,zk gk ielts,520,304,learn
learned,learned,'lә:nid,"v gain knowledge or skills
v get to know or become aware of, usually accidentally
v commit to memory; learn by heart
v be a student of a certain subject
v impart skills or knowledge to
v find out, learn, or determine with certainty, usually by making an inquiry or other effort
s having or showing profound knowledge
s highly educated; having extensive information or understanding
a established by conditioning or learning","a. 有学问的, 学术上的
learn的过去式和过去分词",j:100,1,0,gk cet4 cet6 ky,6667,10842,learned
least,least,li:st,"n. something that is of no importance
a. the superlative of `little' that can be used with mass nouns and is usually preceded by `the'; a quantifier meaning smallest in amount or extent or degree
r. used to form the superlative","n. 最少, 最小, 最小限度
a. 最少的, 最小的
adv. 最小, 最少",r:96/d:4,5,1,zk gk cet4 cet6 ky ielts,2012,302,least
leather,leather,'leðә,"n. an animal skin made smooth and flexible by removing the hair and then tanning
v. whip with a leather strap","n. 皮革, 皮制品, 马镫的皮带
vt. 覆以皮革, 鞭苔, 抽打
a. 皮革的, 皮制的",n:100,3,1,gk cet4 cet6 ky toefl,2976,2943,leather
leave,leave,li:v,"n. the period of time during which you are absent from work or duty
n. permission to do something
v. go away from a place
v. go and leave behind, either intentionally or by neglect or forgetfulness","n. 许可, 告别, 请假, 休假
vt. 离开, 剩下, 遗忘, 委托, 丢弃
vi. 出发, 离开, 生叶",n:3/v:97,5,1,zk gk ielts,127,150,leave
lecture,lecture,'lektʃә,"n. a speech that is open to the public
n. a lengthy rebuke
n. teaching by giving a discourse on some subject (typically to a class)
v. deliver a lecture or talk","n. 演讲, 谴责, 讲稿
vt. 演讲, 训诫, 说教
vi. 讲演",v:22/n:78,3,1,gk cet4 cet6 ky ielts,2588,3526,lecture
left,left,left,"n. location near or direction toward the left side; i.e. the side to the north when a person or object faces east
n. those who support varying degrees of social or political or economic change designed to promote the public welfare
n. the hand that is on the left side of the body
n. a turn toward the side of the body that is on the north when the person is facing east","a. 左边的, 左倾的, 左侧的, 左派的
adv. 在左面
n. 左, 左面, 左派
leave的过去式和过去分词",r:3/j:89/n:8,3,1,zk gk,1045,771,left
leftover,leftover,'leftәuvә,"n. a small part or portion that remains after the main part no longer exists
s. not used up","n. 剩货, 残留物, 剩饭
a. 残余的",j:58/n:42,1,0,gk,22683,9769,leftover
leg,leg,leg,"n. a human limb; commonly used to refer to a whole limb but technically only the part of the limb between the knee and ankle
n. a structure in animals that is similar to a human leg and used for locomotion
n. one of the supports for a piece of furniture
n. the limb of an animal used for food","n. 腿, 假腿, 路程
vi. 走, 跑",n:100,4,1,zk gk,851,856,leg
legal,legal,'li:gәl,"a. established by or founded upon law or official or accepted rules
a. of or relating to jurisprudence
s. having legal efficacy or force
a. relating to or characteristic of the profession of law","a. 法律的, 法定的, 合法的
[经] 法定权利; 法律(上)的, 合法的",j:100,4,1,gk cet4 cet6 ky toefl ielts,764,883,legal
lemon,lemon,'lemәn,"n. yellow oval fruit with juicy acidic flesh
n. a small evergreen tree that originated in Asia but is widely cultivated for its fruit
n. a distinctive tart flavor characteristic of lemons
n. an artifact (especially an automobile) that is defective or unsatisfactory","n. 柠檬, 柠檬树, 柠檬色
[医] 柠檬",n:100,2,1,gk cet4 ky ielts,4583,3179,lemon
lemonade,lemonade,.lemә'neid,n. sweetened beverage of diluted lemon juice,"n. 柠檬水
[医] 柠檬水",n:100,1,0,zk gk,15571,11562,lemonade
lend,lend,lend,"v. bestow a quality on
v. give temporarily; let have for a limited time
v. have certain characteristics of qualities for something; be open or vulnerable to","vt. 借, 贷款给, 增添, 提供, 出租
vi. 贷款",v:100,3,1,zk gk,2740,3548,lend
length,length,leŋθ,"n. the linear extent in space from one end to the other; the longest dimension of something that is fixed in place
n. the property of being the extent of something from beginning to end
n. a section of something that is long and narrow","n. 长度, 长, 期间, 一段
[计] 记录长度; 块长; 字长",n:100,4,1,gk cet4 cet6 ky ielts,1174,1855,length
less,less,les,"a. (comparative of `little' usually used with mass nouns) a quantifier meaning not as great in amount or degree
s. (usually preceded by `no') lower in quality
s. (nonstandard in some uses but often idiomatic with measure phrases) fewer
r. used to form the comparative of some adjectives and adverbs","n. 较少, 较小
a. 少的, 小的
adv. 较少, 较小, 较差
[计] 最低成本估算与调度法",r:57/d:43,5,1,gk cet4 ky,379,477,less
lesson,lesson,'lesn,"n. a unit of instruction
n. a task assigned for individual study","n. 课, 课业, 教训",n:100,3,1,zk gk,1953,1325,lesson
let,let,let,"n. a serve that strikes the net before falling into the receiver's court; the ball must be served again
v. make it possible through a specific action or lack of action for something to happen
v. actively cause something to happen
v. leave unchanged","vt. 让, 假设, 出租, 排放, 妨碍
vi. 出租, 被承包
n. 出租屋, 障碍",n:1/v:99,5,1,zk gk ielts,320,159,let
letter,letter,'letә,"n. a written message addressed to a person or organization
n. the conventional characters of the alphabet used to represent speech
n. owner who lets another person use something (housing usually) for hire
n. a strictly literal interpretation (as distinct from the intention)","n. 信, 字母, 证书, 字面意义, 铅字, 学问, 出租人
vt. 写字母于, 在...上刻字母, 用字母标明
vi. 写印刷体字
[计] 字母",v:1/n:99,5,1,zk gk ielts,454,628,letter
level,level,'levl,"n. height above ground
n. indicator that establishes the horizontal when a bubble is centered in a tube of liquid
n. an abstract place usually conceived as having depth
v. aim at","n. 水平, 水准, 平地
a. 同高的, 平坦的, 齐平的, 水平的
vt. 弄平, 夷平, 使同等, 瞄准, 对准
vi. 变平, 拉平
[计] 级别",j:4/v:4/n:92,5,1,zk gk cet4 cet6 ky ielts,241,338,level
liberate,liberate,'libәreit,v. grant freedom to,"vt. 解放, 释放, 使自由
[机] 释出, 放出",v:100,3,0,gk cet4 cet6 ky toefl gre,8543,7492,liberate
liberation,liberation,.libә'reiʃәn,"n. the act of liberating someone or something
n. the attempt to achieve equal rights or status","n. 释放, 解放
[化] 发出; 释放; 放出",n:100,0,0,gk cet4 cet6,3880,6230,liberation
liberty,liberty,'libәli,"n. freedom of choice
n. personal freedom from servitude or confinement or oppression","n. 自由, 特权, 许可, 冒失
[法] 自由, 自由权, 自由区域",n:100,3,0,gk cet4 cet6 ky toefl gre,3629,3835,liberty
librarian,librarian,lai'brєәriәn,n. a professional person trained in library science and engaged in library services,"n. 图书馆员, 图书管理员
[计] 程序库管理程序; 程序库生成程序",n:100,1,0,gk cet4 cet6 ky toefl,4647,7502,librarian
library,library,'laibrәri,"n. a room where books are kept
n. a collection of literary documents or records kept for reference or borrowing
n. a depository built to contain books and other materials for reading and study
n. (computing) a collection of standard programs and subroutines that are stored and available for immediate use","n. 图书馆, 藏书, 库
[计] 库",n:100,3,1,zk gk ielts,967,2129,library
license,license,'laisns,"n. a legal document giving official permission to do something
n. freedom to deviate deliberately from normally applicable rules or practices (especially in behavior or speech)
n. excessive freedom; lack of due restraint
n. the act of giving a formal (usually written) authorization","n. 执照, 许可证, 特许
vt. 许可, 特许",v:26/n:74,2,1,zk gk cet4 cet6 ky gre,6660,2872,license
lid,lid,lid,"n. a movable top or cover (hinged or separate) for closing the opening at the top of a box, chest, jar, pan, etc.","n. 盖子, 限制, 眼睑
vt. 给...盖盖子",n:100,2,1,gk cet4 cet6 ky,4537,4658,lid
lie,lie,lai,"n. a statement that deviates from or perverts the truth
n. Norwegian diplomat who was the first Secretary General of the United Nations (1896-1968)
n. position or manner in which something is situated
v. be located or situated somewhere; occupy a certain position","n. 谎言, 假象, 位置
vi. 躺着, 说谎, 位于, 展现, 存在, 停泊
vt. 谎骗",n:18/v:82,3,1,zk gk,483,751,lie
life,life,laif,"n. a characteristic state or mode of living
n. the experience of being alive; the course of human events and activities
n. the course of existence of an individual; the actions and events that occur in living
n. the period during which something is functional (as between birth and death)","n. 生活, 生命, 人生, 世事, 生物, 寿命, 一生, 生命力, 灵魂, 无期徒刑
[医] 生活, 生存, 生命, 寿命",n:100,5,1,zk gk,128,114,life
lifetime,lifetime,'laiftaim,n the period during which something is functional (as between birth and death),"n. 一生, 终生
a. 一生的, 终生的",n:100,2,0,gk cet4 cet6 ky,3623,2767,lifetime
lift,lift,lift,"n. the act of giving temporary assistance
n. a wave that lifts the surface of the water or ground
n. a device worn in a shoe or boot to make the wearer look taller or to correct a shortened leg
n. one of the layers forming the heel of a shoe or boot","n. 举起, 帮助, 昂扬, 电梯
vt. 升高, 提高, 鼓舞, 清偿, 空运, 举起, 剽窃
vi. 升起, 消散, 耸立",n:15/v:85,4,1,zk gk cet4 ky toefl ielts,1345,1343,lift
light,light,lait,"n. (physics) electromagnetic radiation that can produce a visual sensation
n. any device serving as a source of illumination
n. a particular perspective or aspect of a situation
n. an illuminated area","n. 光, 光亮, 灯, 日光, 发光体, 光源, 杰出人物, 火花, 眼光
a. 轻的, 少量的, 轻微的, 轻快的, 轻浮的, 明亮的, 淡色的, 容易的
vt. 点燃, 照亮
vi. 点着, 变亮, 突降, 偶然碰到
adv. 轻地",i:3/r:3/j:21/v:10/n:63,3,1,zk gk ielts,529,464,light
lightning,lightning,'laitniŋ,"n. abrupt electric discharge from cloud to cloud or from cloud to earth accompanied by the emission of light
n. the flash of light that accompanies an electric discharge in the atmosphere (or something resembling such a flash); can scintillate for a second or more","n. 闪电
vi. 闪电
a. 闪电的",n:100,2,0,gk cet4 cet6 ky,6393,4562,lightning
like,like,laik,"n. a similar kind
n. a kind of person
v. find enjoyable or agreeable
v. be fond of","a. 相似的, 同样的
vt. 喜欢, 愿意, 想
vi. 喜欢, 希望
n. 爱好, 同样的人(或物)
prep. 象, 如同
adv. 可能",c:4/i:68/j:2/n:2/r:2/v:22,5,1,zk gk,88,74,like
likely,likely,'laikli,"a. has a good chance of being the case or of coming about
s. expected to become or be; in prospect
s. within the realm of credibility","a. 有可能的, 合适的, 前途有望的
adv. 或许, 可能",r:16/j:84,5,1,gk cet4 cet6 ky,422,624,likely
limit,limit,'limit,"n. the greatest possible degree of something
n. as far as something can go
n. the boundary of a specific area
n. the mathematical value toward which a function goes as the independent variable approaches infinity","n. 界限, 边界, 限度, 极限, 限制
vt. 限制, 限定",n:43/v:57,4,1,gk cet4 cet6 ky,1439,1348,limit
line,line,lain,"n. a formation of people or things one beside another
n. a mark that is long relative to its width
n. a formation of people or things one behind another
n. a length (straight or curved) without breadth or thickness; the trace of a moving point","n. 列, 线, 绳, 电线, 线路, 路线, 航线, 作业线, 界线, 战线, 外形, 排, 家系
vt. 排成一行, 顺...排列, 划线于, 加衬里, 使有线条, 使起皱纹
vi. 排队
[计] 线路",v:9/n:91,5,1,zk gk cet4 cet6 ky ielts,277,276,line
link,link,liŋk,"n. the means of connection between things linked in series
n. a fastener that serves to join or connect
n. a unit of length equal to 1/100 of a chain
n. (computing) an instruction that connects one part of a program or an element on a list to another program or list","n. 环, 连结物, 链接, 火把
vt. 连结, 联合, 挽住
vi. 连接起来
[计] 连接, 链路",n:43/v:57,4,1,gk cet4 cet6 ky ielts,1277,1730,link
lion,lion,'laiәn,"n. large gregarious predatory feline of Africa and India having a tawny coat with a shaggy mane in the male
n. a celebrity who is lionized (much sought after)","n. 狮子, 狮子(星)座, 国际狮子会会员",n:100,2,0,zk gk cet4 cet6 ky,3397,4305,lion
lip,lip,lip,"n. either of two fleshy folds of tissue that surround the mouth and play a role in speaking
n. (botany) either of the two parts of a bilabiate corolla or calyx
n. either the outer margin or the inner margin of the aperture of a gastropod's shell","n. 唇, 口缘, 唇状构造
vt. 以嘴唇碰, 轻轻说出
a. 口头上的
[计] 大型互连网信息包",n:100,3,1,gk cet4 cet6 ky toefl,1452,1582,lip
liquid,liquid,'likwid,"n. a substance that is liquid at room temperature and pressure
n. the state in which a substance exhibits a characteristic readiness to flow with little or no tendency to disperse and relatively high incompressibility
n. fluid matter having no fixed shape but a fixed volume
n. a frictionless continuant that is not a nasal consonant (especially `l' and `r')","n. 液体, 流体, 流音
a. 液体的, 透明的, 明亮的, 流动的, 易变的",j:47/n:53,2,1,gk cet4 cet6 ky toefl gre,4339,4360,liquid
list,list,list,"n. a database containing an ordered array of items (names or topics)
v. give or make a list of; name individually; give the names of
v. include in a list
v. cause to lean to the side","n. 目录, 名单, 明细表, 布条, 条纹, 列表, 序列, 数据清单
vt. 列出, 列于表上, 记入名单内, 装布条
vi. 列于表上
[计] 列表, 序列, 数据清单",v:26/n:74,5,1,zk gk cet4 cet6 ky ielts gre,716,761,list
listen,listen,'lisn,"v. hear with intention
v. listen and pay attention","vi. 听, 倾听, 听从
n. 听, 倾听",n:1/v:99,4,1,zk gk,850,609,listen
literary,literary,'litәrәri,"a. of or relating to or characteristic of literature
s. knowledgeable about literature
s. appropriate to literature rather than everyday speech or writing","a. 文学的, 文艺的, 精通文学的
[法] 文学的, 从事文学的, 从事写作的",j:100,3,0,gk cet4 cet6 ky toefl,2512,2700,literary
literature,literature,'litәrәtʃә,"n. creative writing of recognized artistic value
n. the humanistic study of a body of literature
n. published writings in a particular style on a particular subject
n. the profession or art of a writer","n. 文学, 文艺, 著作
[经] 广告, 商品介绍等文学",n:100,3,1,gk cet4 cet6 ky ielts,1766,1549,literature
litre,litre,li:tә(r),"n a metric unit of capacity, formerly defined as the volume of one kilogram of pure water under standard conditions; now equal to 1,000 cubic centimeters (or approximately 1.75 pints)","n. 升, 公升
[计] 升",,2,1,gk ky,5726,0,litre
litter,litter,'litә,"n. the offspring at one birth of a multiparous mammal
n. rubbish carelessly dropped or left about (especially in public places)
n. conveyance consisting of a chair or bed carried on two poles by bearers
v. strew","n. 垃圾, 杂乱, 轿, 担架
vt. 乱丢, 铺草, 弄乱
vi. 产仔, 乱丢垃圾",v:49/n:51,2,0,zk gk cet6 ky toefl ielts gre,6500,8093,litter
little,little,'litl,"n. a small amount or duration
a. (quantifier used with mass nouns) small in quantity or degree; not much or almost none or (with `a') at least some
s. (of children and animals) young, immature
s. (of a voice) faint","n. 一点点, 少许, 一会儿, 短时间
a. 小的, 很少的, 幼小的, 琐碎的, 短暂的, 矮小的
adv. 很少, 稍微, 完全不",r:31/j:52/d:17,5,1,zk gk,291,256,little
live,live,liv.laiv,"v. lead a certain kind of life; live in a certain style
v. pursue a positive and satisfying existence
a. actually being performed at the time of hearing or viewing
a. exerting force or containing energy","a. 活的, 生动的, 精力充沛的, 实况转播的
vi. 活, 生存, 居住
vt. 过着, 度过, 经历
adv. 实况地",r:2/j:8/v:90,3,1,zk gk ielts,267,210,live
lively,lively,'laivli,"a. full of life and energy
s. full of zest or vigor
s. filled with events or activity","a. 活泼的, 鲜明的, 生动的",j:100,2,1,zk gk cet4 cet6 ky toefl,4135,5775,lively
living,living,'liviŋ,"n. people who are still living
a. pertaining to living persons
s. true to life; lifelike
s. (informal) absolute","n. 生活, 生计, 生存
a. 活的, 逼真的, 现存的",j:37/n:63,3,1,gk cet4 cet6 ky,1950,1329,living
load,load,lәud,"n. weight to be borne or conveyed
n. a quantity that can be processed or transported at one time
n. an amount of alcohol sufficient to intoxicate
n. the power output of a generator or power plant","n. 负荷, 担子, 重担, 装载量, 负载, 工作量, 加载
vt. 装载, 装填, 使担负
vi. 装货, 上客, 装料
[计] 加载, 装入程序",v:50/n:50,3,1,gk cet4 cet6 ky toefl,2212,2901,load
loaf,loaf,lәuf,n. a quantity of food (other than bread) formed in a particular shape,"n. 一条面包, 块, 游荡
v. 游手好闲, 虚度光阴",v:7/n:93,1,0,gk cet4 cet6 ky ielts gre,7776,6892,loaf
local,local,'lәukәl,"n. public transport consisting of a bus or train that stops at all stations or stops
a. relating to or applicable to or concerned with the administration of a city or town or district rather than a larger area
a. of or belonging to or characteristic of a particular locality or neighborhood
a. affecting only a restricted part or area of the body","a. 地方性的, 当地的, 局部的, 乡土的, 本地的
n. 当地居民, 本地新闻, 局部
[计] 本地的; 局部",j:96/n:4,5,1,gk cet4 cet6 ky ielts,191,423,local
lock,lock,lɒk,"n. a fastener fitted to a door or drawer to keep it firmly closed
n. a strand or cluster of hair
n. a mechanism that detonates the charge of a gun
n. enclosure consisting of a section of canal that can be closed to control the water level; used to raise or lower vessels that pass through it","n. 锁, 刹车, 水闸, 一缕头发
vt. 锁, 锁上, 拘禁, 隐藏, (用锁等)拴住, 刹住
vi. 锁住, (齿轮等)啮合, (船)过闸",n:33/v:67,3,1,zk gk cet4 ky ielts,2332,2221,lock
locust,locust,'lәukәst,"n. migratory grasshoppers of warm regions having short antennae
n. hardwood from any of various locust trees","n. 蝗虫, 蚱蜢, 蝉",n:100,1,0,gk cet6 gre,21741,15256,locust
London,london,'lʌndәn,"n. the capital and largest city of England; located on the Thames in southeastern England; financial and industrial and cultural center
n. United States writer of novels based on experiences in the Klondike gold rush (1876-1916)",n. 伦敦,,0,0,zk gk ielts,248,0,london
lonely,lonely,'lәunli,"s. marked by dejection from being alone
s. devoid of creatures","a. 孤单的, 孤寂的, 荒凉的",j:100,3,1,zk gk cet4 cet6 ky,3842,4002,lonely
long,long,lɒŋ,"a. primarily temporal sense; being or indicating a relatively great or greater than average duration or passage of time or a duration as specified
a. primarily spatial sense; of relatively great or greater than average spatial extension or extension as specified
s. of relatively great height
a. holding securities or commodities in expectation of a rise in prices","a. 长的, 长久的, 冗长的, 做多头的
vi. 渴望, 热望, 极想
adv. 长久, 始终
n. 长时间, 长信号, 长整型
[计] 长, 长整型",r:45/j:47/c:6/v:2,2,1,zk gk toefl,217,254,long
look,look,luk,"n. the act of directing the eyes toward something and perceiving it visually
n. physical appearance
v. perceive with attention; direct one's gaze towards
v. give a certain impression or have a certain outward aspect","n. 一看, 神色, 样子, 面容
vi. 看, 注意, 朝着, 显得
vt. 打量, 看上去与...一样, 以眼色(或脸色)显示, 期待",n:12/v:88,5,1,zk gk,82,85,look
loose,loose,lu:s,"a. not compact or dense in structure or arrangement
s. (of a ball in sport) not in the possession or control of any player
a. not tight; not closely constrained or constricted or constricting
s. not tense or taut","n. 发射, 放任, 放纵
a. 宽松的, 松的, 宽的, 不牢固的, 散漫的, 自由的, 不精确的
vt. 释放, 放枪, 开船
vi. 变松, 开火
adv. 松散地",r:8/j:84/v:8,3,1,gk cet4 cet6 ky toefl,2925,2851,loose
lorry,lorry,'lɒri,"n. a large low horse-drawn wagon without sides
n. a large truck designed to carry heavy loads; usually without sides","n. 卡车, 货车
[化] 载重汽车",n:100,2,1,gk cet4 cet6 ky,3524,24926,lorry
lose,lose,lu:z,"v. fail to keep or to maintain; cease to have, either physically or in an abstract sense
v. fail to win
v. suffer the loss of a person through death or removal
v. miss from one's possessions; lose sight of","vt. 遗失, 损失, 丢失, 使失去, 错过, 浪费, 迷失, 使迷路, 输去, 使沉溺于
vi. 受损失, 失败",v:100,5,1,zk gk cet4 cet6 ky,329,283,lose
loss,loss,lɒs,"n. something that is lost
n. gradual decline in amount or activity
n. the act of losing someone or something
n. the disadvantage that results from losing something","n. 损失, 遗失, 失败, 输, 错过, 伤亡
[化] 损失; 损耗",n:100,4,1,gk cet4 cet6 ky ielts,649,788,loss
lot,lot,lɒt,"n. a parcel of land having fixed boundaries
n. (Old Testament) nephew of Abraham; God destroyed Sodom and Gomorrah but chose to spare Lot and his family who were told to flee without looking back at the destruction
v. divide into lots, as of land, for example","n. 运气, 签, 抽签, 份额, 许多, 一堆
vt. 划分
vi. 抽签, 抓阄",r:17/n:83,5,0,zk gk gre,374,238,lot
loud,loud,laud,a. characterized by or producing sound of great volume or intensity,"a. 大声的, 不断的, 喧吵的
adv. 高声地, 大声地",r:43/j:57,3,1,zk gk cet4 ky,3207,3094,loud
loudly,loudly,'laudli,r. with relatively high volume,"adv. 高声地, 大声地, 吵闹地",r:100,0,1,gk,5440,5687,loudly
loudspeaker,loudspeaker,'laud'spi:kә,n. electro-acoustic transducer that converts electrical signals into sounds loud enough to be heard at a distance,"n. 扩音器, 喇叭
[电] 扬声器",n:100,1,0,gk cet4 cet6 ky,14516,12875,loudspeaker
lounge,lounge,laundʒ,"n. a room (as in a hotel or airport) with seating where people can wait
v. sit or recline comfortably","n. 闲逛, 休闲室, 长沙发
vi. 闲混, (懒洋洋地)躺
vt. 闲混",v:23/n:77,2,0,gk cet6 ky ielts gre,4410,5990,lounge
love,love,lʌv,"n. a strong positive emotion of regard and affection
n. any object of warm affection or devotion; 
n. a deep feeling of sexual desire and attraction
n. a score of zero in tennis or squash","n. 爱, 恋爱, 爱情, 爱好, 性爱
vt. 爱, 爱好, 爱慕
vi. 爱",n:40/v:60,5,1,zk gk,670,390,love
lovely,lovely,'lʌvli,s. appealing to the emotions as well as the eye,"a. 可爱的, 有趣的",j:99/n:1,3,1,zk gk,1496,3284,lovely
low,low,lәu,"n. an air mass of lower pressure; often brings precipitation
n. British political cartoonist (born in New Zealand) who created the character Colonel Blimp (1891-1963)
n. a low level or position or degree
a. less than normal in degree or intensity or amount","n. 低点, 低价, 低, 牛叫声
a. 低的, 消沉的, 低等的, 浅的, 卑贱的
adv. 低下地, 谦卑地, 低
vi. 牛叫",r:4/j:93/v:1/n:2,5,1,zk gk gre,318,360,low
luck,luck,lʌk,"n. an unknown and unpredictable phenomenon that causes an event to result one way rather than another
n. an unknown and unpredictable phenomenon that leads to a favorable outcome","n. 运气, 幸运, 好运, 侥幸
vi. 靠好运成功",n:100,3,1,zk gk cet4 ky ielts,2598,2384,luck
lucky,lucky,'lʌki,"s. occurring by chance
a. having or bringing good fortune","a. 幸运的, 吉祥的, 好运的, 侥幸的",j:100,3,1,zk gk cet4 ky,2137,2126,lucky
luggage,luggage,'lʌgidʒ,n cases used to carry belongings when traveling,"n. 行李, 皮箱",n:100,1,1,gk cet4 cet6 ky,7156,7333,luggage
lunch,lunch,lʌntʃ,"n. a midday meal
v. take the midday meal
v. provide a midday meal for",n. 午餐,v:2/n:98,4,1,zk gk ielts,1615,1586,lunch
lung,lung,lʌŋ,n. either of two saclike respiratory organs in the chest of vertebrates; serves to remove carbon dioxide and provide oxygen to the blood,"n. 肺, 肺脏, 空地
[医] 肺",n:100,2,1,gk cet4 cet6 ky toefl,3808,3247,lung
machine,machine,mә'ʃi:n,"n. any mechanical or electrical device that transmits or modifies energy to perform or assist in the performance of human tasks
n. an efficient person
n. an intricate organization that accomplishes its goals efficiently
n. a device for overcoming resistance at one point by applying force at some other point","n. 机器, 机械装置, 机构, 自动售货机, 机械般工作的人
vt. 以机器制造",v:5/n:95,4,1,zk gk ielts,761,1022,machine
mad,mad,mæd,"s roused to anger
s affected with madness or insanity
s marked by uncontrolled excitement or emotion
s very foolish","a. 疯狂的, 发疯的, 生气的, 愚蠢的, 狂欢的
n. 狂怒",j:100,3,1,zk gk cet4 cet6 ky,2592,2572,mad
magazine,magazine,.mægә'zi:n,"n. a periodic publication containing pictures and stories and articles of interest to those who purchase it or subscribe to it
n. product consisting of a paperback periodic publication as a physical object
n. a business firm that publishes magazines
n. a light-tight supply chamber holding the film and supplying it for exposure as required","n. 杂志, 仓库, 弹盒, 胶卷盒
[计] 卡片箱, 介质装卸程序",n:100,4,1,zk gk cet4 cet6 ky ielts,1479,1001,magazine
magic,magic,'mædʒik,n. any art that invokes supernatural powers,"n. 魔术, 魔法
a. 魔术的, 有魔力的, 不可思议的",j:53/n:47,3,1,zk gk cet4 cet6 ky toefl ielts,3949,3411,magic
maid,maid,meid,"n. a female domestic
n. an unmarried girl (especially a virgin)","n. 少女, 未婚女子, 女仆",n:100,2,0,gk cet4 cet6 ky ielts,5166,6044,maid
mail,mail,meil,"n. the bags of letters and packages that are transported by the postal service
n. the system whereby messages are transmitted via the post office
n. a conveyance that transports the letters and packages that are conveyed by the postal system
n. any particular collection of letters or packages that is delivered","n. 邮件, 邮政, 邮递, 盔甲
vt. 邮寄, 给...穿盔甲
[计] 邮件",v:22/n:78,3,1,zk gk ielts,2485,2508,mail
mailbox,mailbox,'meilbɒks,n. a private box for delivery of mail,"n. 邮筒, 邮箱
[计] 邮箱, 电子邮箱",n:100,1,0,gk,35234,9004,mailbox
main,main,mein,"n. any very large body of (salt) water
n. a principal pipe in a system that distributes water or gas or electricity or that collects sewage
s. of force; of the greatest possible intensity","n. 主要部分, 干线, 体力, 力量, 主群组
a. 主要的, 重要的, 全力的
[计] 主群组",r:1/j:98/n:1,5,1,zk gk cet4 cet6 ky ielts,376,888,main
mainland,mainland,'meinlәnd,n. the main land mass of a country or continent; as distinguished from an island or peninsula,"n. 大陆, 本土
[法] 大陆",n:100,0,0,gk cet4 cet6 ky,5381,6208,mainland
major,major,'meidʒә,"n. a commissioned military officer in the United States Army or Air Force or Marines; below lieutenant colonel and above captain
n. British statesman who was prime minister from 1990 until 1997 (born in 1943)
n. a university student who is studying a particular field as the principal subject
n. the principal field of study of a student at a university","n. 主修课, 成年人, 陆军少校
a. 主要的, 较多的, 大部分的, 成年的, 严重的
vi. 主修
[计] 主要, 主要刻度",j:92/v:2/n:6,5,1,gk cet4 cet6 ky toefl ielts,392,444,major
majority,majority,mә'dʒɒriti,"n. the property resulting from being or relating to the greater in number of two parts; the main part
n. (elections) more than half of the votes
n. the age at which persons are considered competent to manage their own affairs","n. 多数, 大半
[计] 多数逻辑",n:100,4,1,gk cet4 cet6 ky toefl ielts,989,1085,majority
make,make,meik,"v. engage in
v. give certain properties to something
v. make or cause to be or to become
v. compel or make somebody or something to act in a certain way","vt. 制造, 安排, 创造, 构成, 使得, 产生, 造成, 整理, 布置, 引起, 到达, 进行
vi. 开始, 前进, 增大, 被制造, 被处理
n. 制造, 构造, 性情",n:1/v:99,3,1,zk gk ielts,43,45,make
male,male,meil,"n. an animal that produces gametes (spermatozoa) that can fertilize female gametes (ova)
n. a person who belongs to the sex that cannot have babies
n. the capital of Maldives in the center of the islands
a. being the sex (of plant or animal) that produces gametes (spermatozoa) that perform the fertilizing function in generation","n. 男人, 雄性动物
a. 男性的, 雄性的, 有力的",j:52/n:48,4,1,gk cet4 ky ielts,1126,1530,male
man,man,mæn,"n. an adult person who is male (as opposed to a woman)
n. the generic use of the word to refer to any human being
n. a male subordinate
n. an adult male person who has a manly character (virile and courageous competent)","n. 男人, 人类, 人
vt. 为...配备人手, 操纵, 使振奋
[计] 城域网, 手册",v:1/n:99,5,1,zk gk,91,94,man
manage,manage,'mænidʒ,"v. be in charge of, act on, or dispose of","vi. 处理
vt. 管理, 控制, 维持, 达成, 经营, 运用",v:100,4,1,zk gk cet4 cet6 ky,752,945,manage
manager,manager,'mænidʒә,"n someone who controls resources and expenditures
n (sports) someone in charge of training an athlete or a team","n. 经理, 管理员, 管理器
[计] 管理器",n:100,4,1,zk gk ielts,508,877,manager
mankind,mankind,mæn'kaind,n all of the living human inhabitants of the earth,"n. 人类, 男性",n:100,1,0,gk cet4 cet6 ky,6480,7282,mankind
manner,manner,'mænә,"n. how something is done or how it happens
n. a way of acting or behaving
n. a kind","n. 样子, 礼貌, 风格
[法] 方式, 方法, 样式",n:100,3,1,gk cet4 cet6 ky,1366,1818,manner
many,many,'meni,a. a quantifier that can be used with count nouns and is often preceded by `as' or `too' or `so' or `that'; amounting to a large but indefinite number,"n. 多数, 多数人
a. 许多的
pron. 许多",d:100,5,1,zk gk,98,99,many
map,map,mæp,"n. a diagrammatic representation of the earth's surface (or part of it)
v. make a map of; show or establish the features of details of
v. explore or survey for the purpose of making a map
v. locate within a specific region of a chromosome in relation to known DNA or gene sequences","n. 地图, 天体图, 映像
vt. 映射, 绘制...地图, 计划
[计] 实用程序, 映射, 制造自动化协议",v:13/n:87,3,1,zk gk toefl ielts,1681,1542,map
maple,maple,'meipl,"n. wood of any of various maple trees; especially the hard close-grained wood of the sugar maple; used especially for furniture and flooring
n. any of numerous trees or shrubs of the genus Acer bearing winged seeds in pairs; north temperate zone","n. 枫, 枫木, 淡棕色
[机] 枫木",n:100,1,0,gk cet6 gre,10494,5571,maple
marathon,marathon,'mærәθәn,"n. any long and arduous undertaking
n. a footrace of 26 miles 385 yards
n. a battle in 490 BC in which the Athenians and their allies defeated the Persians","n. 马拉松, 耐力的考验",n:100,2,0,gk cet6,7224,6448,marathon
marble,marble,'mɑ:bl,"n. a hard crystalline metamorphic rock that takes a high polish; used for sculpture and as building material
n. a small ball of glass that is used in various games
n. a sculpture carved from marble
v. paint or stain like marble","n. 大理石, 石弹, 雕刻品
a. 大理石的, 冷酷无情的, 有大理石花纹的",n:100,2,0,gk cet4 cet6 ky toefl ielts gre,4199,4819,marble
march,march,mɑ:tʃ,"n. the month following February and preceding April
n. the act of marching; walking with regular steps (especially in a procession of some kind)
n. a steady advance
n. a procession of people walking together","n. 三月, 进行, 行军, 步伐, 长途跋涉, 进行曲, 边界
vi. 进军, 前进, 交界
vt. 使行军, 使行进",n:37/v:63,3,1,zk gk toefl ielts,695,3483,march
mark,mark,mɑ:k,"n. a number or letter indicating quality (especially of a student's performance)
n. a visible indication made on a surface
n. the impression created by doing something unusual or extraordinary that people notice and remember
n. a symbol of disgrace or infamy","n. 标志, 分数, 马克, 痕迹, 斑点, 靶子, 刻度, 记号, 符号, 戳记, 标准, 起跑线
vt. 做标记于, 留意, 打分数, 表明, 标志, 记录
vi. 作记号, 记得分
[计] 标志; 标记; 传号",n:43/v:57,4,1,zk gk cet4 ky,1255,1683,mark
market,market,'mɑ:kit,"n. the world of commercial activity where goods and services are bought and sold
n. the customers for a particular product or service
n. the securities markets in the aggregate
v. engage in the commercial promotion, sale, or distribution of","n. 市场, 交易, 集市, 推销地区, 行情, 市面, 销路
vt. 在市场上交易, 使上市, 销售
vi. 在市场上买卖",v:11/n:89,5,1,zk gk ielts,253,402,market
marriage,marriage,'mæridʒ,"n. the state of being a married couple voluntarily joined for life (or until divorce)
n. two people who are married to each other
n. the act of marrying; the nuptial ceremony
n. a close and intimate union","n. 婚姻, 结婚, 婚礼, 合并
[医] 婚姻, 结婚",n:100,4,1,zk gk cet4 cet6 ky,1154,1011,marriage
married,married,'mærid,"n. a person who is married
a. joined in matrimony","a. 已婚的, 婚姻的
[法] 结了婚的, 有配偶的, 夫妇的",j:100,3,1,gk cet4 cet6 ky,1742,1610,married
marry,marry,'mæri,"v. take in marriage
v. perform a marriage ceremony","vt. 与...结婚, 娶, 嫁
vi. 结婚",v:100,4,1,zk gk cet4 ky,1217,1333,marry
mask,mask,mæsk,"n. a covering to disguise or conceal the face
n. activity that tries to conceal something
n. a protective covering worn over the face
v. put a mask on or cover with a mask","n. 面具, 假面具, 掩饰, 石膏面模
vt. 戴面具, 掩饰, 使模糊
vi. 化装, 戴面具, 掩饰, 参加化装舞会
[计] 屏蔽; 掩码",v:16/n:84,3,0,gk cet4 cet6 ky toefl ielts gre,4312,2893,mask
mass,mass,mæs,"n. the property of a body that causes it to have weight in a gravitational field
n. an ill-structured collection of similar things (objects or people)
n. (Roman Catholic Church and Protestant Churches) the celebration of the Eucharist
n. a body of matter without definite shape","n. 块, 大多数, 质量, 大量, 群众, 弥撒
a. 群众的, 大规模的, 整个的
vt. 使集合, 集中
vi. 聚集",j:46/v:2/n:52,4,1,gk cet4 cet6 ky toefl ielts,1857,1989,mass
master,master,'mɑ:stә. 'mæstә,"n. directs the work of others
n. an original creation (i.e., an audio recording) from which copies can be made
n. an officer who is licensed to command a merchant ship
n. someone who holds a master's degree from academic institution","n. 主人, 硕士, 大师, 母机
a. 主人的, 主要的
vt. 征服, 控制, 精通",v:20/n:80,4,1,zk gk cet4 cet6 ky ielts,1224,1883,master
mat,mat,mæt,"n. a thick flat pad used as a floor covering
n. mounting consisting of a border or background for a picture
n. sports equipment consisting of a piece of thick padding on the floor for gymnastic sports
n. a mass that is densely tangled or interwoven","n. 垫, 丛, 衬边
a. 粗糙的, 无光泽的
vi. 纠缠在一起
vt. 铺席于...上, 使无光泽, 使缠结",v:10/j:2/n:88,1,0,gk cet4 cet6 ky,6419,5639,mat
match,match,mætʃ,"n. lighter consisting of a thin piece of wood or cardboard tipped with combustible chemical; ignites with friction
n. a formal contest in which two or more persons or teams compete
n. a burning piece of wood or cardboard
n. an exact duplicate","n. 比赛, 火柴, 对手
vt. 使相配, 使比赛, 与...竞争
vi. 结婚, 相配
[计] 比较",n:41/v:59,5,1,zk gk toefl ielts,1097,1972,match
material,material,mә'tiәriәl,"n. the tangible substance that goes into the makeup of a physical object
n. information (data or ideas or observations) that can be used or reworked into a finished form
n. things needed for doing or making something
n. a person judged suitable for admission or employment","n. 材料, 物资, 素材, 布料, 资料
a. 物质的, 肉体的, 重要的",j:2/n:98,4,1,gk cet4 cet6 ky ielts,499,641,material
matter,matter,'mætә,"n. a vaguely specified concern
n. that which has mass and occupies space
n. a problem
n. (used with negation) having consequence","n. 事件, 物质, 原因, 素材, 实体, 重要
vi. 有关系",v:20/d:8/n:72,5,1,gk,370,528,matter
mature,mature,mә'tjuә,"v. develop and reach maturity; undergo maturation
v. develop and work out fully in one's mind
v. become due for repayment
a. characteristic of maturity","a. 成熟的, 到期的, 充分考虑的
vt. 使成熟
vi. 成熟, 到期",j:59/v:41,2,0,gk cet4 cet6 ky toefl ielts gre,4122,5133,mature
maximum,maximum,'mæksimәn,"n. the largest possible quantity
n. the point on a curve where the tangent changes from positive on the left to negative on the right","n. 极点, 最大量, 极大
a. 最高的, 最大的, 最大极限的
[计] 最大值",j:68/n:32,3,1,gk cet4 cet6 ky toefl ielts,2427,3603,maximum
may,may,mei,n. the month following April and preceding June,"n. 五月
aux. 愿能, 可以, 愿意",v:100,4,1,zk gk ielts,83,119,may
maybe,maybe,'meibi:,r by chance,"adv. 也许, 大概
n. 可能性",r:100,4,1,zk gk,955,383,maybe
me,me,mi:,n a state in New England,pron. 我,p:100,5,1,zk gk,15312,61,me
meal,meal,mi:l,"n. the food served and eaten at one time
n. any of the occasions for eating food that occur by custom or habit at more or less fixed times
n. coarsely ground foodstuff; especially seeds of various cereal grasses or pulse","n. 一餐, 膳食, 粗粉
vi. 进餐",n:100,3,1,zk gk ielts,1415,1710,meal
mean,mean,mi:n,"n. an average of n numbers computed by adding some function of the numbers and dividing by some function of n
v. mean or intend to express or convey
v. denote or connote
v. have a specified degree of importance","a. 低劣的, 卑贱的, 简陋的, 吝啬的, 惭愧的, 平均的, 中间的, 普通的
vt. 意谓, 想要, 意欲, 预定
vi. 用意, 有意义
n. 平均数, 中间, 中庸",n:9/j:8/v:83,2,1,zk gk toefl ielts gre,121,154,mean
meaning,meaning,'mi:niŋ,"n. the message that is intended or expressed or signified
n. the idea that is intended
s. rich in significance or implication","n. 意义, 含义, 目的, 意图
a. 意味深长的",n:100,3,1,zk gk,1226,1608,meaning
means,means,mi:nz,"n. how a result is obtained or an end is achieved
n. an instrumentality for accomplishing some end
n. considerable capital (wealth or income)","n. 方法, 手段, 工具, 财产, 收入
[经] 方法, 手段, 工具; 意谓",,4,1,gk cet4 cet6 ky toefl ielts,1033,0,means
meanwhile,meanwhile,'mi:nhwail,"r. at the same time but in another place
r. during the intervening time","n. 其时, 其间
adv. 同时, 于此时",r:100,4,1,gk cet4 cet6 ky,1886,1847,meanwhile
measure,measure,'meʒә,"n. any maneuver made as part of progress toward a goal
n. how much there is or how many there are of something that you can quantify
n. musical notation for a repeating pattern of musical beats
n. a container of some standard capacity that is used to obtain fixed amounts of a substance","n. 尺寸, 量度器, 量度标准, 测量, 量具, 程度, 范围, 限度, 分寸, 措施, 方法
vt. 测量, 测度, 估量, 权衡, 调节, 拿(自己或自己的力量等)作较量
vi. 度量",v:40/n:60,4,1,gk cet4 cet6 ky ielts,889,941,measure
meat,meat,mi:t,n. the flesh of animals (including fishes and birds and snails) used as food,"n. 肉, 餐, 食物
[经] 肉类",n:100,3,1,zk gk ielts,2283,1788,meat
medal,medal,'medl,n an award for winning a championship or commemorating some other event,"n. 奖牌, 勋章
vt. 授勋予",n:100,3,0,gk cet4 cet6 ky ielts gre,4212,3451,medal
media,media,'mi:diә,"n a means or instrumentality for storing or communicating information
n the surrounding environment
n an intervening substance through which signals can travel as a means for communication
n (bacteriology) a nutrient substance (solid or liquid) that is used to cultivate micro-organisms
n a liquid with which pigment is mixed by a painter
n (biology) a substance in which specimens are preserved or displayed
n an intervening substance through which something is achieved
n a state that is intermediate between extremes; a middle position
n someone who serves as an intermediary between the living and the dead
n (usually plural) transmissions that are disseminated widely to the public
n an occupation for which you are especially well suited","n. 媒体
[计] 媒质",n:100,4,1,gk cet4 cet6 toefl ielts,0,757,media
medical,medical,'medikl,"a. relating to the study or practice of medicine
a. requiring or amenable to treatment by medicine especially as opposed to surgery","n. 医生, 体格检查
a. 医学的, 内科的, 药的",j:99/n:1,4,1,zk gk cet4 cet6 ky ielts,1068,646,medical
medicine,medicine,'medisin,"n. the branches of medical science that deal with nonsurgical techniques
n. (medicine) something that treats or prevents or alleviates the symptoms of disease
n. the learned profession that is mastered by graduate training in a medical school and that is devoted to preventing or alleviating or curing diseases and injuries","n. 药, 医学, 内科
vt. 给...用药",n:100,3,1,zk gk toefl ielts,2476,1473,medicine
medium,medium,'mi:diәm,"n. a means or instrumentality for storing or communicating information
n. the surrounding environment
n. an intervening substance through which signals can travel as a means for communication
n. a liquid with which pigment is mixed by a painter","n. 媒体, 方法, 媒介
a. 半生熟的, 中间的
[计] 媒体, 中",j:48/n:52,3,1,gk cet4 cet6 ky toefl ielts gre,951,3241,medium
meet,meet,mi:t,"n. a meeting at which a number of athletic contests are held
v. come together
v. get together socially or for a specific purpose
v. fill or meet a want or need","n. 会, 集会
a. 适宜的, 合适的
vt. 遇见, 引见, 认识, 满足, 对付
vi. 相遇, 接触",n:1/v:99,5,1,zk gk gre,259,288,meet
meeting,meeting,'mi:tiŋ,"n. a formally arranged gathering
n. a small informal social gathering
n. a casual or unexpected convergence
n. the social act of assembling for some common purpose","n. 会议, 会面
[法] 会议, 会谈, 集会",n:100,5,1,zk gk ielts,457,772,meeting
melon,melon,'melәn,"n. any of numerous fruits of the gourd family having a hard rind and sweet juicy flesh
n. any of various fruit of cucurbitaceous vines including: muskmelons; watermelons; cantaloupes; cucumbers","n. 瓜, 甜瓜, 红利, 赃物
[化] 三聚二氰亚胺",n:100,1,0,gk cet4 cet6 ky gre,12740,9886,melon
member,member,'membә,"n. one of the persons who compose a social group (especially individuals who have joined and participate in a group organization)
n. anything that belongs to a set or class
n. an organization that is a member of another organization (especially a state that belongs to a group of nations)","n. 成员, 会员
[医] │肢, 肢体",n:100,5,1,zk gk,182,285,member
memorial,memorial,mi'mɒ:riәl,"n. a recognition of meritorious service
n. a written statement of facts submitted in conjunction with a petition to an authority
n. a structure erected to commemorate persons or events","n. 纪念物, 请愿书
a. 记念的, 记忆的",n:100,2,0,gk cet4 cet6 ky toefl gre,3986,4564,memorial
memorize,memorize,'memәraiz,v. commit to memory; learn by heart,"vt. 记住, 熟记, 背熟",v:100,1,0,gk toefl,21017,8276,memorize
memory,memory,'memәri,"n. something that is remembered
n. the cognitive processes whereby past experience is remembered
n. the power of retaining and recalling past experience
n. an electronic memory device","n. 记忆, 记忆力, 回忆, 纪念, 存储
n. 内存
[计] 存储器, 内存, 查看内存实用程序",n:100,4,1,zk gk cet4 cet6 ky toefl,979,891,memory
mend,mend,mend,"n. sewing that repairs a worn or torn hole (especially in a garment)
v. heal or recover","n. 改进, 修补, 好转
vt. 修改, 改进, 加快, 修理
vi. 好转, 改善",n:15/v:85,1,0,zk gk toefl gre,7566,10849,mend
mental,mental,'mentl,"a. involving the mind or an intellectual process
a. of or relating to the mind
a. of or relating to the chin- or liplike structure in insects and certain mollusks
s. affected by a disorder of the mind","a. 心智的, 精神病的, 心理的, 颏的
n. 精神病患者",j:100,3,1,gk cet4 cet6 ky toefl ielts,1620,1584,mental
mentally,mentally,'mentli,r. in your mind,"adv. 心理上, 精神上, 智力上
[法] 精神上, 智力上",r:100,0,1,gk,3531,4365,mentally
mention,mention,'menʃәn,"n. a remark that calls attention to something or someone
n. an official recognition of merit
v. make reference to
v. commend","n. 提到, 言及, 陈述
vt. 提到, 提及",n:12/v:88,4,1,zk gk toefl,902,971,mention
menu,menu,'menju:,"n. a list of dishes available at a restaurant
n. the dishes making up a meal
n. (computer science) a list of options available to a computer user
n. an agenda of things to do","n. 菜单, (功能)选择单
[计] 菜单",n:100,2,1,zk gk toefl,3553,3086,menu
merchant,merchant,'mә:tʃәnt,n. a businessperson engaged in retail trade,"n. 商人, 店主
a. 商业的, 商人的",n:100,3,0,gk cet4 cet6 ky toefl,2755,4126,merchant
merciful,merciful,'mә:siful,"a. showing or giving mercy
s. (used conventionally of royalty and high nobility) gracious","a. 仁慈的, 慈悲的",j:100,0,0,gk cet6 toefl,19546,17622,merciful
mercy,mercy,'mә:si,"n. something for which to be thankful
n. alleviation of distress; showing great kindness toward the distressed","n. 仁慈, 宽恕, 慈悲, 怜悯, 幸运
[法] 权宜处置权, 决定权, 宽恕",n:100,2,0,gk cet4 cet6 ky ielts,4991,5244,mercy
merely,merely,'miәli,r. and nothing more,adv. 只,r:100,3,1,gk cet4 cet6 ky,1273,1988,merely
merry,merry,'meri,"s full of or showing high-spirited merriment
s offering fun and gaiety
s quick and energetic","a. 快乐的, 愉快的, 嬉戏作乐的",j:100,2,0,gk cet4 cet6 ky,7649,7420,merry
mess,mess,mes,"n. a state of confusion and disorderliness
n. soft semiliquid food
n. a meal eaten in a mess hall by service personnel
n. a (large) military dining room where service personnel eat or relax","n. 食堂, 伙食, 用膳, 一份食品, 混乱, 乱七八糟, 困境
vt. 将...弄糟, 妨碍, 使紊乱, 使就餐
vi. 陷入困境, 搞乱, 用膳",v:32/n:68,3,1,gk cet4 cet6 ky ielts,3437,3381,mess
message,message,'mesidʒ,"n. a communication (usually brief) that is written or spoken or signaled
n. what a communication that is about something is about
v. send a message to
v. send as a message","n. 消息, 通讯, 讯息, 教训, 预言, 广告词
vt. 通知
vi. 通报, 报告, 报信
[计] 报文; 消息; 信息",v:1/n:99,4,1,zk gk cet4 cet6 ky,1120,807,message
messy,messy,'mesi,s. dirty and disorderly,"a. 散乱的, 污秽的, 麻烦的",j:100,1,0,gk toefl,9558,6651,messy
metal,metal,'metәl,v. cover with metal,"n. 金属, 金属制品, 合金, 本质, 质料
a. 金属制的
vt. 以金属覆盖",n:100,3,1,zk gk cet4 cet6 ky ielts,1668,1574,metal
method,method,'meθәd,"n. a way of doing something, especially a systematic way; implies an orderly logical arrangement (usually in steps)","n. 方法, 办法, 条理, 秩序
[医] [方]法",n:100,4,1,zk gk cet4 cet6 ky ielts,561,998,method
metre,metre,'mi:tә,"n the basic unit of length adopted under the Systeme International d'Unites (approximately 1.094 yards)
n (prosody) the accent in a metrical foot of verse
n rhythm as given by division into parts of equal duration","n. 公尺, 格律, 韵律
[医] 米, 公尺",,3,1,zk gk cet4 cet6 ky,2099,0,metre
Mexican,mexican,'meksikәn,"n. a native or inhabitant of Mexico
a. of or relating to Mexico or its inhabitants","n. 墨西哥人, 墨西哥语
a. 墨西哥的",j:85/n:15,0,0,gk,7301,2248,mexican
Mexico,mexico,'meksikәu,n. a republic in southern North America; became independent from Spain in 1810,n. 墨西哥,,0,0,gk,4177,0,mexico
microcomputer,microcomputer,.maikrәu'kɒmpjutә,n a small digital computer based on a microprocessor and designed to be used by one person at a time,"n. 微电脑, 微机
[计] 微型计算机; 微计算机",n:100,0,0,gk cet4 cet6,7479,22510,microcomputer
microscope,microscope,'maikrәuskәup,n. magnifier of the image of small objects,"n. 显微镜
[化] 显微镜",n:100,1,0,gk cet4 cet6 ky toefl gre,7274,8309,microscope
microwave,microwave,'maikrәuweiv,"n. a short electromagnetic wave (longer than infrared but shorter than radio waves); used for radar and microwave ovens and for transmitting telephone, facsimile, video and data
n. kitchen appliance that cooks food by passing an electromagnetic wave through it; heat results from the absorption of energy by the water molecules in the food
v. cook or heat in a microwave oven","n. 微波
[计] 微波",v:3/n:97,2,0,gk cet6 toefl,7268,5846,microwave
midday,midday,'middei,n the middle of the day,"n. 正午, 中午
a. 正午的",n:100,1,1,gk cet4 cet6,7619,9129,midday
middle,middle,'midl,"n. an intermediate part or section
n. the middle area of the human torso (usually in front)
n. time between the beginning and the end of a temporal period
v. put in the middle","n. 中央, 中间, 腰部
a. 中央的, 中庸的, 中间的",j:57/n:43,5,1,zk gk,1360,988,middle
midnight,midnight,'midnait,n. 12 o'clock at night; the middle of the night,"n. 午夜, 子夜, 半夜
a. 午夜的, 半夜的",n:100,3,1,gk cet4 cet6 ielts,3635,3461,midnight
might,might,mait,n. physical strength,"n. 力量, 权力
aux. 可能, 也许",n:1/v:99,1,1,zk gk cet4 ky ielts,138,175,might
mild,mild,maild,a. moderate in type or degree or effect or force; far from extreme,"a. 温和的, 温柔的, 淡味的, 适度的, 轻微的, (肥皂等)软性的
[医] 轻的, 缓和的",j:100,3,1,gk cet4 cet6 ky toefl,3774,3819,mild
mile,mile,mail,"n. a unit of length equal to 1,760 yards or 5,280 feet; exactly 1609.344 meters
n. a large distance
n. an ancient Roman unit of length equivalent to 1620 yards
n. a Swedish unit of length equivalent to 10 km","n. 英里, 很大距离
[机] 英里, 哩",,4,1,zk gk cet4 cet6 ky,772,0,mile
milk,milk,milk,"n. a white nutritious liquid secreted by mammals and used as food by human beings
n. produced by mammary glands of female mammals for feeding their young
n. a river that rises in the Rockies in northwestern Montana and flows eastward to become a tributary of the Missouri River
n. any of several nutritive milklike liquids","n. 奶, 乳状物
vt. 挤乳, 榨取
vi. 产乳",v:4/n:96,3,1,zk gk ielts gre,1881,2033,milk
million,million,'miljәn,"n. the number that is represented as a one followed by 6 zeros
n. a very large indefinite number (usually hyperbole)
s. (in Roman numerals, M written with a macron over it) denoting a quantity consisting of 1,000,000 items or units","n. 百万, 无数
num. 百万",m:100,5,0,gk ielts,336,222,million
millionaire,millionaire,.miljә'nєә,n. a person whose material wealth is valued at more than a million dollars,"n. 百万富翁, 大富豪
[经] 大资本家, 巨富, 百万富翁",n:100,2,0,gk cet6 ky toefl,7695,6769,millionaire
mind,mind,maind,"n. that which is responsible for one's thoughts and feelings; the seat of the faculty of reason
n. recall or remembrance
n. attention
n. your intention; what you intend to do","n. 思想, 愿望, 智力, 记忆, 心理, 情绪, 理智, 主意, 心意
vi. 介意, 注意, 留心
vt. 注意, 留意, 专心于, 照看, 介意",v:18/n:82,3,1,zk gk ielts,385,469,mind
mine,mine,main,"n. excavation in the earth from which ores and minerals are extracted
n. explosive device that explodes on contact; designed to destroy vehicles or ships or to kill or maim personnel
v. get from the earth by excavation
v. lay mines","n. 矿, 矿藏, 地雷
vt. 挖掘, 开采, 在...布雷, 破坏
vi. 开矿, 埋设地雷
pron. 我的",a:2/p:50/v:8/n:40,2,1,gk toefl ielts,1972,2236,mine
mineral,mineral,'minәrәl,"n. solid homogeneous inorganic substances occurring in nature having a definite chemical composition
a. relating to minerals
s. composed of matter other than plant or animal","n. 矿物, 无机物, 苏打水
a. 矿物的, 似矿物的",n:100,2,1,gk toefl,3212,4583,mineral
minibus,minibus,'minibʌs,n. a light bus (4 to 10 passengers),"n. 中客车, 小型公共汽车",n:100,1,0,gk,15504,27815,minibus
minimum,minimum,'minimәm,"n. the smallest possible quantity
n. the point on a curve where the tangent changes from negative on the left to positive on the right","a. 最小的, 最低的
n. 最小值
[计] 最小值",j:57/n:43,3,1,gk cet4 cet6 ky toefl ielts,2715,3633,minimum
miniskirt,miniskirt,'miniskә:t,n. a very short skirt,n. 超短裙,n:100,0,0,gk,45253,20289,miniskirt
minister,minister,'ministә,"n. a person appointed to a high office in the government
n. a diplomat representing one government to another; ranks below ambassador
n. the job of a head of a government department
v. attend to the wants and needs of others","n. 部长, 牧师, 公使
vi. 服侍, 救助, 主持宗教仪式",v:5/n:95,5,1,gk cet4 cet6 ky ielts,294,1910,minister
ministry,ministry,'ministri,"n. religious ministers collectively (especially Presbyterian)
n. building where the business of a government department is transacted
n. a government department under the direction of a minister
n. the work of a minister of religion","n. 部, 内阁, 服务
[经] 部",n:100,4,1,gk cet4 cet6 ky toefl,1717,4242,ministry
minority,minority,mai'nɒriti,"n. a group of people who differ racially or politically from a larger group of which it is a part
n. being or relating to the smaller in number of two parts
n. any age prior to the legal age","n. 少数, 未成年, 少数民族
a. 少数的, 属于少数派的",n:100,4,1,gk cet4 cet6 ky toefl ielts,2106,1633,minority
minus,minus,'mainәs,"a. on the negative side or lower end of a scale
s. involving disadvantage or harm","n. 负号, 不足
a. 减的, 负的, 阴性的
prep. 减, 缺
[计] 负差",i:66/n:34,2,0,gk cet4 cet6 ky ielts,4789,8628,minus
minute,minute,'minit. mai'nju:t,"n. a unit of time equal to 60 seconds or 1/60th of an hour
n. a unit of angular distance equal to a 60th of a degree
n. a short note
s. characterized by painstaking care and detailed examination","n. 分, 分钟, 片刻, 备忘录, 笔记
vt. 记录, 摘录, 测定时间
a. 微小的, 详细的",j:1/v:1/n:98,1,1,zk gk toefl ielts,348,308,minute
mirror,mirror,'mirә,"n. polished surface that forms images by reflecting light
n. a faithful depiction or reflection
v. reflect as if in a mirror
v. reflect or resemble","n. 镜子, 写真, 典范
vt. 反映, 映出",v:11/n:89,3,1,zk gk cet4 cet6 ky,2086,1853,mirror
miss,miss,mis,"n. a failure to hit (or meet or find etc)
n. a form of address for an unmarried woman
v. fail to perceive or to catch with the senses or the mind
v. feel or suffer from the lack of","n. 失误, 避免, 失败, 小姐
vt. 未得到, 未达到, 未听到, 未觉察, 逃脱, 遗漏, 错过, 思念
vi. 失败, 击不中",n:3/v:97,4,1,zk gk,919,833,miss
missile,missile,'misail,n. a rocket carrying a warhead of conventional or nuclear explosives; may be ballistic or directed by remote control,"n. 发射物, 导弹, 飞弹, 火箭
a. 可发射的",n:100,3,0,gk cet4 cet6 ky ielts gre,3749,2367,missile
mist,mist,mist,"n. a thin fog with condensation near the ground
v. become covered with mist
v. spray finely or cover with mist","n. 雾, 迷蒙, 朦胧不清
vt. 使模糊, 使蒙上雾
vi. 变模糊, 下雾",v:8/n:92,2,0,gk cet4 cet6 ky ielts,4784,5967,mist
mistake,mistake,mis'teik,"n. a wrong action attributable to bad judgment or ignorance or inattention
n. an understanding of something that is not correct
v. identify incorrectly","n. 错误, 误会
vi. 犯错, 误认
vt. 误解, 弄错
[计] 错误",v:14/n:86,4,1,zk gk,1751,1430,mistake
mistaken,mistaken,mis'teikәn,"v identify incorrectly
v to make a mistake or be incorrect
s wrong in e.g. opinion or judgment
s arising from error","a. 犯错的, 错误的
mistake的过去分词",j:100,2,1,gk,9508,12710,mistaken
misunderstand,misunderstand,.misʌndә'stænd,v interpret in the wrong way,"vt. 误解, 误会",v:100,2,0,gk cet4 cet6 ky,8418,8287,misunderstand
mix,mix,miks,"n. a commercially prepared mixture of dry ingredients
n. an event that combines things in a mixture
n. the act of mixing together
v. combine (electronic signals)","n. 混合物, 混乱, 糊涂
vt. 使混合, 弄混, 使结合, 混淆
vi. 相混合, 交往, 参与",n:36/v:64,4,1,gk cet4 ky,2156,1759,mix
mixture,mixture,'mikstʃә,n. (chemistry) a substance consisting of two or more substances mixed together (not in fixed proportions and not with chemical bonding),"n. 混合, 混淆, 混合物
[化] 混合物",n:100,3,1,gk cet4 cet6 ky ielts,2426,2413,mixture
mm,mm,,n a metric unit of length equal to one thousandth of a meter,"毫米
[计] 毫米",u:100,0,1,gk,266,15832,mm
mobile,mobile,'mәubil,"n. a river in southwestern Alabama; flows into Mobile Bay
n. a port in southwestern Alabama on Mobile Bay
n. sculpture suspended in midair whose delicately balanced parts can be set in motion by air currents
s. migratory","a. 移动的, 易变的, 机动的
n. 活动物体",j:85/n:15,3,1,gk cet4 cet6 ky toefl ielts gre,4468,4686,mobile
model,model,'mɒdәl,"n. a hypothetical description of a complex entity or process
n. a type of product
n. a person who poses for a photographer or painter or sculptor
n. representation of something (sometimes on a smaller scale)","n. 模型, 模范, 模特儿
a. 模范的, 作模型用的
vi. 做模型, 做模特儿
vt. 使模仿, 塑造
[计] 模型",v:6/j:1/n:93,4,1,zk gk cet4 ky ielts,551,504,model
modem,modem,'mәudem,n. (from a combination of MOdulate and DEModulate) electronic equipment consisting of a device used to connect computers by a telephone line,"n. 调制解调器
[计] 调制解调器",n:100,0,0,gk toefl,9165,5518,modem
modern,modern,'mɒdәn,"n. a contemporary person
n. a typeface (based on an 18th century design by Gianbattista Bodoni) distinguished by regular shape and hairline serifs and heavy downstrokes
a. belonging to the modern era; since the Middle Ages
s. characteristic of present-day art and music and literature and architecture","n. 现代人, 有思想的人
a. 现代的, 时髦的",j:99/n:1,4,1,zk gk ielts,762,1046,modern
modest,modest,'mɒdist,"a. marked by simplicity; having a humble opinion of yourself
s. not large but sufficient in size or amount
s. free from pomp or affectation
a. not offensive to sexual mores in conduct or appearance","a. 谦逊的, 羞怯的, 端庄的, 适度的
[经] 适当的",j:100,3,0,gk cet4 cet6 ky toefl ielts gre,3176,3101,modest
moment,moment,'mәumәnt,"n. a particular point in time
n. an indefinitely short time
n. a turning force produced by an object acting at a distance (or a measure of that force)
n. the n-th moment of a distribution is the expected value of the n-th power of the deviations from a fixed value","n. 片刻, 瞬间, 重要, 阶段, 力矩
[医] 片刻, 瞬间, 时机, 因素, 矩",n:100,5,1,zk gk toefl gre,361,369,moment
Monday,monday,'mʌndi,n. the second day of the week; the first working day,n. 星期一,,4,1,zk gk ielts,1679,0,monday
money,money,'mʌni,"n. the most common medium of exchange; functions as legal tender
n. wealth reckoned in terms of money
n. the official currency issued by a government or national bank","n. 金钱, 一笔款, 财富, 货币, 金额
[经] 货币, 金钱, 财产",n:100,5,1,zk gk ielts,233,232,money
monitor,monitor,'mɒnitә,"n. an ironclad vessel built by Federal forces to do battle with the Merrimac
n. display produced by a device that takes signals and displays them on a television screen or a computer monitor
n. electronic equipment that is used to check the quality or content of electronic transmissions
n. a piece of electronic equipment that keeps track of the operation of a system continuously and warns of trouble","n. 监督器, 级长, 监听员, 班长, 监视器, 告诫物
v. 监视, 监听, 监督
[计] 监视器, 监视程序; 监视",n:36/v:64,3,1,zk gk cet4 cet6 ky toefl ielts,2431,2349,monitor
monkey,monkey,'mʌŋki,n. any of various long-tailed primates (excluding the prosimians),"n. 猴子, 猿, 打桩锤
vi. 淘气, 胡闹
vt. 嘲弄",v:2/n:98,2,0,zk gk cet4 ky,5405,4558,monkey
month,month,mʌnθ,n. a time unit of approximately 30 days,"n. 月
[经] 月",n:100,5,1,zk gk ielts,214,236,month
monument,monument,'mɒnjumәnt,n. an important site that is marked and preserved as public property,"n. 纪念碑, 纪念物, 石碑",n:100,2,0,gk cet4 cet6 ky toefl,4736,4066,monument
moon,moon,mu:n,"n. the natural satellite of the Earth
n. any object resembling a moon
n. United States religious leader (born in Korea) who founded the Unification Church in 1954; was found guilty of conspiracy to evade taxes (born in 1920)
n. any natural satellite of a planet","n. 月亮, 月球, 月光
vi. 闲荡
vt. 虚度",v:3/n:97,3,1,zk gk,2646,2450,moon
mop,mop,mɒp,"n cleaning implement consisting of absorbent material fastened to a handle; for cleaning floors
v to wash or wipe with or as if with a mop
v make a sad face and thrust out one's lower lip","n. 拖把, 鬼脸
vt. 用拖把洗擦, 擦, 拭
vi. 做鬼脸
[计] 维护操作协议",n:43/v:57,1,0,gk cet6,11184,12312,mop
moral,moral,'mɒrәl,"n. the significance of a story or event
a. concerned with principles of right and wrong or conforming to standards of behavior and character based on those principles
s. psychological rather than physical or tangible in effect","n. 道德, 品行, 寓意
a. 道德的, 品性端正的, 精神上的",j:93/n:7,3,1,gk cet4 cet6 ky toefl,1787,1459,moral
morning,morning,'mɒ:niŋ,n. the time period between dawn and noon,"n. 早晨, 早上, 初期",n:100,5,1,zk gk,445,357,morning
Moscow,moscow,'mɒskau,n. a city of central European Russia; formerly capital of both the Soviet Union and Soviet Russia; since 1991 the capital of the Russian Federation,n. 莫斯科,,0,0,gk,2724,0,moscow
Moslem,moslem,'mɒzlәm,"n a believer in or follower of Islam
a of or relating to or supporting Islamism","n. 穆斯林
a. 穆斯林的, 伊斯兰教的",j:60/n:40,0,0,gk cet6,9364,18804,moslem
mosquito,mosquito,mә'ski:tәu,n. two-winged insect whose female has a long proboscis to pierce the skin and suck the blood of humans and animals,"n. 蚊子
[医] 蚊",n:100,1,0,gk cet4 cet6 ky ielts gre,12347,5667,mosquito
most,most,mәust,"a. (superlative of `many' used with count nouns and often preceded by `the') quantifier meaning the greatest in number
a. the superlative of `much' that can be used with mass nouns and is usually preceded by `the'; a quantifier meaning the greatest in amount or extent or degree
r. used to form the superlative
r. very","n. 最多, 最大
a. 大多数的, 几乎全部的, 最多的
adv. 最, 最多, 极其",r:55/d:45,5,1,zk gk ielts,153,144,most
mother,mother,'mʌðә,"n. a woman who has given birth to a child (also used as a term of address to your mother)
n. a stringy slimy substance consisting of yeast cells and bacteria; forms during fermentation and is added to cider or wine to produce vinegar
n. a term of address for an elderly woman
n. a term of address for a mother superior","n. 母亲, 修女院长
vt. 产生, 照看, 收养",v:1/n:99,5,1,zk gk ielts,306,229,mother
motherland,motherland,'mʌðәlænd,n the country where you were born,n. 祖国,n:100,1,0,gk,26292,23389,motherland
motivation,motivation,.mәuti'veiʃәn,"n. the psychological feature that arouses an organism to action toward a desired goal; the reason for the action; that which gives purpose and direction to behavior
n. the condition of being motivated
n. the act of motivating; providing incentive","n. 动机, 刺激, 推动
[医] 促动, 推动, 诱导",n:100,2,0,gk toefl ielts,3870,3126,motivation
motor,motor,'mәutә,"n. machine that converts other forms of energy into mechanical energy and so imparts motion
n. a nonspecific agent that imparts motion","n. 马达, 发动机, 原动力, 汽车
a. 马达的, 发动机的, 汽车的, 发动的
vt. 推动, 以汽车载运
vi. 乘汽车, 驾车",v:6/n:94,4,1,gk cet4 cet6 ky,1895,3138,motor
motorbike,motorbike,'mәjtәbaik,v. ride a motorcycle,"n. 机动脚踏两用车, 摩托车",n:100,1,0,gk,10026,22347,motorbike
motorcycle,motorcycle,'mәutәsaikl,n. a motor vehicle with two wheels and a strong frame,"n. 摩托车
[机] 机动车, 机踏车, 摩托车",v:3/n:97,1,1,zk gk ielts,9757,6059,motorcycle
motto,motto,'mɒtәu,n. a favorite saying of a sect or political group,"n. 箴言, 座右铭, 警句",n:100,1,0,gk ielts gre,9695,9048,motto
mountain,mountain,'mauntin,n. a land mass that projects well above its surroundings; higher than a hill,"n. 山, 山脉, 大堆",n:100,4,1,zk gk ielts,1402,1240,mountain
mountainous,mountainous,'mauntinәs,"s. like a mountain in size and impressiveness
s. containing many mountains","a. 多山的, 如山的, 巨大的",j:100,1,0,gk cet6 gre,14181,12342,mountainous
mourn,mourn,mɒ:n,"v. feel sadness
v. observe the customs of mourning after the death of a loved one","v. 哀悼, 忧伤, 服丧",v:100,1,0,gk cet4 cet6 ky ielts gre,9545,6768,mourn
mouse,mouse,maus,"n. any of numerous small rodents typically resembling diminutive rats having pointed snouts and small ears on elongated bodies with slender usually hairless tails
n. person who is quiet or timid
n. a hand-operated electronic device that controls the coordinates of a cursor on your computer screen as you move it around on a pad; on the bottom of the device is a ball that rolls on the surface of the pad
v. manipulate the mouse of a computer","n. 老鼠, 胆小羞怯的人, 鼠标
vi. 捕鼠, 窥探
vt. 探出
[计] 鼠标",n:100,2,1,zk gk cet4 cet6 ky,2845,3305,mouse
moustache,moustache,'mʌstæʃ,n an unshaved growth of hair on the upper lip,"n. 髭, 小胡子, 触须",n:100,1,0,gk ielts,7198,16314,moustache
mouth,mouth,mauθ,"n. the opening through which food is taken in and vocalizations emerge
n. the externally visible part of the oral cavity on the face and the system of organs surrounding the opening
n. an opening that resembles a mouth (as of a cave or a gorge)
n. the point where a stream issues into a larger body of water","n. 嘴, 口, 口腔, 口状物
vi. 装腔作势说话, 做鬼脸
vt. 说出, 做作地说",v:3/n:97,4,1,zk gk toefl,1011,1060,mouth
mouthful,mouthful,'mauθful,n. the quantity that can be held in the mouth,"n. 一口, 满口",n:100,1,0,gk cet4 cet6,9085,13176,mouthful
move,move,mu:v,"n. the act of deciding to do something
n. the act of changing your residence or place of business
n. (game) a player's turn to take some action permitted by the rules of the game
v. cause to move or shift into a new position or place, both in a concrete and in an abstract sense","n. 移动, 迁居, 步骤
vt. 移动, 开动, 感动, 搬(家)
vi. 移动, 离开, 运行, 迁移, 摇动, 搬家, 交往, 进展, 脱手
[计] 移动; 传送; DOS外部命令:移动文件, 它可将文件移动到指定的地方",n:13/v:87,5,1,zk gk,220,207,move
movement,movement,'mu:vmәnt,"n. a natural event that involves a change in the position or location of something
n. a group of people with a common ideology who try together to achieve certain general goals
n. a major self-contained part of a symphony or sonata
n. the driving and regulating parts of a mechanism (as of a watch or clock)","n. 运动, 动作, 运转, 移动, 倾向, 变化, 活动, 乐章
[医] 运动",n:100,4,1,gk cet4 cet6 ky gre,564,707,movement
movie,movie,'mu:vi,n. a form of entertainment that enacts a story by sound and a sequence of images giving the illusion of continuous movement,n. 电影,n:100,4,1,zk gk cet4 ky ielts,2856,576,movie
much,much,mʌtʃ,"n. a great amount or extent
a. (quantifier used with mass nouns) great in quantity or degree or extent
r. to a great degree or extent
r. very","n. 大量, 许多, 重要的事
a. 很多的, 重要的
adv. 多, 甚, 几乎",c:1/r:34/d:65,5,1,zk gk,164,146,much
mud,mud,mʌd,"n. water soaked soil; soft wet earth
n. slanderous remarks or charges
v. plaster with mud","n. 泥, 诽谤
vt. 弄脏",n:100,2,1,gk cet4 cet6 ky toefl,3520,3610,mud
muddy,muddy,'mʌdi,"v. dirty with mud
v. cause to become muddy
v. make turbid","a. 泥泞的, 浑浊的, 模糊的
vt. 使污浊, 使沾上泥污",j:93/v:7,1,0,gk cet4 cet6 gre,7679,6484,muddy
multiply,multiply,'mʌltiplai,"v. combine by multiplication
v. combine or increase by multiplication
r. in several ways; in a multiple manner","v. 繁殖, 乘, 增加
[计] 乘",r:2/v:98,2,1,gk cet4 cet6 ky toefl ielts gre,5028,6148,multiply
murder,murder,'mә:dә,"n. unlawful premeditated killing of a human being by a human being
v. kill intentionally and with premeditation","n. 谋杀
vt. 谋杀, 损毁, 破坏
vi. 犯杀人罪",v:23/n:77,4,1,zk gk cet4 cet6 ky,1560,1381,murder
museum,museum,mju:'ziәm,n. a depository for collecting and displaying objects having scientific or historical or artistic value,n. 博物馆,n:100,4,1,zk gk cet4 cet6 ky ielts,1209,1723,museum
mushroom,mushroom,'mʌʃrum,"n. common name for an edible agaric (contrasting with the inedible toadstool)
n. mushrooms and related fleshy fungi (including toadstools, puffballs, morels, coral fungi, etc.)
n. any of various fleshy fungi of the subdivision Basidiomycota consisting of a cap at the end of a stem arising from an underground mycelium
n. a large cloud of rubble and dust shaped like a mushroom and rising into the sky after an explosion (especially of a nuclear bomb)","n. 蘑菇形物, 蘑菇, 暴发户
vi. 迅速生长, 迅速增加, 采蘑菇
a. 蘑菇形的, 迅速生长的",v:7/n:93,2,0,gk cet4 cet6 ky toefl ielts gre,6009,4256,mushroom
music,music,'mju:zik,"n. an artistic form of auditory communication incorporating instrumental or vocal tones in a structured and continuous manner
n. any agreeable (pleasing and harmonious) sounds
n. musical activity (singing or whistling etc.)
n. (music) the sounds produced by singers or musical instruments (or reproductions of such sounds)","n. 音乐, 乐曲",n:100,5,1,zk gk ielts,667,392,music
musical,musical,'mju:zikl,"n. a play or film whose action and dialogue is interspersed with singing and dancing
a. characterized by or capable of producing music
a. talented in or devoted to music
a. characteristic of or resembling or accompanied by music","n. 音乐片, 音乐舞台剧
a. 音乐的, 声音美妙的, 喜爱音乐的",j:89/n:11,3,1,gk cet4 cet6 ky ielts,2771,2097,musical
musician,musician,mju:'ziʃәn,"n. someone who plays a musical instrument (as a profession)
n. artist who composes or conducts music as a profession","n. 音乐家, 乐师, 作曲家",n:100,3,1,gk cet4 cet6 ky,3697,2936,musician
mustard,mustard,'mʌstәd,"n. any of several cruciferous plants of the genus Brassica
n. pungent powder or paste prepared from ground mustard seeds
n. leaves eaten as cooked greens","n. 芥末, 芥菜, 强烈的兴趣
[医] 芥子; 芥属植物",n:100,1,0,gk cet6,8963,6095,mustard
mutton,mutton,'mʌtn,n meat from a mature domestic sheep,n. 羊肉,n:100,0,0,gk cet4 cet6 ky gre,15305,22179,mutton
my,my,mai,"a. Of or belonging to me; -- used always attributively; as, my
   body; my book; -- mine is used in the predicate; as, the book is mine.
   See Mine.","pron. 我的
[医] 迈尔(热容单位)",a:100,5,1,zk gk,61,44,my
myself,myself,mai'self,"pron. I or me in person; -- used for emphasis, my own self or
   person; as I myself will do it; I have done it myself; -- used also
   instead of me, as the object of the first person of a reflexive verb,
   without emphasis; as, I will defend myself.","pron. 我自己, 我亲自, 我独自",p:100,4,1,zk gk,804,662,myself
nail,nail,neil,"n. horny plate covering and protecting part of the dorsal surface of the digits
n. a thin pointed piece of metal that is hammered into materials as a fastener
n. a former unit of length for cloth equal to 1/16 of a yard
v. attach something somewhere by means of nails","n. 钉子, 指甲
vt. 用钉钉牢, 使固定, 截住, 揭露",v:28/n:72,2,1,gk cet4 cet6 ky toefl,3556,3556,nail
name,name,neim,"n. a language unit by which a person or thing is known
n. a person's reputation
n. family based on male descent
n. a well-known or notable person","n. 名字, 名称, 姓名, 名义, 名誉, 文件名
vt. 命名, 称呼, 任命, 提名, 列举
a. 姓名的, 据以取名的
[计] 名称, 文件名, 姓名",v:28/n:72,5,1,zk gk,271,298,name
narrow,narrow,'nærәu,"n. a narrow strait connecting two bodies of water
v. make or become more narrow or restricted
a. not wide
s. limited in size or scope","n. 狭窄部分, 隘路
a. 狭窄的, 仔细的, 有限的, 勉强的, 狭隘的, 手紧的
vi. 变窄
vt. 使变狭窄",j:80/v:20,4,1,gk cet4 cet6 ky toefl,1725,2007,narrow
nation,nation,'neiʃәn,"n. the people who live in a nation or country
n. United States prohibitionist who raided saloons and destroyed bottles of liquor with a hatchet (1846-1911)
n. a federation of tribes (especially Native American tribes)","n. 国家, 民族
[法] 民族, 国家",n:100,5,1,gk cet4 cet6 ky,1177,412,nation
national,national,'næʃәnәl,"n. a person who owes allegiance to that nation
a. of or relating to or belonging to a nation or country
a. limited to or in the interests of a particular nation
a. concerned with or applicable to or belonging to an entire nation or country","a. 国家的, 国立的, 全国性的, 民族的
[经] 全国性的, 国家的, 国民的",j:99/n:1,5,1,zk gk cet4 cet6 ky ielts,232,231,national
nationality,nationality,.næʃә'nælәti,"n. people having common origins or traditions and often comprising a nation
n. the status of belonging to a particular nation by birth or naturalization","n. 国籍, 国家, 民族性
[法] 国家, 民族, 国民",n:100,2,0,gk cet4 cet6 ky toefl ielts,5673,7751,nationality
nationwide,nationwide,'neiʃәnwaid,"s occurring or extending throughout a country or nation
r extending throughout an entire nation","a. 全国性的
[法] 全国的, 全国范围的",r:61/j:39,2,0,gk toefl,7933,4929,nationwide
native,native,'neitiv,"n. an indigenous person who was born in a particular place
n. a person born in a particular place or country
n. indigenous plants and animals
a. characteristic of or existing by virtue of geographic origin","n. 本地人, 土产, 当地人
a. 本国的, 与生俱来的, 自然的",j:86/n:14,3,0,gk cet4 cet6 ky ielts,3140,1403,native
natural,natural,'nætʃәrәl,"n. someone regarded as certain to succeed
n. a notation cancelling a previous sharp or flat
n. (craps) a first roll of 7 or 11 that immediately wins the stake
a. in accordance with nature; relating to or concerning nature","n. 白痴
a. 自然的, 自然界的, 本能的, 天然的, 物质的, 正常的, 原始的, 自然数的",r:1/j:99,4,1,zk gk cet4 cet6 ky toefl ielts,709,715,natural
nature,nature,'neitʃә,"n. the essential qualities or characteristics by which something is recognized
n. a causal agent creating and controlling things in the universe
n. the natural physical world including plants and animals and landscapes etc.
n. the complex of emotional and intellectual attributes that determine a person's characteristic actions and reactions","n. 自然, 大自然, 本性, 性格, 性质
[医] 自然, 大自然; 本性, 性能",n:100,4,1,zk gk cet4 cet6 ky ielts,553,696,nature
navy,navy,'neivi,n. an organization of military vessels belonging to a country and available for sea warfare,"n. 海军, 海军人员, 海军军力, 烟蒂",n:100,3,1,gk cet4 cet6 ky,3375,5950,navy
near,near,niә,"a. not far distant in time or space or degree or circumstances
s. being on the left side
s. closely resembling the genuine article
r. near in time or place or relationship","a. 近的, 近亲的, 近似的
adv. 接近, 亲近
prep. 靠近, 近似于
v. 接近, 走近",i:77/r:8/v:7/j:8,5,1,zk gk,726,706,near
nearby,nearby,'niәbai,"s. close at hand
r. not far away in relative terms","a. 附近的, 近旁的
adv. 在附近, 近旁地
prep. 在...附近",r:36/j:64,3,1,gk cet4 cet6 ky,3327,2423,nearby
nearly,nearly,'niәli,"r (of actions or states) slightly short of or not quite accomplished; all but
r in a close manner","adv. 几乎, 密切地",r:100,4,1,zk gk toefl,865,599,nearly
neat,neat,ni:t,"s. clean or organized
s. showing care in execution
s. free from what is tawdry or unbecoming
s. without water","a. 整洁的, 巧妙的, 匀称的, 简洁的
n. 牛",j:100,3,1,gk cet4 cet6 ky toefl ielts,3823,4683,neat
necessary,necessary,'nesisәri,"a. absolutely essential
s. unavoidably determined by prior circumstances",a. 必要的；必然的；必需的,j:99/n:1,4,1,zk gk,555,982,necessary
neck,neck,nek,"n. the part of an organism (human or animal) that connects the head to the rest of the body
n. a narrow elongated projecting strip of land
n. a cut of meat from the neck of an animal
n. a narrow part of an artifact that resembles a neck in position or form","n. 脖子, 衣领, 颈
vi. 拥抱, 拥吻, 收缩
vt. 割颈",v:2/n:98,3,1,zk gk cet4 cet6 ky toefl ielts,1569,1521,neck
necklace,necklace,'neklis,n. jewelry consisting of a cord or chain (often bearing gems) worn about the neck as an ornament (especially by women),n. 项链,n:100,1,0,gk cet4 cet6 ky,10178,6583,necklace
necktie,necktie,'nektai,n. neckwear consisting of a long narrow piece of material worn (mostly by men) under a collar and tied in knot at the front,n. 领带,n:100,0,0,gk,42992,17026,necktie
need,need,ni:d,"n. a condition requiring relief
n. anything that is necessary but lacking
v. have or feel a need for","n. 需要, 必须, 缺乏
vt. 需要, 必需
vi. 贫困, 有必要
aux. 需要",n:22/v:78,5,1,zk gk,132,132,need
needle,needle,'ni:dl,"n. a slender pointer for indicating the reading on the scale of a measuring instrument
n. a sharp pointed implement (usually steel)
v. goad or provoke,as by constant criticism
v. prick with a needle","n. 针, 尖
vt. 用针缝
vi. 缝纫
[计] 探针",v:3/n:97,2,1,gk cet4 cet6 ky gre,3238,3804,needle
negotiate,negotiate,ni'gәuʃieit,"v. succeed in passing through, around, or over","vi. 商议, 谈判, 交涉
vt. 谈妥, 转让, 处理",v:100,4,0,gk cet6 ky toefl gre,2586,2541,negotiate
neighbour,neighbour,'neibә,"n a person who lives (or is located) near another
n a nearby object of the same kind
v live or be located as a neighbor
v be located near or adjacent to","n. 邻居, 邻接的东西, 邻国, 邻座, 邻人, 世人
a. 邻接的, 邻近的
vi.vt. 邻近, 与...结邻, 邻接",,3,1,zk gk cet4 cet6,1847,0,neighbour
neighbourhood,neighbourhood,'neibәhud,"n a surrounding or nearby region
n people living near one another","n. 邻接, 周围, 附近一带, 邻近, 邻居关系, 地区, 街道, 街坊, 四邻
[计] 邻域",n:100,2,1,gk cet4 cet6,3942,25261,neighbourhood
neither,neither,'naiðә,s. not either; not one or the other,"adv. 皆不, 两个都不
a. (两者)都不的
pron. 两者都不
conj. 既非, 既不",r:65/d:35,4,1,zk gk,1721,1790,neither
nephew,nephew,'nefju:,n. a son of your brother or sister,"n. 侄子, 外甥",n:100,1,1,gk cet4 cet6 ky,6440,6362,nephew
nervous,nervous,'nә:vәs,"s. easily agitated
a. of or relating to the nervous system","a. 神经紧张的, 不安的, 神经的
[医] 神经的; 神经质的, 神经过敏的",j:100,3,1,zk gk cet4 cet6 ky toefl ielts,2632,2393,nervous
nest,nest,nest,"n. a structure in which animals lay eggs or give birth to their young
n. a kind of gun emplacement
n. a cosy or secluded retreat
n. a gang of people (criminals or spies or terrorists) assembled in one locality","n. 巢, 窝, 休息所, 隐匿处
vi. 筑巢, 找鸟巢
vt. 为...设窝, 使套叠
[计] 嵌套",v:17/n:83,2,1,gk cet4 cet6 ky,3867,4131,nest
net,net,net,"n. a trap made of netting to catch fish or birds or insects
n. a goal lined with netting (as in soccer or hockey)
n. game equipment consisting of a strip of netting dividing the playing area in tennis or badminton
n. an open fabric of string or rope or wire woven together at regular intervals","n. 网, 网状物, 罗网, 净利, 净价
a. 净的, 最终的
vt. 用网捕, 撒网, 净赚, 得到
vi. 编网
[计] 网络, 网络分析程序",j:41/v:7/n:52,3,1,gk cet4 cet6 ky toefl,2189,2884,net
network,network,'netwә:k,"n. an interconnected system of things or people
n. (broadcasting) a communication system consisting of a group of broadcasting stations that all transmit the same programs
n. a system of intersecting lines or channels
n. (electronics) a system of interconnected electronic components or circuits","n. 网络, 广播网, 网状物
[计] 网络",v:2/n:98,4,1,gk cet4 cet6 ky ielts,1102,882,network
never,never,'nevә,"r. not ever; at no time in the past or future
r. not at all; certainly not; not in any circumstances","adv. 从不, 决不, 不曾
[法] 永不, 决不, 从来没有",r:100,5,1,zk gk,157,138,never
new,new,nju:,"a. not of long duration; having just (or relatively recently) come into being or been made or acquired or discovered
s. having no previous example or precedent or parallel
s. other than the former one(s); different
a. unaffected by use or exposure","a. 新的, 陌生的, 最近的, 不熟悉的
[法] 新发现的, 新的, 重新开始的",r:1/j:99,5,1,zk gk,81,88,new
news,news,nju:z,"n. information about recent and important events
n. information reported in a newspaper or news magazine
n. informal information of any kind that is not previously known to someone","n. 新闻, 消息, 报导
[法] 新闻, 消息, 新闻报导",n:100,5,1,zk gk,692,574,news
newspaper,newspaper,'nju:z.peipә,"n. a daily or weekly publication on folded sheets; contains news and articles and advertisements
n. a business firm that publishes newspapers
n. the physical object that is the product of a newspaper publisher
n. cheap paper made from wood pulp and used for printing newspapers",n. 报纸,n:100,4,1,zk gk ielts,1164,1064,newspaper
next,next,'nekst,r. at the time or occasion immediately following,"n. 下一个
a. 下一个的, 其次的, 贴近的
adv. 然后, 下次, 次于
[计] 近邻干扰",i:13/m:87,5,1,zk gk,199,217,next
nice,nice,nais,"n. a city in southeastern France on the Mediterranean; the leading resort on the French Riviera
a. pleasant or pleasing or agreeable in nature or appearance
s. done with delicacy and skill","a. 美好的, 和蔼的, 正派的, 做得好的, 精密的, 细微的, 挑剔的, 谨慎的",r:3/j:97,4,1,zk gk gre,750,897,nice
niece,niece,ni:s,n. a daughter of your brother or sister,"n. 侄女, 甥女",n:100,1,1,gk cet4 cet6 ky,7967,7475,niece
night,night,nait,"n. the time after sunset and before sunrise while it is dark outside
n. a period of ignorance or backwardness or gloom
n. the period spent sleeping
n. the dark part of the diurnal cycle considered a time unit","n. 夜, 夜晚, 晚上, 黑暗, 夜晚的工作
[法] 夜, 黑夜, 黑暗",n:100,5,1,zk gk ielts,216,209,night
nine,nine,nain,"n. the cardinal number that is the sum of eight and one
s. denoting a quantity consisting of one more than eight and one less than ten","num. 九, 九个",m:100,5,0,zk gk,737,1154,nine
nineteen,nineteen,.nain'ti:n,"n. the cardinal number that is the sum of eighteen and one
s. being one more than eighteen","num. 十九, 十九个",m:100,5,0,zk gk cet4 ky,1907,7818,nineteen
ninety,ninety,'nainti,"n. the cardinal number that is the product of ten and nine
s. being ten more than eighty","num. 九十, 九十个",m:100,5,0,zk gk,1948,8279,ninety
ninth,ninth,nainθ,"n. position nine in a countable series of things
s. coming next after the eighth and just before the tenth in position","num. 第九, 九分之一",m:100,4,0,zk gk,5636,5059,ninth
no,no,nәu,"n. a negative
a. quantifier; used with either mass nouns or plural count nouns for indicating a complete or almost complete lack or zero quantity of
r. referring to the degree to which a certain quality is present
r. not in any degree or manner; not at all","n. 不, 拒绝, 否决票
a. 没有, 不是, 绝非
adv. 不",a:74/p:6/r:10/u:8/d:2,5,1,zk gk,68,93,no
noble,noble,'nәubl,"a. of or belonging to or constituting the hereditary aristocracy especially as derived from feudal times
a. having or showing or indicative of high or elevated character
s. inert especially toward oxygen","n. 贵族
a. 高贵的, 高尚的, 贵族的, 辉煌的",j:85/n:15,2,0,gk cet4 cet6 ky ielts,4808,5553,noble
nobody,nobody,'nәubɒdi,n a person of no influence,"n. 小人物, 无名小卒
pron. 无人, 没有人",p:99/n:1,4,1,zk gk,1529,1151,nobody
nod,nod,nɒd,"n. a sign of assent or salutation or command
n. the act of nodding the head
v. express or signify by nodding
v. lower and raise the head, as to indicate assent or agreement or confirmation","n. 点头, 打盹, 晃动
vi. 点头, 打盹
vt. 点头表示, 点(头)",n:16/v:84,3,0,zk gk cet4 cet6 ky toefl,1573,1557,nod
noise,noise,nɒiz,"n. sound of any kind (especially unintelligible or dissonant sound)
n. the auditory experience of sound that lacks musical quality; sound that is a disagreeable auditory experience
n. electrical or acoustic activity that can disturb communication
n. a loud outcry of protest or complaint","n. 噪音, 杂音, 响声, 喧闹
vt. 谣传
vi. 喧闹
[计] 噪声",n:100,3,1,zk gk ielts,1667,2012,noise
noisily,noisily,'nɒizili,r. with much noise or loud and unpleasant sound,adv. 吵闹地,r:100,0,1,gk,12642,16141,noisily
noisy,noisy,'nɒizi,"a. full of or characterized by loud and nonmusical sounds
s. attracting attention by showiness or bright colors","a. 嘈杂的, 喧闹的
[机] 噪声的, 嘈杂的",j:100,2,1,gk cet4 cet6 ky toefl ielts,5244,6565,noisy
none,none,nʌn,"n. a canonical hour that is the ninth hour of the day counting from sunrise
n. a service in the Roman Catholic Church formerly read or chanted at 3 PM (the ninth hour counting from sunrise) but now somewhat earlier
s. not any
r. not at all or in no way","adv. 一点也不, 毫不
pron. 没有人, 无一物, 并无一个
a. 没有的",p:99/r:1,4,1,zk gk,1182,1086,none
noodle,noodle,'nu:dl,n. a ribbonlike strip of pasta,"n. 面条, 笨蛋",v:22/n:78,1,0,zk gk ky,21573,7939,noodle
noon,noon,nu:n,n. the middle of the day,"n. 正午, 中午, 全盛期",n:100,2,0,zk gk,6907,3820,noon
nor,nor,nɒ:,"conj. A negative connective or particle, introducing the second
   member or clause of a negative proposition, following neither, or not,
   in the first member or clause (as or in affirmative propositions
   follows either). Nor is also used sometimes in the first member for
   neither, and sometimes the neither is omitted and implied by the use of
   nor.","conj. 也不, 也没有
[计] 或非",c:100,4,1,zk gk,810,1062,nor
normal,normal,'nɒ:ml,"a. conforming with or constituting a norm or standard or level or type or social norm; not abnormal
a. in accordance with scientific laws
a. being approximately average or within certain limits in e.g. intelligence and development
s. forming a right angle","n. 常态, 标准, 正常, 普通
a. 正常的, 正规的, 标准的, 师范的, 正态的
[计] 标准, 普通",j:99/n:1,4,1,zk gk cet4 cet6 ky toefl ielts,811,1217,normal
North,north,nɒ:θ,"n. the region of the United States lying to the north of the Mason-Dixon line
n. the cardinal compass point that is at 0 or 360 degrees
n. a location in the northern part of a country, region, or city
n. the direction corresponding to the northward cardinal compass point","n. 北方, 北
a. 北的, 北方的
adv. 向北方, 在北方",n:100,4,1,zk gk,1746,578,north
northeast,northeast,.nɒ:θ'i:st,"n. the compass point midway between north and east; at 45 degrees
n. the northeastern region of the United States
n. the direction corresponding to the northeastward compass point","n. 东北
a. 东北的, 向东北的, 来自东北的
adv. 向东北, 来自东北",n:100,0,0,gk cet4 cet6 ky,16006,4122,northeast
northern,northern,'nɒ:ðәn,"n. a dialect of Middle English that developed into Scottish Lallans
a. in or characteristic of a region of the United States north of (approximately) the Mason-Dixon line
a. situated in or coming from regions of the north","n. 北方人
a. 北方的, 向北的, 自北方来的",j:100,0,1,zk gk cet4 cet6 ky,1445,1556,northern
northwards,northwards,'nɔ:θwәdz,"n the cardinal compass point that is at 0 or 360 degrees
r in a northern direction",adv. 向北方,r:100,0,0,gk cet6,11689,43874,northwards
northwest,northwest,.nɒ:θ'west,"n. the northwestern region of the United States
n. the direction corresponding to the northwestward compass point
n. the compass point midway between north and west; at 315 degrees","n. 西北, 西北方
a. 西北的, 在西北的, 来自西北的
adv. 向西北",n:100,0,0,gk cet4 cet6 ky,14975,3403,northwest
nose,nose,nәuz,"n. the organ of smell and entrance to the respiratory tract; the prominent part of the face of man or other mammals
n. a front that resembles a human nose (especially the front of an aircraft)
n. the front or forward projection of a tool or weapon
n. a small distance","n. 鼻子, 突出部分, 嗅觉
vt. 嗅到, 探出, 用鼻子触
vi. 闻, 嗅, 探听, 告密",v:3/n:97,3,1,zk gk,1887,1735,nose
not,not,nɒt,r. negation of a word or group of words,"adv. 不, 非, 未
[计] 非",c:1/r:99,5,1,zk gk,13,28,not
note,note,nәut,"n. a brief written record
n. a short personal letter
n. a notation representing the pitch and duration of a musical sound
n. a tone of voice that shows what the speaker is feeling","n. 笔记, 记录, 注解, 票据, 符号, 显要, 注重, 便笺, 照会
vt. 记录, 注解, 注意",n:44/v:56,4,1,zk gk toefl,799,703,note
notebook,notebook,'nәutbuk,"n. a book with blank pages for recording notes or memoranda
n. a small compact portable computer","n. 笔记本, 手册, 期票簿",n:100,2,0,zk gk cet4 cet6 ky ielts,5410,4427,notebook
nothing,nothing,'nʌθiŋ,"n. a quantity of no importance
r. in no respect; to no degree","n. 无, 不关紧要之事, 零
adv. 毫不, 决不
interj. 什么也没有, 无",p:99/n:1,5,1,zk gk ielts,258,315,nothing
notice,notice,'nәutis,"n. an announcement containing information about an event
n. the act of noticing or paying attention
n. advance notification (usually written) of the intention to withdraw from an arrangement of contract
n. polite or favorable attention","n. 注意, 布告, 通知, 预告, 短评
vt. 注意, 通知, 评论, 提及, 关注
vi. 注意",n:17/v:83,4,1,zk gk cet4 cet6 ky toefl ielts,1034,1044,notice
novel,novel,'nɒvl,"n. an extended fictional work in prose; usually in the form of a story
n. a printed and bound book that is an extended work of fiction
s. pleasantly new or different","n. 小说, 长篇故事
a. 新奇的, 异常的",j:17/n:83,4,1,gk cet4 cet6 ky toefl ielts,2109,1647,novel
novelist,novelist,'nɒvәlist,n. one who writes novels,n. 小说家,n:100,2,0,gk,6213,6348,novelist
November,november,nәu'vembә,n. the month following October and preceding December,n. 十一月,,4,1,zk gk ielts,1059,0,november
now,now,nau,"n. the momentary present
r. in the historical present; at this point in the narration of a series of past events
r. used to preface a command or reproof or request
r. at the present moment","adv. 现在, 刚才, 目前
n. 现在
a. 现在的
conj. 由于",c:4/r:96,5,1,zk gk,67,72,now
nowadays,nowadays,'nauәdeiz,r. in these times,"n. 现在, 现时, 当今
adv. 时下, 现今",r:100,2,0,gk cet4 cet6 ky toefl,4094,6788,nowadays
nowhere,nowhere,'nәuhwєә,"n. an insignificant place
r. not anywhere; in or at or to no place","adv. 无处, 到处都无",r:100,3,1,gk cet4 cet6 ky ielts,3107,2924,nowhere
nuclear,nuclear,'nju:kliә,"a. (weapons) deriving destructive energy from the release of atomic energy
a. of or relating to or constituting the nucleus of an atom
a. of or relating to or constituting the nucleus of a cell
s. constituting or like a nucleus","a. 核子的, 原子能的, 核的, 中心的
[医] 核的",j:100,4,1,gk cet4 cet6 ky toefl,1221,1176,nuclear
numb,numb,nʌm,"v. make numb or insensitive
s. so frightened as to be unable to move; stunned or paralyzed with terror; petrified","a. 麻木的, 失去知觉的
vt. 使麻木, 使昏迷, 使失去知觉",j:70/v:30,1,0,gk ky toefl ielts gre,12639,9317,numb
number,number,'nʌmbә,"n. the property possessed by a sum or total or indefinite quantity of units or individuals
n. a concept of quantity involving zero and units
n. a select company of people
n. a numeral or string of numerals that is used for identification","n. 数, 数字, 数目, 号码
vt. 数, 计算, 共计
vi. 计算, 报数
[计] 数字",v:2/n:98,5,1,zk gk,143,204,number
nurse,nurse,nә:s,"n. one skilled in caring for young children or the sick (usually under the supervision of a physician)
v. try to cure by special care of treatment, of an illness or injury
v. serve as a nurse; care for sick or handicapped people
v. treat carefully","n. 护士, 保姆, 奶妈
vt. 看护, 照顾, 培养
vi. 喂奶, 看护病人",v:14/n:86,3,1,zk gk toefl ielts,1650,1875,nurse
nursery,nursery,'nә:sәri,n. a child's room for a baby,"n. 托儿所, 苗圃, 温床
[医] 婴儿室, 托儿所",n:100,2,0,gk cet4 cet6 ky ielts,3383,5632,nursery
nursing,nursing,'nә:siŋ,"n. the work of caring for the sick or injured or infirm
n. the profession of a nurse
n. nourishing at the breast","n. 看护, 养育
[医] 护理[法], 喂乳[法]",j:48/n:52,0,0,gk ielts,4715,5250,nursing
nut,nut,nʌt,"n. usually large hard-shelled seed
n. Egyptian goddess of the sky
n. a small (usually square or hexagonal) metal block with internal screw thread to be fitted onto a bolt
v. gather nuts","n. 坚果, 核心, 螺帽
[计] Novell NetWare服务器实用程序",v:1/n:99,2,1,gk cet4 cet6 ky,4276,3188,nut
nutrition,nutrition,nju:'triʃәn,"n. (physiology) the organic process of nourishing or being nourished; the processes by which an organism assimilates food and uses it for growth and maintenance
n. the scientific study of food and drink (especially in humans)","n. 营养, 营养学
[医] 营养, 营养品",n:100,2,0,gk cet6 ky toefl ielts gre,8940,5563,nutrition
nylon,nylon,'nailɒn,"n. a thermoplastic polyamide; a family of strong resilient synthetic fibers
n. a synthetic fabric","n. 尼龙
[化] 尼龙; 聚酰胺纤维",n:100,1,0,gk cet4 cet6 ky ielts,7129,8449,nylon
obey,obey,ә'bei,v. be obedient to,"vt. 服从, 遵从, 顺从
vi. 服从",v:100,2,1,gk cet4 cet6 ky,4952,5672,obey
object,object,'ɒbdʒekt,"n. a tangible and visible entity; an entity that can cast a shadow
n. (grammar) a constituent that is acted upon
n. the focus of cognitions or feelings
n. (computing) a discrete item that provides a description of virtually anything known to a computer","n. 物体, 目标, 目的, 对象, 宾语, 客体
vi. 反对, 抱反感
vt. 提出...来反对
[计] 对象",v:15/n:85,4,1,zk gk cet4 cet6 ky ielts,1028,1153,object
observe,observe,әb'zә:v,"v. watch attentively
v. behave as expected during of holidays or rites
v. stick to correctly or closely
v. conform one's action or practice to","vt. 觉察到, 遵守, 注意到, 庆祝
vi. 注意, 评论",v:100,3,1,gk cet4 cet6 ky toefl ielts,1288,1294,observe
obtain,obtain,әb'tein,v. come into possession of,"vt. 获得, 达到
vi. 流行, 得到公认",v:100,3,1,gk cet4 cet6 ky toefl,793,1595,obtain
obvious,obvious,'ɒbviәs,a. easily perceived by the senses or grasped by the mind,"a. 明显的, 明白的, 显然的, 平淡无奇的",j:100,4,1,gk cet4 cet6 ky toefl ielts gre,1173,1689,obvious
occupation,occupation,.ɒkju'peiʃәn,"n. the principal activity in your life that you do to earn money
n. the control of a country by military forces of a foreign power
n. any activity that occupies a person's attention
n. the act of occupying or taking possession of a building","n. 职业, 占有, 占有期, 占领, 占领军
[经] 占有, 占用, 职业",n:100,3,0,gk cet4 cet6 ky toefl ielts gre,2591,3334,occupation
occur,occur,ә'kә:,"v. come to one's mind; suggest itself
v. to be found to exist","vi. 发生, 被想到, 存在",v:100,4,1,gk cet4 cet6 ky toefl ielts,634,756,occur
ocean,ocean,'әuʃәn,"n. a large body of water constituting a principal part of the hydrosphere
n. anything apparently limitless in quantity or volume","n. 海洋, 广阔, 许多, 一大片
[法] 海洋, 海",n:100,3,1,zk gk cet4 ky ielts,3015,1842,ocean
Oceania,oceania,.әuʃi'æniә,n. a large group of islands in the south Pacific including Melanesia and Micronesia and Polynesia (and sometimes Australasia and the Malay Archipelago),n. 大洋洲,,0,0,gk cet4 cet6,42429,0,oceania
October,october,ɒk'tәubә,n. the month following September and preceding November,n. 十月,,4,1,zk gk ielts,940,0,october
of,of,ɒv,"prep. In a general sense, from, or out from; proceeding from;
   belonging to; relating to; concerning; -- used in a variety of
   applications; as:
prep. Denoting that from which anything proceeds; indicating
   origin, source, descent, and the like; as, he is of a race of kings; he
   is of noble blood.
prep. Denoting possession or ownership, or the relation of subject
   to attribute; as, the apartment of the consul: the power of the king; a
   man of courage; the gate of heaven.
prep. Denoting the material of which anything is composed, or that
   which it contains; as, a throne of gold; a sword of steel; a wreath of
   mist; a cup of water.
prep. Denoting part of an aggregate or whole; belonging to a
   number or quantity mentioned; out of; from amongst; as, of this little
   he had some to spare; some of the mines were unproductive; most of the
   company.
prep. Denoting that by which a person or thing is actuated or
   impelled; also, the source of a purpose or action; as, they went of
   their own will; no body can move of itself; he did it of necessity.
prep. Denoting reference to a thing; about; concerning; relating
   to; as, to boast of one's achievements.
prep. Denoting nearness or distance, either in space or time;
   from; as, within a league of the town; within an hour of the appointed
   time.
prep. Denoting identity or equivalence; -- used with a name or
   appellation, and equivalent to the relation of apposition; as, the
   continent of America; the city of Rome; the Island of Cuba.
prep. Denoting the agent, or person by whom, or thing by which,
   anything is, or is done; by.
prep. Denoting relation to place or time; belonging to, or
   connected with; as, men of Athens; the people of the Middle Ages; in
   the days of Herod.
prep. Denoting passage from one state to another; from.
prep. During; in the course of.","prep. 的, 属于",i:100,5,1,zk gk,3,4,of
off,off,ɒf,"a. not in operation or operational
s. below a satisfactory level
a. (of events) no longer planned or scheduled
s. in an unpalatable state","a. 关着的, 不再生效的, 处于...境况的, 休假的, 空闲的
adv. 走开, ...掉, ...下, 休息, 出发, 隔断
prep. 离开, 脱落, 不在从事......, 在...之外
vi. 离开, 滚开
vt. 杀死
n. 关闭状态
[计] 关闭, 清屏命令",i:35/r:63/j:2,5,1,zk gk,174,205,off
offence,offence,ә'fens,"n the action of attacking an enemy
n the team that has the ball (or puck) and is trying to score
n a feeling of anger caused by being offended
n a lack of politeness; a failure to show regard for others; wounding the feelings or others
n (criminal law) an act punishable by law; usually considered an evil act","n. 犯罪, 冒犯, 违反, 罪过, 过错, 攻击
[法] 犯法, 罪过, 过错",n:100,3,1,gk cet6 ky ielts,1550,22003,offence
offer,offer,'ɒfә,"n. the verbal act of offering
n. something offered (as a proposal or bid)
v. make available or accessible, provide or furnish
v. present for acceptance or rejection","n. 给予(物), 出价, 提议, 意图, 报价
vt. 提供, 出价, 奉献, 试图, 使出现, 演出
vi. 出现, 献祭, 提议, 求婚",n:14/v:86,5,1,zk gk cet4 cet6 ky toefl ielts,307,373,offer
office,office,'ɒfis,"n. place of business where professional or clerical duties are performed
n. (of a government or government official) holding an office means being in power
n. professional or clerical workers in an office
n. a religious rite or service prescribed by ecclesiastical authorities","n. 办公室, 部, 公职, 职责
[化] 办公室",n:100,5,1,zk gk ielts,303,341,office
officer,officer,'ɒfisә,"n. a person authorized to serve in a position of authority on a vessel
v. direct or command as an officer","n. 军官, 主管, 官员, 公务员
vt. 指挥",n:100,5,1,zk gk cet4 cet6 ky ielts,556,671,officer
official,official,ә'fiʃәl,"n. a worker who holds or is invested with an office
n. someone who administers the rules of a game or sport
a. having official authority or sanction
a. of or relating to an office","n. 官员, 公务员, 职员
a. 公务的, 官方的, 正式的",j:20/n:80,5,1,gk cet4 cet6 ky toefl,1199,526,official
offshore,offshore,ɒ:f'ʃɒ:,"a. (of winds) coming from the land
s. at some distance from the shore
r. away from shore; away from land","a. 海面的, 吹向海面的, 近海的
adv. 向海面",r:38/j:62,2,0,gk toefl ielts,7349,7765,offshore
often,often,'ɒ:fn,r. in many cases or instances,"adv. 时常, 常常",r:100,5,1,zk gk,230,274,often
oh,oh,әu,n a midwestern state in north central United States in the Great Lakes region,interj. (表示惊讶、恐怖、赞叹)哦,u:100,5,1,gk,120,411,oh
oil,oil,ɒil,"n. a slippery or viscous liquid or liquefiable substance not miscible with water
n. oil paint containing pigment that is used by an artist
v. cover with oil, as if by rubbing","n. 油, 石油, 油画颜料
vt. 涂油于, 使融化成油状, 加油于
vi. 加燃油, 融化",v:1/n:99,5,1,zk gk cet4 ky ielts,906,546,oil
oilfield,oilfield,ˈɔɪlfi:ld,n. a region rich in petroleum deposits (especially one with producing oil wells),n. 油田,,1,0,gk,26075,0,oilfield
OK,ok,'әu'kei,"n a state in south central United States
k an endorsement
s being satisfactory or in satisfactory condition
r an expression of agreement normally occurring at the beginning of a sentence","a. 好, 不错, 可以
adv. 好, 不错, 可以
n. 批准, 认可
[计] 确定",r:100,0,1,zk gk,3743,830,ok
old,old,әuld,"n. past times (especially in the phrase `in days of old')
a. (used especially of persons) having lived for a relatively long time or attained a specific age
a. of long duration; not new
s. (used for emphasis) very familiar","n. 以前, 往昔
a. 老的, 旧的, 古老的, 年长的, 老练的",j:99/n:1,5,1,zk gk,126,152,old
Olympic,olympic,әu'limpik,a. of or relating to the Olympic Games,"a. 奥林匹亚的, 奥林匹斯山的, 强有力的, 巨大的",j:100,0,0,gk ielts,4877,2736,olympic
omelette,omelette,'ɒmlit,n beaten eggs or an egg mixture cooked until just set; may be folded around e.g. ham or cheese or jelly,"n. 煎蛋卷, 炒蛋",n:100,1,0,gk,15720,22503,omelette
on,on,ɒn,"a. in operation or operational
a. (of events) planned or scheduled
r. indicates continuity or persistence or concentration
r. in a state required for something to function or be effective","prep. 在...之上
adv. ...上去
a. 正起作用的
[计] 打开",i:91/r:8/j:1,5,1,zk gk ielts,17,17,on
once,once,wʌns,"r. on one occasion
r. as soon as
r. at a previous time;","adv. 一次, 曾经, 一旦
conj. 一旦, 一经
n. 一次
a. 从前的",c:21/r:79,5,1,zk gk ielts,548,300,once
one,one,wʌn,"n. the smallest whole number or a numeral representing this number
n. a single person or thing
s. used of a single unit or thing; not two or more
s. having the indivisible character of a unit","n. 一(个)
pron. 一, 任何人
num. 一, 一个
a. 一致的, 完整的",p:31/m:64/n:5,5,1,zk gk ielts,46,51,one
oneself,oneself,wʌn'self,"pron. A reflexive form of the indefinite pronoun one.
   Commonly writen as two words, one's self.","pron. 自己, 亲自",p:100,1,0,zk gk cet4 ky,7141,7598,oneself
onion,onion,'ʌnjәn,"n. the bulb of an onion plant
n. bulbous plant having hollow leaves cultivated worldwide for its rounded edible bulb
n. an aromatic flavorful vegetable","n. 洋葱
vt. 因洋葱使掉泪",n:100,2,1,gk cet4 cet6 ky,5108,2567,onion
only,only,'әunli,"r. with nevertheless the final result
r. in the final outcome
r. except that; only this time she came out better""
r. never except when","a. 唯一的, 仅有的, 最佳的
adv. 只有, 仅仅, 只能
conj. 但是, 不过",r:76/j:24,5,1,zk gk,70,101,only
onto,onto,'ɒntu:,"prep. On the top of; upon; on. See On to, under On, prep.",prep. 在...之上,i:100,3,1,gk cet4 ky,1535,926,onto
open,open,'әupәn,"n. a clear or unobstructed space or expanse of land or water
n. a tournament in which both professionals and amateurs may play
n. information that has become public
v. cause to open or to become open","n. 公开, 户外, 空旷
a. 开着的, 开放的, 开阔的, 营业着的, 公开的, 悬而未决的
vt. 打开, 公开, 开放
vi. 展开, 开始, 展现
[计] 打开指令; 打开语句",r:4/j:36/v:60,5,1,zk gk,403,355,open
opener,opener,'әupәnә,"n. the first event in a series
n. a hand tool used for opening sealed containers (bottles or cans)","n. 开...的人, 开局人, 开创人, 开具, 开启工具, 首项
[经] 申请开证人",n:100,1,0,gk,10456,7761,opener
opening,opening,'әupәniŋ,"n. an open or empty space in or between things
n. a ceremony accompanying the start of some enterprise
n. becoming open or being made open
n. the first performance (as of a theatrical production)","n. 开始, 口子, 穴, 揭幕
a. 开始的",j:2/n:98,3,1,gk cet4 cet6 ky ielts,1730,1940,opening
opera,opera,'ɒpәrә,"n. a drama set to music; consists of singing with orchestral accompaniment and an orchestral overture and interludes
n. a commercial browser
n. a building where musical dramas are performed",n. 歌剧,n:100,3,0,gk cet4 cet6 ky toefl,2984,3851,opera
operate,operate,'ɒpәreit,"v. direct or control; projects, businesses, etc.
v. handle and cause to function
v. happen","v. 操作, 运转, 动手术, 活动",v:100,5,1,gk cet4 cet6 ky toefl,970,1309,operate
operation,operation,.ɒpә'reiʃәn,"n. the state of being in effect or being operative
n. a business especially one run on a large scale
n. a planned activity involving many people performing various actions
n. (computer science) data processing in which the result is completely specified by a rule (especially the processing that results from a single instruction)","n. 操作, 动作, 手术, 运算, 作用, 业务
[计] 运算",n:100,5,1,zk gk cet4 cet6 ky,619,826,operation
operator,operator,'ɒpәreitә,"n. (mathematics) a symbol or function representing a mathematical operation
n. an agent that operates some apparatus or machine
n. someone who owns or operates a business
n. a speculator who trades aggressively on stock or commodity markets","n. 操作员, 行家, 经纪人, 算子, 运算符
[计] 运算符",n:100,3,0,gk cet4 cet6 ky toefl,2700,3210,operator
opinion,opinion,ә'pinjәn,"n. a personal belief or judgment that is not founded on proof or certainty
n. a message expressing a belief about something; the expression of a belief that is held with confidence but not substantiated by positive knowledge or proof
n. the legal document stating the reasons for a judicial decision
n. the reason for a court's judgment (as opposed to the decision itself)","n. 意见, 评价, 主张
[经] 意见",n:100,4,1,gk cet4 cet6 ky toefl ielts,1067,1124,opinion
oppose,oppose,ә'pәuz,"v. be against; express opposition to
v. contrast with equal weight or force
v. be resistant to","vt. 反对, 以...对抗, 抗争
vi. 反对",v:100,3,1,gk cet4 cet6 ky toefl ielts gre,2559,1945,oppose
opposite,opposite,'ɒpәzit,"s. being directly across from each other; facing
a. of leaves etc; growing in pairs on either side of a stem
s. moving or facing away from each other
s. the other one of a complementary pair","a. 相对的, 相反的, 对面的
prep. 对面
n. 对立面",i:8/r:5/j:72/n:15,3,1,gk cet4 cet6 ky toefl ielts,2574,2222,opposite
optimistic,optimistic,.ɒpti'mistik,a. expecting the best in this best of all possible worlds,"a. 乐观的, 乐观主义的, 乐天的",j:100,1,0,gk cet4 cet6 ky toefl,4963,4141,optimistic
optional,optional,'ɒpʃәnl,a. possible but not necessary; left to personal choice,"a. 可选择的, 随意的
[化] 选购的",j:100,1,0,gk cet4 cet6 ky toefl ielts gre,5815,5692,optional
or,or,ɒ:,"n a state in northwestern United States on the Pacific
n a room in a hospital equipped for the performance of surgical operations","conj. 或, 或者
[计] 或",c:100,5,1,zk gk,29,32,or
oral,oral,'ɒ:rәl,"n. an examination conducted by spoken communication
s. using speech rather than writing
a. of or relating to or affecting or for use in the mouth
a. of or involving the mouth or mouth region or the surface on which the mouth is located","n. 口试
a. 口头的, 口述的, 口部的",j:92/n:8,2,0,gk cet4 cet6 ky toefl ielts,3468,3875,oral
orange,orange,'ɒ:rindʒ,"n. round yellow to orange fruit of any of several citrus trees
n. orange color or pigment; any of a range of colors between red and yellow
n. any citrus tree bearing oranges
n. any pigment producing the orange color","n. 柑橘, 桔子, 橘色
a. 橘色的",j:51/n:49,3,1,zk gk,3959,3145,orange
orbit,orbit,'ɒ:bit,"n. the (usually elliptical) path described by one celestial body in its revolution about another
n. the path of an electron around the nucleus of an atom","n. 轨道, 常轨, 眼眶
vt. 绕...轨道而行
vi. 进入轨道, 盘旋",v:21/n:79,2,0,gk cet4 cet6 ky toefl ielts,6177,4178,orbit
order,order,'ɒ:dә,"n. (often plural) a command given by a superior (e.g., a military or law enforcement officer) that must be obeyed
n. a degree in a continuum of size or quantity
n. established customary state (especially of society)
n. a commercial document used to request someone to supply something in return for payment and providing specifications and quantities","n. 次序, 规则, 命令
vi. 命令, 定货
vt. 整理, 命令, 定购
n. 顺序, 阶数
[计] 顺序, 阶数",v:34/n:66,4,1,zk gk ielts,368,684,order
ordinary,ordinary,'ɒ:dinәri,"n. a judge of a probate court
n. the expected or commonplace condition or situation
n. a clergyman appointed to prepare condemned prisoners for death
n. an early bicycle with a very large front wheel and small back wheel","a. 平常的, 普通的, 平凡的
n. 平常的人(或事)",j:99/n:1,3,1,gk cet4 cet6 ky ielts,1387,2268,ordinary
organ,organ,'ɒ:gәn,"n. a fully differentiated structural and functional unit in an animal that is specialized for some particular function
n. a government agency or instrument devoted to the performance of some specific function
n. a periodical that is published by a special interest group
n. wind instrument whose sound is produced by means of pipes arranged in sets supplied with air from a bellows and controlled from a large complex musical keyboard","n. 风琴, 器官, 元件, 机构, 机关
[电] 风琴",n:100,2,1,gk cet4 cet6 ky ielts,3101,3394,organ
organise,organise,'ɒ:gәnaiz,"v bring order and organization to
v create (as an entity)
v form or join a union
v cause to be structured or ordered or operating according to some principle or idea
v arrange by systematic planning and united effort
v plan and direct (a complex undertaking)","vt. 组织, 有机化, 给予生机",,0,0,gk,1672,0,organise
organiser,organiser,,"n someone who enlists workers to join a union
n a person who brings order and organization to an enterprise
n a lightweight consumer electronic device that looks like a hand-held computer but instead performs specific tasks; can serve as a diary or a personal database or a telephone or an alarm clock etc.","[经] 组织者, 创立人, 发起人",n:100,0,0,gk,4049,46049,organiser
organization,organization,.ɒ:gәnai'zeiʃәn,"n. a group of people who work together
n. the act of organizing a business or an activity related to a business
n. an ordered manner; orderliness by virtue of being methodical and well organized
n. the activity or result of distributing or disposing persons or things properly or methodically","n. 组织, 结构, 团体, 体制
[医] 组织, 机构, 机化(血栓或坏死组织)",n:100,4,1,gk cet4 cet6 ky ielts,1079,595,organization
origin,origin,'ɒridʒin,"n. properties attributable to your ancestry
n. an event that is a beginning; a first part or stage of subsequent events
n. the point of intersection of coordinate axes; where the values of the coordinates are all zero
n. the source of something's existence or from which it derives or is derived","n. 起源, 起因, 出身, 开端
[计] 原点; 起始地址; 信件来源的相关数据",n:100,3,1,gk cet4 cet6 ky toefl ielts,1898,2547,origin
other,other,'ʌðә,"a. not the same one or ones already mentioned or implied
s. recently past
s. very unusual; different in character or quality from the normal or expected","a. 其他的, 另外的, 从前的
pron. 其他的, 他人, 另外一个",i:4/p:8/j:88,5,1,zk gk,69,75,other
otherwise,otherwise,'ʌðәwaiz,"s. other than as supposed or expected
r. in other respects or ways","adv. 否则, 不同地, 别的方式",r:100,4,1,gk cet4 cet6 ky ielts,1133,1527,otherwise
Ottawa,ottawa,'ɔtәwә,"n. a member of the Algonquian people of southern Ontario
n. the capital of Canada (located in southeastern Ontario across the Ottawa river from Quebec)",n. 渥太华,,0,0,gk,21083,0,ottawa
ouch,ouch,autʃ,"n. A socket or bezel holding a precious stone; hence, a jewel or
   ornament worn on the person.","interj. 哎唷(表剧痛)
n. 扣环, 胸针, 珠宝饰物",u:100,0,0,gk,22197,15065,ouch
ought,ought,ɒ:t,"n. & adv. See Aught.
imp., p. p., or auxi Was or were under obligation to pay;
   owed.
imp., p. p., or auxi Owned; possessed.
imp., p. p., or auxi To be bound in duty or by moral
   obligation.
imp., p. p., or auxi To be necessary, fit, becoming, or
   expedient; to behoove; -- in this sense formerly sometimes used
   impersonally or without a subject expressed.
 of Owe","aux. 应该, 大概
n. 责任",v:100,3,0,gk cet4 cet6 ky,1546,1755,ought
our,our,'auә,"pl.  of I
possessive pron. Of or pertaining to us; belonging to us; as, our
   country; our rights; our troops; our endeavors. See I.",pron. 我们的,a:100,5,1,zk gk,93,79,our
ours,ours,'auәz,"pl.  of I
possessive pron. See Note under Our.",pron. 我们的,p:100,2,1,zk gk,3947,4099,ours
ourselves,ourselves,.auә'selvz,"pl.  of Myself
pron. ; sing. Ourself (/). An emphasized form of the
   pronoun of the first person plural; -- used as a subject, usually with
   we; also, alone in the predicate, in the nominative or the objective
   case.",pron. 我们自己,p:100,3,1,zk gk,1994,1766,ourselves
out,out,aut,"n. (baseball) a failure by a batter or runner to reach a base safely in baseball
v. reveal (something) about somebody's identity or lifestyle
v. be made known; be disclosed or revealed
a. not allowed to continue to bat or run","a. 外面的, 熄灭的, 结束的
adv. 在外, 熄灭, 出现
prep. 出自, 离去, 向",i:26/r:73/v:1,5,1,zk gk,62,64,out
outcome,outcome,'autkʌm,"n something that results
n a phenomenon that follows and is caused by some previous phenomenon","n. 结果, 出口",n:100,3,0,gk cet4 cet6 ky toefl ielts,1957,1747,outcome
outdoors,outdoors,'aut'dɒ:z,n. where the air is unconfined,"n. 户外, 野外活动
adv. 在户外, 在野外",r:59/n:41,1,1,gk cet4 cet6 toefl,15004,7559,outdoors
outer,outer,'autә,"a. being on the outside or further from a center
s. located outside
s. being on or toward the outside of the body","a. 外部的, 外面的, 在外的, 远离中心的
[机] 外部的, 外面的, 外侧的",j:100,2,1,gk cet4 cet6 ky,3097,3698,outer
outgoing,outgoing,'autgәuiŋ,"a. leaving a place or a position
a. retiring from a position or office","n. 外出, 开支, 流出
a. 喜欢外出的, 即将离职的, 乐于助人的",j:100,1,0,gk toefl gre,7704,9020,outgoing
outing,outing,'autiŋ,"n a journey taken for pleasure
n a day devoted to an outdoor social gathering
v to state openly and publicly one's homosexuality
v reveal (something) about somebody's identity or lifestyle
v be made known; be disclosed or revealed","n. 郊游, 远足
a. 远足适用的",n:100,2,0,gk ky toefl,6382,7723,outing
outline,outline,'autlain,"n. the line that appears to bound an object
n. a sketchy summary of the main points of an argument or theory
n. a schematic or preliminary plan","n. 大纲, 轮廓, 概要
vt. 描画轮廓, 描述要点
n. 大纲, 分级, 轮廓
[计] 大纲, 分级, 轮廓",n:44/v:56,3,1,gk cet4 cet6 ky toefl ielts gre,2838,4429,outline
output,output,'autput,"n. production of a certain amount
n. the quantity of something (as a commodity) that is created (usually within a given period of time)
n. what is produced in a given time period
v. to create or manufacture a specific amount","n. 输出, 产品, 产量
[计] 输出",v:4/n:96,3,1,gk cet4 cet6 ky toefl ielts,1540,4085,output
outside,outside,'aut'said,"n. the region that is outside of something
n. the outer side or surface of something
a. relating to or being on or near the outer side or limit
s. originating or belonging beyond some bounds:""the outside world""","n. 外面, 外表, 外界
a. 外面的, 外表的, 外界的
adv. 外面, 外表, 外界",i:54/n:2/r:25/j:19,5,1,zk gk,857,809,outside
outspoken,outspoken,.aut'spәukәn,s. given to expressing yourself freely or insistently,"a. 直言无讳的, 坦率的, 坦白无隐的",j:100,1,0,gk toefl ielts gre,11487,8801,outspoken
outstanding,outstanding,.aut'stændiŋ,"s. distinguished from others in excellence
s. having a quality that thrusts itself into attention
s. owed as a debt","a. 杰出的, 突出的, 未偿付的, 未决定的
[经] 未解决的, 未偿付",j:100,3,1,gk cet4 cet6 ky toefl,2714,4000,outstanding
outward,outward,'autwәd,"a. relating to physical reality rather than with thoughts or the mind
r. toward the outside","a. 向外的, 表面的, 外服的
adv. 向外, 在外, 表面",r:63/j:37,1,0,gk cet4 cet6 ky toefl,8743,8599,outward
oval,oval,'әuvәl,"n a closed plane curve resulting from the intersection of a circular cone and a plane cutting completely through it
s rounded like an egg","n. 椭圆形
a. 卵形的, 椭圆形的",j:73/n:27,2,0,gk cet4 cet6 ky toefl ielts,9791,6604,oval
over,over,'әuvә,"n. (cricket) the division of play during which six balls are bowled at the batsman by one player from the other team from the same end of the pitch
r. at or to a point across intervening space etc.
r. throughout an area
r. throughout a period of time","adv. 结束, 越过, 从头到尾
prep. 在...之上, 遍于...之上, 越过
a. 上面的
vt. 越过",i:58/n:1/r:40/j:1,5,1,zk gk,110,124,over
overcoat,overcoat,'әuvәkәut,n. an additional protective coating (as of paint or varnish),n. 外套大衣,n:100,1,0,zk gk cet4 cet6 ky,10596,12679,overcoat
overcome,overcome,.әuvә'kʌm,v. get on top of; deal with successfully,"vt. 战胜, 克服, 胜过
vi. 得胜",j:4/v:96,3,1,gk cet4 cet6 ky toefl ielts,2462,2707,overcome
overhead,overhead,'әuvәhed,"n. (nautical) the top surface of an enclosed space on a ship
n. a hard return hitting the tennis ball above your head
a. located or originating from above
r. above your head; in the sky","n. 经常开支, 普通用费, 天花板
a. 在头上的, 高架的
adv. 在头顶上, 在空中, 在高处, 从头到脚全部没入地
[计] 总开销; 额外开销",n:17/r:55/j:28,2,0,gk cet4 cet6 ky ielts,7523,5527,overhead
overlook,overlook,.әuvә'luk,"n. a high place affording a good view
v. look past, fail to notice
v. watch over","vt. 俯瞰, 远眺, 没注意到
n. 眺望, 俯瞰到的景色",n:2/v:98,2,0,gk cet4 cet6 ky toefl ielts gre,3391,3139,overlook
overweight,overweight,'әuvә'weit,"n the property of excessive fatness
s usually describes a large person who is fat but has a large frame to carry it","n. 超过重量, 过重, 优势
a. 超过重量的, 超重的
vt. 使超重, 重于, 过于重视",j:100,1,0,gk,10207,6628,overweight
owe,owe,әu,"v. be obliged to pay or repay
v. be indebted to, in an abstract or intellectual sense
v. be in debt","vt. 亏欠, 负...债, 归功于, 怀有, 应给予, 感恩
vi. 欠钱",v:100,3,1,gk cet4 cet6 ky ielts,2323,2979,owe
own,own,әun,"v. have ownership or possession of
s. belonging to or on behalf of a specified person (especially yourself); preceded by a possessive","n. 自己的
a. 自己的, 嫡亲的, 同胞的
vt. 拥有, 支配, 自认, 承认, 顺从于
vi. 承认, 供认",d:87/v:13,5,1,zk gk,118,148,own
owner,owner,'әunә,"n. (law) someone who owns (is legal possessor of) a business
n. a person who owns something","n. 拥有者, 物主, 所有人
[经] 所有者, 物主, 业主",n:100,4,1,zk gk cet4 cet6 ky,1153,1021,owner
ownership,ownership,'әunәʃip,"n. the relation of an owner to the thing possessed; possession with the right to transfer possession to others
n. the state or fact of being an owner","n. 所有权, 物主身份
[经] 所有权, 所有制",n:100,3,0,gk cet4 cet6 ky ielts,2672,3585,ownership
ox,ox,ɒks,"n. an adult castrated bull of the genus Bos; especially Bos taurus
n. any of various wild bovines especially of the genera Bos or closely related Bibos",n. 牛,,1,0,gk cet4 cet6 ky,11804,0,ox
oxygen,oxygen,'ɒksәdʒәn,n. a nonmetallic bivalent element that is normally a colorless odorless tasteless nonflammable diatomic gas; constitutes 21 percent of the atmosphere by volume; the most abundant element in the earth's crust,"n. 氧
[化] 氧O-2",n:100,2,0,gk cet4 ky toefl,3719,3839,oxygen
pace,pace,peis,"n. the rate of moving (especially walking or running)
n. the relative speed of progress or change
n. a step in walking or running
v. walk with slow or fast paces","n. 速度, 步调, 步法
vi. 踱步, 缓慢走
vt. 用步测, 踱步于",v:25/n:75,3,1,gk cet4 cet6 ky toefl ielts,2461,2533,pace
pacific,pacific,pә'sifik,"n. the largest ocean in the world
a. relating to or bordering the Pacific Ocean
s. disposed to peace or of a peaceful nature","n. 太平洋
a. 太平洋的, 太平洋沿岸的, 爱好和平的, 安静的, 平息的",j:100,0,0,zk gk cet4 cet6 ielts,2913,26607,pacific
pack,pack,pæk,"n. a complete collection of similar things
n. a convenient package or parcel (as of cigarettes or film)
n. a group of hunting animals
n. a cream that cleanses and tones the skin","n. 包裹, 一伙, 一副, 背包, 包装
vt. 包装, 捆扎, 塞满, 压紧, 挑选
vi. 包装货物, 挤, 群集, 被包装
[计] 压缩",n:47/v:53,4,1,gk cet4 ky toefl gre,2523,2273,pack
package,package,'pækidʒ,"n. a collection of things wrapped or boxed together
n. a wrapped container","n. 包裹, 套装软件, 包, 包装用物, 程序包
vt. 包装, 打包
a. 一揽子的
[计] 包, 软件包, 包装",v:9/n:91,4,1,zk gk cet4 cet6 ky toefl ielts,1336,1685,package
packet,packet,'pækit,"n. (computer science) a message or message fragment
n. a small package or bundle","n. 小包, 一批信件, 大量, 信息包
vt. 打包, 装进小包
[计] 分组, 分组报文, 数据分组",n:100,2,1,gk cet4 cet6 ky,3805,6240,packet
paddle,paddle,'pædl,"n. small wooden bat with a flat surface; used for hitting balls in various games
n. a blade of a paddle wheel or water wheel
n. an instrument of punishment consisting of a flat board
n. a short light oar used without an oarlock to propel a canoe or small boat","n. 桨, 划桨, 明轮翼
vi. 划桨, 戏水, 涉水
vt. 用桨划, 划船运送, 搅, 拌",n:43/v:57,1,0,gk ky toefl ielts,10365,9187,paddle
page,page,peidʒ,"n. one side of one leaf (of a book or magazine or newspaper or letter etc.) or the written or pictorial matter it contains
n. English industrialist who pioneered in the design and manufacture of aircraft (1885-1962)
n. United States diplomat and writer about the Old South (1853-1922)
n. a boy who is employed to run errands","n. 页, 记录, 事件, 专栏, 男侍
vt. 标明...的页数, 翻...的书页, 分页排版, 呼叫, 侍候
vi. 翻书页, 侍侯
[计] 页; 页面",v:1/n:99,5,1,zk gk,658,708,page
pain,pain,pein,"n. a symptom of some physical hurt or disorder
n. emotional distress; a fundamental feeling that people try to avoid
n. a somatic sensation of acute discomfort
n. a bothersome annoying person","n. 痛苦, 疼痛, 辛苦
vt. 使痛苦, 痛苦
vi. 作痛, 疼",v:2/n:98,4,1,gk cet4 cet6 ky,1184,937,pain
painful,painful,'peinful,a. causing physical or psychological pain,"a. 痛苦的, 困难的, 令人烦恼的
[医] 疼痛的",j:100,3,1,gk cet4 cet6 ky,3638,3034,painful
paint,paint,peint,"n. a substance used as a coating to protect or decorate a surface (especially a mixture of pigment suspended in a liquid); dries to form a hard coating
v. make a painting
v. apply paint to; coat with paint
v. make a painting of","n. 油漆, 颜料, 绘画作品, 涂漆
vt. 油漆, 绘, 画, 描绘, 装饰, 点缀
vi. 绘画, 涂漆",n:35/v:65,4,1,zk gk cet4 ky,2040,1555,paint
painter,painter,'peintә,"n. an artist who paints
n. a worker who is employed to cover objects with paint
n. a line that is attached to the bow of a boat and used for tying up (as when docking or towing)","n. 画家, 油漆匠
[机] 油漆匠, 喷漆匠",n:100,2,1,gk cet4 ky,3579,3322,painter
painting,painting,'peintiŋ,"n. graphic art consisting of an artistic composition made by applying paints to a surface
n. creating a picture with paints
n. the act of applying paint to a surface
n. the occupation of a house painter","n. 画, 绘画, 油漆
[化] 涂漆",n:100,4,1,gk cet4 cet6 ky toefl ielts,1348,1056,painting
pair,pair,pєә,"n. a set of two similar things considered as a unit
n. two people considered as a unit
n. a poker hand with 2 cards of the same value
v. form a pair or pairs","n. 一双, 一对, 一副
v. (使)成对",v:9/n:91,4,1,zk gk ielts,1213,1485,pair
palace,palace,'pælis,"n. a large and stately mansion
n. the governing group of a kingdom
n. a large ornate exhibition hall
n. official residence of an exalted person (as a sovereign)","n. 宫, 宫殿, 华丽大厦",n:100,3,1,zk gk ielts,1935,4678,palace
pale,pale,peil,"v. turn pale, as if in fear
s. very light colored; highly diluted with white
s. (of light) lacking in intensity or brightness; dim or feeble
s. lacking in vitality or interest or effectiveness","n. 栅栏, 界线, 范围
a. 苍白的, 暗淡的, 无力的
vi. 变苍白, 变暗, 失色
vt. 使变苍白, 使失色, 用栅栏围",j:94/v:6,3,1,zk gk cet4 cet6 ky toefl,2315,2935,pale
pan,pan,pæn,"n. cooking utensil consisting of a wide metal vessel
n. (Greek mythology) god of fields and woods and shepherds and flocks; represented as a man with goat's legs and horns and ears; identified with Roman Sylvanus or Faunus
n. shallow container made of metal
n. chimpanzees; more closely related to Australopithecus than to other pongids","n. 平锅, 浅盘, 盆地, 硬土层, 拍摄全景
v. 上下左右移动, 摇镜头, 淘洗, 淘金",v:11/n:89,3,1,gk cet4 cet6 ky gre,4319,2479,pan
pancake,pancake,'pænkeik,n. a flat cake of thin batter fried on both sides on a griddle,"n. 薄烤饼, 薄煎饼, 烙饼",n:100,1,0,zk gk,15188,7331,pancake
panda,panda,'pændә,"n large black-and-white herbivorous mammal of bamboo forests of China and Tibet; in some classifications considered a member of the bear family or of a separate family Ailuropodidae
n reddish-brown Old World raccoon-like carnivore; in some classifications considered unrelated to the giant pandas","n. 大熊猫, 小熊猫",n:100,1,0,zk gk cet4 ky,15519,14691,panda
panic,panic,'pænik,"n. an overwhelming feeling of fear and anxiety
n. sudden mass fear and anxiety over anticipated events
v. be overcome by a sudden fear
v. cause sudden fear in or fill with sudden panic","n. 恐慌, 惊慌
a. 惊慌的, 没有理由的, 恐慌的
vt. 使惊慌, 使狂热
vi. 惊慌",v:32/n:68,3,0,gk cet6 ky toefl ielts gre,3777,4310,panic
paper,paper,'peipә,"n. a material made of cellulose pulp derived mainly from wood or rags or certain grasses
n. a medium for written communication
n. a scholarly article describing the results of observations or stating hypotheses
v. cover with paper","n. 纸, 文件, 文章, 报纸, 证券, 证件
vt. 用纸糊, 贴壁纸于, 用纸包装
vi. 贴壁纸
a. 纸做的, 纸上的",v:1/n:99,5,1,zk gk ielts,395,519,paper
paperwork,paperwork,'peipәwә:k,n. work that involves handling papers: forms or letters or reports etc.,n. 文书工作,n:100,1,0,gk,8494,6838,paperwork
paragraph,paragraph,'pærәgrɑ:f,"n. one of several distinct subdivisions of a text intended to separate ideas; the beginning is usually marked by a new indented line
v. divide into paragraphs, as of text
v. write about in a paragraph
v. write paragraphs; work as a paragrapher","n. 段落, 短评
vt. 将...分段, 分段落
vi. 写短讯
[计] 段落",n:100,2,0,gk cet4 cet6 ky,2495,5897,paragraph
parallel,parallel,'pærәlel,"n. (mathematics) one of a set of parallel geometric figures (parallel lines or planes)
v. be parallel to
v. make or place parallel to something
a. being everywhere equidistant and not intersecting","n. 平行, 对比, 相匹敌之物
a. 平行的, 相似的
vt. 与...平行, 与...相似, 相比, 使平行
[计] 并联; 并行",r:17/j:34/v:17/n:32,2,1,gk cet4 cet6 ky toefl ielts gre,3869,5840,parallel
parcel,parcel,'pɑ:sl,"n. the allotment of some amount by dividing something
v. divide into parts
v. cover with strips of canvas
v. make into a wrapped container","n. 包裹, 部分, 片
vt. 分配, 打包
a. 部分的
adv. 局部地",v:8/n:92,2,0,gk cet4 cet6 ky ielts,4933,7729,parcel
pardon,pardon,'pɑ:dn,"n. a warrant granting release from punishment for an offense
v. grant a pardon to","n. 原谅, 赦免
vt. 宽恕, 原谅",v:38/n:62,2,0,zk gk,4052,7831,pardon
parent,parent,'perәnt,"n. a father or mother; one who begets or one who gives birth to or nurtures and raises a child; a relative who plays the role of guardian
n. an organism (plant or animal) from which younger ones are obtained","n. 父母, 父母亲, 根源
[法] 父亲, 母亲, 根源",v:1/n:99,5,1,zk gk ielts,494,327,parent
Paris,paris,'pæris,"n. the capital and largest city of France; and international center of culture and commerce
n. sometimes placed in subfamily Trilliaceae
n. (Greek mythology) the prince of Troy who abducted Helen from her husband Menelaus and provoked the Trojan War","n. 巴黎
[医] 重楼属",,0,0,gk,1548,0,paris
park,park,pɑ:k,"n. a large area of land preserved in its natural state as public property
n. a piece of open land for recreational use in an urban area
n. Scottish explorer in Africa (1771-1806)
n. a gear position that acts as a parking brake","n. 公园, 停车处
vt. 停车, 置于
vi. 停车",v:22/n:78,4,1,zk gk ielts,853,3467,park
parking,parking,'pɑ:kiŋ,"n. space in which vehicles can be parked
n. the act of maneuvering a vehicle into a location where it can be left temporarily","n. 停车
a. 停车的",n:100,2,0,gk ielts,4375,2322,parking
parrot,parrot,'pærәt,"n. usually brightly colored zygodactyl tropical birds with short hooked beaks and the ability to mimic sounds
n. a copycat who does not understand the words or acts being imitated
v. repeat mindlessly","n. 鹦鹉, 应声虫
vt. 学舌, 机械地模仿",v:2/n:98,1,0,gk toefl,8676,9988,parrot
part,part,pɑ:t,"n. something determined in relation to something that includes it
n. something less than the whole of a human artifact
n. a portion of a natural object
n. that which concerns a person with regard to a particular role or situation","n. 部分, 局部, 零件, 要素, 等分, 职责, 角色, 部位
vt. 分开, 分离, 断绝, 区别, 分配
vi. 分开, 断裂, 分手
a. 部分的, 局部的
adv. 部分地, 有些",i:2/r:8/v:2/n:88,3,1,zk gk cet4 ky ielts,140,178,part
participate,participate,pɑ:'tisipeit,v. share in something,"vi. 参加, 分享, 参与, 带有
vt. 分享, 分担",v:100,3,0,gk cet4 cet6 ky toefl ielts,2783,1482,participate
particular,particular,pә'tikjulә,"n. a fact about some part (as opposed to general)
n. (logic) a proposition that asserts something about some (but not all) members of a class
s. unique or specific to a person or thing or category
s. separate and distinct from others of the same group or category","n. 一项(或条、点), 个别项目, 详细说明
a. 特别的, 独有的, 挑剔的, 详尽的",r:24/j:76,4,1,gk cet4 cet6 ky gre,431,948,particular
partly,partly,'pɑ:tli,r in part; in some degree; not wholly,"adv. 部分地, 在一定程度上",r:100,3,1,gk cet4 cet6 ky,1638,2824,partly
partner,partner,'pɑ:tnә,"n. a person who is a member of a partnership
v. provide with a partner
v. act as a partner","n. 合伙人, 股东, 伙伴, 伴侣
vt. 与...合伙, 组成一对
vi. 做伙伴, 当助手",v:4/n:96,4,1,gk cet4 cet6 ky,1144,1048,partner
party,party,'pɑ:ti,"n. an organization to gain political power
n. a group of people gathered together for pleasure
n. a band of people associated temporarily in some activity
n. an occasion on which people can assemble for social interaction and entertainment","n. 宴会, 党, 政党, 团体, 当事人, 聚会
v. 举办聚会",v:1/n:99,5,1,zk gk toefl ielts,166,351,party
pass,pass,pæs,"n. (military) a written leave of absence
n. (American football) a play that involves one player throwing the ball to a teammate
n. the location in a range of mountains of a geological formation that is lower than the surrounding peaks
n. any authorization to pass or go somewhere","n. 经过, 要隘, 途径, 通行, 护照, 及格
vt. 经过, 越过, 通过, 批准, 度过, 传递, 忽略
vi. 经过, 变化, 流通, 及格, 宣判, 终止, 消逝, 被忽略, 不叫牌, 传递
[计] 遍",n:16/v:84,5,1,zk gk ielts,480,441,pass
passage,passage,'pæsidʒ,"n. the act of passing from one state or place to the next
n. a section of text; particularly a section of medium length
n. a way through or along which someone or something may pass
n. a journey usually by ship","n. 通道, 通过, 移居, 航行, 一段, 走廊
vi. 通过, 经过, 航行, 横渡, 争吵
vt. (使)马以斜横步前进, 使传代",n:100,3,1,zk gk toefl ielts,1783,2210,passage
passenger,passenger,'pæsindʒә,n. a traveler riding in a vehicle (a boat or bus or car or plane or train etc) who is not operating it,"n. 乘客, 旅客
[经] 乘客, 旅客",n:100,3,1,zk gk cet4 cet6 ky,2001,2080,passenger
passive,passive,'pæsiv,"a. lacking in energy or will
s. peacefully resistant in response to injustice
a. expressing that the subject of the sentence is the patient of the action denoted by the verb","a. 消极的, 被动的, 冷漠的, 顺从的, 无源的
[医] 被动的",j:99/n:1,2,0,gk cet4 cet6 ky toefl ielts gre,4512,5680,passive
passport,passport,'pæspɒ:t,n. a document issued by a country to a citizen allowing that person to travel abroad and re-enter the home country,"n. 护照, 手段, 通行证
[法] 通行证, 护照",n:100,2,1,zk gk ielts,5283,6239,passport
past,past,pɑ:st,"n. the time that has elapsed
n. a earlier period in someone's life (especially one that they have reason to keep secret)
n. a verb tense that expresses actions or states in the past
a. earlier than the present time; no longer current","n. 过去, 昔时, 往事, 早年经历, 过去时
a. 过去的, 结束的, 卸任的, 过去时的
prep. 越过, 晚于, 超越, 超出...的可能性(能力、范围等)
pass的过去分词",i:21/r:8/j:42/n:29,5,1,zk gk,1116,680,past
patent,patent,'pætnt. 'peitnt,"n. a document granting an inventor sole rights to an invention
n. an official document granting a right or privilege
v. obtain a patent for
v. grant rights to; grant a patent for","n. 专利权, 许可证, 执照, 专利品, 素质
a. 专利的, 特许的, 显著的, 新奇的
vt. 取得...的专利权, 请准专利",v:11/j:4/n:85,2,0,gk cet6 ky toefl ielts gre,4835,4405,patent
path,path,pɑ:θ,"n. a way especially designed for a particular use
n. an established line of travel or access
n. a line or route along which something travels or moves","n. 路径, 小路, 道路, 途径, 路线, 轨道
[计] 路径; DOS内部命令:设定DOS读取程序的路径",n:100,3,1,zk gk cet4 cet6 ky toefl,1266,1336,path
patience,patience,'peiʃәns,n. good-natured tolerance of delay or incompetence,"n. 耐性, 忍耐",n:100,2,1,gk cet4 cet6 ky toefl,4928,4177,patience
patient,patient,'peiʃәnt,"n. a person who requires medical care
a. enduring trying circumstances with even temper or characterized by such endurance","n. 病人, 承受者
a. 忍耐的, 容忍的, 有耐性的, 坚忍的",j:11/n:89,4,1,zk gk cet4 cet6 ky,384,572,patient
pattern,pattern,'pætәn,"n. a model considered worthy of imitation
v. form a pattern","n. 模范, 典型, 式样, 样品, 图案, 格调, 模式
vt. 模仿, 仿造, 以图案装饰
vi. 形成图案
[计] 模式, 图案",v:1/n:99,4,1,gk cet4 cet6 ky ielts,676,1017,pattern
pause,pause,pɒ:z,"n. a time interval during which there is a temporary cessation of something
n. temporary inactivity
v. cease an action temporarily","n. 暂停, 中止, 停顿, 间歇, 踌躇, 休止符
vi. 暂停, 中止, 停顿, 踌躇
[计] DOS内部命令:暂时停止批处理文件的执行",n:40/v:60,3,1,gk cet4 cet6 ky,2566,2777,pause
pay,pay,pei,"v. give money, usually in exchange for goods or services
v. do or give something to somebody in return
v. be worth it
v. render","n. 薪资, 付款, 补偿
vt. 支付, 付清, 补偿, 偿还, 对...有利, 为...涂防水物
vi. 付款, 付出代价, 偿还, 得到报应, 获得好处",n:9/v:91,5,1,zk gk ielts,227,286,pay
pea,pea,pi:,"n. seed of a pea plant used for food
n. the fruit or seed of a pea plant
n. a leguminous plant of the genus Pisum with small white flowers and long green pods containing edible green seeds","n. 豌豆, 似豌豆的东西",n:100,2,0,gk cet4 cet6 ky,6504,5226,pea
peace,peace,pi:s,"n. the state prevailing during the absence of war
n. harmonious relations; freedom from disputes
n. the absence of mental stress or anxiety
n. the general security of public places","n. 和平, 和约, 治安, 和睦, 安宁, 静寂
vi. 安静下来, 不作声",n:100,5,1,zk gk cet4 ky,1123,933,peace
peaceful,peaceful,'pi:sful,a. not disturbed by strife or turmoil or war,"a. 平静的, 和平的, 和平时期的, 爱好和平的, 喜爱安静的
[法] 和平的, 爱好和平的, 和平时期的",j:100,3,1,gk cet4 cet6 ky,3937,3655,peaceful
peach,peach,pi:tʃ,"n. cultivated in temperate regions
n. downy juicy fruit with sweet yellowish or whitish flesh","n. 桃子, 桃树, 桃色, 美人儿, 极好的事物
vt. 告发
vi. 告密, 检举",n:100,2,0,gk cet4 cet6 ky,6592,5531,peach
pear,pear,pєә,"n. sweet juicy gritty-textured fruit available in many varieties
n. Old World tree having sweet gritty-textured juicy fruit; widely cultivated in many varieties","n. 梨子, 梨树, 梨木
[机] 梨木",n:100,1,0,zk gk cet4 cet6 ky,8976,6857,pear
peasant,peasant,'peznt,"n. a country person
n. one of a (chiefly European) class of agricultural laborers
n. a crude uncouth ill-bred person lacking culture or refinement","n. 农夫, 乡下人",n:100,2,0,gk cet4 cet6 ky,2564,4680,peasant
pedestrian,pedestrian,pә'destriәn,"n. a person who travels by foot
s. lacking wit or imagination","n. 行人, 步行者
a. 人行的, 徒步的, 呆板的, 通俗的, 平淡无奇的",j:2/n:98,1,0,gk cet6 ky ielts gre,5992,7573,pedestrian
pen,pen,pen,"n. a writing implement with a point from which ink flows
n. an enclosure for confining livestock
n. female swan","n. 钢笔, 笔, 笔调, 笔杆子, 作家, 围栏, 栅栏, 禽畜
vt. 写, 关入栏中, 囚禁
vi. 动笔, 写作",v:15/n:85,3,1,zk gk gre,3020,3583,pen
pencil,pencil,'pensl,"n. a thin cylindrical pointed writing implement; a rod of marking substance encased in wood
n. graphite (or a similar substance) used in such a way as to be a medium of communication
n. a figure formed by a set of straight lines or light rays meeting at a point
n. a cosmetic in a long thin stick; designed to be applied to a particular part of the face","n. 铅笔, 色笔, 眉笔, 画笔, 光线束
vt. 用铅笔写或涂, 草拟",v:4/n:96,2,1,zk gk,4530,4410,pencil
penny,penny,'peni,"n. a fractional monetary unit of Ireland and the United Kingdom; equal to one hundredth of a pound
n. a coin worth one-hundredth of the value of the basic unit","n. 便士, 一分, 小钱, 点滴
[经] 便士",,3,1,zk gk cet4 cet6 ky ielts,4306,0,penny
pension,pension,'penʃәn,"n. a regular payment to a person that is intended to allow them to subsist without working
v. grant a pension to","n. 养老金, 退休金, 津贴, 年金, 抚恤金, 膳宿学校, 膳宿费
vt. 发给退休金, 用津贴拉拢",v:1/n:99,3,1,gk cet4 cet6 ky ielts gre,1490,3785,pension
people,people,'pi:pl,"n. (plural) any group of human beings (men or women or children) collectively
n. members of a family line
v. fill with people
v. furnish with people","n. 人, 人民, 民族, 平民
vt. 使住满人, 居住于",v:1/n:99,5,1,zk gk,75,62,people
pepper,pepper,'pepә,"n. climber having dark red berries (peppercorns) when fully ripe; southern India and Sri Lanka; naturalized in northern Burma and Assam
n. pungent seasoning from the berry of the common pepper plant of East India; use whole or ground
n. sweet and hot varieties of fruits of plants of the genus Capsicum
v. add pepper to","n. 胡椒粉, 胡椒, 辣椒
[化] 胡椒; 辣椒; 花椒",v:4/n:96,3,1,gk cet4 cet6 ky,5443,1923,pepper
per,per,pә:,"prep. Through; by means of; through the agency of; by; for; for
   each; as, per annum; per capita, by heads, or according to individuals;
   per curiam, by the court; per se, by itself, of itself. Per is also
   sometimes used with English words.","prep. 每一, 通过, 经, 按照
[经] 每, 按照",i:91/r:5/j:4,0,1,gk ielts,743,669,per
percent,percent,pә'sent,n a proportion in relation to a whole (which is usually the amount per hundred),"n. 百分比, 百分数, 部分
[机] 百分率",,5,0,zk gk cet4 cet6 ky ielts,2802,0,percent
percentage,percentage,pә'sentidʒ,n. a proportion in relation to a whole (which is usually the amount per hundred),"n. 百分比, 比率, 部分, 可能性
[计] 百分比",n:100,3,0,gk cet4 cet6 ky toefl ielts,2610,1787,percentage
perfect,perfect,'pә:fikt,"v. make perfect or complete
a. being complete of its kind and without defect or blemish
s. precisely accurate or exact","n. 完成时
a. 完美的, 完好的, 理想的, 熟练的, 精确的, 完成式的
vt. 使完美, 修改, 使精通, 改善, 使熟练",j:93/v:7,4,1,zk gk toefl ielts,1685,1160,perfect
perform,perform,pә'fɒ:m,"v. carry out or perform an action
v. perform a function
v. give a performance (of something)","vt. 进行, 履行, 完成, 执行, 表演
vi. 行动, 工作, 执行, 演出",v:100,4,1,gk cet4 cet6 ky toefl,1138,953,perform
performance,performance,pә'fɒ:mәns,"n. a dramatic or musical entertainment
n. the act of presenting a play or a piece of music or other entertainment
n. the act of performing; of doing something successfully; using knowledge as distinguished from merely possessing it
n. any recognized accomplishment","n. 施行, 工作情况, 成绩, 行为, 表现, 演出
[电] 绩效, 性能",n:100,4,1,gk cet4 cet6 ky toefl ielts,688,675,performance
performer,performer,pә'fɒ:mә,n. an entertainer who performs a dramatic or musical work for an audience,"n. 表演者, 执行者, 完成者
[法] 执行者, 履行者, 实行者",n:100,0,1,gk toefl,5369,3962,performer
perfume,perfume,'pә:fju:m,"n. a toiletry that emits and diffuses a fragrant odor
v. fill or impregnate with an odor
v. apply perfume to","n. 香水, 香气, (悦人的)气氛, 美名
vt. 洒香水于, 薰香, 使充满香气",v:6/n:94,2,0,gk cet4 cet6 ky toefl ielts,7033,6592,perfume
perhaps,perhaps,pә'hæps,r by chance,"adv. 也许, 大概",r:100,5,1,zk gk cet4 cet6 ky,249,435,perhaps
period,period,'piәriәd,"n. the interval taken to complete one cycle of a regularly repeating phenomenon
n. (ice hockey) one of three divisions into which play is divided in hockey games
n. a unit of geological time during which a system of rocks formed
n. the end or completion of something","n. 时期, 节段, 节, 句点, 学时, 周期
a. 当时特有的, 过去某段时期的
interj. 就是这话, 就是这么回事",n:100,4,1,zk gk cet4 cet6 ky toefl ielts,324,617,period
permanent,permanent,'pә:mәnәnt,"a. continuing or enduring without marked change in status or condition or place
s. not capable of being reversed or returned to the original condition","a. 永久的, 不变的, 固定的, 持久的
n. 烫发
[计] 永久的",j:99/n:1,3,1,gk cet4 cet6 ky toefl ielts gre,1993,2464,permanent
permission,permission,pә'miʃәn,n. approval to do something,"n. 许可, 允许
[计] 许可, 认可",n:100,3,1,gk cet4 cet6 ky toefl,2468,3233,permission
permit,permit,pә'mit,"n. large game fish; found in waters of the West Indies
v. consent to, give permission","n. 许可证, 许可, 执照, 通行证
vt. 允许, 容许, 可能, 使放手做
vi. 容许, 给以机会, 提供可能",n:25/v:75,3,1,gk cet4 cet6 ky toefl ielts,2022,2109,permit
person,person,'pә:sn,"n. a human being
n. a human body (usually including the clothing)
n. a grammatical category used in the classification of pronouns, possessive determiners, and verb forms according to whether they indicate the speaker, the addressee, or a third party","n. 人, 人身, 人称
[法] 人, 法人, 人身",n:100,5,1,zk gk ielts,308,345,person
personal,personal,'pә:snl,"n. a short newspaper article about a particular person or group
a. concerning or affecting a particular person or his or her private life and personality
s. particular to a given individual
a. of or arising from personality","a. 私人的, 涉及隐私的, 有人性的, 人称的, 亲自的, 身体的
[医] 人的; 个人的, 自身的",j:99/n:1,4,1,zk gk cet4 cet6 ky ielts,574,580,personal
personally,personally,'pә:sәnli,"r. as yourself
r. as a person
r. in a personal way
r. in the flesh; without involving anyone else","adv. 亲自地, 个别地, 当面, 就本人而言, 针对个人地",r:100,3,1,gk,2866,2633,personally
personnel,personnel,.pә:sә'nel,"n group of people willing to obey orders
n the department responsible for hiring and training and placing employees and for setting policies for personnel management","n. 人员, 人事部门, 人事科(处)
[经] 人事, 全体人员, 职工",n:100,3,0,gk cet4 cet6 ky toefl ielts gre,2556,2425,personnel
persuade,persuade,pә'sweid,"v. cause somebody to adopt a certain position, belief, or course of action; twist somebody's arm","vt. 劝, 使相信, 恳求, 敦促, 说服
vi. 劝服, 被说服",v:100,3,1,gk cet4 cet6 ky toefl,1776,3265,persuade
pest,pest,pest,"n. a persistently annoying person
n. any unwanted and destructive insect or other animal that attacks food or crops or livestock etc.","n. 令人讨厌之物, 有害之物, 害虫, 瘟疫
[医] 鼠疫, 瘟疫",n:100,2,0,gk cet6 ky toefl gre,6622,6842,pest
pet,pet,pet,"n. a domesticated animal kept for companionship or amusement
n. a fit of petulance or sulkiness (especially at what is felt to be a slight)
v. stroke or caress gently
v. stroke or caress in an erotic manner, as during lovemaking","n. 宠物, 受宠爱的人, 宠坏的孩子, 不悦, 生气
a. 宠爱的, 表示亲昵的, 养着观赏的, 特别珍爱的, 格外的
vt. 宠爱, 溺爱, 抚摸
vi. 拥抱, 爱抚, 生气, 发脾气",v:9/j:4/n:87,3,1,zk gk cet4 cet6 ky toefl ielts,3686,3278,pet
petrol,petrol,'petrәl,n a volatile flammable mixture of hydrocarbons (hexane and heptane and octane etc.) derived from petroleum; used mainly as a fuel in internal-combustion engines,"n. 汽油
[经] 汽油, 挥发油, 石油",n:100,2,1,gk cet4 cet6 ky ielts,3100,22027,petrol
phenomenon,phenomenon,fi'nɒminәn,"n. any state or process known through the senses rather than by intuition or reasoning
n. a remarkable development","n. 现象, 迹象, 表现, 奇迹, 奇才
[化] 现象",n:100,2,0,gk cet4 cet6 ky toefl ielts,2392,2466,phenomenon
photograph,photograph,'fәutәgrɑ:f,"n. a representation of a person or scene in the form of a print or transparent slide; recorded by a camera on light-sensitive material
v. record on photographic film
v. undergo being photographed in a certain way","n. 相片, 照片, 逼真的描绘
v. 照相, 摄影",v:19/n:81,4,1,zk gk cet4 cet6 toefl ielts,1611,1481,photograph
photographer,photographer,fә'tɔ^rәfә,n. someone who takes photographs professionally,"n. 摄影师, 摄影者",n:100,0,1,gk,3984,3098,photographer
phrase,phrase,freiz,"n. an expression consisting of one or more words forming a grammatical constituent of a sentence
n. a short musical passage
n. dance movements that are linked in a single choreographic sequence
v. divide, combine, or mark into phrases","n. 惯用语, 词组, 成语, 措词, 乐句
vt. 用短语表达, 把(乐曲)分成短句
[计] 短语",v:6/n:94,3,1,gk cet4 cet6 ky toefl,2081,2589,phrase
physical,physical,'fizikl,"a. involving the body as distinguished from the mind or spirit
a. relating to the sciences dealing with matter and energy; especially physics
s. having substance or material existence; perceptible to the senses
s. according with material things or natural laws (other than those peculiar to living matter)","a. 身体的, 物质的, 自然的, 物理学的, 好色的
n. 体格检查",j:99/n:1,4,1,gk cet4 cet6 ky ielts,1047,802,physical
physician,physician,fi'ziʃәn,n a licensed medical practitioner,"n. 医师, 内科医师, 解除痛苦者
[医] 主治医师",n:100,2,0,gk cet4 cet6 ky toefl ielts,6142,2041,physician
physicist,physicist,'fizisist,n. a scientist trained in physics,"n. 物理学家, 机械唯物论者, 自然科学家
[医] 菲西克氏手术(虹膜圆片切除)",n:100,2,0,gk cet4 cet6 ky toefl,8224,5568,physicist
physics,physics,'fiziks,"n. the science of matter and energy and their interactions
n. the physical properties, phenomena, and laws of something","n. 物理学, 物理过程, 物理现象
[化] 物理; 物理学",n:100,2,1,zk gk cet4 cet6 ky,3720,3417,physics
pianist,pianist,'piәnist,n. a person who plays the piano,"n. 钢琴家, 钢琴演奏者",n:100,1,0,gk toefl ielts,10127,8252,pianist
piano,piano,pi'ɑ:nәu,"n. a keyboard instrument that is played by depressing keys that cause hammers to strike tuned strings and produce sounds
n. (music) low loudness
a. used chiefly as a direction or description in music
r. used as a direction in music; to be played relatively softly",n. 钢琴,n:100,2,1,zk gk ielts gre,3449,3299,piano
pick,pick,pik,"n. a small thin device (of metal or plastic or ivory) used to pluck a stringed instrument
n. a thin sharp implement used for removing unwanted material
n. a heavy iron tool with a wooden handle and a curved head that is pointed on both ends
n. a basketball maneuver; obstructing an opponent with one's body","n. 精选, 选择, 掘, 精华, 牙签, 鹤嘴锄
v. 摘, 掘, 凿, 挖, 挑选
[计] 拾取",n:6/v:94,3,1,zk gk ielts,664,517,pick
picnic,picnic,'piknik,"n. any informal meal eaten outside or on an excursion
v. eat alfresco, in the open air","n. 野餐, 远足, 愉快的经历
vi. 去野餐, 远足",v:5/n:95,2,0,zk gk cet4 ky ielts,6512,5619,picnic
picture,picture,'piktʃә,"n. a visual representation (of an object or scene or person or abstraction) produced on a surface
n. a situation treated as an observable object
n. illustrations used to decorate or explain a text
n. a typical example of some state or quality","n. 图画, 照片, 景色, 美丽如画的人(或物), 化身, 生动的描述, 想像, 形象思维
vt. 画, 拍摄, 用图说明, 描写, 想像
[计] 图象; 形象; 字形",v:10/n:90,4,1,zk gk ielts,626,562,picture
pie,pie,pai,n. dish baked in pastry-lined pan often with a pastry top,"n. 馅饼, 财富, 总额, 贪污受贿, 杂乱, 喜鹊
[计] 饼图",n:100,0,0,zk gk cet4 ky ielts,4186,3323,pie
piece,piece,pi:s,"n. a separate part of a whole
n. an item that is an instance of some type; 
n. an instance of some kind
n. an artistic or literary composition","n. 块, 片, 篇, 碎片, 部分, 部件, 标准量
vt. 修补, 修理, 拼合, 接线头
vi. 吃零食",v:2/n:98,4,1,zk gk,677,565,piece
pig,pig,pig,"n. a crude block of metal (lead or iron) poured from a smelting furnace
v. live like a pig, in squalor","n. 猪, 猪肉, 贪婪的人, 猪一样的人
v. 生小猪, 象猪般地生活",v:1/n:99,2,1,zk gk cet4 ky,3014,3488,pig
pile,pile,pail,"n. a collection of objects laid on top of each other
n. a large sum of money (especially as pay or profit)
n. a column of wood or steel or concrete that is driven into the ground to provide support for a structure
n. the yarn (as in a rug or velvet or corduroy) that stands up from the weave","n. 堆, 大堆, 大厦, 建筑群, 电池, 大量, 桥桩, 软毛, 痔疮
vi. 堆起, 堆积, 积累, 挤, 猛烈攻击
vt. 堆于, 累积, 堆叠, 打桩于, 用桩支撑",v:35/n:65,3,1,gk cet4 cet6 ky toefl,3229,3003,pile
pill,pill,pil,"n. something that resembles a tablet of medicine in shape or size
n. a dose of medicine in the form of a small pellet
n. a unpleasant or tiresome person
n. something unpleasant or offensive that must be tolerated or endured","n. 药丸, 弹丸, 屈辱, 胡说
v. 做成药丸, 形成丸状, 服药丸, 挫败, 抢劫",n:100,3,1,gk cet4 cet6 ky toefl,4969,3425,pill
pillow,pillow,'pilәu,"n. a cushion to support the head of a sleeping person
v. rest on or as if on a pillow","n. 枕头, 靠垫, 枕状岩
vt. 作...的枕头, 垫, 枕于
vi. 靠在枕上",v:1/n:99,2,0,gk cet4 cet6 ky toefl ielts,5447,4017,pillow
pilot,pilot,'pailәt,"n. someone who is licensed to operate an aircraft in flight
n. a person qualified to guide ships through difficult waters going into or out of a harbor","n. 飞行员, 领航员, 航船者, 导向器, 驾驶仪, 向导, 领导人
vt. 领航, 驾驶, 引导, 试用
a. 引导的, 控制的, 试点的
[计] 引导",v:6/n:94,3,1,zk gk cet4 cet6 ky toefl ielts gre,2085,1772,pilot
pin,pin,pin,"n. a piece of jewelry that is pinned onto the wearer's garment
n. informal terms for the leg
n. cylindrical tumblers consisting of two parts that are held in place by springs; when they are aligned with a key the bolt can be thrown
n. flagpole used to mark the position of the hole on a golf green","n. 大头针, 针, 别针, 栓, 销子, 图钉, 插头, 管脚, 品(液量单位)
vt. 将...用针别住, 钉住, 压住, 牵制, 使不能动, 归罪于
a. 针的, 销子的, 闩的",v:44/n:56,3,1,gk cet4 cet6 ky ielts,4542,4347,pin
pine,pine,pain,"n. a coniferous tree
n. straight-grained durable and often resinous white to yellowish timber of any of numerous trees of the genus Pinus","n. 松树, 松木
vi. 消瘦, 憔悴, 痛苦, 怀念, 渴望
[计] 邮件程序",v:6/n:94,2,0,gk cet4 cet6 ky toefl ielts gre,5081,3158,pine
pineapple,pineapple,'pain.æpl,"n. a tropical American plant bearing a large fleshy edible fruit with a terminal tuft of stiff leaves; widely cultivated in the tropics
n. large sweet fleshy tropical fruit with a terminal tuft of stiff leaves; widely cultivated","n. 凤梨, 菠萝, 失业救济金
[医] 凤梨, 波萝",n:100,1,0,gk cet6 toefl,12015,9086,pineapple
pint,pint,paint,"n. a British imperial capacity measure (liquid or dry) equal to 4 gills or 568.26 cubic centimeters
n. a United States dry unit equal to 0.5 quart or 33.6 cubic inches
n. a United States liquid unit equal to 16 fluid ounces; two pints equal one quart","n. 品脱(干量或液量的单位)
[医] 量磅, 品脱",,2,1,gk cet4 cet6 ky,3977,0,pint
pioneer,pioneer,.paiә'niә,"n. someone who helps to open up a new line of research or technology or art
n. one the first colonists or settlers in a new territory
v. open up an area or prepare a way
v. open up and explore a new area","n. 先锋, 拓荒者, 创始人
vt. 提倡, 开辟, 开创, 倡导
vi. 作先驱, 开路
a. 最早的, 开拓的, 先驱的, 有开拓者特点的",v:24/n:76,2,0,zk gk toefl,5645,4472,pioneer
pipe,pipe,paip,"n. a tube with a small bowl at one end; used for smoking tobacco
n. a long tube made of metal or plastic that is used to carry water or oil or gas etc.
n. a hollow cylindrical shape
n. a tubular wind instrument","n. 管, 导管, 输送管, 管状器官, 声带, 尖细的声音, 烟斗, 笛, 管乐器
vt. 以管输送, 吹哨子, 吹奏, 尖声唱
vi. 吹笛, 尖叫, 吹长哨发令
[计] 管道",v:10/n:90,3,1,gk cet4 cet6 ky,2438,2980,pipe
pity,pity,'piti,n. an unfortunate development,"n. 遗憾, 同情, 怜悯, 憾事, 可惜
vt. 同情, 怜悯
vi. 觉得可怜, 有同情心",v:25/n:75,2,1,zk gk,3803,6927,pity
place,place,pleis,"n. any area set aside for a particular purpose
n. an abstract mental location
n. a general vicinity
n. a particular situation","n. 地方, 地点, 位置, 住所, 座位, 地位, 处境, 特权, 空间, 余地, 职务, 位
vt. 放置, 寄予, 认出, 评定, 任命
vi. 名次列前",v:24/n:76,2,1,zk gk ielts,162,181,place
plain,plain,plein,"n. extensive tract of level open land
a. not elaborate or elaborated; simple
a. lacking patterns especially in color
s. not mixed with extraneous elements","n. 平原, 草原, 朴实无华的东西, 无格式
a. 简单的, 明白的, 平常的, 不好看的, 朴素的, 清晰的, 普通的, 平坦的, 十足的
adv. 清楚地, 显然地
[计] 无格式",r:5/j:57/n:38,3,1,zk gk cet4 cet6 ky toefl gre,2762,3549,plain
plan,plan,plæn,"n. a series of steps to be carried out or goals to be accomplished
n. scale drawing of a structure
v. have the will and intention to carry out some action
v. make plans for something","n. 计划, 方案, 策略, 方法, 进度表, 程序表, 平面图, 设计图, 轮廓, 示意图
vt. 计划, 设计, 意欲
vi. 订计划",v:37/n:63,5,1,zk gk ielts,442,413,plan
plane,plane,plein,"n. (mathematics) an unbounded two-dimensional shape
n. a level of existence or development
n. a power tool for smoothing or shaping wood
n. a carpenter's hand tool with an adjustable blade for smoothing or shaping wood","n. 平面, 扁平物, 机翼, 飞机, 水准, 地位
a. 平的, 平面的
vt. 将...刨平, 刨平, 掠过水面
vi. 翱翔, 乘飞机旅行, 刨掉",v:1/n:99,4,1,zk gk gre,2000,1150,plane
planet,planet,'plænit,"n. (astronomy) any of the nine large celestial bodies in the solar system that revolve around the sun and shine by reflected light; Mercury, Venus, Earth, Mars, Jupiter, Saturn, Uranus, Neptune, and Pluto in order of their proximity to the sun; viewed from the constellation Hercules, all the planets rotate around the sun in a counterclockwise direction
n. any celestial body (other than comets or satellites) that revolves around a star","n. 行星, 命运星辰, 杰出的人, 重大影响的事",n:100,3,1,zk gk cet4 cet6 ky toefl gre,3115,1592,planet
plant,plant,plænt. plɑ:nt,"n. buildings for carrying on industrial labor
n. (botany) a living organism lacking the power of locomotion
n. an actor situated in the audience whose acting is rehearsed but seems spontaneous to the audience
n. something planted secretly for discovery by another","n. 植物, 作物, 工厂, 树枝, 生长, 设施, 成套设备
vt. 种植, 栽培, 播种, 培养, 安置, 殖民于, 使位于
vi. 种植",v:18/n:82,5,1,zk gk ielts,690,623,plant
plastic,plastic,'plæstik,"n. generic name for certain synthetic or semisynthetic materials that can be molded or extruded into objects or films or filaments or used for making e.g. coatings and adhesives
s. capable of being influenced or formed","n. 塑料, 可塑体, 可塑性物质
a. 塑料的, 塑造的, 有可塑性的, 造型的, 易受影响的, 有创造力的",n:100,3,1,zk gk cet4 cet6 ky toefl ielts,1999,1523,plastic
plate,plate,pleit,"n. a sheet of metal or wood or glass or plastic
n. a full-page illustration (usually on slick paper)
n. dish on which food is served or from which food is eaten
n. the quantity contained in a plate","n. 碟, 盘子, 盆中物, 金属板, 图版, 金银餐具, 印版, 金属牌(照)
vt. 镀金, 电镀, 用金属板固定, 给...装钢板, 为...制印版",v:1/n:99,3,1,zk gk toefl,1494,1525,plate
platform,platform,'plætfɒ:m,"n. a raised horizontal surface
n. a document stating the aims and principles of a political party
n. the combination of a particular computer and a particular operating system
n. any military structure or vehicle bearing weapons","n. 站台, 月台, 讲台, 论坛, 平台
[计] 平台",n:100,3,1,gk cet4 cet6 ky toefl ielts,2491,2806,platform
play,play,plei,"n. a dramatic work intended for performance by actors on a stage
n. a theatrical performance of a drama
n. a preset plan of action in team sports
n. a state in which action is feasible","n. 游戏, 游玩, 玩笑, 运动, 比赛, 赌博, 跳动, 表演, 剧本
v. 玩, 游戏, 假装, 开玩笑, 比赛, 扮演, 演奏, 演戏, 传摇曳, (使)跳动
[计] 播放",n:19/v:81,5,1,zk gk,224,200,play
player,player,'pleiә,"n. a person who participates in or is skilled at some game
n. a person who pursues a number of different social and sexual partners simultaneously
n. an important participant (as in a business deal)","n. 竞赛者, 上场队员, 游戏者, 演员
[经] 交易者",n:100,5,1,gk cet4 cet6 ielts,732,513,player
playground,playground,'pleigraund,n. yard consisting of an outdoor area for children's play,"n. 运动场, 操场, 度假胜地, 活动场所",n:100,1,0,zk gk cet4 cet6 ky ielts,6458,5793,playground
playmate,playmate,'pleimeit,n. a companion at play,"n. 玩伴, 游伴",n:100,0,0,gk,21857,14534,playmate
playroom,playroom,'pleiru:m,n a recreation room for noisy activities (parties or children's play etc),"n. 游戏室, 娱乐室",n:100,0,0,gk,23028,20588,playroom
pleasant,pleasant,'pleznt,"a. affording pleasure; being in harmony with your taste or likings
s. (of persons) having pleasing manners or behavior","a. 愉快的, 可爱的, 活泼的, 亲切的",j:100,3,1,zk gk cet4 cet6 ky ielts,2880,3772,pleasant
please,please,pli:z,"v. give pleasure to or be pleasing to
v. be the will of or have the will (to)
v. give satisfaction
r. used in polite request","adv. 请
vt. 使高兴, 合...的心意, 取悦
vi. 使人满意, 讨好, 愿意, 敬请",r:84/v:16,4,1,zk gk,758,1167,please
pleased,pleased,pli:zd,"a. experiencing or manifesting pleasure
s. feeling pleasurable satisfaction over something by which you measures your self-worth","a. 高兴的, 喜欢的, 满足的",j:100,3,1,gk,1916,3448,pleased
pleasure,pleasure,'pleʒә,"n. a fundamental feeling that is hard to define but that people desire to experience
n. a formal expression
n. an activity that affords enjoyment
n. sexual gratification","n. 快乐, 愉快, 令人高兴的事, 娱乐, 希望
v. (使)高兴",v:1/n:99,3,1,zk gk toefl ielts,1613,1882,pleasure
plenty,plenty,'plenti,n. a full supply,"n. 充分, 很多, 丰富
a. 很多的, 足够的, 丰富的",p:93/r:4/n:3,3,1,zk gk cet4 cet6 ky,1977,2044,plenty
plot,plot,plɒt,"n. a secret scheme to do something (especially something underhand or illegal)
n. a small area of ground covered by specific vegetation
n. the story that is told in a novel or play or movie etc.
n. a chart or map showing the movements or progress of an object","n. 小块土地, 地区图, 图, 阴谋, 情节
vt. 划分, 绘图, 密谋
vi. 密谋, 策划
[计] 绘制",v:27/n:73,3,1,gk cet4 cet6 ky toefl ielts gre,3096,2967,plot
plug,plug,plʌg,"n. blockage consisting of an object designed to fill a hole tightly
n. an electrical device with two or three pins that is inserted in a socket to make an electrical connection
v. fill or close tightly with or as if with a plug
v. persist in working hard","n. 塞子, 栓, 插头
vt. 插入, 塞住, 接插头
vi. 被塞住",n:40/v:60,2,1,gk cet4 cet6 ky ielts,5970,5586,plug
plus,plus,plʌs,"a. on the positive side or higher end of a scale
s. involving advantage or good","prep. 加上, 加, 外加
a. 正的, 附加的
n. 正号, 加号, 附加额, 正数, 增益
[计] 正差",i:84/c:2/r:2/n:12,4,1,gk cet4 ky ielts,1357,2066,plus
pocket,pocket,'pɒkit,"n. a small pouch inside a garment for carrying small articles
n. a supply of money
n. (bowling) the space between the headpin and the pins behind it on the right or left
n. a small isolated group of people","n. 口袋, 钱袋, 钱, 容器
vt. 装...在口袋里, 隐藏, 抑制, 私吞, 搁置, 击...入袋
a. 袖珍的, 小型的, 压缩的, 金钱上的",v:4/n:96,3,1,zk gk cet4 cet6 ky ielts,1786,1620,pocket
poem,poem,'pәuim,n. a composition written in metrical feet forming rhythmical lines,"n. 诗, 诗般美的事物",n:100,3,1,zk gk cet4 cet6 ky,2181,2494,poem
poet,poet,'pәuit,n. a writer of poems (the term is usually reserved for writers of good poetry),n. 诗人,n:100,3,0,gk cet4 cet6 ky toefl,2613,2923,poet
point,point,pɒint,"n. a geometric element that has position but no extension
n. the precise location of something; a spatially limited location
n. a brief version of the essential meaning of something
n. an instant of time","n. 点, 小数点, 标点, 地点, 要点, 特点, 尖端, 分数, 得分, 穴位
vt. 弄尖, 强调, 指出, 加标点于, 瞄准
vi. 指, 指向, 表明",v:27/n:73,5,1,zk gk cet4 cet6 ky ielts,176,211,point
poison,poison,'pɒizn,"n. any substance that causes injury or illness or death of a living organism
n. anything that harms or destroys
v. spoil as if by poison
v. kill with poison","n. 毒药, 毒, 毒物, 有毒害的事物
vt. 毒害, 毒杀, 使中毒
vi. 放毒, 下毒",v:38/n:62,2,1,gk cet4 cet6 ky toefl,5601,5542,poison
poisonous,poisonous,'pɒizәnәs,"s. having the qualities or effects of a poison
s. not safe to eat
s. marked by deep ill will; deliberately harmful","a. 有毒的, 恶毒的, 讨厌的
[医] 有毒的",j:100,1,1,gk cet4 cet6 ky gre,9555,10074,poisonous
Pole,pole,pәul,"n. a long (usually round) rod of wood or metal or plastic
n. a native or inhabitant of Poland
n. one of two divergent or mutually exclusive opinions
n. one of two points of intersection of the Earth's axis and the celestial sphere","n. 波兰人, 极点, 磁极, 电极, 杆, 竿, 相反的极端
vt. 用竿支撑
vi. 撑篙",v:2/n:98,3,1,gk cet4 cet6 ky toefl ielts,2946,2789,pole
police,police,pә'li:s,n. the force of policemen and officers,"n. 警察, 警察当局, 治安
vt. 维持治安, 管辖",v:2/n:98,5,1,zk gk cet4 ky ielts,328,468,police
policeman,policeman,pә'li:smәn,n. a member of a police force,"n. 警察
[化] 淀帚",n:100,3,0,zk gk,2490,4754,policeman
policy,policy,'pɒlisi,"n. a plan of action adopted by an individual or social group
n. a line of argument rationalizing the course of action of a government
n. written contract or certificate of insurance","n. 政策, 方针, 策略, 保险单
[医] 凭单, 保险单",n:100,5,1,zk gk cet4 cet6 ky ielts,250,388,policy
Polish,polish,'pɒliʃ,"n. the property of being smooth and shiny
n. a highly developed state of perfection; having a flawless or impeccable quality
n. a preparation used in polishing
n. the Slavic language of Poland","a. 波兰的
n. 波兰人, 上光剂, 光泽, 优雅
vt. 擦亮, 擦去, 使完美
vi. 擦亮, 变得光亮",j:100,2,1,gk cet4 cet6 ky toefl ielts gre,4344,5749,polish
polite,polite,pә'lait,"a. showing regard for others in manners, speech, behavior, etc.","a. 有礼貌的, 文雅的, 客气的, 有教养的",j:100,2,1,zk gk,4976,5492,polite
political,political,pә'litikl,"a. involving or characteristic of politics or parties or politicians
a. of or relating to your views about social relationships involving authority or power
a. of or relating to the profession of governing","a. 政治的, 政治上的, 政党的, 从事政治的
[法] 政治的, 政治上的, 党派政治的",j:100,5,1,gk cet4 cet6 ky ielts,292,277,political
politician,politician,.pɒli'tiʃәn,"n. a leader engaged in civil administration
n. a person active in party politics
n. a schemer who tries to gain advantage in an organization in sly or underhanded ways","n. 政客, 政治家, 从事党派政治的人
[法] 政客, 政治家",n:100,4,1,gk cet4 cet6 ky,2049,1783,politician
politics,politics,'pɒlitiks,"n. social relations involving intrigue to gain authority or power
n. the study of government of states and other political units
n. the profession devoted to governing and to political affairs
n. the opinion you hold with respect to political questions","n. 政治, 政治学, 政见, 政治活动
[法] 政治, 政治学, 政纲",n:100,4,1,gk cet4 cet6 ky toefl,1285,951,politics
pollute,pollute,pә'lu:t,v. make impure,"vt. 污染, 弄脏, 玷污
[化] 污染",v:100,2,0,gk cet4 cet6 ky toefl,8769,9208,pollute
pollution,pollution,pә'lu:ʃәn,n. undesirable state of the natural environment being contaminated with harmful substances as a consequence of human activities,"n. 污染, 玷污
[化] 污染",n:100,3,1,gk cet4 cet6 ky toefl ielts,2147,2913,pollution
pond,pond,pɒnd,n. a small lake,"n. 池塘
v. 筑成池塘",n:100,2,0,zk gk cet4 cet6 ky,3344,3626,pond
pool,pool,pu:l,"n. an excavation that is (usually) filled with water
n. an organization of people or resources that can be shared
n. any communal combination of funds
n. a small body of standing water (rainwater) or other liquid","n. 池, 水塘, 石油层, 联营
vt. 合伙经营, 共享, 采掘, 汇聚成
vi. 汇合成塘, 淤积, 联营",v:5/n:95,3,1,zk gk cet4 cet6 ky,1678,1565,pool
poor,poor,puә. pɒ:,"a. having little money or few possessions
a. characterized by or indicating poverty
a. lacking in specific resources, qualities or substances
s. unsatisfactory","a. 贫穷的, 贫乏的, 不幸的, 可怜的, 拙劣的, 卑鄙的
[经] 低劣的, 不良的",j:100,4,1,zk gk,598,713,poor
popcorn,popcorn,'pɒpkɒ:n,"n. corn having small ears and kernels that burst when exposed to dry heat
n. small kernels of corn exploded by heat",n. 爆米花,n:100,1,0,gk toefl,25500,8839,popcorn
popular,popular,'pɒpjulә,"a. regarded with great favor, approval, or affection especially by the general public
s. carried on by or for the people (or citizens) at large
s. (of music or art) new and of general appeal (especially among young people)","a. 通俗的, 流行的, 受欢迎的, 大众的, 人民的, 普及的
[经] 大众的, 通俗的, 普及的",j:100,4,1,zk gk cet4 cet6 ky toefl ielts,938,924,popular
population,population,.pɒpju'leiʃәn,"n. the people who inhabit a territory or state
n. a group of organisms of the same species inhabiting a given area
n. (statistics) the entire aggregation of items from which samples can be drawn
n. the number of inhabitants (either the total number or the number of a particular race or class) in a given place (country or city etc.)","n. 人口, 人口数
[化] 群体; 总体",n:100,4,1,zk gk cet4 cet6 ky ielts,683,642,population
pork,pork,pɒ:k,n. meat from a domestic hog or pig,"n. 猪肉
[医] 猪肉",n:100,2,0,zk gk,7722,4267,pork
porridge,porridge,'pɒ:ridʒ,n. soft food made by boiling oatmeal or other meal or legumes in water or milk until thick,"n. 粥, 糊",n:100,1,0,gk cet4 cet6 gre,11936,18724,porridge
port,port,pɒ:t,"n. a place (seaport or airport) where people and merchandise can enter or leave a country
n. sweet dark-red dessert wine originally from Portugal
n. an opening (in a wall or ship or armored vehicle) for firing through
v. put or turn on the left side, of a ship","n. 港口, 埠, 舱门, 避风港, 左舷, 炮眼, 姿势, 意义
vt. 左转舵, 持(枪)
vi. 左转舵
[计] 端口, 移植",v:1/n:99,3,1,gk cet4 cet6 ky ielts,2165,2717,port
portable,portable,'pɒ:tәbl,"n. a small light typewriter; usually with a case in which it can be carried
a. easily or conveniently transported
s. of a motor designed to be attached to the outside of a boat's hull","a. 可携带的, 可搬运的, 可移动的
[计] 可移植的",j:94/n:6,2,0,gk cet4 cet6 ky toefl ielts gre,6014,5441,portable
porter,porter,'pɒ:tә,"n. a person employed to carry luggage and supplies
n. United States writer of novels and short stories (1890-1980)
n. United States composer and lyricist of musical comedies (1891-1946)
n. United States writer of short stories whose pen name was O. Henry (1862-1910)","n. 大楼管理员, 门房, 搬运工人, 侍者, 服务员
[化] 搬运车; 搬运工人",n:100,2,0,gk cet4 cet6 ky,6464,11418,porter
position,position,pә'ziʃәn,"n. the particular portion of space occupied by something
n. a way of regarding situations or topics etc.
n. the arrangement of the body and its limbs
n. a job in an organization","n. 位置, 地位, 身分, 形势, 姿势, 立场, 职位, 状态, 阵地
vt. 安置, 决定...的位置
[计] 位置",v:8/n:92,5,1,zk gk cet4 cet6 ky ielts,345,512,position
possess,possess,pә'zes,"v. have as an attribute, knowledge, or skill
v. enter into and control, as of emotions or ideas","vt. 持有, 占有, 拥有, 克制, 支配, 迷住
[法] 持有, 占有, 具有",v:100,2,1,gk cet4 cet6 ky toefl,2129,2842,possess
possession,possession,pә'zeʃәn,"n. the act of having and controlling property
n. anything owned or possessed
n. being controlled by passion or the supernatural
n. a territory that is controlled by a ruling state","n. 拥有, 占有, 所有, 财产, 领土, 领地, 自制, 着迷
[经] 占有, 持有",n:100,2,1,gk cet4 cet6 ky toefl ielts,2337,3593,possession
possibility,possibility,.pɒsә'biliti,"n. a future prospect or potential
n. capability of existing or happening or being true
n. a possible alternative","n. 可能性, 可能的事
[法] 可能性, 可能发生的事, 不确定权",n:100,4,1,gk cet4 cet6 ky,1030,1195,possibility
possible,possible,'pɒsәbl,"n. something that can be done
n. an applicant who might be suitable
a. capable of happening or existing","a. 可能的, 潜在的, 合适的
n. 可能性, 可能的事物",j:100,5,1,zk gk,256,459,possible
post,post,pәust,"n. the position where someone (as a guard or sentry) stands or is assigned to stand
n. an upright consisting of a piece of timber or metal fixed firmly in an upright position
n. United States aviator who in 1933 made the first solo flight around the world (1899-1935)
n. United States female author who wrote a book and a syndicated newspaper column on etiquette (1872-1960)","n. 柱, 杆, 准星, 邮件, 邮政, 标竿, 职位, 岗位, 哨所, 兵营
vt. 张帖, 邮递, 公布, 登入帐, 使熟悉, 布置
vi. 快速行进
adv. 急速地
[计] 记入; 登记, 上电自检",r:1/v:28/j:2/n:69,2,1,zk gk toefl ielts,895,2148,post
postage,postage,'pәustidʒ,"n. the charge for mailing something
n. a small adhesive token stuck on a letter or package to indicate that that postal fees have been paid","n. 邮资
[经] 邮费, 邮资",n:100,1,0,gk cet4 cet6 ky toefl ielts,9763,13293,postage
postbox,postbox,'pәustbɒks,n. public box for deposit of mail,n. 邮筒,,0,0,gk,40238,0,postbox
postcard,postcard,'pәustkɑ:d,n. a card for sending messages by post without an envelope,n. 明信片,n:100,2,0,zk gk ky toefl,5965,6924,postcard
postcode,postcode,'pәustkәud,n a code of letters and digits added to a postal address to aid in the sorting of mail,n. 邮政编码,,0,0,gk ielts,22564,0,postcode
poster,poster,'pәustә,n. a sign posted in a public place as an advertisement,"n. 海报, 招贴, 驿马",n:100,2,0,gk cet6 ky toefl ielts gre,3930,3834,poster
postman,postman,'pәustmәn,n a man who delivers the mail,"n. 邮递员
[法] 邮递员, 理财法庭的高级律师",n:100,1,0,zk gk cet4 cet6 ky,11573,20141,postman
postpone,postpone,pәust'pәun,v. hold back to a later time,"vt. 延迟, 使延期, 缓办, 搁延
vi. 延缓, 延缓发作",v:100,2,0,gk cet4 cet6 ky toefl ielts gre,5320,6545,postpone
pot,pot,pɒt,"n. metal or earthenware cooking vessel that is usually round and deep; often has a handle and lid
n. the quantity contained in a pot
n. a container in which plants are cultivated
n. the cumulative amount involved in a game (such as poker)","n. 盆, 罐, 壶, 坩埚, 奖杯
vt. 装入盆中, 在锅中煮, 随手射击
vi. 随手射击",v:5/n:95,3,1,gk cet4 cet6 ky toefl,2782,2235,pot
potato,potato,pә'teitәu,"n. an edible tuber native to South America; a staple food of Ireland
n. annual native to South America having underground stolons bearing edible starchy tubers; widely cultivated as a garden vegetable; vines are poisonous",n. 马铃薯,n:100,3,1,zk gk,3013,2253,potato
potential,potential,pә'tenʃәl,"n. the inherent capacity for coming into being
a. existing in possibility","n. 潜在性, 可能性, 潜力, 潜能, 势, 位
a. 有潜力的, 可能的, 潜在的",j:64/n:36,4,1,gk cet4 cet6 ky toefl ielts gre,1438,1260,potential
pound,pound,paund,"n. 16 ounces avoirdupois
n. a unit of apothecary weight equal to 12 ounces troy
n. a nontechnical unit of force equal to the mass of 1 pound with an acceleration of free fall equal to 32 feet/sec/sec
n. United States writer who lived in Europe; strongly influenced the development of modern literature (1885-1972)","n. 磅, 英镑, 重击, 鱼塘, 拘留所, 兽栏
vt. 强烈打击, 捣烂, 监禁, 关入栏内
vi. 连续重击, 苦干",v:16/n:84,5,1,zk gk cet4 cet6 ky toefl,546,1306,pound
pour,pour,pɒ:,"v. cause to run
v. move in large numbers
v. flow in a spurt
v. supply in large amounts or quantities","n. 流出, 倾泻, 骤雨
vt. 倒, 灌, 注, 倾泻, 诉说, 倾吐
vi. 倾泻, 蜂涌而来, 下大雨",v:100,3,1,gk cet4 cet6 ky ielts,2331,1898,pour
powder,powder,'paudә,"n. a solid substance in the form of tiny loose particles; a solid that has been pulverized
n. any of various cosmetic or medical preparations dispensed in the form of a pulverized powder
v. apply powder to","n. 粉, 粉末, 火药
vt. 搽粉于, 搽粉, 撒粉, 使成粉末
vi. 搽粉, 变成粉末",v:5/n:95,2,1,gk cet4 cet6 ky toefl,4272,3260,powder
power,power,'pauә,"n. possession of controlling influence
n. (physics) the rate of doing work; measured in watts (= joules/second)
n. one possessing or exercising power or influence or authority
v. supply the force or power for the functioning of","n. 力, 体力, 力量, 势力, 动力, 权力, 强国, 乘方, 强度, 幂, 功率
vt. 使...有力量, 供以动力, 激励
[计] 乘幂; DOS外部命令:能控制许多电池电源计算机上的电源管理特性",v:3/n:97,5,1,gk cet4 ky ielts,225,271,power
powerful,powerful,'pauәful,a. having great power or force or potency or effect,"a. 有力的, 有权力的, 强大的
[机] 强力的",j:100,4,1,gk cet4 cet6 ky,1326,1159,powerful
practical,practical,'præktikl,"a. concerned with actual use or practice
s. having or put to a practical purpose or use","a. 实际的, 现实的, 实用性的
[法] 事实上的, 实际上的, 接近...的",j:99/n:1,3,1,gk cet4 cet6 ky toefl ielts,1259,2281,practical
practice,practice,'præktis,"n. a customary way of operation or behavior
n. translating an idea into action
n. the exercise of a profession
n. knowledge of how something is usually done","n. 实践, 练习, 实行, 惯例, 习惯, 开业
v. 实践, 实行, 练习, 实习, 业务",v:13/n:87,4,1,zk gk ielts,453,564,practice
prairie,prairie,'prєәri,n. a treeless grassy plain,"n. 大草原, 草甸",n:100,1,0,gk cet6 toefl,20980,6846,prairie
praise,praise,preiz,"n. an expression of approval and commendation
n. offering words of homage as an act of worship
v. express approval of","n. 赞美, 称赞, 崇拜
vt. 称赞, 赞美
vi. 赞扬, 表扬",n:40/v:60,3,1,zk gk cet4 cet6 ky toefl,4285,3719,praise
pray,pray,prei,"v. address a deity, a prophet, a saint or an object of worship; say a prayer","v. 祈祷, 恳求, 请",v:100,2,0,gk cet4 cet6 ky,3042,2399,pray
prayer,prayer,prєә. 'preiә,"n. the act of communicating with a deity (especially as a petition or in adoration or contrition or thanksgiving)
n. reverent petition to a deity
n. a fixed text used in praying
n. someone who prays to God","n. 祈祷, 恳求, 祷辞, 祈祷者",n:100,2,1,gk cet4 cet6 ky,2644,2098,prayer
precious,precious,'preʃәs,"s. of high worth or cost
r. extremely","a. 宝贵的, 珍贵的, 过于精致的, 珍爱的",r:6/j:94,2,0,gk cet4 cet6 ky toefl ielts,4109,3989,precious
precise,precise,pri'sais,a. sharply exact or accurate or delimited,"a. 精确的, 严谨的, 明确的
[机] 精密的, 正确的",j:100,2,1,gk cet4 cet6 ky toefl ielts gre,2761,3826,precise
predict,predict,pri'dikt,v. make a prediction about; tell in advance,"v. 预知, 预言, 预报",v:100,3,1,gk cet4 cet6 ky toefl,2288,1613,predict
prefer,prefer,pri'fә:,"v. like better; value more highly
v. promote over another
v. give preference to one creditor over another","vt. 宁可, 较喜欢, 提出
[法] 给予优先权, 优先偿还, 提出",v:100,4,1,gk cet4 cet6 ky,1386,1716,prefer
preference,preference,'prefәrәns,"n. a strong liking
n. the right or chance to choose
n. grant of favor or advantage to one over another (especially to a country or countries in matters of international trade, such as levying duties)","n. 偏爱, 优先, 喜爱物
[计] 首选项",n:100,2,1,gk cet4 cet6 ky toefl ielts,2642,3022,preference
pregnant,pregnant,'pregnәnt,a. carrying developing offspring within the body or being about to produce new life,"a. 怀孕的, 充满的, 思想丰富的, 成果丰硕的
[医] 妊娠的, 有孕的",j:100,3,1,gk cet6 ky toefl ielts gre,3276,2629,pregnant
prejudice,prejudice,'predʒudis,"v. disadvantage by prejudice
v. influence (somebody's) opinion in advance","n. 偏见, 成见, 侵害
vt. 使存偏见, 使有成见, 侵害",v:8/n:92,2,0,gk cet4 cet6 ky toefl ielts gre,4112,5235,prejudice
premier,premier,'pri:mjә,"v. be performed for the first time
v. perform a work for the first time
s. first in rank or degree
s. preceding all others in time","n. 总理, 首相
a. 首位的, 最初的",j:65/v:17/n:18,3,0,gk cet4 cet6 ky,4066,7616,premier
preparation,preparation,.prepә'reiʃәn,"n. the activity of putting or setting in order in advance of some act or purpose
n. (music) a note that produces a dissonant chord is first heard in a consonant chord","n. 准备, 预备, 预习
[化] 制剂",n:100,3,1,gk cet4 cet6 ky,2091,2513,preparation
prepare,prepare,pri'pєә,"v. to prepare verbally, either for written or spoken delivery
v. educate for a future role or function
v. lead up to and soften by sounding the dissonant note in it as a consonant note in the preceding chord","vt. 准备, 筹备, 使在思想上有准备, 制造, 调制
vi. 预备",v:100,4,1,zk gk cet4 cet6 ky ielts,893,774,prepare
prescription,prescription,pri'skripʃәn,"n. directions prescribed beforehand; the action of prescribing authoritative rules or directions
n. written instructions for an optician on the lenses for a given person
n. written instructions from a physician or dentist to a druggist concerning the form and dosage of a drug to be issued to a given patient
a. available only with a doctor's written prescription","n. 处方, 命令, 指定
[医] 处方, 药方",n:100,2,0,gk cet6 ky toefl ielts gre,5595,3311,prescription
present,present,'preznt,"n. the period of time that is happening now; any continuous stretch of time including the moment of speech
n. something presented as a gift
n. a verb tense that expresses actions or states at the time of speaking
v. bring forward and present to the mind","n. 现在, 礼品, 瞄准
a. 现在的, 出席的
vt. 介绍, 引见, 赠送, 提出, 呈现, 上演
vi. 举枪瞄准",n:15/r:4/j:31/v:50,2,1,zk gk ielts,678,817,present
presentation,presentation,.prezәn'teiʃәn,"n. the activity of formally presenting something (as a prize or reward)
n. a show or display; the act of presenting something to sight or view
n. the act of making something publicly available; presenting news or other information by broadcasting or printing it
n. the act of presenting a proposal","n. 赠与, 描述, 介绍
[计] 简报",n:100,2,1,gk cet6 ielts gre,2313,2898,presentation
preserve,preserve,pri'zә:v,"n. a domain that seems to be specially reserved for someone
n. a reservation where animals are protected
v. prevent (food) from rotting
v. keep undisturbed for personal or private use for hunting, shooting, or fishing","vt. 保护, 保持, 保存, 维持, 腌, 禁猎
vi. 加工食品, 禁猎
n. 加工成的食品, 禁猎地, 保护区, 防护物",n:9/v:91,3,1,gk cet4 cet6 ky toefl ielts,2287,2209,preserve
president,president,'prezidәnt,"n. an executive officer of a firm or corporation
n. the chief executive of a republic
n. the officer who presides at the meetings of an organization
n. the head administrative officer of a college or university","n. 总统, 总裁, 董事长, (学院)院长, (大学)校长, 主管人, 主持人
[经] 总经理, 董事长, 总裁",n:100,5,1,zk gk cet4 cet6 ky,589,303,president
press,press,pres,"n. the print media responsible for gathering and publishing news in the form of newspapers or magazines
n. a machine used for printing
n. clamp to prevent wooden rackets from warping when not in use
n. any machine that exerts pressure to form or shape or cut materials or extract liquids or compress solids","n. 压, 揿, 按, 人群, 印刷机, 压力, 出版社, 记者, 报刊, 新闻舆论, 紧迫
vt. 压, 压榨, 紧抱, 逼迫, 推进, 强迫征募, 催逼
vi. 压, 重压, 催促, 拥挤, 奋力前进, 受压",v:43/n:57,5,1,gk cet4 cet6 ky gre,961,1178,press
pressure,pressure,'preʃә,"n. the force applied to a unit area of surface; measured in pascals (SI unit) or in dynes (cgs unit)
n. a force that compels
n. the somatic sensation that results from applying force to an area of skin
n. an oppressive condition of physical or mental or social or economic distress","n. 压, 榨, 按, 强制, 压力, 压迫, 压强
vt. 迫使, 使增压, 密封",v:5/n:95,5,1,gk cet4 cet6 ky toefl ielts,687,765,pressure
pretend,pretend,pri'tend,v. put forward a claim and assert right or possession of,"v. 假装, 伪称, 自命, 自称",j:4/v:96,2,1,gk cet4 cet6 ky toefl gre,2885,2905,pretend
pretty,pretty,'priti,"s. pleasing by delicacy or grace; not imposing
s. (used ironically) unexpectedly bad","a. 漂亮的, 优美的, 机灵的, 狡猾的, 恰当的
adv. 相当, 颇",n:1/r:78/j:21,4,1,zk gk cet4 cet6 ky,1782,797,pretty
prevent,prevent,pri'vent,"v. keep from happening or arising; make impossible
v. stop (someone or something) from doing something or being in a certain state","v. 预防, 防止, 阻止, 妨碍",v:100,4,1,zk gk cet4 cet6 ky toefl,937,1083,prevent
preview,preview,'pri:vju:,"n. an advertisement consisting of short scenes from a motion picture that will appear in the near future
n. a screening for a select audience in advance of release for the general public
v. watch (a movie or play) before it is released to the general public","n. 事先查看, 预览
vt. 事先查看, 预演
[计] 预览",v:23/n:77,2,0,gk gre,11861,7529,preview
price,price,prais,"n. the amount of money needed to purchase something
n. value measured by what must be given or done or undergone to obtain something
n. the high value or worth of something
n. a monetary reward for helping to catch a criminal","n. 价格, 代价, 价值
vt. 定...的价格",v:6/n:94,5,1,zk gk ielts,338,475,price
pride,pride,praid,"n. a feeling of self-respect and personal worth
n. satisfaction with your (or another's) achievements
n. the trait of being spurred on by a dislike of falling below your standards
n. a group of lions","n. 骄傲, 自尊心, 自豪, 精华, 勇气
vt. 以...自豪",v:11/n:89,3,1,zk gk cet4 cet6 ky toefl,2878,2801,pride
primary,primary,'praimәri,"n. a preliminary election where delegates or nominees are chosen
n. one of the main flight feathers projecting along the outer edge of a bird's wing
n. (astronomy) a celestial body (especially a star) relative to other objects in orbit around it
a. of first rank or importance or value; direct and immediate rather than secondary","n. 最主要者, 原色
a. 主要的, 初期的, 根本的, 原始的, 首要的, 基本的
[计] 初等量; 主要的; 一次的",j:76/n:24,3,1,zk gk cet4 cet6 ky toefl ielts,1172,1504,primary
primitive,primitive,'primitiv,"n. a person who belongs to an early stage of civilization
n. a mathematical expression from which another expression is derived
n. a word serving as the basis for inflected or derived forms
s. used of preliterate or tribal or nonindustrial societies","n. 原始人, 早期艺术家
a. 原始的, 上古的
[计] 图元; 原语; 基元",j:81/n:19,2,0,gk cet4 cet6 ky toefl ielts,4019,5798,primitive
principle,principle,'prinsipl,"n. a basic generalization that is accepted as true and that can be used as a basis for reasoning or conduct
n. a rule or standard especially of good behavior
n. a basic truth or law or assumption
n. a rule or law concerning a natural phenomenon or the function of a complex system","n. 原则, 原理, 主义
[化] 原理",n:100,4,1,gk cet4 cet6 ky gre,722,1341,principle
print,print,print,"n. the text appearing in a book, newspaper, or other printed publication
n. a picture or design printed from an engraving
n. availability in printed form
n. a copy of a movie on film (especially a particular version of it)","n. 打印, 版, 印刷物, 痕迹, 印刷业, 印刷字体, 图片, 印花布, 印章
v. 打印, 印刷, 铭记, 留印记于, 用印刷体写
[计] DOS外部命令:在打印机上打印文件, 可一边打印文件一边执行其他工作",v:38/n:62,4,1,zk gk cet4 ky,2432,2207,print
printer,printer,'printә,"n. someone whose occupation is printing
n. (computer science) an output device that prints the results of data processing
n. a machine that prints","n. 印刷工, 打印机
[计] 打印机",n:100,2,1,gk cet6,3066,5875,printer
printing,printing,'printiŋ,"n. text handwritten in the style of printed matter
n. the business of producing printed material for sale or distribution
n. reproduction by applying ink to paper as for publication","n. 印刷, 印刷术, 印花
[计] 打印; 印刷",n:100,0,1,gk ielts,4804,7217,printing
prison,prison,'prizn,"n. a correctional institution where persons are confined while on trial or for punishment
n. a prisonlike situation; a place of seeming confinement","n. 监狱, 监禁, 拘留所
vt. 监禁",n:100,4,1,zk gk cet4 cet6 ky toefl,1307,1282,prison
prisoner,prisoner,'priznә,n. a person who is confined; especially a prisoner of war,"n. 囚犯, 犯人, 战俘
[法] 犯人, 囚犯, 扣押犯",n:100,4,1,zk gk cet4 cet6 ky,1932,2419,prisoner
private,private,'praivit,"n. an enlisted man of the lowest rank in the Army or Marines
a. confined to particular persons or groups or providing privacy
s. concerning things deeply private and personal","a. 私人的, 秘密的, 私立的, 隐蔽的
n. 士兵, 隐士, 阴部
[计] 私人的",r:3/j:95/n:2,4,1,zk gk cet4 cet6 ky toefl ielts,581,672,private
privilege,privilege,'privilidʒ,"n. a special advantage or immunity or benefit not enjoyed by all
n. (law) the right to refuse to divulge information obtained in a confidential relationship
v. bestow a privilege upon","n. 特权, 特别恩典, 基本权利, 特免
vt. 给与...特权, 特免",v:3/n:97,2,0,gk cet4 cet6 ky toefl ielts gre,3017,3612,privilege
prize,prize,praiz,"n. something given for victory or superiority in a contest or competition or for winning a lottery
v. hold dear","n. 奖赏, 奖金, 奖品, 战利品, 捕获
a. 得奖的
vt. 珍视, 估价, 捕获, 撬, 撬动",v:11/j:2/n:87,4,1,zk gk cet4 cet6 ky,2125,3686,prize
probable,probable,'prɒbәbl,"n. an applicant likely to be chosen
a. likely but not certain to be or become true or real
s. apparently destined","a. 很可能的, 大概的, 可信的
n. 很有希望的候选人, 很可能的事情",j:100,1,1,gk cet4 cet6 ky,5016,6767,probable
probably,probably,'prɒbәbli,r. with considerable certainty; without much doubt,"adv. 大概, 或许",r:100,5,1,zk gk cet4 cet6,333,398,probably
problem,problem,'prɒblәm,"n. a state of difficulty that needs to be resolved
n. a question raised for consideration or solution","n. 问题, 难题
a. 成问题的, 难处理的",n:100,5,1,zk gk,154,171,problem
procedure,procedure,prә'si:dʒә,"n. a particular course of action intended to achieve a result
n. a mode of conducting legal and parliamentary proceedings","n. 程序, 过程, 手续
[计] 规程; 过程",n:100,3,1,gk cet4 cet6 ky toefl ielts,897,1369,procedure
process,process,'prɒses,"n. (psychology) the performance of some composite cognitive activity; an operation that affects mental contents
n. a mental process that you are not directly aware of
n. a natural prolongation or projection from a part of an organism either animal or plant
n. a sustained phenomenon or one marked by gradual changes through a series of states","n. 程序, 进行, 过程
vt. 加工, 使...接受处理, 对...处置, 对...起诉
a. 经加工的, 有特殊光效的
[计] 进程",v:11/n:89,5,1,gk cet4 cet6 ky toefl ielts,343,391,process
produce,produce,prә'dju:s,"n. fresh fruits and vegetable grown for the market
v. bring forth or yield
v. create or manufacture a man-made product
v. cause to happen, occur or exist","n. 生产品, 物产, 后代
vt. 产生, 生产, 提出, 出示
vi. 生产, 制造",n:4/v:96,5,1,zk gk cet4 cet6 ky toefl gre,296,542,produce
product,product,'prɒdʌkt,"n. an artifact that has been created by someone or some process
n. a quantity obtained by multiplication
n. a chemical substance formed as a result of a chemical reaction
n. a consequence of someone's efforts or of a particular set of circumstances","n. 产品, 结果, 乘积
[化] 生产物",n:100,5,1,gk cet4 cet6 ky ielts,451,569,product
production,production,prә'dʌkʃәn,"n. the act or process of producing something
n. a presentation for the stage or screen or radio or television
n. (law) the act of exhibiting in a court of law
n. a display that is exaggerated or unduly complicated","n. 制造, 生产, 产物
[医] 产生, 生成",n:100,4,1,gk cet4 cet6 ky ielts,610,959,production
profession,profession,prә'feʃәn,"n. the body of people in a learned occupation
n. an occupation requiring special education (especially in the liberal arts or sciences)
n. an open avowal (true or false) of some belief or opinion
n. affirmation of acceptance of some religion or faith","n. 职业, 表白, 声明
[化] 工种; 职业",n:100,3,1,gk cet4 cet6 ky toefl ielts,2211,2886,profession
professor,professor,prә'fesә,n. someone who is a member of the faculty at a college or university,n. 教授,n:100,4,1,gk cet4 cet6 ky ielts,1711,825,professor
profit,profit,'prɒfit,"n. the advantageous quality of being beneficial
v. derive a benefit from
v. make a profit; gain money or materially","n. 利润, 赢利, 利益
vi. 有益, 获利, 赚钱
vt. 有益于",v:10/n:90,4,1,gk cet4 cet6 ky toefl ielts,884,1704,profit
programme,programme,'prәugræm,"n an announcement of the events that will occur as part of a theatrical or sporting event
n an integrated course of academic studies
n a radio or television show
n (computer science) a sequence of instructions that a computer can interpret and execute
n a system of projects or services intended to meet a public need
n a series of steps to be carried out or goals to be accomplished
n a performance (or series of performances) at a public presentation
v write a computer program
v arrange a program of or for","n. 节目, 节目单, 程序, 纲要, 大纲, 计划
vt. 规划, 拟...计划
vi. 安排节目, 编程序",,5,1,zk gk ky,360,0,programme
progress,progress,'prәugres,"n. the act of moving forward (as toward a goal)
n. a movement forward
v. develop in a positive way","n. 进步, 发展, 前进
vi. 进步, 进行",v:17/n:83,4,1,zk gk cet4 cet6 ky toefl,1265,1508,progress
prohibit,prohibit,prә'hibit,v command against,"vt. 禁止, 阻止
[经] 禁止",v:100,2,0,gk cet4 cet6 ky toefl ielts,5809,3990,prohibit
project,project,'prɒdʒekt,"n. a planned undertaking
v. communicate vividly
v. transfer (ideas or principles) from one domain into another
v. project on a screen","n. 计划, 设计, 事业
vt. 计划, 设计, 投掷, 发射, 使凸出, 放映
vi. 凸出",v:10/n:90,4,1,gk cet4 cet6 ky toefl ielts,509,534,project
promise,promise,'prɒmis,"n. a verbal commitment by one person to another agreeing to do (or not to do) something in the future
n. grounds for feeling hopeful about the future
v. make a promise or commitment
v. promise to undertake or give","n. 诺言, 约定的事情, 有指望
vt. 允诺, 约定, 预示
vi. 允诺, 有前途, 有指望",n:41/v:59,4,1,zk gk cet4 cet6 ky toefl ielts,1478,1438,promise
promote,promote,prәu'mәut,"v. contribute to the progress or growth of
v. give a promotion to or assign to a higher position
v. be changed for a superior chess or checker piece
v. change a pawn for a better piece by advancing it to the eighth row, or change a checker piece for a more valuable piece by moving it to the row closest to your opponent","vt. 促进, 晋升, 创办, 推销
[经] 促进, 推广, 推销",v:100,4,1,gk cet4 cet6 ky toefl ielts gre,1433,1328,promote
pronounce,pronounce,prә'nauns,"v. speak, pronounce, or utter in a certain way
v. pronounce judgment on","v. 发音, 宣告, 断言",v:100,2,1,zk gk cet4 cet6 ky,4948,5332,pronounce
pronunciation,pronunciation,prәu.nʌnsi'eiʃәn,"n. the manner in which someone utters a word
n. the way a word or a language is customarily spoken","n. 发音, 读法",n:100,1,1,zk gk cet4 cet6 ky,8187,15375,pronunciation
proper,proper,'prɒpә,"a. marked by suitability or rightness or appropriateness
s. having all the qualities typical of the thing specified; not just a snack""
s. limited to the thing specified
s. appropriate for a condition or purpose or occasion or a person's character, needs","a. 适当的, 固有的, 高尚的, 专属的
adv. 完全地, 彻底地",j:100,4,1,zk gk cet4 cet6 ky toefl,1458,2058,proper
properly,properly,'prɒpәli,r. in the right manner,"adv. 适当地, 相当地",r:100,0,1,gk cet4 cet6,1634,2880,properly
protect,protect,prә'tekt,"v. shield from danger, injury, destruction, or damage
v. use tariffs to favor domestic industry","vt. 防卫, 保护, 警戒
[法] 庇护, 保护, 警戒",v:100,4,1,zk gk cet4 cet6 ky,1151,749,protect
protection,protection,prә'tekʃәn,"n. the activity of protecting someone or something
n. the condition of being protected
n. the imposition of duties or quotas on imports in order to protect domestic industry against foreign competition
n. payment extorted by gangsters on threat of violence","n. 保护, 防卫, 贸易保护制度
[计] 保护",n:100,4,1,gk cet4 cet6 toefl,1220,1315,protection
proud,proud,praud,a. feeling self-respect or pleasure in something by which you measure your self-worth; or being a reason for pride,"a. 骄傲的, 自大的, 自豪的, 辉煌的, 壮丽的",j:100,3,1,zk gk cet4 cet6 ky,2579,1983,proud
prove,prove,pru:v,"v. be shown or be found to be
v. establish the validity of something, as by an example, explanation or experiment
v. prove formally; demonstrate by a mathematical, formal proof
v. take a trial impression of","vt. 证明, 查验, 检验, 勘探, 显示
vi. 证明是",v:100,4,1,zk gk cet4 cet6 ky,671,866,prove
provide,provide,prә'vaid,"v. give what is desired or needed, especially support, food or sustenance
v. determine (what is to happen in certain contingencies), especially by including a proviso condition or stipulation
v. supply means of subsistence; earn a living
v. take measures in preparation for","vt. 提供, 供应, 规定, 预备
vi. 作准备, 抚养, 规定",v:100,5,1,zk gk cet4 cet6 ky toefl,172,262,provide
province,province,'prɒvins,n. the proper sphere or extent of your activities,"n. 省, 地方, 职权, 领域
[法] 省, 地方, 领域",n:100,3,0,gk cet4 cet6 ky toefl,2565,3228,province
psychology,psychology,sai'kɒlәdʒi,n. the science of mental life,"n. 心理学, 心理状态
[医] 心理学",n:100,3,0,gk cet6 ky toefl ielts gre,2980,2972,psychology
pub,pub,pʌb,n tavern consisting of a building with a bar and public rooms; often provides light meals,"n. 酒馆, 客栈",n:100,3,1,gk ky,1817,7430,pub
public,public,'pʌblik,"n. a body of people sharing some common interest
a. not private; open to or concerning the people as a whole
s. affecting the people or community as a whole","n. 公众, 民众
a. 公众的, 公共的, 公立的, 公用的",r:4/j:70/n:26,5,1,zk gk cet4 cet6 ky ielts,319,333,public
publicly,publicly,'pʌblikli,"r. in a manner accessible to or observable by the public; openly
r. by the public or the people generally","adv. 公然地, 以公众名义",r:100,0,1,gk,4133,3027,publicly
publish,publish,'pʌbliʃ,"v. prepare and issue for public distribution or sale
v. have (one's written work) issued for publication","vt. 出版, 发行, 公开, 发表, 宣传, 公布
vi. 出版, 发行",v:100,4,1,gk cet4 cet6 ky,828,1116,publish
pull,pull,pul,"n. the act of pulling; applying force to move something toward or with you
n. the force used in pulling
n. special advantage or influence
n. a device used for pulling something","vt. 拉, 拖, 拔, 牵, 撕开, 吸引
vi. 拉, 拖, 拔, 有吸引力
n. 拉, 拖, 拔, 拉力, 牵引力, 划船, 吸引",n:3/v:97,4,1,zk gk toefl ielts,718,471,pull
pulse,pulse,pʌls,"n. the rhythmic contraction and expansion of the arteries with each beat of the heart
n. the rate at which the heart beats; usually measured to obtain a quick evaluation of a person's health
n. edible seeds of various pod-bearing plants (peas or beans or lentils etc.)
v. produce or modulate (as electromagnetic waves) in the form of short bursts or pulses or cause an apparatus to produce pulses","n. 脉冲, 脉搏, 情绪, 意向, 拍子, 豆类
vi. 跳动, 脉跳
vt. 使跳动, 用脉冲调制
[计] 脉冲",v:14/n:86,2,0,gk cet4 cet6 ky toefl gre,4379,4331,pulse
pump,pump,pʌmp,"n. a mechanical device that moves fluid or gas by pressure or suction
n. a low-cut shoe without fastenings
v. operate like a pump; move up and down, like a handle or a pedal
v. deliver forth","n. 抽水机, 打气筒, 泵, 抽吸
vt. 用唧筒抽水, 打气, 盘问, 倾注, 使疲惫
vi. 抽水, 上下(或往复)运动",v:44/n:56,3,0,gk cet4 cet6 ky toefl ielts,4317,3444,pump
punctual,punctual,'pәŋktʃuәl,a. acting or arriving or performed exactly at the time appointed,"a. 准时的, 守时的, 点状的, 中肯的
[经] 准时的, 不误期的, 准时",j:100,1,0,gk cet4 cet6 ky toefl ielts,20448,25334,punctual
punctuate,punctuate,'pʌŋktjueit,"v. insert punctuation marks into
v. interrupt periodically","vt.vi. 给文章加标点, 加标点符号
vt. 强调, 加强, (常用被动)不时打断
n. 标点, 标点法, 标点符号",v:100,1,0,gk,11199,9198,punctuate
punctuation,punctuation,.pʌŋktʃu'eiʃәn,"n. something that makes repeated and regular interruptions or divisions
n. the marks used to clarify meaning by indicating separation of words into sentences and clauses and phrases
n. the use of certain marks to clarify meaning of written material by grouping words grammatically into sentences and clauses and phrases","n. 标点, 标点符号
[计] 标点符号",n:100,0,0,gk,12610,15876,punctuation
punish,punish,'pʌniʃ,v. impose a penalty on; inflict punishment on,"vt. 处罚, 惩罚, 严厉对待
vi. 惩罚",v:100,2,1,zk gk cet4 cet6 ky,4686,3862,punish
punishment,punishment,'pʌniʃmәnt,n. the act of punishing,"n. 处罚, 刑罚, 惩罚
[法] 罚, 处罚, 刑罚",n:100,2,1,gk cet4 cet6,3031,3110,punishment
pupil,pupil,'pju:pl,n. the contractile aperture in the center of the iris of the eye; resembles a large black dot,"n. 学生, 门生, 未成年人, 瞳孔
[医] 瞳孔",n:100,3,1,zk gk toefl ielts,952,5057,pupil
purchase,purchase,'pә:tʃәs,"n. the acquisition of something for payment
n. something acquired by purchase
n. a means of exerting influence or gaining advantage","n. 购买, 购买品, 紧握, 绞辘
vt. 购买, 赢得, 努力取得, 用滑轮起(锚等)",n:39/v:61,4,1,gk cet4 cet6 ky toefl gre,2257,2149,purchase
pure,pure,pjuә,"a. free of extraneous elements of any kind
s. free from discordant qualities
s. concerned with theory and data rather than practice; opposed to applied
a. (used of persons or behaviors) having no faults; sinless","a. 纯的, 纯净的, 纯洁的, 清白的, 完美的, 无瑕的, 抽象的
[医] 的, 纯净的",j:100,3,1,gk cet4 cet6 ky toefl ielts,2387,2416,pure
purple,purple,'pә:pl,"n. a purple color or pigment
n. of imperial status
v. become purple
v. color purple","n. 紫色, 帝位
a. 紫色的, 帝王的, 华而不实的
v. (使)成紫色",j:93/v:1/n:6,2,1,zk gk cet4 cet6 ky toefl,5326,3894,purple
purpose,purpose,'pә:pәs,"n. an anticipated outcome that is intended or that guides your planned actions
v. reach a decision","n. 目的, 意向, 决心, 用途, 效果, 论题
vt. 意欲, 企图, 计划",v:1/n:99,4,1,zk gk cet4 cet6 ky ielts,655,1014,purpose
purse,purse,pә:s,"n. a sum of money spoken of as the contents of a money purse
n. a small bag for carrying money
n. a sum of money offered as a prize
v. contract one's lips into a rounded shape","n. 钱包, 小钱袋, 金钱, 募捐款, 囊状物
v. 缩拢, 皱起",v:13/n:87,2,0,zk gk cet4 cet6 ky ielts gre,6387,4358,purse
push,push,puʃ,"n. the act of applying force in order to move something away
n. the force used in pushing
n. an effort to advance
v. move with force, ""He pushed the table into a corner""","n. 推, 推动, 奋斗, 攻击, 进取心
vt. 推, 推动, 使伸出, 推行, 逼迫, 增加
vi. 推, 推进, 增加, 努力争取",n:7/v:93,4,1,zk gk,926,695,push
put,put,put,"v. put into a certain place or abstract location
v. cause to be in a certain state; cause to be in a certain relation
v. attribute or give
v. cause (someone) to undergo something","vt. 放, 摆, 安置, 移动, 发射, 投掷, 写上, 表达, 使从事, 使受到, 驱使, 赋予
vi. 出发, 航行, 发芽
n. 掷, 股票出售权, 笨蛋
a. 固定不动的
[计] 发送文件",n:1/v:99,5,1,zk gk ielts,116,151,put
puzzle,puzzle,'pʌzl,"n. a particularly baffling problem that is said to have a correct solution
n. a game that tests your ingenuity
v. be uncertain about; think about without fully understanding or being able to decide","n. 难题, 迷惑
vt. 使困惑, 使为难
vi. 迷惑, 苦思",v:23/n:77,2,0,gk cet4 cet6 ky toefl ielts,6964,4255,puzzle
puzzled,puzzled,,"v be a mystery or bewildering to
v be uncertain about; think about without fully understanding or being able to decide
s filled with bewilderment","a. 困惑的, 迷惑的",j:100,0,0,gk,5694,7319,puzzled
pyramid,pyramid,'pirәmid,"n. a polyhedron having a polygonal base and triangular sides with a common vertex
n. (stock market) a series of transactions in which the speculator increases his holdings by using the rising market value of those holdings as margin for further purchases
n. a massive monument with a square base and four triangular sides; begun by Cheops around 2700 BC as royal tombs in ancient Egypt
v. enlarge one's holdings on an exchange on a continued rise by using paper profits as margin to buy additional amounts","n. 角锥, 金字塔
v. (使)成金字塔状, (使)渐增, (使)上涨",n:100,1,0,gk ky toefl,7071,6129,pyramid
quake,quake,kweik,"n shaking and vibration at the surface of the earth resulting from underground movement along a fault plane of from volcanic activity
v shake with fast, tremulous movements
v shake with seismic vibrations","vi. 颤抖, 地震
n. 颤抖, 地震",v:10/n:90,1,0,gk,23257,8561,quake
qualification,qualification,.kwɒlifi'keiʃәn,"n. an attribute that must be met or complied with and that fits a person for something
n. the act of modifying or changing the strength of some idea","n. 资格, 条件, 限制
[计] 限定",n:100,2,1,gk cet6 ky toefl ielts,2396,6828,qualification
quality,quality,'kwɒlәti,"n. an essential and distinguishing attribute of something or someone
n. a degree or grade of excellence or worth
n. a characteristic property that defines the apparent individual nature of something
n. high social status","n. 品质, 特性, 才能, 质量
a. 优质的
[计] 品质",n:100,4,1,gk cet4 cet6 ky toefl ielts,536,764,quality
quantity,quantity,'kwɒntәti,"n. an adequate or large amount
n. the concept that something has a magnitude and can be represented in mathematical expressions by a constant or a variable","n. 量, 数量, 总量
[计] 数量; 量",n:100,3,1,gk cet4 cet6 ky toefl,2082,4057,quantity
quarrel,quarrel,'kwɒrәl,"n. an angry dispute
n. an arrow that is shot from a crossbow; has a head with four edges
v. have a disagreement over something","n. 吵架, 反目, 怨言, 方头凿
vi. 吵架, 争论, 挑剔",v:38/n:62,2,0,gk cet4 cet6 ky,7746,11177,quarrel
quarter,quarter,'kwɒ:tә,"n. a district of a city having some distinguishing character
n. (football, professional basketball) one of four divisions into which some games are divided
n. a unit of time equal to 15 minutes or a quarter of an hour
n. one of four periods into which the school year is divided","n. 四分之一, 一刻钟, 季度, 地区
vt. 四等分, 肢解
vi. 驻扎, 住宿",v:3/n:97,4,1,zk gk toefl ielts,1085,1401,quarter
queen,queen,'kwi:n,"n. the only fertile female in a colony of social insects such as bees and ants and termites; its function is to lay eggs
n. a female sovereign ruler
n. the wife or widow of a king
n. something personified as a woman who is considered the best or most important of her kind","n. 王后, 女王
vt. 立为女王
vi. 做女王",v:1/n:99,4,1,zk gk cet4 cet6 ky,1223,43081,queen
question,question,'kwestʃәn,"n. an instance of questioning
n. the subject matter at issue
n. a sentence of inquiry that asks for a reply
n. an informal reference to a marriage proposal","n. 问题, 询问
v. 询问, 审问, 怀疑
[计] 询问",v:9/n:91,5,1,zk gk,221,197,question
questionnaire,questionnaire,kwestʃә'nєә,n. a form containing a set of questions; submitted to people to gain statistical information,"n. 调查表, 问卷
[经] 调查表",n:100,1,0,gk cet6 ky toefl ielts,4043,3606,questionnaire
queue,queue,kju:,"n. a line of people or vehicles waiting for something
n. (information processing) an ordered list of tasks to be performed or messages to be transmitted
n. a braid of hair at the back of the head","n. 辫子, 一队人, 队列
vt. 使排队, 将...梳成辫子
vi. 排队
[计] 队列",v:31/n:69,2,0,gk cet4 cet6 ky gre,4960,15489,queue
quick,quick,kwik,"n. any area of the body that is highly sensitive to pain (as the flesh underneath the skin or a fingernail or toenail)
s. accomplished rapidly and without delay
s. apprehending and responding with speed and sensitivity
s. easily aroused or excited","a. 快的, 迅速的, 敏捷的, 灵敏的, 急速的
adv. 快
n. 新长出的肉, 要害, 核心, 感觉敏锐部位",r:8/j:92,5,1,zk gk,1431,1303,quick
quiet,quiet,'kwaiәt,"a. characterized by an absence or near absence of agitation or activity
a. free of noise or uproar; or making little if any sound
s. not showy or obtrusive
a. of the sun characterized by a low level of surface phenomena like sunspots e.g.","n. 安静, 闲适, 平静
a. 安静的, 静止的, 寂静的, 朴素的, 从容的, 暗中的
vi. 平静下来
vt. 使平静, 使平息, 使安心, 安慰",j:93/v:3/n:4,4,1,zk gk,1437,1435,quiet
quilt,quilt,kwilt,"n. bedding made of two layers of cloth filled with stuffing and stitched together
v. stitch or sew together
v. create by stitching together","n. 棉被
vt. 加软衬料后缝制, 东拼西凑地编
vi. 缝被子",v:6/n:94,1,0,gk cet4 cet6 ky toefl,12326,6124,quilt
quit,quit,kwit,"v put an end to a state or an activity
v give up or retire from a position
v go away or leave
v turn away from; give up
v give up in the face of defeat of lacking hope; admit defeat","vi. 离开, 辞职, 停止
vt. 离开, 放弃, 使解除, 停止
n. 离开
[计] 结束, 退出",j:1/v:99,2,1,gk cet4 cet6 ky ielts,5298,2522,quit
quite,quite,kwait,"r. to a degree (not used with a negative)
r. to the greatest extent; completely
r. of an unusually noticeable or exceptional or remarkable kind (not used with a negative)
r. actually or truly or to an extreme","adv. 相当, 完全, 十分",r:100,5,1,zk gk,206,561,quite
quiz,quiz,kwiz,"n. an examination consisting of a few short questions
v. examine someone's knowledge of something","n. 考查, 课堂测验, 恶作剧, 智力测验
vt. 戏弄, 考查, 恶作剧",v:18/n:82,1,0,gk cet4 cet6 ky,9113,8784,quiz
rabbit,rabbit,'ræbit,"n. any of various burrowing animals of the family Leporidae having long ears and short tails; some domesticated and raised for pets or food
n. flesh of any of various rabbits or hares (wild or domesticated) eaten as food
v. hunt rabbits","n. 兔子
vi. 猎兔
vt. 让...见鬼去",n:100,2,0,zk gk cet4 cet6 ky,3037,4373,rabbit
race,race,reis,"n. any competition
n. a contest of speed
n. people who are believed to belong to the same genetic stock
v. compete in a race","n. 种族, 人种, 赛跑, 比赛, 急流, 人类, 同道, 姜根
vi. 赛跑, 竞赛, 疾走
vt. 与...赛跑, 使疾走, 使猛转
[计] 竞争; 追赶; 欧州高级通信研究开发计划",v:21/n:79,5,1,zk gk cet4 cet6 ky toefl,1107,716,race
racial,racial,'reiʃәl,"a. of or related to genetically distinguished groups of people
a. of or characteristic of race or races or arising from differences among groups","a. 人种的, 种族的
[医] 种族的",j:100,3,0,gk cet4 cet6 ky,4592,2243,racial
radiation,radiation,.reidi'eiʃәn,"n. energy that is radiated or transmitted in the form of rays or waves or particles
n. the act of spreading outward from a central source
n. the spontaneous emission of a stream of particles or electromagnetic rays in nuclear decay
n. the spread of a group of organisms into new habitats","n. 辐射
[化] 放射",n:100,2,0,gk cet4 cet6 ky toefl,3892,3652,radiation
radio,radio,'reidiәu,"n. medium for communication
n. a communication system based on broadcasting electromagnetic waves
v. transmit messages via radio waves
a. indicating radiation or radioactivity","n. 无线电, 收音机, 无线电报, 无线电广播, 无线电台
v. 用无线电发送",v:2/n:98,5,1,zk gk ielts,1093,904,radio
radioactive,radioactive,.reidiәu'æktiv,a. exhibiting or caused by radioactivity,"a. 放射性的, 有放射能的
[医] 放射性的, 放射的",j:100,2,0,gk cet4 cet6 ky,6732,7890,radioactive
radium,radium,'reidiәm,n. an intensely radioactive metallic element that occurs in minute amounts in uranium ores,"n. 镭
[化] 镭Ra",n:100,0,0,gk cet4 cet6,45531,30174,radium
rag,rag,ræg,"n. a small piece of cloth or paper
n. a week at British universities during which side-shows and processions of floats are organized to raise money for charities
n. a boisterous practical joke (especially by college students)
v. play in ragtime","n. 碎布, 抹布, 碎片, 碎屑, 少量, 破旧衣服
vt. 责骂, 揶揄, 戏弄
vi. 喧闹",v:4/n:96,2,0,gk cet4 cet6 ky gre,5984,6662,rag
rail,rail,reil,"n. short for railway
n. a horizontal bar (usually of wood or metal)
n. any of numerous widely distributed small wading birds of the family Rallidae having short wings and very long toes for running on soft mud
v. complain bitterly","n. 横杆, 围栏, 栏杆, 铁轨, 扶手, 秧鸡
vt. 以横木围栏, 给...铺铁轨
vi. 责骂, 抱怨",v:6/n:94,3,1,gk cet4 cet6 ky toefl ielts gre,1961,3373,rail
railway,railway,'reilwei,n. line that is the commercial organization responsible for operating a system of transportation for trains that pull passengers or freight,"n. 铁路, 轨道
[经] 铁路",n:100,3,1,zk gk ielts,1099,8369,railway
rain,rain,rein,"n. water falling in drops from vapor condensed in the atmosphere
n. drops of fresh water that fall as precipitation from clouds
n. anything happening rapidly or in quick successive
v. precipitate as rain","n. 雨, 下雨, 雨天
vi. 下雨
vt. 使大量落下",v:19/n:81,4,1,zk gk,1491,1550,rain
rainbow,rainbow,'reinbәu,"n. an arc of colored light in the sky caused by refraction of the sun's rays by rain
n. an illusory hope","n. 彩虹
a. 五彩缤纷的",n:100,2,0,gk cet4 cet6 ky toefl,5699,7427,rainbow
raincoat,raincoat,'reinkәut,n. a water-resistant coat,n. 雨衣,n:100,1,0,zk gk ielts,12667,15201,raincoat
rainfall,rainfall,'reinfɒ:l,n water falling in drops from vapor condensed in the atmosphere,"n. 降雨, 降雨量
[经] 降雨量",n:100,1,0,gk toefl ielts,10343,9169,rainfall
rainy,rainy,'reini,s (of weather) wet by periods of rain,"a. 下雨的, 多雨的",j:100,1,0,zk gk cet4 cet6,13732,7477,rainy
raise,raise,reiz,"n. the amount a salary is increased
n. increasing the size of a bet (as in poker)
v. raise the level or amount of something
v. raise from a lower to a higher position","n. 上升, 高地, 增高
vt. 升起, 举起, 唤起, 提高, 使出现, 使复活, 提出, 筹集, 饲养",n:3/v:97,5,1,zk gk toefl,510,433,raise
random,random,'rændәm,a. lacking any definite plan or order or purpose; governed by or depending on chance,"n. 随意, 随机
a. 任意的, 随便的, 胡乱的, 随机的
adv. 胡乱地",r:12/j:88,2,0,gk cet6 ky toefl ielts gre,3811,3619,random
range,range,'reindʒ,"n. the limits within which something can be effective
n. a large tract of grassy open land on which livestock can graze
n. a series of hills or mountains
n. a place for shooting (firing or driving) projectiles of various kinds","n. 排, 行, 山脉, 范围, 行列, 射程
vt. 排列, 归类于, 使并列, 放牧
vi. 平行, 延伸, 漫游
[计] 量程; 范围; 域; 距离",v:33/n:67,4,1,gk cet4 cet6 ky toefl ielts,484,972,range
rank,rank,ræŋk,"n. a row or line of people (especially soldiers or police) standing abreast of one another
n. relative status
v. take or have a position relative to others
v. take precedence or surpass others in rank","n. 等级, 排, 横列, 队伍, 阶级
a. 茂密丛生的, 恶臭的, 十足的, 粗俗的
vt. 排列, 归类于, 把...分等
vi. 列为, 列队
n. 秩
[计] 秩",v:41/j:2/n:57,3,1,gk cet4 cet6 ky toefl ielts,2464,2647,rank
rapid,rapid,'ræpid,"n. a part of a river where the current is very fast
s. done or occurring in a brief period of time
s. characterized by speed; moving with or capable of moving with high speed","a. 迅速的, 飞快的, 急促的, 陡的
n. 急流",j:92/n:8,4,1,zk gk cet4 cet6 ky ielts,2402,3029,rapid
rare,rare,rєә,"s. not widely known; especially valued for its uncommonness
s. recurring only at long intervals
s. not widely distributed
s. having low density","a. 稀罕的, 罕有的, 珍奇的, 稀薄的, 半熟的, 非常好的
adv. 非常",j:100,3,1,gk cet4 cet6 ky toefl ielts,1831,1872,rare
rat,rat,ræt,"n. any of various long-tailed rodents similar to but larger than a mouse
n. a pad (usually made of hair) worn as part of a woman's coiffure
v. desert one's party or group of friends, for example, for one's personal advantage
v. employ scabs or strike breakers in","n. 鼠, 卑鄙的人, 破坏者, 变节者
vi. 捕鼠, 变节
vt. 弄蓬松",v:3/n:97,2,0,zk gk cet4 cet6 ky toefl ielts,3139,3558,rat
rate,rate,reit,"n. a magnitude or frequency relative to a time unit
n. amount of a charge or payment relative to some basis
n. a quantity or amount or measure considered as a proportion of another quantity or amount or measure
v. assign a rank or rating to","n. 比率, 率, 速度, 价格, 费用, 等级
vt. 估价, 认为, 鉴定等级, 责骂
vi. 被评价, 责骂",v:11/n:89,5,1,gk cet4 cet6 ky ielts,297,457,rate
rather,rather,'ræðә,"r. on the contrary; rather (or instead), he wrote her a letter""
r. to some (great or small) extent","adv. 宁可, 稍微, 相当",i:41/c:15/r:44,5,1,zk gk cet4 cet6 ky,460,860,rather
raw,raw,rɒ:,"n. informal terms for nakedness
s. having the surface exposed and painful
a. not treated with heat to prepare it for eating
s. not processed or refined","n. 擦伤处, 半成品
a. 生的, 未加工的, 生疏的, 不成熟的, 阴冷的, 刺痛的, 擦掉皮的
vt. 擦伤
[计] 写后读",j:100,3,1,gk cet4 cet6 ky toefl ielts,2999,2783,raw
ray,ray,rei,"n. a branch of an umbel or an umbelliform inflorescence
n. (mathematics) a straight line extending from a point
n. any of the stiff bony spines in the fin of a fish
n. cartilaginous fishes having horizontally flattened bodies and enlarged winglike pectoral fins with gills on the underside; most swim by moving the pectoral fins","n. 光线, 射线, 闪烁, 光辉
vi. 射出光线, 浮现, 放射光线
vt. 放射, 显出",n:100,3,0,gk cet4 cet6 ky toefl,3865,4432,ray
razor,razor,'reizә,"n. edge tool used in shaving
v. shave with a razor","n. 剃刀
vt. 剃",v:2/n:98,1,0,gk cet4 cet6 ky gre,8610,7444,razor
reach,reach,ri:tʃ,"n. the act of physically reaching or thrusting out
v. reach a destination, either real or abstract
v. reach a point in time, or a certain state or level
v. move forward or upward in order to touch; also in a metaphorical sense","n. 伸出, 延伸, 区域, 范围, 流域, 岬
vt. 到达, 达到, 伸出, 延伸, 影响
vi. 达到, 延伸, 伸出手, 传到",n:8/v:92,5,1,zk gk cet4 cet6 ky,404,422,reach
react,react,ri'ækt,"v. show a response or a reaction to something
v. act against or in opposition to
v. undergo a chemical reaction; react with another substance under certain conditions","vi. 起反应, 起作用, 反攻
[医] 应答, 发生反应",v:100,3,1,gk cet4 cet6 ky toefl,2923,2666,react
read,read,ri:d,"n. something that is read
v. interpret something that is written or printed
v. have or contain a certain wording or form
v. look at, interpret, and say out loud something that is written or printed","v. 读, 阅读, 理解
a. 有学问的
n. 读取, 阅读
[计] 读取",n:1/v:99,5,1,zk gk,322,337,read
reading,reading,'ri:diŋ,"n. the cognitive process of understanding a written linguistic message
n. a particular interpretation or performance
n. a datum about some physical state that is presented to a user by a meter or similar instrument
n. written material intended to be read","n. 阅读, 知识, 读物
a. 阅读的",n:100,3,1,gk cet4 cet6 ky ielts,1701,1581,reading
ready,ready,'redi,"n. poised for action
a. completely prepared or in condition for immediate action or use or progress
s. (of especially money) immediately available
s. mentally disposed","n. 预备好的状态, 现款
a. 准备好的, 备用的, 可以使用的
adv. 预先, 迅速
vt. 使准备好",n:1/r:2/j:94/v:3,4,1,zk gk toefl gre,976,758,ready
real,real,'riәl,"n. the basic unit of money in Brazil; equal to 100 centavos
n. an old small silver Spanish coin
a. being or occurring in fact or actuality; having verified existence; not illusory; not ghosts""
a. no less than what is stated; worthy of the name","a. 真的, 真实的, 实际的, 实在的, 不动(产)的, 实数的
n. 实数, 现实
adv. 真正地",r:1/j:99,5,1,zk gk cet4 cet6 ky,425,305,real
realise,realise,"'riәlaiz,'ri:-","v earn on some commercial or business transaction; earn as salary or wages
v convert into cash; of goods and property
v expand or complete (a part in a piece of baroque music) by supplying the harmonies indicated in the figured bass
v make real or concrete; give reality or substance to
v be fully aware or cognizant of
v perceive (an idea or situation) mentally","vt. 实现, 认识到, 体会到, 了解, 认清, 使显得逼真, 变卖财产为现钱",,0,0,zk gk ky,1018,0,realise
reality,reality,ri'æliti,"n. the state of being actual or real
n. the state of the world as it really is rather than as you might want it to be
n. the quality possessed by something that is real","n. 实在, 事实, 实体, 逼真
[法] 现实, 实在存在的事物, 实在性",n:100,4,1,gk cet4 cet6 ky,1299,1032,reality
reason,reason,'ri:zn,"n. a rational motive for a belief or action
n. an explanation of the cause of some phenomenon
n. the capacity for rational thought or inference or discrimination
n. a fact that logically justifies some premise or conclusion","n. 理由, 原因, 理智, 道理, 前提, 理性
vt. 说服, 推论, 辩论
vi. 推论, 劝说, 思考",v:4/n:96,5,1,zk gk toefl ielts,310,359,reason
reasonable,reasonable,'ri:znәbl,"a. showing reason or sound judgment
s. marked by sound judgment","a. 合理的, 明理的, 适当的
[法] 合理的, 公道的, 正当的",r:1/j:99,3,1,gk cet4 cet6 ky ielts,1549,2510,reasonable
rebuild,rebuild,ri'bild,v. build again,"vt. 改建, 重建, 改造
vi. 重建",n:1/v:99,2,0,gk toefl,4709,3790,rebuild
receipt,receipt,ri'si:t,"n. an acknowledgment (usually tangible) that payment has been made
v. mark or stamp as paid","n. 收据, 收入, 收到
vt. 开...的收据",n:100,2,1,gk ielts gre,3633,6517,receipt
receive,receive,ri'si:v,"v. get something; come into possession of
v. receive a specified treatment (abstract)
v. express willingness to have in one's home or environs
v. accept as true or valid","vt. 收到, 接到, 得到, 接待, 迎接, 承受
vi. 收到, 会客
[计] 接收",v:100,5,1,zk gk,372,497,receive
receiver,receiver,ri'si:vә,"n. set that receives radio or tv signals
n. the tennis player who receives the serve
n. a football player who catches (or is supposed to catch) a forward pass","n. 接收器；接受者；收信机；收款员, 接待者",n:100,2,0,gk cet4 cet6 toefl,3543,3401,receiver
recent,recent,'ri:snt,s. new,"a. 最近的, 近代的, 最新的
[经] 最近的, 新进的",j:100,5,1,zk gk cet4 cet6 ky toefl,630,567,recent
reception,reception,ri'sepʃәn,"n. the manner in which something is greeted
n. a formal party of people; as after a wedding
n. quality or fidelity of a received broadcast
n. the act of receiving","n. 接待, 接受, 招待会
[医] 接受, 感受",n:100,2,1,gk cet4 cet6 ky toefl ielts,2928,3944,reception
receptionist,receptionist,ri'sepʃәnist,n. a secretary whose main duty is to answer the telephone and receive visitors,n. 接待员,n:100,1,0,gk toefl ielts,8900,10281,receptionist
recipe,recipe,'resipi,n. directions for making something,"n. 食谱, 处方, 秘诀
[医] 取(处方头语), 处方",n:100,2,0,gk cet6 ky toefl ielts gre,3661,2509,recipe
recite,recite,ri'sait,"v. repeat aloud from memory
v. render verbally, ""recite a poem""","v. 背诵, 朗读, 叙述",v:100,1,0,zk gk cet4 cet6 ky ielts,8563,6397,recite
recognise,recognise,'rekә^naiz,"v show approval or appreciation of
v grant credentials to
v detect with the senses
v express greetings upon meeting someone
v express obligation, thanks, or gratitude for
v be fully aware or cognizant of
v perceive to be the same
v accept (someone) to be what is claimed or accept his power and authority","vt. 认识, 辩认, 认出, 承认, 认可, 清楚地认识到, 自认, 公认, 赏识, 准许某人发言",,0,0,gk,1077,0,recognise
recommend,recommend,.rekә'mend,"v. push for something
v. make attractive or acceptable","vt. 推荐, 介绍, 劝告, 使受欢迎, 托付
[经] 建议, 推荐",v:100,4,1,gk cet4 cet6 ky toefl,1578,1688,recommend
record,record,ri'kɒ:d,"n. anything (such as a document or a phonograph record or a photograph) providing permanent evidence of or information about past events
n. the number of wins versus losses and ties a team has had
n. the sum of recognized accomplishments
n. a compilation of the known facts regarding something or someone","n. 记录, 履历, 档案, 审判记录, 最高纪录, 唱片
vt. 记录, 记载, 标明, 将...录音
vi. 记录, 录音, 可被录音
a. 创纪录的
[计] 录制, 记录",v:21/j:2/n:77,5,1,zk gk cet4 cet6 ky ielts,507,516,record
recorder,recorder,ri'kɒ:dә,"n. equipment for making records
n. a barrister or solicitor who serves as part-time judge in towns or boroughs","n. 记录员, 录音机
n. 记录器
[计] 宏录制器, 记录器",n:100,2,0,zk gk cet4 cet6 ky ielts,4975,6015,recorder
recover,recover,ri'kʌvә,"v. get or find back; recover the use of
v. regain a former condition after a financial loss
v. regain or make up for
v. cover anew","vt. 重新获得, 恢复, 复原, 拯救
vi. 痊愈, 复原, 胜诉
[计] 恢复",v:100,3,1,gk cet4 cet6 ky toefl ielts,1804,2131,recover
recreation,recreation,.rekri'eiʃәn,"n an activity that diverts or amuses or stimulates
n activity that refreshes and recreates; activity that renews your health and spirits by enjoyment and relaxation","n. 娱乐, 消遣, 休息, 再创造
[医] 娱乐, 休养",n:100,2,0,gk cet4 cet6 ky toefl ielts,5707,5867,recreation
rectangle,rectangle,'rektæŋgl,n. a parallelogram with four right angles,"n. 长方形, 矩形
[化] 矩形",n:100,1,0,gk cet6 ky toefl ielts gre,10208,10058,rectangle
recycle,recycle,.ri:'saikl,"v. cause to repeat a cycle
v. use again after processing","vt. 使再循环, 重新利用, 再制
n. 再循环",v:100,2,0,gk cet6 ky toefl ielts,7344,5806,recycle
red,red,red,"n. red color or pigment; the chromatic color resembling the hue of blood
n. a tributary of the Mississippi River that flows eastward from Texas along the southern boundary of Oklahoma and through Louisiana
s. of a color at the end of the color spectrum (next to orange); resembling the color of blood or cherries or tomatoes or rubies","a. 红的, 红色的, 红肿的, 流血的
n. 红色, 红颜料, 赤字
[计] 简化, 减少",j:100,5,1,zk gk,796,598,red
redirect,redirect,.ri:di'rekt,v. channel into a new direction,"vt. 重新寄送, 使改道, 使改方向
[计] 重定向, 重新引导",v:100,1,0,gk toefl gre,14745,11425,redirect
reduce,reduce,ri'dju:s,"v. cut down on; make a reduction in
v. make less complex
v. bring to humbler or weaker state or condition
v. simplify the form of a mathematical equation of expression by substituting one term for another","vt. 减少, 分解, 降低, 使衰退, 把...分解, 把...归纳
vi. 减少, 减肥, 缩小
[计] 缩小",v:100,4,1,gk cet4 cet6 ky toefl,567,701,reduce
refer,refer,ri'fә:,"v. be relevant to
v. think of, regard, or classify under a subsuming principle or with a general group or in relation to another
v. send or direct for treatment, information, or a decision
v. use a name to designate","vt. 提交, 归诸于, 把...提交, 使求助于
vi. 提到, 涉及, 查阅, 查询, 咨询",v:100,4,0,gk cet4 cet6 ky toefl,728,1156,refer
referee,referee,.refә'ri:,"n. (sports) the chief official (as in boxing or American football) who is expected to ensure fair play
n. an attorney appointed by a court to investigate and report on a case
v. be a referee or umpire in a sports competition
v. evaluate professionally a colleague's work","n. 仲裁人, 调解人, 裁判员
v. 仲裁, 裁判",v:10/n:90,2,0,gk cet6 ky ielts gre,4635,8516,referee
reference,reference,'refәrәns,"n. the most direct or specific meaning of a word or expression; the class of objects that an expression refers to
n. the act of referring or consulting
n. a publication (or a passage from a publication) that is referred to
n. the relation between a word or phrase and the object or idea it refers to","n. 参考, 索引, 参照
vt. 给...加上参考资料
vt. 引用
vi. 引用
[计] 引用",v:7/n:93,3,1,gk cet4 cet6 ky ielts,1016,1904,reference
reflect,reflect,ri'flekt,"v. manifest or bring back
v. to throw or bend back (from a surface)
v. be bright by reflecting or casting light
v. show an image of","vt. 反射, 反映, 招致, 深思
vi. 被反射, 映出, 深思, 考虑, 指责",v:100,4,1,gk cet4 cet6 ky gre,885,1004,reflect
reform,reform,ri'fɒ:m,"n. a change for the better as a result of correcting abuses
n. a campaign aimed to correct abuses or malpractices
n. self-improvement in behavior or morals by abandoning some vice
v. make changes for improvement in order to remove abuse and injustices","n. 改革, 改正, 改造
vt. 改革, 改过, 革新, 重整
vi. 革新, 改过",v:11/n:89,4,1,gk cet4 cet6 ky toefl ielts,1211,1112,reform
refresh,refresh,ri'freʃ,"v. make (to feel) fresh
v. make fresh again","vt. 使清新, 使恢复, 使生气蓬勃
vi. 提起精神, 恢复精神, 吃点心, 喝饮料
vt. 刷新, 重新整理
vi. 刷新, 重新整理
[计] 刷新, 重新整理",v:100,1,0,gk cet4 cet6 ky toefl gre,11300,12356,refresh
refreshments,refreshments,,"n snacks and drinks served as a light meal
n activity that refreshes and recreates; activity that renews your health and spirits by enjoyment and relaxation",n. 茶点；点心；小吃,,0,0,gk ielts,0,0,refreshments
refrigerator,refrigerator,ri'fridʒәreitә,n. white goods in which food can be stored at low temperatures,"n. 电冰箱, 冷藏库
[计] 冷冻机; 致冷器",n:100,1,1,gk cet4 cet6 toefl,9857,4133,refrigerator
refusal,refusal,ri'fju:zl,"n. the act of refusing
n. a message refusing to accept something that is offered","n. 拒绝, 推却, 优先决定权
[法] 拒绝, 谢绝, 取舍权",n:100,2,1,gk cet4 cet6 ky ielts,3562,5933,refusal
refuse,refuse,ri'fju:z,"v. show unwillingness towards
v. refuse to accept","vt. 拒绝, 谢绝
vi. 拒绝
n. 废物
a. 扔掉的, 无用的",n:3/v:97,4,1,zk gk cet4 cet6 ky toefl,936,1247,refuse
regard,regard,ri'gɑ:d,"n. (usually plural) a polite expression of desire for someone's welfare
n. a feeling of friendship and esteem
v. look at attentively","n. 关心, 注意, 尊敬, 关系, 问候
vt. 视为, 注意, 考虑, 和...有关, 看待
vi. 注视, 注意",i:23/n:19/v:58,4,1,zk gk cet4 cet6 ky toefl,945,2084,regard
regardless,regardless,ri'gɑ:dlis,r. in spite of everything; without regard to drawbacks,"a. 不管, 不注意, 不顾",r:100,2,0,gk cet4 cet6 ky toefl ielts,4283,2899,regardless
regards,regards,,"n (usually preceded by `in') a detail or point
n paying particular notice (as to children or helpless people)
n (usually plural) a polite expression of desire for someone's welfare
n a long fixed look
n the condition of being honored (esteemed or respected or well regarded)
n a feeling of friendship and esteem
n an attitude of admiration or esteem
v deem to be
v look at attentively
v connect closely and often incriminatingly","n. 问候, 致意",i:100,0,0,gk,25706,20654,regards
register,register,'redʒistә,"n. an official written record of names or events or transactions
n. (music) the timbre that is characteristic of a certain range and manner of production of the human voice or of different pipe organ stops or of different musical instruments
n. a book in which names and transactions are listed
n. (computer science) memory device that is the part of computer memory that has a specific address and that is used to hold information of a specific kind","n. 寄存器, 记录, 登记簿, 注册
vt. 记录, 注册, 提示, 表达, 把...挂号
vi. 登记, 注册, 挂号
[计] 寄存器",n:33/v:67,3,1,gk cet4 cet6 ky toefl ielts,2430,3173,register
regret,regret,ri'gret,"v. feel sad about the loss or absence of
v. decline formally or politely
v. express with regret","n. 遗憾, 后悔, 悔恨, 抱歉, 歉意
vt. 为...感到遗憾, 后悔, 惋惜, 懊悔, 抱歉
vi. 感到抱歉",n:40/v:60,3,1,zk gk cet4 cet6 ky,3773,4595,regret
regular,regular,'regjulә,"n. a regular patron
n. a soldier in the regular army
n. a dependable follower (especially in party politics)
n. a garment size for persons of average height and weight","a. 规则的, 常例的, 有秩序的, 整齐的, 等边的, 定期的, 经常的, 合格的, 常备军的
n. 正规军, 正式队员
adv. 经常地
n. 正常体
[计] 正常体",j:95/n:5,4,1,gk cet4 cet6 ky toefl ielts,1276,1370,regular
regulation,regulation,.regju'leiʃәn,"n. an authoritative rule
n. the state of being controlled or governed
n. (embryology) the ability of an early embryo to continue normal development after its structure has been somehow damaged or altered
n. the act of bringing to uniformity; making regular","n. 规则, 管理, 调整
[计] 调整; 规章; 规则; 调节",n:100,3,1,gk cet4 cet6 ky toefl ielts,1400,1675,regulation
reject,reject,ri'dʒekt,"v. refuse to accept or acknowledge
v. reject with contempt
v. refuse entrance or membership","n. 被拒之人, 被弃之物, 不合格品, 次品
vt. 拒绝, 抵制, 否决, 驳回, 丢弃, 呕出",n:2/v:98,4,1,gk cet4 cet6 ky toefl,1485,2029,reject
relate,relate,ri'leit,"v. give an account of
v. be in a relationship with
v. have or establish a relationship to","vt. 讲, 叙述, 使互相关联
vi. 有关, 符合, 相处得好",v:100,3,1,gk cet4 cet6 ky gre,747,1080,relate
relation,relation,ri'leiʃәn,"n. an abstraction belonging to or characteristic of two entities or parts together
n. an act of narration
n. (usually plural) mutual dealings or connections among persons or groups","n. 关系, 联系, 叙述, 故事, 家属, 亲戚
[计] 关系",n:100,4,1,zk gk cet4 cet6 ky,719,1118,relation
relationship,relationship,ri'leiʃәnʃip,"n. a relation between people; (`relationship' is often used where `relation' would serve, as in `the relationship between inflation and unemployment', but the preferred usage of `relationship' is for human relations or states of relatedness)
n. a state of connectedness between people (especially an emotional connection)
n. a state involving mutual dealings between people or parties or countries","n. 关系, 关联
[医] 关系",n:100,4,1,gk cet4 cet6 ky ielts,532,486,relationship
relative,relative,'relәtiv,"n. a person related by blood or marriage
n. an animal or plant that bears a relationship to another (as related by common descent or by membership in the same genus)
a. estimated by comparison; not absolute or complete","n. 亲戚, 关系词
a. 有关系的, 相对的, 比较的",j:44/n:56,3,1,gk cet4 cet6 ky,2255,2428,relative
relax,relax,ri'læks,"v. become less tense, rest, or take one's ease
v. make less taut
v. cause to feel relaxed
v. become less tense, less formal, or less restrained, and assume a friendlier manner","vi. 放松, 松懈, 松弛, 变从容, 休息, 休养
vt. 使松弛, 缓和, 使松懈, 使休息",v:100,3,1,zk gk cet4 cet6 ky toefl,2535,2861,relax
relay,relay,'ri:lei,"n. the act of passing something along from one person or group to another
n. a crew of workers who relieve another crew
n. a fresh team to relieve weary draft animals
n. a race between teams; each member runs or swims part of the distance","n. 驿马, 替班, 中继, 接力
vt. 分程传递, 转播, 使接替
vi. 接力传送, 转播",v:44/n:56,2,0,gk cet6 ky toefl ielts,11282,8326,relay
relevant,relevant,'relivәnt,a. having a bearing on or connection with the subject at issue,"a. 有关联的, 有关系的, 适当的, 相应的
[法] 有关的, 相关的",j:100,3,1,gk cet4 cet6 ky toefl ielts,1241,2814,relevant
reliable,reliable,ri'laiәbl,a. worthy of reliance or trust,"a. 可靠的, 可信赖的
[法] 可靠的, 可信赖的, 确实的",j:100,3,0,gk cet4 cet6 ky toefl ielts,3271,3504,reliable
relief,relief,ri'li:f,"n. the feeling that comes when something burdensome is removed or reduced
n. the condition of being comfortable or relieved (especially after being relieved of distress)
n. (law) redress awarded by a court
n. assistance in time of difficulty","n. 减轻, 解除, 救济, 安慰, 调剂, 浮雕, 换班, (地势的)起伏
[医] 缓减, 减轻, 浮雕(绘画中)",n:100,4,1,gk cet4 cet6 ky toefl ielts,1391,1812,relief
religion,religion,ri'lidʒәn,"n. a strong belief in a supernatural power or powers that control human destiny
n. an institution to express belief in a divine power","n. 宗教, 信仰
[法] 宗教, 宗教信仰, 信仰",n:100,3,1,gk cet4 cet6 ky toefl ielts gre,1819,1383,religion
religious,religious,ri'lidʒәs,"n. a member of a religious order who is bound by vows of poverty and chastity and obedience
s. concerned with sacred matters or religion or the church
a. having or showing belief in and reverence for a deity
a. of or relating to clergy bound by monastic vows","a. 宗教性的, 虔诚的, 宗教上的, 严谨的
n. 修道士, 出家人",j:100,4,1,gk cet4 cet6 ky toefl,1444,884,religious
rely,rely,ri'lai,v have confidence or faith in,"vi. 信赖, 依赖, 信任",v:100,3,0,gk cet4 cet6 ky toefl ielts,1734,1857,rely
remain,remain,ri'mein,"v. be left; of persons, questions, problems, results, evidence, etc.","vi. 保持, 逗留, 剩余
[法] 停留, 居住, 继续",v:100,5,1,zk gk cet4 cet6 ky,344,426,remain
remark,remark,ri'mɑ:k,"n. a statement that expresses a personal opinion or belief or adds information
n. explicit notice","n. 评论, 注意
vt. 评论, 注意
vi. 评论, 谈论
[计] 注释",v:39/n:61,3,1,gk cet4 cet6 ky toefl ielts,2581,3389,remark
remember,remember,ri'membә,"v. recall knowledge from memory; have a recollection
v. keep in mind for attention or consideration
v. recapture the past; indulge in memories
v. show appreciation to","vt. 记得, 回忆起, 记住, 铭记, 纪念
vi. 记得",v:100,5,1,zk gk,346,379,remember
remind,remind,ri'maind,v. put in the mind of someone,"vt. 提醒, 使想起",v:100,3,1,gk cet4 cet6 ky toefl ielts,1700,1458,remind
remote,remote,ri'mәut,"n a device that can be used to control a machine or apparatus from a distance
s located far away spatially
s very unlikely
s separate or apart in time
s inaccessible and sparsely populated; 
a far apart in relevance or relationship or kinship","a. 遥远的, 偏僻的, 疏远的, 微少的
[计] 远程, 远程访问实用程序",j:98/n:2,3,1,gk cet4 cet6 ky toefl,2684,2778,remote
remove,remove,ri'mu:v,"n. degree of figurative distance or separation; 
v. remove something concrete, as by lifting, pushing, or taking off, or remove something abstract
v. remove from a position or an office
v. shift the position or location of, as for business, legal, educational, or military purposes","vt. 移动, 调动, 除去, 迁移, 开除, 移交
vi. 迁移, 移动, 搬家
n. 班级, 升级, 移动, 搬家, 间距
[计] 删除",n:1/v:99,4,1,gk cet4 cet6 ky toefl gre,866,876,remove
rent,rent,rent,"n. a payment or series of payments made by the lessee to an owner for use of some property, facility, equipment, or service
n. the act of rending or ripping or splitting something
v. let for money
v. hold under a lease or rental agreement; of goods and services","n. 租金, 房租, 出租物, 裂缝, 破裂处, 分裂
vt. 租用, 租出
vi. 出租
a. 分裂的, 破裂的
rend的过去式和过去分词",n:43/v:57,3,1,gk cet4 cet6 ky toefl ielts gre,2386,3433,rent
repair,repair,ri'pєә,"n. the act of putting something in working order again
n. a formal way of referring to the condition of something
v. restore by replacing a part or putting together what is torn or broken
v. move, travel, or proceed toward some place","n. 修理, 补救, 修复
vt. 修理, 修补, 补救, 恢复, 补偿
vi. 修理, 修补, 补救, 恢复, 去, 常去, 集合",v:49/n:51,3,1,zk gk cet4 cet6 ky toefl ielts,2940,3874,repair
repairs,repairs,,"n the act of putting something in working order again
n a formal way of referring to the condition of something
n a frequently visited place
v restore by replacing a part or putting together what is torn or broken
v make amends for; pay compensation for
v move, travel, or proceed toward some place
v set straight or right
v give new life or energy to",n. 备件；修理；修理费；修理工作（repair的复数形式）,,0,0,gk,0,0,repairs
repeat,repeat,ri'pi:t,"n. an event that repeats
v. to say, state, or perform again
v. to say again or imitate
v. do over","n. 重复, 反复
vt. 重做, 重复, 复述, 使再现, 复制
vi. 重复
[计] 重复",n:7/v:93,4,1,zk gk cet4 cet6 ky toefl,1398,1602,repeat
replace,replace,ri'pleis,"v. substitute a person or thing for (another that is broken or inefficient or lost or no longer working or yielding what is expected)
v. put something back where it belongs","vt. 代替, 替换, 放回, 归还
[计] 替换; DOS外部命令:取代或更新文件",v:100,4,1,gk cet4 cet6 ky toefl,894,1182,replace
reply,reply,ri'plai,n. the speech act of continuing a conversational exchange,"n. 答复, 回答, 答辩
vi. 答复, 回答, 回击, 反响, 答辩
vt. 回答
[计] 答复",n:21/v:79,4,1,zk gk cet4 cet6 ky,1286,2219,reply
report,report,ri'pɒ:t,"n. a written document describing the findings of some individual or group
n. the act of informing by verbal report
n. a short account of the news
n. a sharp explosive sound (especially the sound of a gun firing)","n. 报告, 报道, 传说, 案情报告, 爆炸声, 成绩单
vt. 报告, 汇报, 转述, 报道, 揭发, 使报到
vi. 报告, 写报道, 报到
[计] 报告",n:49/v:51,5,1,zk gk ielts,276,450,report
reporter,reporter,ri'pɒ:tә,n. a person who investigates and reports or edits news stories,"n. 记者, 报告者
[化] 指示器",n:100,4,0,gk cet4 cet6 ky,3671,1286,reporter
represent,represent,.repri'zent,"v. take the place of or be parallel or equivalent to
v. be representative or typical for
v. be a delegate or spokesperson for; represent somebody's interest or be a proxy or substitute for, as of politicians and office holders representing their constituents, or of a tenant representing other tenants in a housing dispute
v. serve as a means of expressing something","vt. 表现, 表示, 描绘, 讲述, 代表, 象征, 回忆, 再赠送, 再上演
vi. 提出异议",v:100,4,1,gk cet4 cet6 ky toefl ielts,645,687,represent
representative,representative,.repri'zentәtiv,"n. a person who represents others
s. serving to represent or typify
a. standing for something else
s. being or characteristic of government by representation in which citizens exercise power through elected officers and representatives","n. 代表, 众议员, 典型
a. 描写的, 表现的, 代理的, 代表的, 代议制的, 典型的",j:28/n:72,4,1,gk cet4 cet6 ky toefl ielts,1470,1976,representative
republic,republic,ri'pʌblik,n. a form of government whose head of state is not a monarch,"n. 共和国, 共和政体, 团体, 界",n:100,4,0,gk cet4 cet6 ky toefl,1632,3709,republic
reputation,reputation,.repju'teiʃәn,"n. notoriety for some particular characteristic
n. the general estimation that the public has for a person","n. 名誉, 名声, 声望
[法] 名声, 名誉, 公认证据",n:100,3,1,gk cet4 cet6 ky toefl ielts gre,2235,2411,reputation
request,request,ri'kwest,"n. a formal message requesting something that is submitted to an authority
n. the verbal act of requesting
v. express the need or desire for; ask for
v. ask (a person) to do something","n. 请求, 需要, 申请书
vt. 请求, 要求, 邀请
[计] 请求",v:38/n:62,4,1,gk cet4 cet6 ky toefl ielts gre,1821,2116,request
require,require,ri'kwaiә,"v require as useful, just, or proper
v consider obligatory; request and expect
v make someone do something
v have need of","vt. 需要, 命令, 要求
[法] 需要, 要求, 命令",v:100,4,1,zk gk cet4 cet6 ky,321,446,require
requirement,requirement,ri'kwaiәmәnt,n. required activity,"n. 需求, 必要条件, 要求
[化] 要求; 合同要求",n:100,3,1,gk cet4 cet6 ky toefl ielts,1078,1885,requirement
rescue,rescue,'reskju:,"n. recovery or preservation from loss or danger
v. free from harm or evil
v. take forcibly from legal custody","n. 援救, 解救, 营救
vt. 援救, 救出, 营救",n:50/v:50,3,1,gk cet4 cet6 ky toefl ielts gre,3918,3815,rescue
research,research,ri'sә:tʃ,"n. systematic investigation to establish facts
v. attempt to find out in a systematically and scientific manner
v. inquire into","n. 研究, 调查, 考察
vi. 研究, 调查",v:7/n:93,5,1,zk gk cet4 cet6 ky ielts,357,362,research
resemble,resemble,ri'zembl,v. appear like; be similar or bear a likeness to,"vt. 相似, 类似",v:100,2,0,gk cet4 cet6 ky toefl ielts,3822,3058,resemble
reservation,reservation,.rezә'veiʃәn,"n. a district that is reserved for particular purpose
n. a statement that limits or restricts some claim
n. the written record or promise of an arrangement by which accommodations are secured in advance
n. something reserved in advance (as a hotel accommodation or a seat on a plane etc.)","n. 保留, 预定, 保留品, 保留地
[经] 预定, 预约, 权益保留",n:100,2,1,gk cet4 cet6 ky ielts,4139,3046,reservation
reserve,reserve,ri'zә:v,"n. something kept back or saved for future use or a special purpose
n. (medicine) potential capacity to respond in order to maintain vital functions
n. the trait of being uncommunicative; not volunteering anything more than necessary
v. hold back or set aside, especially for future use or contingency","n. 储备品, 贮量, 后备军, 自然保护区, 保留, 拘谨, 节制, 储备金
vt. 保留, 保存, 预订, 延期, 推迟",v:36/j:23/n:41,4,1,gk cet4 cet6 ky toefl ielts gre,2475,3740,reserve
resign,resign,ri'zain,v. accept as inevitable,"vt. 辞职, 放弃, 使顺从
vi. 辞职, 屈从",v:100,3,0,gk cet4 cet6 ky ielts,2549,3390,resign
resist,resist,ri'zist,"v. stand up or offer resistance to somebody or something
v. withstand the force of something
v. resist immunologically the introduction of some foreign tissue or organ
v. refuse to comply","v. 抵抗, 耐得住, 抵制, 反抗
n. 防染材料",v:100,3,1,gk cet4 cet6 ky toefl,2415,2470,resist
respect,respect,ri'spekt,"n. (usually preceded by `in') a detail or point
n. an attitude of admiration or esteem
v. regard highly; think much of
v. show respect towards","n. 尊敬, 尊重, 问候
vt. 尊敬, 注意, 遵守",i:17/v:27/n:56,4,1,gk cet4 cet6 ky toefl,1476,1554,respect
respond,respond,ri'spɒnd,v. respond favorably or as hoped,"vt. 以...回答
vi. 回答, 响应, 回报, 有反应, 承担责任",v:100,4,1,gk cet4 cet6 ky toefl,1313,920,respond
responsibility,responsibility,ri.spɒnsә'biliti,n. a form of trustworthiness; the trait of being answerable to someone for something or being responsible for one's conduct,"n. 责任, 职责, 负担, 可靠性
[化] 职责",n:100,4,1,gk cet4 cet6 ky toefl ielts,830,1067,responsibility
rest,rest,rest,"n. freedom from activity (work or strain or responsibility)
n. a state of inaction
n. euphemisms for death (based on an analogy between lying in a bed and in a tomb)
n. a support on which things can be put","n. 休息, 睡眠, 安息, 稍息, 静止, 支架, 休息处, 其余者, 剩余部分
vi. 休息, 睡, 长眠, 安心, 静止, 停止, 安置, 依赖
vt. 使休息, 使支撑, 把...寄托于",v:26/n:74,4,1,zk gk,703,673,rest
restaurant,restaurant,'restәrɒŋ,n. a building where people go to eat,"n. 餐馆, 饭店",n:100,4,1,zk gk ielts,1816,1114,restaurant
restrict,restrict,ri'strikt,"v. place restrictions on
v. place under restrictions; limit access to
v. place limits on (extent or access)","vt. 限制, 限定, 约束
[医] 限制",v:100,2,1,gk cet4 cet6 ky toefl,2207,3539,restrict
restriction,restriction,ri'strikʃәn,"n. a principle that limits the extent of something
n. the act of keeping something within specified bounds (by force if necessary)","n. 限制, 限定, 约束
[计] 限定",n:100,0,1,gk cet4 cet6 toefl,2226,3127,restriction
result,result,ri'zʌlt,"n. something that results
v. issue or terminate (in a specified way, state, etc.); end
v. come about or follow as a consequence","n. 结果, 成绩, 答案
vi. 产生, 结果, 致使
[计] 结果",v:21/n:79,5,1,zk gk cet4 cet6 ky ielts,264,354,result
retell,retell,ri:'tel,"v render verbally, ""recite a poem""
v make into fiction
v to say, state, or perform again","vt. 再讲, 重复, 重说",v:100,0,0,zk gk cet4 cet6,34354,19549,retell
retire,retire,ri'taiә,"v. go into retirement; stop performing one's work or withdraw from one's position
v. withdraw from active participation
v. withdraw from circulation or from the market, as of bills, shares, and bonds
v. make (someone) retire","n. 隐居
vi. 引退, 退役, 退休, 退去, 撤退, 退却
vt. 使...撤退, 辞退",v:100,3,1,gk cet4 cet6 ky toefl,2374,2301,retire
return,return,ri'tә:n,"n. a coming to or returning home
n. the occurrence of a change in direction back in the opposite direction
n. the act of going back to a prior location
n. the income or profit arising from such transactions as the sale of land or other property","n. 回来, 返回, 来回票, 归还, 报答, 利润率, 报告书
a. 返回的, 回程的, 报答的, 反向的, 重现的, 复原的
vi. 返回, 归还, 回来
vt. 归还, 还, 回报, 产生, 反射, 报告, 申报, 退回
[计] 返回",n:27/j:1/v:72,5,1,zk gk ielts,428,472,return
reuse,reuse,ri:'ju:z,v use again after processing,"vt. 再使用
n. 重新使用",n:30/v:70,0,0,gk,22536,12946,reuse
review,review,ri'vju:,"n. an essay or article that gives a critical evaluation (as of a book or play)
n. (accounting) a service (less exhaustive than an audit) that provides some assurance to interested parties as to the reliability of financial data
n. a periodical that publishes critical essays on current affairs or literature or art
n. (law) a judicial reexamination of the proceedings of a court (especially by an appellate court)","n. 检讨, 复习, 回顾, 检阅, 评论
vt. 温习, 检讨, 评论, 再检察, 复审
vi. 复习功课, 写评论",v:38/n:62,4,1,zk gk cet4 cet6 ky toefl ielts,1128,1384,review
reviewer,reviewer,ri'vju:ә(r),n. someone who reads manuscripts and judges their suitability for publication,"n. 评论者, 书评作者, 评论家, 剧评家, 报刊评论家",n:100,0,0,gk,10297,8282,reviewer
revision,revision,ri'viʒәn,"n. the act of revising or altering (involving reconsideration and modification)
n. the act of rewriting something","n. 校订, 修正, 修订本, 修订版
[计] 修订版",n:100,0,1,gk cet6 toefl ielts,4579,5994,revision
revolution,revolution,.revә'lu:ʃәn,"n. a drastic and far-reaching change in ways of thinking and behaving
n. the overthrow of a government by those who are governed","n. 革命, 大变革, 旋转, 转数, 循环
[化] 回转",n:100,3,1,gk cet4 cet6 ky toefl,1858,2753,revolution
reward,reward,ri'wɒ:d,"n. payment made in return for a service rendered
n. an act performed to strengthen approved behavior
n. the offer of money for helping to find a criminal or for returning lost property
v. act or give recompense in recognition of someone's behavior or actions","n. 报酬, 酬谢, 赏金
vt. 奖赏, 酬谢, 给...应有报应",v:40/n:60,3,1,gk cet4 cet6 ky toefl ielts gre,2819,3392,reward
rewind,rewind,ri:'waind,,"vt. 重绕
n. 重绕
[计] 反绕",n:17/v:83,0,0,gk,26999,20177,rewind
rewrite,rewrite,ri:'rait,"n. something that has been written again
v. write differently; alter the writing of
v. rewrite so as to make fit to suit a new or different purpose","vt. 重写, 改写, 改写新闻, 书面答复
vi. 修改旧作
n. 改写的作品
[计] 重写",v:100,1,0,gk,9748,7628,rewrite
rhyme,rhyme,raim,"n. correspondence in the sounds of two or more lines (especially final sounds)
v. compose rhymes
v. be similar in sound, especially with respect to the last syllable","n. 韵, 押韵, 韵文
vi. 押韵
vt. 使押韵, 用韵诗表达",v:34/n:66,1,0,gk gre,8663,10200,rhyme
rice,rice,rais,"n. grains used as food either unpolished or more often polished
n. annual or perennial rhizomatous marsh grasses; seed used for food; straw used for paper
n. English lyricist who frequently worked with Andrew Lloyd Webber (born in 1944)
n. United States playwright (1892-1967)","n. 米, 米饭, 稻
vt. 将...压成米粒状",n:100,3,1,zk gk ielts,4143,2740,rice
rich,rich,ri:tʃ,"a. possessing material wealth
a. having an abundant supply of desirable qualities or substances (especially natural resources)
s. of great worth or quality
s. very productive","a. 富裕的, 富饶的, 浓厚的, 贵重的",j:100,4,1,zk gk,1229,1075,rich
rid,rid,rid,v. relieve from,"vt. 免除, 以...清除, 使获自由, 使摆脱
[法] 免除, 清除, 摆脱",v:100,3,1,gk cet4 cet6 ky toefl,2872,3041,rid
riddle,riddle,'ridl,"n. a difficult problem
n. a coarse sieve (as for gravel)
v. pierce with many holes
v. set a difficult problem or riddle","n. 谜, 谜语, 粗筛
vt. 解谜, 给...出谜, 筛, 寻根究底地检验, 充满于
vi. 出谜",v:44/n:56,1,0,zk gk cet4 cet6 ky toefl gre,13883,11712,riddle
ride,ride,raid,"n. a mechanical device that you ride for amusement or excitement
v. sit and travel on the back of animal, usually while controlling its motions
v. be carried or travel on or in a vehicle
v. continue undisturbed and without interference","n. 骑马, 乘坐, 乘车, 搭便车
vt. 骑, 乘坐, 压迫, 控制
vi. 骑马, 乘车, 漂游",n:37/v:63,4,1,zk gk,1796,1283,ride
ridiculous,ridiculous,ri'dikjulәs,"s inspiring scornful pity
s incongruous; inviting ridicule
s broadly or extravagantly humorous; resembling farce","a. 荒谬的, 可笑的",j:100,2,1,gk cet4 cet6 ky toefl ielts,3632,4043,ridiculous
right,right,rait,"n. an abstract idea of that which is due to a person or governmental body by law or tradition or nature; it is something that nobody can take away""
n. location near or direction toward the right side; i.e. the side to the south when a person or object faces east
n. those who support political or social or economic conservatism; those who believe that things are better left unchanged
n. the hand that is on the right side of the body","n. 权利, 右边, 正义, 右派, 公正
a. 正确的, 对的, 恰当的, 正常的, 正直的, 正面的, 右方的
adv. 正确地, 以有利结果, 一直, 直接, 向右
vt. 扶直, 整理, 纠正, 伸冤, 使昭雪
vi. 恢复平衡
[计] 右, 权利",v:2/r:41/j:25/n:32,3,1,zk gk,244,193,right
rigid,rigid,'ridʒid,"s. incapable of or resistant to bending
s. incapable of compromise or flexibility
a. designating an airship or dirigible having a form maintained by a stiff unyielding frame or structure","a. 坚硬的, 刚性的, 严格的, 精密的, 刻板的",j:100,2,0,gk cet4 cet6 ky toefl ielts gre,4475,5469,rigid
ring,ring,riŋ,"n. a characteristic sound
n. a toroidal shape
n. the sound of a bell ringing
n. a platform usually marked off by ropes in which contestants box or wrestle","n. 环, 环形物, 拳击场, 戒指, 角逐, 小集团, 铃声, 钟声, 声调
vt. 包围, 套住, 按铃, 敲钟
vi. 成环形, 响, 鸣, 按铃, 敲钟, 回响",v:41/n:59,3,1,zk gk toefl,1305,1678,ring
ripe,ripe,raip,"a. fully developed or matured and ready to be eaten or used
s. fully prepared or eager
s. at the highest point of development especially in judgment or knowledge","a. 成熟的, 熟练的, 成年的
[医] 成熟的",j:100,2,0,gk cet4 cet6 ky toefl,7544,6068,ripe
ripen,ripen,'raipәn,"v. cause to ripen or develop fully
v. grow ripe","vt. 使成熟
vi. 成熟",v:100,1,0,gk cet4 cet6 toefl gre,14908,14750,ripen
rise,rise,raiz,"n. a growth in strength or number or importance
n. the act of changing location in an upward direction
n. a movement upward
n. an increase in cost","n. 上升, 增加, 上涨, 高地, 升高, 出现
vi. 升起, 起身, 起立, 上升, 上涨, 增长, 高耸, 起义, 浮现
vt. 使飞起",n:26/v:74,5,1,zk gk cet4 cet6 ky,644,727,rise
risk,risk,risk,"n. a venture undertaken without regard to possible loss or injury
n. the probability of becoming infected given that exposure to an infectious agent has occurred
n. the probability of being exposed to an infectious agent
v. expose to a chance of loss or damage","n. 冒险, 危险, 保险额
vt. 冒...的危险, 冒险干",v:14/n:86,4,1,zk gk cet4 cet6 ky toefl,781,650,risk
river,river,'rivә,n. a large natural stream of water (larger than a creek),"n. 河, 江
[法] 河流, 江河, 内河",n:100,4,1,zk gk,876,1327,river
road,road,rәud,"n. an open way (generally public) for travel or transportation
n. a way or means to achieve something","n. 路, 道路, 公路, 途径, 方法
[法] 公路, 道路, 行车道",n:100,5,1,zk gk ielts,284,489,road
roast,roast,rәust,"n. a piece of meat roasted or for roasting and of a size for slicing into more than one portion
v. cook with dry heat, usually in an oven
s. (meat) cooked by dry heat in an oven","n. 烤肉, 烘烤, 嘲笑
a. 烘烤的, 烤过的
vt. 烤, 炙, 烘焙, 嘲笑
vi. 烤, 炙, 烘焙",n:27/j:27/v:46,2,0,gk cet4 cet6 ky toefl ielts,12050,7679,roast
rob,rob,rɒb,v. take something away by force or without the consent of the owner,"v. 抢夺, 抢掠, 剥夺",v:100,2,1,gk cet4 cet6 ky,5202,5071,rob
robot,robot,'rәubәt,n a mechanism that can move automatically,"n. 机械人, 自动机械, 机械般工作的人
[计] 机器人; 自动机",n:100,1,0,zk gk cet4 cet6 ky,6669,4523,robot
rock,rock,rɒk,"n. a lump or mass of hard consolidated mineral matter
n. material consisting of the aggregate of minerals like those making up the Earth's crust
n. United States gynecologist and devout Catholic who conducted the first clinical trials of the oral contraceptive pill (1890-1984)
n. (figurative) someone who is strong and stable and dependable","n. 岩石, 岩礁, 石头, 基石, 暗礁, 摇动, 摇滚乐
vt. 摇摆, 摇动, 使摇晃, 使动摇
vi. 摇, 摇动",v:13/n:87,4,1,zk gk cet4 cet6 ky ielts,1070,869,rock
rocket,rocket,'rɒkit,"n. any vehicle self-propelled by a rocket engine
n. a jet engine containing its own propellant and driven by reaction propulsion
n. erect European annual often grown as a salad crop to be harvested when young and tender
n. propels bright light high in the sky, or used to propel a lifesaving line or harpoon","n. 火箭, 烟火
vi. 急升, 猛涨, 飞驰
vt. 用火箭运载",v:9/n:91,3,0,gk cet4 cet6 ky,6074,4094,rocket
role,role,rәul,n. normal or customary activity of a person in a particular social setting,"n. 角色, 职责, 任务
[医] 作用, 功用",n:100,5,1,zk gk cet4 cet6 ky toefl ielts,468,451,role
roll,roll,rәul,"n. a list of names
n. photographic film rolled up inside a container to protect it from light
n. anything rolled up in cylindrical form
n. walking with a swaying gait","n. 卷, 滚动, 名单, 案卷, 压路机
vi. 滚, 滚动, 飘流, 起伏, 卷, 绕
vt. 使滚动, 卷, 绕",n:30/v:70,4,1,gk cet4 cet6 ky toefl ielts,1856,1249,roll
roller,roller,'rәulә,"n. a grounder that rolls along the infield
n. a long heavy sea wave as it advances towards the shore
n. a small wheel without spokes (as on a roller skate)
n. a cylinder that revolves","n. 滚筒, 滚轴, 压路机
[化] 滚柱; 托辊",n:100,2,0,gk cet4 cet6,6996,6161,roller
roof,roof,ru:f,"n. a protective covering that covers or forms the top of a building
n. protective covering on top of a motor vehicle
n. the inner top surface of a covered area or hollow space
v. provide a building with a roof; cover a building with a roof","n. 屋顶, 室顶
vt. 给...盖屋顶, 遮蔽",v:2/n:98,3,1,gk cet4 cet6 ky toefl,1879,2135,roof
room,room,ru:m,"n. an area within a building enclosed by walls and floor and ceiling
n. space for movement
n. opportunity for
n. the people who are present in a room","n. 房间, 空位, 场所
vi. 住宿, 居住
vt. 留宿",v:1/n:99,5,1,zk gk ielts,240,227,room
rooster,rooster,'ru:stә,n adult male chicken,"n. 公鸡, 栖息的鸟
[机] 炉篦",n:100,0,0,gk cet6 toefl,35410,11564,rooster
root,root,ru:t,"n. (botany) the usually underground organ that lacks buds or leaves or nodes; absorbs water and mineral salts; usually it anchors the plant to the ground
n. (linguistics) the form of a word after all affixes are removed
n. a number that, when multiplied by itself some number of times, equals a given number
n. the part of a tooth that is embedded in the jaw and serves as support","n. 根, 根本, 根源, 基础, 底部
vt. 使扎根, 使固定, 根除, 肃清, 搜出, 用鼻拱
vi. 生根, 固定, 源于, 用鼻拱土, 寻找, 捧场, 支持",v:24/n:76,3,1,gk cet4 cet6 ky,1992,1734,root
rope,rope,rәup,"n. a strong line
v. fasten with a rope","n. 绳, 索, 粗绳, 绞索, 决窍
vt. 捆, 缚, 绑, 圈起, 以绳将...系住
vi. 拧成绳状",v:6/n:94,2,1,zk gk cet4 cet6 ky toefl,3336,3309,rope
rose,rose,rәuz,"n. any of many shrubs of the genus Rosa that bear roses
n. a dusty pink color
s. of something having a dusty purplish pink color","n. 玫瑰, 蔷薇, 玫瑰色
a. 玫瑰色的, 玫瑰花的
vt. 使成玫瑰色
rise的过去式",j:3/n:97,1,0,zk gk cet4 cet6 ky,2179,23633,rose
rot,rot,rɒt,"n a state of decay usually accompanied by an offensive odor
n (biology) the process of decay caused by bacterial or fungal action
n unacceptable behavior (especially ludicrously false statements)
v break down
v become physically weaker","n. 腐烂, 腐蚀, 败坏
vi. 腐烂, 烂, 堕落, 憔悴
vt. 使腐烂, 使腐朽, 使堕落",n:35/v:65,2,0,gk cet4 cet6 ky toefl ielts,9578,9603,rot
rough,rough,rʌf,"n. the part of a golf course bordering the fairway where the grass is not cut short
a. having or caused by an irregular surface
s. (of persons or behavior) lacking refinement or finesse
a. of the margin of a leaf shape; having the edge cut or fringed or scalloped","n. 粗糙的东西, 毛坯, 未加工品, 梗概, 草图, 暴徒, 艰难
a. 粗糙的, 粗暴的, 蓬乱的, 草率的, 大致的, 简陋的, 暴风雨的, 艰难的
vt. 使粗糙, 使不平, 使蓬乱, 粗制, 草拟, 粗暴对待, 对...动粗
vi. 变粗糙
adv. 粗糙地, 粗暴地",n:1/j:93/v:6,3,1,gk cet4 cet6 ky toefl ielts,2422,2627,rough
round,round,raund,"n. a charge of ammunition for a single shot
n. (often plural) a series of professional calls (usually in a set order)
n. the usual activities in your day
n. the course along which communications spread","n. 圆, 圆形物, 巡回, 循环, 一轮, 一回合, 一局, 范围, 轮唱
a. 圆的, 球形的, 丰满的, 肥胖的, 完全的, 大概的, 完美的, 圆润的
prep. 围着, 附近, 绕过, 在...周围
adv. 围绕着, 在周围, 迂回地, 挨个, 朝反方向
vt. 弄圆, 使成圆形, 绕行, 完成, 围捕, 把...四舍五入
vi. 变圆, 发胖, 环行, 拐弯, 进展",r:13/j:31/v:15/n:41,2,1,zk gk,730,2372,round
roundabout,roundabout,'raundә.baut,"n a road junction at which traffic streams circularly around a central island
n a large, rotating machine with seats for children to ride or amusement
s marked by obliqueness or indirection in speech or conduct
s deviating from a straight course","a. 迂回的, 委婉的
n. 迂回路线",j:55/n:45,1,0,gk cet6 ky gre,7908,21821,roundabout
routine,routine,ru:'ti:n,"n. an unvarying or habitual method or procedure
n. a set sequence of steps, part of larger computer program","n. 常规, 日常工作, 惯例, 例行公事
a. 日常的, 常规的
[计] 例程",j:10/n:90,3,1,gk cet4 cet6 ky toefl ielts,2421,2585,routine
row,row,rәu. rau,"n. an arrangement of objects or people side by side in a line
n. a long continuous strip (usually running horizontally)
n. a linear array of numbers, letters, or symbols side by side
n. a continuous chronological succession without an interruption","n. 排, 行, 街道, 划船, 吵闹
vt. 使成排, 划, 划船, 参加(赛船), 痛骂
vi. 划船, 划动, 争吵
[计] 行",v:8/n:92,2,1,zk gk cet4 cet6 ky toefl,1406,1843,row
royal,royal,'rɒiәl,"n. a sail set next above the topgallant on a royal mast
n. stag with antlers of 12 or more branches
a. of or relating to or indicative of or issued or performed by a king or queen or other monarch
a. established or chartered or authorized by royalty","n. 王室, 皇族
a. 王室的, 皇家的, 盛大的, 庄严的",j:94/n:6,4,1,gk cet4 cet6 ky ielts,682,4306,royal
rubber,rubber,'rʌbә,"n. an elastic material obtained from the latex sap of trees (especially trees of the genera Hevea and Ficus) that can be vulcanized and finished into a variety of products
n. any of various synthetic elastic materials whose properties resemble natural rubber
s. returned for lack of funds","n. 橡皮, 橡胶, 做摩擦动作的人, 按摩师, 决胜盘
vt. 用橡胶制造, 涂橡胶于",j:72/n:28,2,1,zk gk cet4 cet6 ky ielts,5262,4791,rubber
rubbish,rubbish,'rʌbiʃ,"n. worthless material that is to be disposed of
v. attack strongly","n. 废物, 垃圾, 胡说",n:100,2,1,zk gk cet4 cet6 ky toefl ielts,3206,14955,rubbish
rude,rude,ru:d,"s socially incorrect in behavior
s (of persons) lacking in refinement or grace
a lacking civility or good manners
s (used especially of commodities) being unprocessed or manufactured using only simple or minimal processes
s belonging to an early stage of technical development; characterized by simplicity and (often) crudeness","a. 粗鲁无礼的, 粗陋的, 粗暴的, 原始的, 未开化的, 大略的, 崎岖不平的, 狂暴的",j:100,2,1,gk cet4 cet6 ky,5635,6718,rude
rugby,rugby,'rʌ^bi,n. a form of football played with an oval ball,"n. 橄榄球, 橄榄球赛",n:100,3,0,gk,2794,15490,rugby
ruin,ruin,ruin,"n. an irrecoverable state of devastation and destruction
n. a ruined building
n. an event that results in destruction
v. destroy or cause to fail","n. 毁灭, 推翻, 废墟
vi. 毁灭, 衰败, 破坏, 破产, 堕落
vt. 使毁灭, 毁坏, 使破产",n:43/v:57,3,1,gk cet4 cet6 ky toefl,5346,4197,ruin
rule,rule,ru:l,"n. a principle or condition that customarily governs behavior
n. prescribed guide for conduct or action
n. (linguistics) a rule describing (or prescribing) a linguistic practice
n. the duration of a monarch's or government's power","n. 规则, 统治, 控制, 支配, 规律, 标准, 章程, 破折号, 铅线
vt. 规定, 统治, 管理, 控制, 支配, 裁决
vi. 统治, 管辖, 裁定
[计] 规则, 水线",v:21/n:79,5,1,zk gk cet4 cet6 ky toefl ielts,539,633,rule
ruler,ruler,'ru:lә,n. a person who rules or commands,"n. 统治者, 管理者, 尺, 直尺
n. 划线板
[计] 标尺",n:100,2,1,zk gk cet4 cet6 ky,4145,5552,ruler
run,run,rʌn,"n. a score in baseball made by a runner touching all four bases safely
n. (American football) a play in which a player attempts to carry the ball through or past the opposing team
n. a regular trip
n. the act of running; traveling on foot at a fast pace","n. 跑, 赛跑, 奔跑, 奔跑的路程, 趋向, 流出, 运转时间, 连续
vi. 跑, 奔跑, 跑步, 赛跑, 竞赛, 行驶, 运转, 进行, 蔓延
vt. 使跑, 参赛, 追究, 驾驶, 开动, 管理, 经营, 使流出, 运行
a. 熔化的, 融化的, 浇铸的
run的过去式和过去分词
[计] 运行",n:15/v:85,5,1,zk gk,208,202,run
runner,runner,'rʌnә,"n. someone who travels on foot by running
n. a person who is employed to deliver messages or documents
n. a trained athlete who competes in foot races
n. a long narrow carpet","n. 跑步者, 赛跑者, 送信人, 走私船, 操作者, 滑槽
[化] 碾碎机; 压碎机",n:100,3,1,gk cet4 cet6,4368,4214,runner
running,running,'rʌniŋ,"n. the state of being in operation
n. the act of administering or being in charge of something
a. (of fluids) moving or issuing in a stream
s. continually repeated over a period of time","n. 赛跑, 流出, 运转
a. 流动的, 跑着的, 连续的",j:63/n:37,4,1,gk,3269,3252,running
rush,rush,rʌʃ,"n. a sudden forceful flow
n. grasslike plants growing in wet places and having cylindrical often hollow stems
n. physician and American Revolutionary leader; signer of the Declaration of Independence (1745-1813)
n. a sudden burst of activity","n. 匆促, 冲进, 急流, 灯心草
vi. 冲, 奔, 闯, 赶紧, 匆促行事, 涌现
vt. 使冲, 匆忙地做, 突袭, 飞跃, 用灯心草做
a. 紧急的",n:29/v:71,3,1,zk gk cet4 cet6 ky toefl,2531,1956,rush
Russia,russia,'rʌʃә,"n. a former empire in eastern Europe and northern Asia created in the 14th century with Moscow as the capital; powerful in the 17th and 18th centuries under Peter the Great and Catherine the Great when Saint Petersburg was the capital; overthrown by revolution in 1917
n. a federation in northeastern Europe and northern Asia; formerly Soviet Russia; since 1991 an independent state","n. 俄国, 俄罗斯
[法] 俄罗斯, 苏联",,0,0,zk gk ielts,2103,0,russia
Russian,russian,'rʌʃәn,"n. a native or inhabitant of Russia
n. the Slavic language that is the official language of Russia
a. of or pertaining to or characteristic of Russia or its people or culture or language","n. 俄国人, 俄语
a. 俄国的, 俄语的",j:77/n:23,0,0,zk gk,1791,1562,russian
sacred,sacred,'seikrid,"a. concerned with religion or religious purposes
s. worthy of respect or dedication
s. (often followed by `to') devoted exclusively to a single use or purpose or person","a. 神圣的, 献给上帝的, 庄严的, 祭祀的
[法] 神圣的, 不可侵犯的",j:100,2,0,gk cet4 cet6 ky toefl ielts gre,4692,3338,sacred
sacrifice,sacrifice,'sækrifais,"n. personnel that are sacrificed (e.g., surrendered or lost in order to gain an objective)
n. a loss entailed by giving up or selling something at less than its value
n. the act of killing (an animal or person) in order to propitiate a deity
n. (baseball) an out that advances the base runners","n. 牺牲, 供奉, 祭品
vt. 牺牲, 祭祀, 贱卖
vi. 献祭",v:47/n:53,3,0,gk cet4 cet6 ky ielts gre,5282,4068,sacrifice
sad,sad,sæd,"a. experiencing or showing sorrow or unhappiness
s. of things that make you feel sad","a. 忧愁的, 悲哀的",j:100,4,1,zk gk,2373,2145,sad
sadness,sadness,'sædnis,"n. emotions experienced when not in a state of well-being
n. the state of being sad","n. 悲哀, 悲伤",n:100,0,1,gk cet4 cet6,6372,5506,sadness
safe,safe,seif,"n. strongbox where valuables can be safely kept
n. a ventilated or refrigerated cupboard for securing provisions from pests
a. free from danger or the risk of harm
s. (of an undertaking) secure from risk","n. 保险箱, 冷藏室
a. 安全的, 可靠的, 平安的, 稳健的, 有把握的",r:1/j:96/n:3,4,1,zk gk cet4 cet6 ky ielts gre,1244,1058,safe
safety,safety,'seifti,"n. the state of being certain that adverse effects will not be caused by some agent under defined conditions
n. a safe place
n. a score in American football; a player is tackled behind his own goal line","n. 安全, 保险, 平安, 保安设备
vt. 保护, 防护",n:100,4,1,zk gk cet4 cet6 ky ielts,1165,1132,safety
sail,sail,seil,"n. a large piece of fabric (usually canvas fabric) by means of which wind is used to propel a sailing vessel
n. any structure that resembles a sail
v. traverse or travel on (a body of water)
v. travel on water propelled by wind","n. 帆, 篷, 帆船, 航程, 帆状物
vi. 航行, 启航, 张帆而行
vt. 航行于, 驾船",n:28/v:72,3,1,zk gk cet4 cet6 ky toefl,2876,4124,sail
sailing,sailing,'seiliŋ,"n. riding in a sailboat
n. the departure of a vessel from a port","n. 航行, 航海术, 启航
a. 航行的",n:100,2,1,gk ielts,5717,10027,sailing
sailor,sailor,'seilә,n. any member of a ship's crew,"n. 水手, 船员, 海员
[法] 水手, 船员, 海员",n:100,2,1,gk cet4 cet6 ky,5054,5030,sailor
salad,salad,'sælәd,n. food mixtures either arranged on a plate or tossed and served with a moist dressing; usually consisting of or including greens,n. 色拉,n:100,2,1,zk gk cet4 cet6 ky ielts,4643,2773,salad
salary,salary,'sælәri,n something that remunerates,"n. 薪水
vt. 给...加薪",n:100,3,1,gk cet4 cet6 ky ielts,2751,2455,salary
sale,sale,seil,"n. a particular instance of selling
n. the general activity of selling
n. an occasion (usually brief) for buying at specially reduced prices
n. the state of being purchasable; offered or exhibited for selling","n. 出售, 卖, 拍卖, 销售额, 廉价出售
[经] 卖, 出售; 销售(货)",n:100,5,1,zk gk cet4 cet6 ky toefl ielts,1143,2234,sale
salesgirl,salesgirl,'seilzgә:l,n. a woman salesperson,n. 女店员,n:100,0,0,gk,0,29991,salesgirl
salesman,salesman,'seilzmәn,n. a man salesperson,"n. 售货员, 推销员
[经] 售货员, 店员, 推销员",n:100,2,0,gk cet4 cet6 ky,6889,5573,salesman
saleswoman,saleswoman,'seilzwumәn,n a woman salesperson,"n. 女售货员, 女店员",n:100,0,0,gk,41106,20767,saleswoman
salt,salt,sɒ:lt,"n. a compound formed by replacing hydrogen in an acid by a metal (or a radical that acts like a metal)
n. white crystalline form of especially sodium chloride used to season and preserve food
n. the taste experience when common salt is taken into the mouth
v. add salt to","n. 盐, 风趣, 刺激
a. 含盐的, 咸的, 风趣的, 辛辣的
vt. 加盐于, 用盐腌",v:1/j:1/n:98,3,1,zk gk cet4 cet6 ky,2536,1571,salt
salty,salty,'sɒ:lti,"a. containing or filled with salt
s. one of the four basic taste sensations; like the taste of sea water","a. 有盐分的, 咸味浓的, 海洋的, 辛辣的, 有经验的",j:100,1,1,gk,15246,9377,salty
salute,salute,sә'lu:t,"n. an act of honor or courteous recognition
n. a formal military gesture of respect
n. an act of greeting with friendly words and gestures like bowing or lifting the hat
v. greet in a friendly way","vi. 行礼, 致意, 问候, 放礼炮
vt. 向...致意, 迎接, 赞扬
n. 招呼, 敬礼, 礼炮",n:41/v:59,2,0,gk cet4 cet6 ky ielts gre,11386,8974,salute
same,same,seim,"a. same in identity
a. closely similar or comparable in kind or quality or quantity or degree
s. unchanged in character or nature","a. 相同的, 同样的
pron. 相同的人(或事物)
adv. 同样地",r:1/d:99,5,1,zk gk,137,161,same
sand,sand,sænd,"n. a loose material consisting of grains of rock or coral
n. French writer known for works concerning women's rights and independence (1804-1876)","n. 沙, 沙子, 沙滩, 光阴, 生涯
vt. 撒沙, 以沙掩盖",v:4/n:96,3,1,zk gk cet4 cet6 ky,2470,2205,sand
sandwich,sandwich,'sændwitʃ,"n. two (or more) slices of bread with a filling between them
v. make into a sandwich
v. insert or squeeze tightly between two people or objects","n. 三明治, 夹心面包, 夹层板
vt. 插入, 夹入, 把...制成三明治",v:8/n:92,2,0,zk gk cet4 cet6 ky ielts,3670,3529,sandwich
satellite,satellite,'sætlait,"n. man-made equipment that orbits around the earth or the moon
n. a person who follows or serves another
n. any celestial body orbiting around a planet or star
v. broadcast or disseminate via satellite","n. 人造卫星
[医] 伴行静脉, 陪静脉, 陪病部, 随体, 卫星",n:100,3,0,gk cet4 cet6 ky toefl ielts,3325,2632,satellite
satisfaction,satisfaction,.sætis'fækʃәn,"n. the contentment one feels when one has fulfilled a desire, need, or expectation
n. (law) the payment of a debt or fulfillment of an obligation
n. act of fulfilling a desire or need or appetite","n. 满足, 满意, 快事, 赔偿, 赎罪, 报仇的机会
[经] 偿还, 赎回",n:100,2,1,gk cet4 cet6 ky toefl ielts,2683,2779,satisfaction
satisfy,satisfy,'sætisfai,"v. meet the requirements or expectations of
v. make happy or satisfied","vt. 使满意, 满足, 符合, 使确信, 赔偿
vi. 令人满意, 替人赎罪",v:100,2,1,zk gk cet4 cet6 ky toefl,2775,3001,satisfy
Saturday,saturday,'sætәdi,n. the seventh and last day of the week; observed as the Sabbath by Jews and some Christians,n. 星期六,,4,1,zk gk ielts,1159,0,saturday
sauce,sauce,sɒ:s,"n. flavorful relish or dressing or topping served as an accompaniment to food
v. behave saucily or impudently towards
v. dress (food) with a relish
v. add zest or flavor to, make more interesting","n. 酱油, 调味汁, 酱
vt. 给...调味, 使增加趣味",v:1/n:99,3,1,gk cet4 cet6 ky ielts,4226,2289,sauce
saucer,saucer,'sɒ:sә,n. a small shallow dish for holding a cup at the table,"n. 茶碟, 茶托
[医] 碟",n:100,1,0,gk cet4 cet6 ky toefl,9123,10769,saucer
sausage,sausage,'sɒsidʒ,n. highly seasoned minced meat stuffed in casings,"n. 香肠, 腊肠",n:100,2,0,zk gk cet4 cet6 ky,5664,6199,sausage
savage,savage,'sævidʒ,"n. a member of an uncivilized people
v. attack brutally and fiercely
v. criticize harshly or violently","a. 未开化的, 野蛮的, 无礼的, 残酷的, 原始的, 粗鲁的, 未开发的
vt. 用暴力对付, 凶猛攻击
n. 原始人, 粗鲁人",j:51/v:14/n:35,2,0,gk cet6 ky ielts gre,7623,10011,savage
save,save,seiv,"n. (sports) the act of preventing the opposition from scoring
v. to keep up and reserve for personal or special use
v. bring into safety
v. spend less; buy at a reduced price","n. 救球
vt. 解救, 挽救, 储蓄, 保存, 节省, 保留
vi. 挽救, 节省, 救球
prep. 除...之外
[计] 保存",i:4/c:1/n:1/v:94,5,1,zk gk cet4 cet6 ky toefl,848,735,save
say,say,sei,"n. the chance to speak
v. communicate or express nonverbally
v. utter aloud
v. state as one's opinion or judgement; declare","vt. 说, 讲, 念, 说明, 指明
vi. 说, 讲
n. 意见, 发言权",r:1/v:99,5,1,zk gk ielts,32,19,say
saying,saying,'seiiŋ,n. a word or phrase that particular people use in particular situations,"n. 叙述, 话, 说, 言论",n:100,1,0,gk,7543,5887,saying
scan,scan,skæn,"n. the act of scanning; systematic examination of a prescribed region
n. an image produced by scanning
v. examine minutely or intensely
v. examine hastily","n. 审视, 浏览, 扫描, 细查
vt. 细看, 浏览, 扫描, 详细调查, 标出格律
vi. 押韵, 扫描
[计] 网络软件目录, 编码与分析系统",n:35/v:65,2,0,gk cet4 cet6 ky toefl ielts gre,5003,4031,scan
scar,scar,skɑ:,"n. a mark left (usually on the skin) by the healing of injured tissue
v. mark with a scar","n. 疤痕, 伤痕, 悬崖
vi. 结疤, 愈合, 痊愈
vt. 使有伤痕",v:26/n:74,2,0,gk cet4 cet6 ky toefl ielts gre,7022,5026,scar
scare,scare,skєә,n. a sudden attack of fear,"n. 惊吓, 恐慌
vt. 惊吓, 使恐慌
vi. 受惊",n:17/v:83,2,1,gk cet4 cet6 ky toefl gre,7593,3807,scare
scarf,scarf,skɑ:f,"n. a garment worn around the head or neck or shoulders for warmth or decoration
v. masturbate while strangling oneself
v. unite by a scarf joint
v. wrap in or adorn with a scarf","n. 围巾, 头巾, 领带, 领巾, 嵌接
vt. 用围巾围, 嵌接",v:4/n:96,1,0,zk gk cet4 cet6 ky gre,6554,6140,scarf
scene,scene,si:n,"n. the place where some action occurs
n. an incident (real or imaginary)
n. a consecutive series of pictures that constitutes a unit of action in a film
n. a subdivision of an act of a play","n. 场, 情景, 镜头, 发生地点, 道具, 布景, 景色
[化] 现场",n:100,4,1,gk cet4 cet6 ky toefl,1112,738,scene
scenery,scenery,'si:nәri,"n. the painted structures of a stage set that are intended to suggest a particular locale
n. the appearance of a place","n. 风景, 景色, 舞台布景",n:100,1,0,gk cet4 cet6 ky toefl ielts,6478,8152,scenery
sceptical,sceptical,'skeptikl,"s marked by or given to doubt
s denying or questioning the tenets of especially a religion","a. 怀疑论的, 怀疑的",j:100,2,0,gk cet6 ky ielts gre,6418,37694,sceptical
schedule,schedule,'skedʒuәl,"n. an ordered list of times at which things are planned to occur
v. plan for an activity or event
v. make a schedule; plan the time and place for events","n. 时间表, 一览表, 计划表, 议事日程
vt. 预定, 编制目录, 制...表, 安排",v:45/n:55,4,1,gk cet4 cet6 ky toefl ielts,2702,2144,schedule
scholar,scholar,'skɒlә,"n. a learned person (especially in the humanities); someone who by long study has gained mastery in one or more disciplines
n. a student who holds a scholarship","n. 学者, 奖学金获得者, 有文化者, 学习者",n:100,2,0,gk cet4 cet6 ky toefl,3858,2101,scholar
scholarship,scholarship,'skɒlәʃip,n. financial aid provided to a student on the basis of academic merit,"n. 学问, 学术成就, 奖学金",n:100,2,0,gk cet4 cet6 ky toefl ielts,5365,3044,scholarship
school,school,sku:l,"n. an educational institution
n. a building where young people receive education
n. the process of being formally educated at a school
n. a body of creative artists or writers or thinkers linked by a similar style or by similar teachers","n. 学校, 鱼群, 门派, 学派
vt. 教育, 训练, 培养
vi. 成群地游",v:1/n:99,5,1,zk gk ielts gre,165,125,school
schoolbag,schoolbag,'sku:lbæ^,n. a bag for carrying school books and supplies,n. 书包,,0,0,zk gk,0,0,schoolbag
schoolmate,schoolmate,'sku:lmeit,n. an acquaintance that you go to school with,"n. 同窗, 同学",n:100,0,0,gk,33562,19024,schoolmate
science,science,'saiәns,n. a particular branch of scientific knowledge,"n. 科学, 学科, 学问, 自然科学
[医] 科学",n:100,4,1,zk gk ielts,794,889,science
scientific,scientific,.saiәn'tifik,"a. of or relating to the practice of science
a. conforming with the principles or methods used in science","a. 科学的, 系统的, 符合科学规律的
[计] 科学记数法",j:100,3,1,gk cet4 cet6 ky ielts,1601,1605,scientific
scientist,scientist,'saiәntist,n. a person with advanced knowledge of one or more sciences,"n. 科学家
[医] 科学家",n:100,4,1,zk gk cet4 cet6 ky,1684,1057,scientist
scissors,scissors,'sizәz,"n. an edge tool having two crossed pivoting blades
n. a wrestling hold in which you wrap your legs around the opponents body or head and put your feet together and squeeze
n. a gymnastic exercise performed on the pommel horse when the gymnast moves his legs as the blades of scissors move","pl. 剪刀
[医] 剪",n:100,1,1,gk cet4 cet6 ky toefl ielts,8705,8906,scissors
scold,scold,skәuld,n. someone (especially a woman) who annoys people by constantly finding fault,"n. 好骂街的人, 责骂
v. 责骂",n:3/v:97,1,0,gk cet4 cet6 ky ielts,15769,10246,scold
score,score,skɒ:,"n. a written form of a musical composition; parts for different instruments appear on separate staves on large pages
n. a number that expresses the accomplishment of a team or an individual in a game or contest
n. a set of twenty members
n. grounds","n. 得分, 抓痕, 二十个, 刻痕, 帐目, 乐谱, 起跑线, 终点线, 大量
vt. 刻划, 划线, 获得, 评价, 把...记下
vi. 刻痕, 记分, 得分
[计] 得分",v:35/n:65,4,1,zk gk cet4 cet6 ky toefl ielts gre,1818,1070,score
scores,scores,skɔ:z,"n a large number or amount
n a number or letter indicating quality (especially of a student's performance)
n a written form of a musical composition; parts for different instruments appear on separate staves on large pages
n a number that expresses the accomplishment of a team or an individual in a game or contest
n a set of twenty members
n grounds
n the facts about an actual situation
n an amount due (as at a restaurant or bar)
n a slight surface cut (especially a notch that is made to keep a tally)
n a resentment strong enough to justify retaliation
n the act of scoring in a game or sport
n a seduction culminating in sexual intercourse
v gain points in a game
v make small marks into the surface of
v make underscoring marks
v write a musical score for
v induce to have sex
v get a certain number or letter indicating quality or performance
v assign a grade or rank to, according to one's evaluation","n. 大量, 众多; 二十( score的名词复数 ); （游戏或比赛中的）得分; 大量; 百分数",,0,0,gk,0,0,scores
Scotland,scotland,'skɒtlәnd,n. one of the four countries that make up the United Kingdom of Great Britain and Northern Ireland; located on the northern part of the island of Great Britain; famous for bagpipes and plaids and kilts,n. 苏格兰,,0,0,gk ielts,767,0,scotland
Scottish,scottish,'skɒtiʃ,n. the dialect of English used in Scotland,"a. 苏格兰的, 苏格兰人的",j:100,0,0,gk,1020,7798,scottish
scratch,scratch,skrætʃ,"n. a competitor who has withdrawn from competition
n. (golf) a handicap of zero strokes
n. an indication of damage
v. cut the surface of; wear away the surface of","n. 抓痕, 搔, 抓, 擦伤, 刮擦声, 乱写, 零分, 起跑线
vt. 搔, 抓, 挖出, 擦, 刮, 乱涂, 勾抹掉
vi. 搔, 抓, 发刮擦声, 勉强糊口
a. 碰巧的, 凑合的, 打草稿用的
[计] 擦除",n:37/v:63,2,1,gk cet4 cet6 ky toefl ielts,5023,4644,scratch
scream,scream,skri:m,"n. sharp piercing cry
v. make a loud, piercing sound","n. 尖叫声
vi. 尖叫, 大笑, 尖啸, 令人震惊
vt. 尖叫着说, 大叫大嚷着要求",n:22/v:78,3,1,gk cet4 cet6 ky,2779,2118,scream
screen,screen,skri:n,"n. a white or silvered surface where pictures can be projected for viewing
n. the display that is electronically created on the surface of the large end of a cathode-ray tube
n. a covering that serves to conceal or shelter something
n. a protective covering consisting of netting; can be mounted in a frame","n. 幕, 银幕, 屏风, 掩蔽物, 屏蔽, 筛子
vt. 掩蔽, 放映, 拍摄, 掩护, 筛, 甄别
vi. 拍电影
[计] 筛选; 屏幕",v:15/n:85,4,1,zk gk cet4 cet6 ky toefl,1648,1252,screen
sculpture,sculpture,'skʌlptʃә,"n. a three-dimensional work of plastic art
n. creating figures or designs in three dimensions","n. 雕刻, 雕塑
vt. 雕刻, 雕塑
vi. 当雕刻师",v:2/n:98,2,0,gk cet6 ky toefl ielts,3734,3427,sculpture
sea,sea,si:,"n. a division of an ocean or a large body of salt water partially enclosed by land
n. turbulent water with swells of considerable size","n. 海, 海洋, 海浪, 大量
[法] 海, 海洋",n:100,4,1,zk gk,721,989,sea
seagull,seagull,'si:^ʌl,n mostly white aquatic bird having long pointed wings and short legs,n. 鸥,n:100,1,0,gk,15932,18503,seagull
seal,seal,si:l,"n. a device incised to make an impression; used to secure a closing or to authenticate documents
n. the pelt or fur (especially the underfur) of a seal
n. a stamp affixed to a document (as to attest to its authenticity or to seal it)
n. a finishing coat applied to exclude moisture","n. 印章, 封条, 海豹, 海豹皮, 火漆, 封蜡, 玺, 保证, 批准, 象征, 标志
vt. 封闭, 盖印, 盖章
vi. 猎海豹",n:50/v:50,1,1,gk cet4 cet6 ky toefl ielts,4259,4021,seal
seaman,seaman,'si:mәn,n. muckraking United States journalist who exposed bad conditions in mental institutions (1867-1922),"n. 船员, 海员, 水兵
[法] 海员, 水手, 精通海事者",n:100,1,0,gk cet4 cet6,7264,17406,seaman
search,search,sә:tʃ,"n. the activity of looking thoroughly in order to find something or someone
n. an investigation seeking answers
n. an operation that determines whether one or more of a set of items has a specified property
n. the examination of alternative hypotheses","n. 搜寻, 查究
v. 搜寻, 搜查, 探求, 调查, 搜索
[计] 搜索, 路径检索程序",v:44/n:56,4,1,zk gk cet4 cet6 ky toefl,1690,1500,search
seashell,seashell,'si:ʃel,n. the shell of a marine organism,n. 海贝壳,n:100,0,0,gk,42970,19554,seashell
seaside,seaside,'si:said,n. the shore of a sea or ocean regarded as a resort,"a. 海边的, 海滨的
n. 海滨",n:100,1,0,gk cet6 ky,7563,12240,seaside
season,season,'si:zn,"n. a period of the year marked by special events or activities in some field
n. one of the natural periods into which the year is divided by the equinoxes and solstices or atmospheric conditions
n. a recurrent time marked by major holidays
v. lend flavor to","n. 季节, 时节, 当令期, 时期
vt. 给...调味, 使成熟, 使老练, 缓和
vi. 变干燥",v:1/n:99,5,1,zk gk toefl ielts,833,506,season
seat,seat,si:t,"n. a space reserved for sitting (as in a theater or on a train or airplane)
n. furniture that is designed for sitting on
n. any support where you can sit (especially the part of a chair or bench etc. on which you sit)
n. a center of authority (as a city from which authority is exercised)","n. 座, 座位, 位子, 席位, 所在地
vt. 使坐下, 使就座, 为...设座于, 使就职
vi. 安装在底座上",v:13/n:87,4,1,zk gk ielts,912,894,seat
seaweed,seaweed,'si:wi:d,"n. plant growing in the sea, especially marine algae","n. 海草, 海藻
[医] 海藻",n:100,1,0,gk toefl,14677,13198,seaweed
second,second,'sekәnd,"n. 1/60 of a minute; the basic unit of time adopted under the Systeme International d'Unites
n. following the first in an ordering or series
n. a 60th part of a minute of arc
n. the official attendant of a contestant in a duel or boxing match","n. 秒, 瞬间, 第二名, 支持者, 助手
a. 第二的, 其次的, 次要的, 附加的, 辅助的
num. 第二
vt. 当...助手, 支持",v:2/m:64/n:34,5,1,zk gk ielts,242,381,second
secondhand,secondhand,'sekәnd'hænd,"s. derived from what is primary or original; not firsthand
s. previously used or owned by another
r. by indirect means","a. 间接获得的, 旧的, 二手的, 做旧货买卖的
adv. 间接地, 间接听来, 以旧货",,0,0,gk,15042,0,secondhand
secret,secret,'si:krit,"n. something that should remain hidden from others (especially information that is not to be passed on)
n. information known only to a special group
s. not open or public; kept private or not revealed
s. communicated covertly","n. 秘密, 机密, 秘诀, 秘方
a. 秘密的, 极机密的, 隐蔽的, 暗中的, 神秘的, 偏僻的",j:48/n:52,4,1,zk gk cet4 cet6 ky toefl,2375,1868,secret
secretary,secretary,'sekrәtәri,"n. a person who is head of an administrative department of government
n. an assistant who handles correspondence and clerical work for a boss or an organization
n. a desk used for writing","n. 秘书, 书记, 大臣
[经] 秘书",n:100,3,1,zk gk ielts,613,2009,secretary
section,section,'sekʃәn,"n. a self-contained part of a larger composition (written or musical)
n. a very thin slice (of tissue or mineral or other substance) for examination under a microscope
n. a distinct region or subdivision of a territorial or political area or community or group of people
n. one of several parts or pieces that fit with others to constitute a whole object","n. 区段, 部分, 区域, 节, 截面, 处, 科, 区, 扇区
vt. 把...分段, 把...切片
vi. 被切成片
[计] 扇区",v:1/n:99,4,1,gk cet4 cet6 ky toefl ielts,409,818,section
secure,secure,si'kjuә,"v. assure payment of
a. free from fear or doubt; easy in mind
a. free from danger or risk
a. not likely to fail or give way","a. 无虑的, 安心的, 安全的, 可靠的, 保险的
vt. 固定, 获得, 保证, 使安全, 掩护, 招致
vi. 停止操作, 船抛锚",j:32/v:68,4,1,gk cet4 cet6 ky toefl gre,1654,2489,secure
security,security,si'kjuriti,"n. the state of being free from danger or injury
n. defense against financial failure; financial independence
n. freedom from anxiety or fear
n. a formal declaration that documents a fact of relevance to finance and investment; the holder has a right to receive interest or dividends","n. 安全, 安全性, 防护物, 保安, 可靠性, 担保人, 抵押品, 保证金
[计] 安全性, 保密性, 安全检查程序",n:100,5,1,gk cet4 cet6 ky toefl,632,661,security
see,see,si:,"n. the seat within a bishop's diocese where his cathedral is located
v. perceive by sight or have the power to perceive by sight
v. deem to be
v. be careful or certain to do something; make certain of something","vt. 看见, 查看, 参观, 游览, 理解, 知道, 同意
vi. 看, 观看, 注意, 知道, 考虑
n. 主教的职位",v:100,5,1,zk gk,47,67,see
seed,seed,si:d,"n. a small hard fruit
n. a mature fertilized plant ovule consisting of an embryo and its food source and having a protective coat or testa
v. go to seed; shed seeds
v. help (an enterprise) in its early stages of development by providing seed money","n. 种子, 籽, 萌芽, 子孙, 精液
vt. 在...播种, 催...发育, 脱...籽
vi. 结实, 播种",v:10/n:90,4,1,gk cet4 cet6 ky,2590,1919,seed
seek,seek,si:k,"n. the movement of a read/write head to a specific data track on a disk
v. try to get or reach
v. go to or towards
v. inquire for","vt. 寻求, 寻找, 探索, 追求, 搜索, 请求
vi. 寻找, 搜索
[计] 查找",v:100,5,1,gk cet4 cet6 ky,591,668,seek
seem,seem,si:m,"v. appear to exist
v. appear to one's own mind or opinion","vi. 象是, 似乎",v:100,5,1,zk gk,134,165,seem
seize,seize,si:z,"v. take hold of; grab
v. take or capture by force
v. hook by a pull on the line
v. affect","vt. 抓住, 逮捕, 俘获, 没收, 扣押, 掌握
vi. 突然抓住, 利用",v:100,3,0,gk cet4 cet6 ky toefl,2974,3230,seize
seldom,seldom,'seldәm,r not often,"a. 不常的, 稀少的
adv. 很少, 不常",r:100,2,0,zk gk cet4 cet6 ky toefl,4326,4878,seldom
select,select,si'lekt,"v pick out, select, or choose from a number of alternatives
s of superior grade
s selected or chosen for special qualifications","a. 挑选出来的, 极好的
v. 选择, 挑选
n. 被挑选者, 精萃
[计] 选定",j:21/v:79,3,1,gk cet4 cet6 ky toefl,1614,1733,select
self,self,self,"n. your consciousness of your own identity
n. a person considered as a unique individual
a. (used as a combining form) relating to--of or by or to or from or for--the self","n. 自己, 自我, 本性, 本质, 私心, 本人
vt. 使近亲繁殖, 使自花授精
vi. 自花授精
a. 同一的",j:1/n:99,3,1,gk cet4 cet6 ky,2286,2162,self
selfish,selfish,'selfiʃ,a. concerned chiefly or only with yourself and your advantage to the exclusion of others,"a. 自私的, 利己主义的, 自我中心的",j:100,2,0,gk cet4 cet6 ky toefl,6992,7386,selfish
sell,sell,sel,"n. the activity of persuading someone to buy
v. exchange or deliver for money or its equivalent
v. be sold at a certain price or in a certain way
v. persuade somebody to accept something","vt. 卖, 背叛, 销售, 出卖
vi. 卖, 销售
n. 卖, 推销术, 失望",n:1/v:99,5,1,zk gk,461,443,sell
semicircle,semicircle,'semi.sә:kl,n. a plane figure with the shape of half a circle,n. 半圆形,n:100,0,0,gk,33785,19191,semicircle
send,send,send,"v. cause to go somewhere
v. to cause or order to be taken, directed, or transmitted to another place
v. transfer","vt. 发送, 使进入, 寄, 派遣, 发射, 使陷于
vi. 寄信, 派人, 播送
n. (船的)上升运动
[计] 发送",v:100,5,1,zk gk,366,404,send
senior,senior,'si:njә,"n. an undergraduate student during the year preceding graduation
a. older; higher in rank; longer in length of tenure or service
s. used of the fourth and final year in United States high school or college","n. 年长者, 资深者, 毕业班学生
a. 年长的, 高级的, 资深的",j:84/n:16,1,1,gk cet4 cet6 ky ielts,1203,1090,senior
sense,sense,sens,"n. a general conscious awareness
n. the meaning of a word or expression; the way in which a word or expression or situation can be interpreted
n. the faculty through which the external world is apprehended
n. a natural appreciation or ability","n. 感应, 感觉, 感官, 意识, 观念, 情理, 知觉, 理智
vt. 感觉, 觉察, 检测
[计] 阅读; 检测",v:10/n:90,5,1,zk gk cet4 cet6 ky ielts,417,407,sense
sensitive,sensitive,'sensitiv,"a. responsive to physical stimuli
a. being susceptible to the attitudes, feelings, or circumstances of others
s. hurting
s. of or pertaining to classified information or matters affecting national security","a. 敏感的, 易感的, 灵敏的, 感光的
[机] 敏感的, 灵敏的, 感度高的",j:100,3,1,gk cet4 cet6 ky toefl ielts gre,2372,2506,sensitive
sentence,sentence,'sentәns,"n. a string of words satisfying the grammatical rules of a language
v. pronounce a sentence on (somebody) in a court of law","n. 句子, 命题, 宣判
vt. 宣判, 判决
[计] 句子",v:21/n:79,4,1,zk gk cet4 cet6 ky toefl,1168,2036,sentence
separate,separate,'sepәreit,"n. a garment that can be purchased separately and worn in combinations with other garments
v. act as a barrier between; stand between
v. force, take, or pull apart
v. divide into components or constituents","n. 独立件, 抽印本
a. 分开的, 各别的, 单独的, 分隔的
vi. 分开, 隔开, 分居
vt. 使分离, 使分开, 区分, 使分居",n:2/j:50/v:48,4,1,zk gk cet4 cet6 ky gre,1256,1892,separate
separately,separately,'sepәrәtli,r apart from others,"adv. [表]分开, 不相连, 分隔, 分离, 不同, 单独, 独立, 各自, 各别, 脱离肉体, 灵魂
[计] 分离地",r:100,0,1,gk cet4 cet6 toefl,3772,5463,separately
separation,separation,.sepә'reiʃәn,"n. the state of lacking unity
n. coming apart
n. sorting one thing from others
n. the social act of separating or parting company","n. 分离, 分居, 缺口, 退职
[化] 分离",n:100,0,1,gk cet4 cet6,3669,3704,separation
September,september,sep'tembә,n. the month following August and preceding October,n. 九月,,4,1,zk gk ielts,964,0,september
serious,serious,'siәriәs,"a. concerned with work or important matters rather than play or trivialities
s. of great consequence
s. requiring effort or concentration; complex and not easy to answer or solve","a. 严肃的, 认真的, 重要的, 严重的
[电] 严重的",j:100,5,1,zk gk cet4 cet6 ky toefl ielts,807,755,serious
servant,servant,'sә:vәnt,n. a person working in the service of another (especially in the household),"n. 仆人, 有用物, 公务员, 雇员
[法] 受雇人, 服务者, 公务员",n:100,3,1,zk gk cet4 cet6 ky,1878,3938,servant
serve,serve,sә:v,"n. (sports) a stroke that puts the ball in play
v. serve a purpose, role, or function
v. do duty or hold offices; serve in a specific function
v. contribute or conduce to","vt. 可作...用, 服务, 经历, 招待, 供应, 送交, 对待
vi. 服务, 服役, 侍应, 适合, 有用, 开球
n. 发球, 轮到发球",n:1/v:99,4,1,zk gk,625,401,serve
service,service,'sә:vis,"n. work done by one person or group that benefits another
n. an act of help or assistance
n. the act of public worship following prescribed rules
n. a company or agency that performs a public service; subject to government regulation","n. 服务, 贡献, 雇佣, 公职, 服役, 功劳, 仪式, 送达, 行政部门
vt. 保养, 维修
a. 武装部队的, 服务性的, 仆人的, 耐用的
[计] 服务, 业务",v:2/n:98,5,1,zk gk ielts,160,263,service
session,session,'seʃәn,"n. a meeting for execution of a group's functions
n. a meeting devoted to a particular activity","n. 期间, 开庭期, 会议, 学期
[计] 会话, 对话, 会晤, 通用任务程序",n:100,4,1,gk cet4 cet6 ky toefl ielts,1443,1544,session
set,set,set,"n. a group of things of the same kind that belong together and are so used
n. (mathematics) an abstract collection of numbers or symbols
n. several exercises intended to be done in series
n. an unofficial association of people or groups","n. 日落, 同伙, 组合, 集合, 装置
vt. 放, 安置, 放置, 设定, 使凝结, 点燃, 确定, 点缀, 使就位, 树立, 分配, 调整
vi. 日落, 凝固, 定型, 搁住, 结果, 适合
a. 决心的, 规定的, 故意的, 持久的, 固定的, 老套的, 准备好的
[计] 设置; DOS内部命令:改变或显示分配给环境变量的值",n:26/j:1/v:73,3,1,zk gk ielts,213,294,set
settle,settle,'setl,"n. a long wooden bench with a back
v. settle into a position, usually on a surface or ground
v. settle conclusively; come to terms
v. take up residence and become established","n. 有背长椅
vt. 决定, 整理, 安放, 使定居, 使平静, 支付, 安排, 解决, 结算
vi. 停留, 下陷, 沉淀, 澄清, 安下心来, 结清, 定居, 安家",n:1/v:99,4,1,gk cet4 cet6 ky ielts gre,1295,1316,settle
settlement,settlement,'setlmәnt,"n. a conclusive resolution of a matter and disposition of it
n. something settled or resolved; the outcome of decision making
n. an area where a group of families live together","n. 安顿, 解决, 处理, 结算, 殖民, 殖民地, 沉降
[医] 居住区; 沉渣",n:100,4,0,gk cet4 cet6 ky ielts,1600,2167,settlement
settler,settler,'setlә,"n. a person who settles in a new colony or moves into new country
n. a negotiator who settles disputes
n. a clerk in a betting shop who calculates the winnings","n. 移民者, 解决者, 结算员
[化] 沉淀池; 沉降器; 澄清槽",n:100,2,0,gk,8005,5489,settler
seven,seven,'sevn,"n. the cardinal number that is the sum of six and one
s. being one more than six","num. 七, 七个",m:100,5,0,zk gk,575,734,seven
seventeen,seventeen,sevn'ti:n,"n. the cardinal number that is the sum of sixteen and one
s. being one more than sixteen","num. 十七, 十七个",m:100,5,0,zk gk cet4 cet6,3783,6318,seventeen
seventh,seventh,'sevnθ,"n. position seven in a countable series of things
n. the musical interval between one note and another seven notes away from it
s. coming next after the sixth and just before the eighth in position","num. 第七, 七分之一",m:100,4,0,zk gk,4271,4110,seventh
seventy,seventy,'sevnti,"n. the cardinal number that is the product of ten and seven
s. being ten more than sixty","num. 七十, 七十个",m:100,5,0,zk gk cet4 cet6,2261,7889,seventy
several,several,'sevәrәl,"s. (used with count nouns) of an indefinite number more than 2 or 3 but not many
s. distinct and individual","a. 几个的, 一些的, 各自的
pron. 几个",d:100,5,1,zk gk ielts,389,310,several
severe,severe,si'viә,"s. intensely or extremely bad or unpleasant in degree or quality
s. unsparing and uncompromising in discipline or judgment
s. very bad in degree or extent","a. 严格的, 尖锐的, 严肃的, 严重的, 严厉的, 朴素的
[法] 严厉的, 苛刻的, 严重的",j:100,4,1,gk cet4 cet6 ky toefl ielts gre,1923,2330,severe
sew,sew,sәu,"v. fasten by sewing; do needlework
v. create (clothes) with cloth","vt. 缝纫, 缝合, 缝
vi. 缝纫",v:100,1,1,gk cet4 cet6 ky toefl,6446,6478,sew
sex,sex,seks,"n. either of the two categories (male or female) into which most organisms are divided
n. all of the feelings resulting from the urge to gratify sexual impulses
n. the properties that distinguish organisms on the basis of their reproductive roles
v. tell the sex (of young chickens)","n. 性别, 性欲
vt. 区别...的性别, 引起...的性欲",v:1/n:99,4,1,gk cet4 cet6 ky ielts,1105,814,sex
shabby,shabby,'ʃæbi,s. mean and unworthy and despicable,"a. 衣衫褴褛的, 低劣的, 破旧的, 吝啬的, 卑鄙的",j:100,1,0,gk cet6 ky toefl ielts gre,10226,10996,shabby
shade,shade,ʃeid,"n. relative darkness caused by light rays being intercepted by an opaque body
n. a quality of a given color that differs slightly from another color
n. protective covering that protects something from direct sunlight
n. a position of relative inferiority","n. 荫, 阴暗, 遮光物, 灯罩, 帘, 浓淡, 微量, 底纹
vi. 渐变
vt. 使阴暗, 使渐变, 遮蔽, 微减
[计] 底纹",v:13/n:87,3,1,gk cet4 cet6 ky toefl,3205,2984,shade
shadow,shadow,'ʃædәu,"n. shade within clear boundaries
n. a premonition of something adverse
n. refuge from danger or observation
n. a dominating and pervasive presence","n. 阴影, 荫, 影子, 影像, 阴暗, 幽灵, 少许, 隐蔽处, 庇护
vt. 遮蔽, 使朦胧, 预示, 尾随
vi. 渐变, 变阴暗
[计] 阴影",v:5/n:95,3,1,gk cet4 cet6 ky,2006,1668,shadow
shake,shake,ʃeik,"v. move or cause to move back and forth
v. move with or as if with a tremor
v. undermine or cause to waver
v. get rid of","n. 摇动, 震动
vt. 摇动, 动摇, 使震动, 挥舞
vi. 震动, 发抖, 动摇",n:5/v:95,4,1,zk gk cet4 cet6 ky toefl,1076,942,shake
shall,shall,ʃæl,"v. i. & auxiliary. To owe; to be under obligation for.
v. i. & auxiliary. To be obliged; must.
v. i. & auxiliary. As an auxiliary, shall indicates a duty or
   necessity whose obligation is derived from the person speaking; as, you
   shall go; he shall go; that is, I order or promise your going. It thus
   ordinarily expresses, in the second and third persons, a command, a
   threat, or a promise. If the auxillary be emphasized, the command is
   made more imperative, the promise or that more positive and sure. It is
   also employed in the language of prophecy; as, ""the day shall come when
   . . . , "" since a promise or threat and an authoritative prophecy
   nearly coincide in significance. In shall with the first person, the
   necessity of the action is sometimes implied as residing elsewhere than
   in the speaker; as, I shall suffer; we shall see; and there is always a
   less distinct and positive assertion of his volition than is indicated
   by will. ""I shall go"" implies nearly a simple futurity; more exactly, a
   foretelling or an expectation of my going, in which, naturally enough,
   a certain degree of plan or intention may be included; emphasize the
   shall, and the event is described as certain to occur, and the
   expression approximates in meaning to our emphatic ""I will go."" In a
   question, the relation of speaker and source of obligation is of course
   transferred to the person addressed; as, ""Shall you go?"" (answer, ""I
   shall go""); ""Shall he go?"" i. e., ""Do you require or promise his
   going?"" (answer, ""He shall go"".) The same relation is transferred to
   either second or third person in such phrases as ""You say, or think,
   you shall go;"" ""He says, or thinks, he shall go."" After a conditional
   conjunction (as if, whether) shall is used in all persons to express
   futurity simply; as, if I, you, or he shall say they are right. Should
   is everywhere used in the same connection and the same senses as shall,
   as its imperfect. It also expresses duty or moral obligation; as, he
   should do it whether he will or not. In the early English, and hence in
   our English Bible, shall is the auxiliary mainly used, in all the
   persons, to express simple futurity. (Cf. Will, v. t.) Shall may be
   used elliptically; thus, with an adverb or other word expressive of
   motion go may be omitted.",aux. 将,v:100,4,1,zk gk,474,2197,shall
shallow,shallow,'ʃælәu,"v. make shallow
v. become shallow
a. lacking physical depth; having little spatial extension downward or inward from an outer surface or backward or outward from a center
a. not deep or strong; not affecting one deeply","n. 水浅的地方, 浅滩
a. 浅的, 肤浅的
v. (使)变浅",j:92/v:1/n:7,2,1,gk cet4 cet6 ky toefl ielts,4269,4123,shallow
shame,shame,ʃeim,"n. a painful emotion resulting from an awareness of inadequacy or guilt
n. a state of dishonor
v. compel through a sense of shame
v. cause to be ashamed","n. 羞耻, 羞愧, 耻辱
vt. 使羞愧, 侮辱",v:15/n:85,3,1,zk gk cet4 cet6 ky,3668,3767,shame
Shanghai,shanghai,'ʃæŋhai,"n. the largest city of China; located in the east on the Pacific; one of the largest ports in the world
v. take (someone) against his will for compulsory service, especially on board a ship","n. 上海, 浦东鸡
a. 上海的, 上海时行的, 上海风格的
vt. 拐骗, 胁迫",v:100,0,0,gk,15888,40340,shanghai
shape,shape,ʃeip,"n. any spatial attributes (especially as defined by outline)
n. the spatial arrangement of something as distinct from its substance
n. a concrete representation of an otherwise nebulous concept
v. make something, usually for a specific function","n. 形状, 形态, 外形, 形式, 身材
vt. 定形, 使成形, 塑造, 计划, 使符合
vi. 成形, 形成, 成长
[计] 形状",v:32/n:68,4,1,zk gk cet4 cet6 ky,1200,1267,shape
share,share,ʃєә,"n. assets belonging to or due to or contributed by an individual person or group
n. any of the equal portions into which the capital stock of a corporation is divided and ownership of which is evidenced by a stock certificate
v. have in common
v. use jointly or in common","n. 部分, 参与, 一份, 参股, 份额
vt. 均分, 分担, 分享, 分配, 共有
vi. 分享
[计] 共享; DOS外部命令:在网络或多工系统中提供文件共享
文件锁定及检测磁盘更动和对超过32MB硬盘分区的支持",n:37/v:63,5,1,zk gk cet4 cet6 ky,620,711,share
shark,shark,ʃɑ:k,"n. any of numerous elongate mostly marine carnivorous fishes with heterocercal caudal fins and tough skin covered with small toothlike scales
n. a person who is ruthless and greedy and dishonest
n. a person who is unusually skilled in certain ways
v. play the shark; act with trickery","n. 鲨鱼, 骗子
v. 诈骗",n:100,1,0,gk cet6 ky,7971,4438,shark
sharp,sharp,ʃɑ:p,"n. a musical notation indicating one half step higher than the note named
n. a long thin sewing needle with a sharp point
s. harsh
a. keenly and painfully felt; as if caused by a sharp edge or point","n. 半升音调, 利刃, 骗子
a. 锋利的, 明显的, 敏锐的, 急剧的, 尖刻的, 严厉的, 刺耳的, 精明的
adv. 锐利地, 急速地",r:3/j:97,4,1,gk cet4 cet6 ky toefl ielts,2035,2049,sharp
sharpen,sharpen,'ʃɑ:pn,"v. make sharp or sharper
v. make crisp or more crisp and precise
v. become sharp or sharper
v. make (images or sounds) sharp or sharper","vt. 使尖锐, 使敏捷, 加重, 削尖
vi. 尖锐化, 变锋利",v:100,1,0,gk cet4 cet6 toefl,7542,8298,sharpen
sharpener,sharpener,'ʃɑ:pnә,n. any implement that is used to make something (an edge or a point) sharper,"n. 研磨者, 卷笔刀, 研磨工具",n:100,0,0,gk,34869,28736,sharpener
shave,shave,ʃeiv,"n. the act of removing hair with a razor
v. remove body hair with a razor
v. cut closely
v. cut the price of","n. 修面, 刮胡子, 幸免, 剃刀
vt. 修面, 剃, 修剪, 掠过
vi. 刮脸, 勉强通过",n:11/v:89,2,1,gk cet4 cet6 ky ielts,7191,5779,shave
shaver,shaver,'ʃeivә,"n. an adult male who shaves
n. a razor powered by an electric motor","n. 修面的人, 电动剃刀, 刨刀, 杀价买进期票的人, 善于讨价还价的人",n:100,1,0,gk,34831,25551,shaver
she,she,ʃi:,"obj. This or that female; the woman understood or referred to;
   the animal of the female sex, or object personified as feminine, which
   was spoken of.
obj. A woman; a female; -- used substantively.",pron. 她,p:100,5,1,zk gk,21,31,she
sheep,sheep,ʃi:p,"n. woolly usually horned ruminant mammal related to the goat
n. a timid defenseless simpleton who is readily preyed upon
n. a docile and vulnerable person who would rather follow than make an independent decision","n. 羊, 胆小者",n:100,2,1,zk gk ielts,2697,4210,sheep
sheet,sheet,ʃi:t,"n. any broad thin expanse or surface
n. paper used for writing or printing
n. bed linen consisting of a large rectangular piece of cotton or linen cloth; used in pairs
n. a flat artifact that is thin relative to its length and width","n. 床单, 张, 纸张, 印刷品, 裹尸布, 薄片
vt. 盖上被单, 遍布
vi. 大片落下
a. 片状的, 成薄片的
[计] 工作表",v:1/n:99,3,1,gk cet4 cet6 ky toefl ielts,1430,1753,sheet
shelf,shelf,ʃelf,n. a support that consists of a horizontal surface for holding objects,"n. 架子, 搁板
[化] 架子",n:100,2,1,zk gk cet4 cet6 ky toefl ielts,2930,2947,shelf
shelter,shelter,'ʃeltә,"n. a structure that provides privacy and protection from danger
n. protective covering that provides protection from the weather
n. temporary housing for homeless or displaced persons
v. provide shelter for","n. 庇护所, 避难所, 庇护, 隐蔽处, 掩蔽
vt. 庇护, 保护, 隐匿
vi. 躲避",v:16/n:84,3,1,gk cet4 cet6 ky toefl ielts gre,4083,2874,shelter
shine,shine,ʃain,"v. emit light; be bright, as of the sun or a light
v. be distinguished or eminent
v. be clear and obvious
v. throw or flash the light of (a lamp)","n. 光泽, 阳光
vt. 使发光
vi. 照耀, 发光, 发亮",n:16/v:84,2,1,zk gk toefl,3329,3385,shine
ship,ship,ʃip,"n. a vessel that carries passengers or freight
v. hire for work on a ship
v. travel by ship
v. place on board a ship","n. 船, 舰
vt. 以船运送, 装船, 运送
vi. 上船, 乘船",v:19/n:81,4,1,zk gk ielts,1356,1219,ship
shirt,shirt,ʃә:t,"n. a garment worn on the upper half of the body
v. put a shirt on","n. 衬衫, 内衣, 汗衫",n:100,3,1,zk gk,2401,1771,shirt
shock,shock,ʃɒk,"n. the violent interaction of individuals or groups entering into combat
n. (pathology) bodily collapse or near collapse caused by inadequate oxygen delivery to the cells; characterized by reduced cardiac output and rapid heartbeat and circulatory insufficiency and pallor
n. an instance of agitation of the earth's crust
n. an unpleasant or disappointing surprise","n. 震动, 冲突, 震惊, 冲击, 突击, 禾束堆, 休克, 长毛狗
vt. 使震动, 使休克, 使受电击, 震惊得
vi. 震动, 吓人
a. 蓬乱浓密的",v:31/n:69,4,1,gk cet4 cet6 ky toefl ielts,1998,2298,shock
shoe,shoe,ʃu:,"n. footwear shaped to fit the foot (below the ankle) with a flexible upper of leather or plastic and a sole and heel of heavier material
n. (card games) a case from which playing cards are dealt one at a time
v. furnish with shoes","n. 鞋, 靴, 外胎
vt. 给...穿鞋, 为马钉蹄铁",v:1/n:99,3,1,zk gk,1885,1423,shoe
shoot,shoot,ʃu:t,"n. a new branch
n. the act of shooting at targets
v. hit with a missile from a weapon
v. kill by firing a missile","n. 射击, 狩猎, 芽, 射伤, 发射, 发芽, 急流, 推力, 摄影, 急送, 滑运道, 浪费
vt. 射击, 射中, 损毁, 拍摄, 喷出, 投射, 挥出, 飞速行进, 挥霍, 给...注射
vi. 射出, 射击, 发出, 拍电影, 射门, 发芽",n:5/v:95,4,1,gk cet4 cet6 ky gre,1257,732,shoot
shooting,shooting,'ʃu:tiŋ,"n. the act of firing a projectile
n. killing someone by gunfire","n. 发射, 猎场, 射击",j:2/n:98,2,1,gk,4728,2822,shooting
shop,shop,ʃɒp,"n. a mercantile establishment for the retail sale of goods or services
v. do one's shopping
v. shop around; not necessarily buying","n. 商店, 工厂, 车间
vi. 购物, 到处寻找
vt. 选购",v:23/n:77,4,1,zk gk ielts,648,1338,shop
shopkeeper,shopkeeper,'ʃɒp.ki:pә,n. a merchant who owns or manages a shop,"n. 零售商, 店主, 老板",n:100,1,0,gk cet4 cet6 ky,8491,12729,shopkeeper
shopping,shopping,'ʃɒpiŋ,"n. searching for or buying goods or services
n. the commodities purchased from stores","n. 买东西, 购物
[经] 购物, 买东西",n:100,3,1,gk cet4 cet6 ielts,2763,2713,shopping
shore,shore,ʃɒ:,"n. the land along the edge of a body of water
n. a beam or timber that is propped against a structure to provide support
v. serve as a shore to","n. 海岸, 海滨, 斜撑柱
vt. 把...送上岸, 支撑, 支持",v:16/n:84,3,0,gk cet4 cet6 ky toefl,3519,3244,shore
short,short,ʃɒ:t,"n. the location on a baseball field where the shortstop is stationed
a. primarily temporal sense; indicating or being or seeming to be limited in duration
a. (primarily spatial sense) having little length or lacking in length
a. low in stature; not tall","a. 短的, 近的, 矮的, 短期的, 简短的, 少量的
adv. 简短地, 突然
n. 扼要, 短片, 缺乏
vt. 故意少给, 使短路",r:10/j:88/v:2,2,1,zk gk ielts,500,627,short
shortcoming,shortcoming,'ʃɒ:t'kʌmiŋ,n a failing or deficiency,"n. 缺点, 短处",n:100,1,0,gk cet4 cet6 ky,8552,8140,shortcoming
shortly,shortly,'ʃɒ:tli,"r. for a short time
r. at a short distance","adv. 不久, 简短, 唐突地",r:100,3,1,gk cet4 cet6 ky,2278,2853,shortly
shorts,shorts,ʃɔ:ts,"n trousers that end at or above the knee
n underpants worn by men
n the location on a baseball field where the shortstop is stationed
n accidental contact between two points in an electric circuit that have a potential difference
n the fielding position of the player on a baseball team who is stationed between second and third base
v cheat someone by not returning him enough money
v create a short circuit in","n. 短裤, (美)男人的短衬裤
[经] 空头户, 空头, 短期债券",n:100,0,0,zk gk,6534,4868,shorts
shot,shot,ʃɒt,"n. a solid missile discharged from a firearm
n. a chance to do something
n. a person who shoots (usually with respect to their ability to shoot)
n. an aggressive remark directed at a person like a missile and intended to have a telling effect","n. 发射, 炮弹, 射击, 射手, 投篮, 射门, 子弹, 射程, 拍摄, 注射
vt. 装弹, 使成颗粒状
a. 杂色的, 交织着的, 渗透的, 点焊的, 破旧的
shoot的过去式和过去分词",n:100,4,1,gk cet4 cet6 ky toefl,1836,1053,shot
should,should,ʃud,"imp. of Shall
imp. Used as an auxiliary verb, to express a conditional or
   contingent act or state, or as a supposition of an actual fact; also,
   to express moral obligation (see Shall); e. g.: they should have come
   last week; if I should go; I should think you could go.","aux. 应该, 将要",v:100,5,1,zk gk,85,121,should
shoulder,shoulder,'ʃәuldә,"n. the part of the body between the neck and the upper arm
n. a cut of meat including the upper joint of the foreleg
n. a ball-and-socket joint between the head of the humerus and a cavity of the scapula
n. the part of a garment that covers or fits over the shoulder","n. 肩, 肩膀, 衣肩
vt. 肩负, 负担, 担任
vi. 用肩推挤",v:4/n:96,4,1,zk gk cet4 cet6 ky gre,1149,986,shoulder
shout,shout,ʃaut,"v. utter in a loud voice; talk in a loud voice (usually denoting characteristic manner of speaking)
v. utter a sudden loud cry","n. 呼喊, 喊声
vi. 呼喊, 喊叫, 嚷
vt. 高喊",n:14/v:86,3,1,zk gk,1591,2154,shout
show,show,ʃәu,"n. the act of publicly exhibiting or entertaining
n. a social event involving a public performance or entertainment
v. give an exhibition of to an interested audience
v. make visible or noticeable","n. 显示, 表现, 展览, 卖弄, 炫耀, 外观, 演出, 洋相
vt. 表示, 显示, 展现, 陈列, 演出, 表明, 指出, 带领
vi. 露面, 显现, 演出
[计] 显示",n:30/v:70,5,1,zk gk,147,177,show
shower,shower,'ʃauә,"n. a plumbing fixture that sprays water over you
n. washing yourself by standing upright under water sprayed from a nozzle
n. a brief period of precipitation
n. a sudden downpour (as of tears or sparks etc) likened to a rain shower","n. 阵雨, 淋浴, 一阵, 展出者, 显示者
vi. 淋浴, 下阵雨
vt. 淋湿, 倾注",v:19/n:81,2,1,zk gk cet4 cet6 ky toefl ielts,3712,3204,shower
shrink,shrink,ʃriŋk,"v. reduce in size; reduce physically
v. become smaller or draw together
v. decrease in size, range, or extent","n. 收缩, 萎缩, 回避
vi. 收缩, 退缩, 萎缩, 缩小, 回避
vt. 使收缩, 使缩小",n:17/v:83,2,0,gk cet4 cet6 ky toefl ielts gre,5528,4474,shrink
shut,shut,ʃʌʃ,a. not open,"n. 关闭
vt. 关上, 闭起, 幽禁, 合拢, 轧住
vi. 关上, 停止营业",j:8/v:92,3,1,zk gk cet4 cet6 ky toefl,1788,1541,shut
shuttle,shuttle,'ʃʌtl,"n. public transport that consists of a bus or train or airplane that plies back and forth between two points
n. bobbin that passes the weft thread between the warp threads
v. travel back and forth between two points","n. 穿梭, 梭子, 往返移动之物
v. (使)穿梭移动, 往返运送",v:7/n:93,2,0,gk cet4 cet6 ky toefl ielts gre,8928,3810,shuttle
sick,sick,sik,"n. people who are sick
s. deeply affected by a strong feeling","n. 病人
a. 不舒服, 有病的, 恶心的, 厌恶的, 渴望的, 病态的
vt. 呕吐, 追击, 使(狗)去攻击",j:97/n:3,3,1,zk gk toefl ielts,2044,1746,sick
sickness,sickness,'siknis,n. defectiveness or unsoundness,"n. 疾病, 不健康, 呕吐
[医] 病",n:100,2,0,gk cet4 cet6 toefl ielts,4951,7417,sickness
side,side,said,"n. a place within a region identified relative to a center or reference location
n. one of two or more contesting groups
n. either the left or right half of a body
n. a surface forming part of the outside of an object","n. 旁边, 侧, 方面, 胁, 侧边, 血统
a. 旁的, 侧的, 次要的
vt. 同意, 支持
vi. 支持, 赞助",v:1/n:99,5,1,zk gk ielts,212,249,side
sideway,sideway,'saidwei,r. from the side; obliquely,"n. 小路, 人行道, 旁路",,0,0,gk,0,0,sideway
sideways,sideways,'saidweiz,"r. with one side forward or to the front
r. toward one side","adv. 向旁边, 向侧面地
a. 旁边的, 向侧面的",r:87/j:13,1,1,gk cet4 cet6 ky toefl,6581,7384,sideways
sigh,sigh,sai,"n. an utterance made by exhaling audibly
n. a sound like a person sighing
v. heave or utter a sigh; breathe deeply and heavily
v. utter with a sigh","n. 叹息
vi. 叹息, 渴望
vt. 叹息着说",n:30/v:70,3,0,gk cet4 cet6 ky toefl ielts,3085,3349,sigh
sight,sight,sait,"n. an instance of visual perception
n. anything that is seen
n. the ability to see; the visual faculty
n. a range of mental vision","n. 景观, 视力, 眼界, 阅读, 见解, 意见
vt. 看见, 瞄准
vi. 瞄准, 观看
a. 即席的, 见票即付的",v:7/n:93,4,1,zk gk cet4 cet6 ky toefl ielts,1298,1629,sight
sightseeing,sightseeing,'saitsi:iŋ,n. going about to look at places of interest,"n. 观光, 游览
a. 观光的, 游览的",n:100,1,0,gk cet4 cet6 ky ielts,15550,16109,sightseeing
sign,sign,sain,"n. a perceptible indication of something not immediately apparent (as a visible clue that something has happened)
n. a public display of a message
n. (medicine) any objective evidence of the presence of a disorder or disease
n. a gesture that is part of a sign language","n. 符号, 招牌, 征兆, 正负号, 手势
vt. 签名, 打手势表达
vi. 签名
[计] 正负号; 符号; 符号字符",v:45/n:55,5,1,gk cet4 cet6 ky ielts,935,759,sign
signal,signal,'signl,"n. any nonverbal action or gesture that encodes a message
n. any incitement to action
n. an electric quantity (voltage or current or field strength) whose modulation represents coded information about the source from which it comes
s. notably out of the ordinary","n. 信号, 暗号, 近因, 导火线
vt. 向...作信号, 标志, 用信号通知
vi. 发信号
a. 作为信号的, 显著的
[计] 信号",v:30/n:70,3,1,gk cet4 cet6 ky ielts gre,1960,2078,signal
signature,signature,'signәtʃә,"n. your name written in your own handwriting
n. a melody used to identify a performer or a dance band or radio/tv program
n. a sheet with several pages printed on it; it folds to page size and is bound with other signatures to form a book","n. 签字, 识别标志, 调号
[计] 签名附件",n:100,2,1,gk cet4 cet6 ky toefl ielts gre,4275,3773,signature
significance,significance,sig'nifikәns,"n. the quality of being significant
n. a meaning that is not expressly stated but can be inferred","n. 重要性, 意义, 意味
[计] 有效; 有效性",n:100,2,0,gk cet4 cet6 ky toefl,1922,2937,significance
silence,silence,'sailәns,"n. the state of being silent (as when no one is speaking)
n. the absence of sound
v. keep from expression, for example by threats or pressure","n. 沉默, 无声, 静寂, 湮没, 无声息
vt. 使缄默
interj. 安静",v:12/n:88,3,1,zk gk cet4 cet6 ky toefl ielts,1653,1820,silence
silent,silent,'sailәnt,"s. marked by absence of sound
s. implied by or inferred from actions or statements
s. not made to sound
s. having a frequency below or above the range of human audibility","a. 沉默的, 安静的, 无声的, 静止的
[医] 静止的, 无症状的",j:100,3,1,zk gk cet4 cet6 ky ielts,2297,2160,silent
silk,silk,silk,"n. a fabric made from the fine threads produced by certain insect larvae
n. animal fibers produced by silkworms and other larvae that spin cocoons and by most spiders","n. 丝, 绸, 绸锻类, 丝织品
a. 丝的, 丝织的",n:100,2,1,zk gk,3130,3969,silk
silly,silly,'sili,n. a word used for misbehaving children,"a. 愚蠢的, 糊涂的",j:100,2,1,zk gk cet4 cet6 ky toefl,2789,4009,silly
silver,silver,'silvә,"n. a soft white precious univalent metallic element having the highest electrical and thermal conductivity of any metal; occurs in argentite and in free form; used in coins and jewelry and tableware and photography
n. coins made of silver
v. coat with a layer of silver or a silver amalgam
v. make silver in color","n. 银, 银币, 银器
a. 银的, 银制的, 银器的
vt. 镀银
vi. 变银白色",j:7/v:1/n:92,3,1,zk gk cet4 cet6 ky toefl ielts,2244,2439,silver
similar,similar,'similә,"a. marked by correspondence or resemblance
s. (of words) expressing closely related meanings","a. 相似的, 类似的
n. 相似的东西",j:100,4,1,zk gk ielts,543,720,similar
simple,simple,'simpl,"n. any herbaceous plant having medicinal properties
a. having few parts; not complex or complicated or involved
a. (botany) of leaf shapes; of leaves having no divisions or subdivisions
s. unornamented","a. 简单的, 普通的, 朴素的, 单纯的, 绝对的, 初级的, 原始的, 迟钝的
n. 出身低微者, 傻子",j:99/n:1,4,1,zk gk ielts,624,763,simple
simplify,simplify,'simplifai,v. make simpler or easier or reduce in complexity or extent,"vt. 单一化, 简单化",v:100,1,0,gk cet4 cet6 ky ielts,7074,8483,simplify
simply,simply,'simpli,r. absolutely; altogether; really,"adv. 简单地, 只是, 简直, 简朴地, 坦白地",r:100,4,1,gk,568,583,simply
since,since,sins,"adv. From a definite past time until now; as, he went a month
   ago, and I have not seen him since.
adv. In the time past, counting backward from the present;
   before this or now; ago.
adv. When or that.
prep. From the time of; in or during the time subsequent to;
   subsequently to; after; -- usually with a past event or time for the
   object.
conj. Seeing that; because; considering; -- formerly followed
   by that.","prep. 自...以后, 自...以来
adv. 自那时以后
conj. 既然, 自...以后, 自...以来",i:23/c:71/r:6,5,1,zk gk,305,260,since
sincerely,sincerely,sin'siәli,"r. with sincerity; without pretense
r. written formula for ending a letter",adv. 真诚地,r:100,1,1,gk,5343,10201,sincerely
sing,sing,siŋ,"v. deliver by singing
v. produce tones with the voice
v. to make melodious sounds","vi. 唱, 唱歌, 演唱, 鸣, 啼
vt. 唱, 歌颂
n. 嗖嗖声",v:100,4,1,zk gk,1509,1013,sing
singer,singer,'siŋә,"n. a person who sings
n. United States inventor of an improved chain-stitch sewing machine (1811-1875)
n. United States writer (born in Poland) of Yiddish stories and novels (1904-1991)",n. 歌手,n:100,3,1,gk cet4 cet6,3552,2823,singer
single,single,'siŋgl,"n. a base hit on which the batter stops safely at first base
v. hit a single
a. used of flowers having usually only one row or whorl of petals
a. existing alone or consisting of one entity or part or aspect or individual","a. 单身的, 单程的, 单一的, 个别的, 孤独的, 专一的
n. 一个, 单打, 单程票
vt. 选出
vi. 击出一垒打
[计] 单精度型",j:90/v:5/n:5,5,1,zk gk ielts,569,632,single
sink,sink,siŋk,"n. plumbing fixture consisting of a water basin fixed to a wall or floor and having a drainpipe
n. (technology) a process that acts to absorb or remove energy or a substance from a system
v. fall or descend to a lower place or level
v. cause to sink","n. 藏垢的场所, 沟渠, 污水槽
vi. 下沉, 沉没, 下陷, 减弱, 衰退, 消沉, 堕落, 渗透
vt. 使低落, 使下沉, 陷于, 投入(资金等), 挖掘",n:38/v:62,3,1,gk cet4 cet6 ky toefl ielts,2585,2809,sink
sir,sir,sә:,"n. term of address for a man
n. a title used before the name of knight or baronet","n. 先生, 阁下",n:100,5,1,zk gk,534,2108,sir
sister,sister,'sistә,"n. a female person who has the same parents as another person
n. (Roman Catholic Church) a title given to a nun (and used as a form of address)
n. a female person who is a fellow member of a sorority or labor union or other group","n. 姐妹, 姐, 妹, 护士, 修女
vt. 姐妹般对待",n:100,5,1,zk gk,1049,823,sister
sit,sit,sit,"v. be seated
v. be around, often idly or without specific purpose
v. be in session
v. be located or situated somewhere","vi. 坐, 就座, 坐落
vt. 使就座, 骑
n. 坐, 衣服合身",n:1/v:99,5,1,zk gk,302,268,sit
situation,situation,.sitju'eiʃәn,"n. the general state of things; the combination of circumstances at a given time
n. a condition or position in which you find yourself
n. a complex or critical or unusual difficulty","n. 情形, 境遇, 位置
[医] 情境, 处境",n:100,5,1,zk gk cet4 cet6 ky,503,548,situation
six,six,siks,"n. the cardinal number that is the sum of five and one
s. denoting a quantity consisting of six items or units","num. 六, 六个",m:100,5,0,zk gk,293,424,six
sixteen,sixteen,'siks'ti:n,"n. the cardinal number that is the sum of fifteen and one
s. being one more than fifteen","num. 十六, 十六个",m:100,5,0,zk gk,2889,5324,sixteen
sixteenth,sixteenth,'siks'ti:nθ,"n. position 16 in a countable series of things
s. coming next after the fifteenth in position","num. 第十六, 十六分之一",m:100,1,0,gk,5786,10249,sixteenth
sixth,sixth,siksθ,"n. position six in a countable series of things
n. the musical interval between one note and another six notes away from it
s. coming next after the fifth and just before the seventh in position","num. 第六, 六分之一",m:100,4,0,zk gk,3007,3527,sixth
sixty,sixty,'siksti,"n. the cardinal number that is the product of ten and six
s. being ten more than fifty","num. 六十, 六十个",m:100,5,0,zk gk cet4 cet6,1655,5642,sixty
size,size,saiz,"n. the physical magnitude of something (how big it is)
n. the property resulting from being one of a series of graduated measurements (as of clothing)
n. any glutinous material used to fill pores in surfaces or to stiffen fabrics
n. the actual state of affairs","n. 大小, 尺寸, 规模, 尺码, 能力, 浆料
vt. 上浆, 依大小排列
vi. 可比拟
a. 一定大小的, 一定尺寸的",v:3/n:97,4,1,zk gk ielts,697,752,size
skate,skate,skeit,"n. sports equipment that is worn on the feet to enable the wearer to glide along and to be propelled by the alternate actions of the legs
n. large edible rays having a long snout and thick tail with pectoral fins continuous with the head; swim by undulating the edges of the pectoral fins
v. move along on skates","n. 溜冰, 冰鞋
vi. 滑冰, 滑过",n:28/v:72,2,0,zk gk cet4 cet6 ky,12027,5756,skate
skateboard,skateboard,'skeitbɔ:d,"n. a board with wheels that is ridden in a standing or crouching position and propelled by foot
v. ride on a flat board with rollers attached to the bottom",n. 溜冰板,v:37/n:63,0,0,gk,26998,16938,skateboard
ski,ski,ski:,"n. narrow wood or metal or plastic runners used in pairs for gliding over snow
v. move along on skis","n. 滑雪橇
vi. 滑雪",v:29/n:71,3,0,gk cet4 cet6 ky,6258,3032,ski
skill,skill,'skil,"n. an ability that has been acquired by training
n. ability to produce solutions in some problem domain","n. 技术, 技巧, 技能, 熟练, 熟练工人
[化] 技能",n:100,4,1,zk gk cet4 cet6 ky ielts,801,821,skill
skilled,skilled,'skild,a. having or showing or requiring special skill,"a. 熟练的
[经] 熟练的, 有技能的",j:100,2,1,gk cet4 cet6 ky,3807,4903,skilled
skillful,skillful,'skilful,"s having or showing knowledge and skill and aptitude
s done with delicacy and skill","a. 熟练的, 巧妙的
[机] 熟练的",j:100,0,0,gk cet4 cet6 ky toefl,43429,12290,skillful
skillfully,skillfully,,r. with skill,adv. 巧妙地；精巧地,r:100,0,0,gk,0,13724,skillfully
skin,skin,skin,"n. a natural protective body covering and site of the sense of touch
n. an outer surface (usually thin)
n. a person's skin regarded as their life
n. a bag serving as a container for liquids; it is made from the hide of an animal","n. 皮肤, 皮
vt. 剥皮, 在...植皮
vi. 长皮, 愈合, 蜕皮",v:4/n:96,4,1,gk cet4 cet6 ky ielts,1289,1019,skin
skip,skip,skip,"n. a gait in which steps and hops alternate
v. bound off one point after another","n. 跳跃, 跳读
vi. 跳越, 跳读, 跳绳, 遗漏, 跳级
vt. 跳过, 遗漏
[计] 跳过",n:5/v:95,2,0,gk cet6 ky toefl ielts,6911,4519,skip
skipping,skipping,'skipiŋ,"v bypass
v intentionally fail to attend
v jump lightly
v leave suddenly
v bound off one point after another
v cause to skip over a surface",[计] 跳跃,j:67/n:33,0,0,gk,34289,36075,skipping
skirt,skirt,skә:t,"n. cloth covering that forms the part of a garment below the waist
n. a garment hanging from the waist; worn mainly by girls and women
v. pass around or about; move along the border
v. form the edge of","n. 裙子, 下摆, 边缘, 郊区
vt. 位于...边缘, 绕过, 回避
vi. 位于边缘",v:13/n:87,2,1,zk gk ielts gre,3590,3637,skirt
sky,sky,skai,n. the atmosphere and outer space as viewed from the earth,"n. 天空, 天色, 天堂
vt. 击向空中, 挂在高处
vi. 高涨",n:100,3,1,zk gk,1674,1147,sky
skyscraper,skyscraper,'skaiskreipә,n. a very tall building with many stories,"n. 摩天楼, 三角形天帆",n:100,1,0,gk cet6 ky toefl gre,20049,10626,skyscraper
slave,slave,sleiv,"n. a person who is owned by someone
n. someone who works as hard as a slave
n. someone entirely dominated by some influence or person
v. work very hard, like a slave","n. 奴隶, 从动装置, 卑鄙的人
vi. 拼命工作
[计] 从设备",v:3/n:97,2,0,gk cet4 cet6 ky toefl,3948,2727,slave
slavery,slavery,'sleivәri,"n. the practice of owning slaves
n. work done under harsh conditions for little or no pay","n. 奴隶的身分, 奴隶状态, 奴隶制度
[法] 奴隶制度, 奴役, 苦役",n:100,1,0,gk cet4 cet6,8927,4574,slavery
sleep,sleep,sli:p,"n. a natural and periodic state of rest during which consciousness of the world is suspended
n. a torpid state resembling deep sleep
n. a period of time spent sleeping
v. be asleep","n. 睡眠, 静止, 昏迷, 麻木, 长眠, 冬眠
vi. 睡觉, 睡眠, 静止
vt. 睡",n:34/v:66,4,1,zk gk ielts,1408,1172,sleep
sleepy,sleepy,'sli:pi,s. ready to fall asleep,"a. 困乏的, 欲睡的",j:100,1,0,zk gk cet4 cet6 ielts,9704,7429,sleepy
sleeve,sleeve,sli:v,"n. the part of a garment that is attached at the armhole and that provides a cloth covering for the arm
n. small case into which an object fits","n. 袖子, 套管
vt. 缝上袖子",n:100,2,1,gk cet4 cet6 ky,4169,4567,sleeve
slice,slice,slais,"n. a share of something
n. a golf shot that curves to the right for a right-handed golfer
n. a thin flat piece cut off of some object
n. a spatula for spreading paint or ink","n. 薄的切片, 一部分, 菜刀
vt. 切成薄片, 切下
vi. 切
[计] 片",v:44/n:56,3,1,gk cet4 cet6 ky toefl ielts gre,4346,3333,slice
slide,slide,slaid,"n. a small flat rectangular piece of glass on which specimens can be mounted for microscopic study
n. (geology) the descent of a large mass of earth or rocks or snow etc.
n. plaything consisting of a sloping chute down which children can slide
n. the act of moving smoothly along a surface while remaining in contact with it","n. 滑, 滑道, 山崩, 雪崩, 幻灯片
vt. 使滑动, 偷偷放入
vi. 滑动, 滑落, 不知不觉陷入, 偷偷地走",n:32/v:68,3,1,gk cet4 cet6 ky toefl ielts,2704,2174,slide
slight,slight,slait,"v. pay no attention to, disrespect","n. 轻蔑, 怠慢
a. 轻微的, 纤细的, 脆弱的, 苗条的
vt. 轻视, 忽略, 怠慢",j:94/v:3/n:3,3,1,gk cet4 cet6 ky toefl ielts gre,2237,2982,slight
slim,slim,slim,"v take off weight
s being of delicate or slender build
s small in quantity","a. 瘦的, 苗条的, 微小的, 稀少的, 微薄的
vi. 变苗条
vt. 使苗条",j:88/v:12,3,0,gk cet6 ky toefl ielts,4710,5312,slim
slip,slip,slip,"n. a minor inadvertent mistake usually observed in speech or writing or in small accidents or memory lapses etc.
n. potter's clay that is thinned and used for coating or decorating ceramics
n. a young and slender person
n. an accidental misstep threatening (or causing) a fall","n. 滑, 滑行, 事故, 溜, 差错, 滑台, 下降, 插条, 后裔, 板条, 瘦长的年轻人
vi. 滑动, 滑倒, 失足, 溜走, 滑落, 犯错, 变坏
vt. 使滑动, 滑过, 摆脱, 闪开, 塞入, 从...取接枝
a. 滑动的, 滑移的, 活络的, 有活结的
[计] 串行线接口协议",n:15/v:85,4,1,gk cet4 cet6 ky toefl ielts,1814,1786,slip
slow,slow,slәu,"v. become slow or slower
v. cause to proceed more slowly
a. not moving quickly; taking a comparatively long time
a. at a slow tempo","a. 慢的, 缓慢的, 迟缓的, 迟钝的, 冷漠的, 落后的
adv. 慢地, 迟缓地
v. (使)慢下来",r:8/j:52/v:40,4,1,zk gk,1661,1761,slow
small,small,smɒ:l,"n. the slender part of the back
n. a garment size for a small person
a. limited or below average in number or quantity or magnitude or extent
s. slight or limited; especially in degree or intensity or scope","a. 小的, 少的, 小型的, 低微的, 小气的, 细微的
adv. 些微地
n. 狭小部分",r:1/j:99,5,1,zk gk,168,203,small
smart,smart,smɑ:t,"n. a kind of pain such as that caused by a wound or a burn or a sore
a. showing mental alertness and calculation and resourcefulness
s. painfully severe
s. quick and brisk","a. 聪明的, 漂亮的, 刺痛的, 剧烈的, 敏捷的, 巧妙的, 伶俐的, 潇洒的
n. 刺痛, 痛苦
vi. 刺痛",j:97/v:3,3,1,zk gk cet4 cet6 ky toefl ielts gre,4098,1856,smart
smell,smell,smel,"n. the sensation that results when olfactory receptors in the nose are stimulated by particular chemicals in gaseous form
n. the faculty that enables us to distinguish scents
n. the act of perceiving the odor of something
v. inhale the odor of; perceive by the olfactory sense","n. 味道, 气味, 嗅觉, 嗅, 臭味, 气息
vt. 闻, 探出, 察觉, 发出...的气味
vi. 嗅, 散发气味, 发臭",n:45/v:55,3,1,zk gk toefl,2651,2390,smell
smelly,smelly,'smeli,s offensively malodorous,"a. 发臭的, 有臭味的",j:100,1,0,gk ielts,11848,14701,smelly
smile,smile,smail,"n. a facial expression characterized by turning up the corners of the mouth; usually shows pleasure or amusement
v. change one's facial expression by spreading the lips, often to signal pleasure
v. express with a smile","n. 微笑, 喜色, 笑容
vi. 微笑, 觉得好笑
vt. 微笑着表示",n:41/v:59,4,1,zk gk,892,1068,smile
smog,smog,smәug,n. air pollution by a mixture of smoke and fog,"n. 烟雾
[化] 烟雾",n:100,1,0,gk cet4 cet6 ky toefl,17069,12947,smog
smoke,smoke,smәuk,"n. a cloud of fine particles suspended in a gas
n. a hot vapor containing fine particles of carbon being produced by combustion
n. an indication of some hidden activity
n. something with no concrete substance","n. 烟, 雾气, 烟熏剂, 抽烟, 烟色
vi. 吸烟, 冒烟, 弥漫
vt. 以烟熏, 抽烟而导致...",v:49/n:51,4,1,zk gk toefl ielts,2750,2414,smoke
smoker,smoker,'smәukә,"n. a person who smokes tobacco
n. a passenger car for passengers who wish to smoke","n. 吸烟者, 吸烟的人, 吸烟车厢, (美)(非正式)蒸汽火车头",n:100,0,0,gk,7138,6646,smoker
smoking,smoking,'smәukiŋ,s. emitting smoke in great volume,"n. 抽烟, 冒烟
[医] 烟熏; 吸烟",j:44/n:56,0,1,gk ielts,5035,4956,smoking
smooth,smooth,smu:ð,"n. the act of smoothing
v. make smooth or smoother, as if by rubbing
v. free from obstructions
a. having a surface free from roughness or bumps or ridges or irregularities","a. 平滑的, 平稳的, 流畅的, 和蔼的, 安祥的, 圆滑的, 调匀的, 无毛的
vt. 使光滑, 烫平, 使平和, 消除
vi. 变平滑, 变平静
n. 一块平地, 平滑部分",j:79/v:21,3,1,zk gk cet4 cet6 ky toefl ielts gre,2682,2422,smooth
snack,snack,snæk,"n a light informal meal
v eat a snack; eat lightly","n. 小吃, 点心, 快餐
vi. 吃零食, 吃快餐",v:10/n:90,2,0,gk cet6 ky ielts,7131,5187,snack
snake,snake,sneik,"n. limbless scaly elongate reptile; some are venomous
n. a deceitful or treacherous person
n. a tributary of the Columbia River that rises in Wyoming and flows westward; discovered in 1805 by the Lewis and Clark Expedition
n. something long, thin, and flexible that resembles a snake","n. 蛇, 阴险的人
vi. 曲折行进
vt. 迂回, 拉, 急抽",v:10/n:90,2,1,zk gk cet4 cet6 ky toefl,5064,3481,snake
snatch,snatch,snætʃ,"n. a small fragment
n. a weightlift in which the barbell is lifted overhead in one rapid motion
v. to grasp hastily or eagerly
v. to make grasping motions","n. 抢夺, 攫取, 片断
vt. 夺取, 攫取
vi. 想抢走, 攫取",n:9/v:91,2,0,gk cet6 ky ielts gre,5049,6071,snatch
sneaker,sneaker,'sni:kә,"n a canvas shoe with a pliable rubber sole
n someone acting as an informer or decoy for the police","n. 鬼鬼祟祟做事的人, 卑鄙者, 帆布胶底运动鞋",,1,0,gk,33208,0,sneaker
sneeze,sneeze,sni:z,"n. a symptom consisting of the involuntary expulsion of air from the nose
v. exhale spasmodically, as when an irritant entered one's nose","n. 喷嚏
vi. 打喷嚏",n:25/v:75,1,0,gk cet6 ky,15926,12750,sneeze
sniff,sniff,snif,"n. sensing an odor by inhaling through the nose
v. perceive by inhaling through the nose
v. inhale audibly through the nose","n. 以鼻吸气, 嗅, 气息
vi. 嗅, 蔑视, 嗤之以鼻
vt. 闻, 用力吸, 发觉",n:11/v:89,2,0,gk cet6 ky toefl,5455,5870,sniff
snow,snow,snәu,"n. precipitation falling from clouds in the form of ice crystals
n. a layer of snowflakes (white crystals of frozen water) covering the ground
n. English writer of novels about moral dilemmas in academe (1905-1980)
v. fall as snow","n. 雪, 积雪, 下雪, 雪花形干扰
vi. 下雪, 似雪般落下
vt. 使雪白, 用雪覆盖, 使像雪般落下",v:8/n:92,3,1,zk gk,2665,1781,snow
snowball,snowball,'snәubɒ:l,"n. plant having heads of fragrant white trumpet-shaped flowers; grows in sandy arid regions
n. ball of ice cream covered with coconut and usually chocolate sauce
n. ball of crushed ice with fruit syrup
n. snow pressed into a ball for throwing (playfully)","n. 雪球, 果味冰霜卷, 滚雪球式的募捐法
vt. 向...丢雪球, 使滚雪球般增长
vi. 打雪仗, 滚雪球般增长",v:8/n:92,1,0,gk,19913,13612,snowball
snowman,snowman,'snәumæn,n. a figure of a person made of packed snow,n. 雪人,n:100,0,0,gk,24155,18086,snowman
snowy,snowy,'snәui,"s marked by the presence of snow
s covered with snow
s of the white color of snow","a. 多雪的, 雪的, 被雪所覆盖着的, 下雪的",j:100,1,0,zk gk cet4 cet6,14429,9600,snowy
so,so,sәu,"r. to a very great extent or degree
r. in a manner that facilitates
r. in such a condition or manner, especially as expressed or implied
r. to a certain unspecified extent or degree","adv. 如此, 如是, 如...那样
conj. 所以, 因此
pron. 这样",c:20/r:79/j:1,3,1,zk gk,48,55,so
soap,soap,sәup,"n. a cleansing agent made from the salts of vegetable or animal fats
n. money offered as a bribe
n. street names for gamma hydroxybutyrate
v. rub soap all over, usually with the purpose of cleaning","n. 肥皂, 阿谀
vt. 以肥皂洗, 阿谀
[计] 评语",v:5/n:95,2,1,zk gk cet4 cet6 ky toefl,4288,4344,soap
sob,sob,sɒb,"n. convulsive gasp made while weeping
v. weep convulsively","vi. 啜泣, 呜咽
vt. 哭诉, 哭得使
n. 啜泣, 呜咽",n:32/v:68,1,0,gk cet4 cet6 ky,8177,7230,sob
soccer,soccer,'sɒkә,n. a football game in which two teams of 11 players try to kick or head a ball into the opponents' goal,n. 英式足球,n:100,3,0,gk cet4 cet6 ky,4895,3353,soccer
social,social,'sәuʃәl,"a. relating to human society and its members
a. living together or enjoying life in communities or organized groups
a. relating to or belonging to or characteristic of high society
s. composed of sociable people or formed for the purpose of sociability","a. 社会的, 群居的, 社交的
n. 联欢会",j:100,5,1,zk gk cet4 cet6 ky ielts,202,319,social
socialism,socialism,'sәuʃәlizm,"n. a political theory advocating state ownership of industry
n. an economic system based on state ownership of capital","n. 社会主义, 社会主义运动",n:100,2,0,gk cet4 cet6 ky,4039,7238,socialism
socialist,socialist,'sәuʃәlist,n. a political advocate of socialism,"n. 社会主义者, 社会党党员
[法] 社会主义的",j:88/n:12,3,0,gk cet4 cet6,2568,5591,socialist
society,society,sә'saiәti,"n. an extended social group having a distinctive cultural and economic organization
n. the fashionable elite",n. 社会；社交界；交往；社团,n:100,5,1,zk gk cet4 cet6 ky,326,507,society
sock,sock,sɒk,"n. hosiery consisting of a cloth covering for the foot; worn inside the shoe; reaches to between the ankle and the knee
v. hit hard","n. 短袜, 鞋垫, 一击
vt. 重击, 猛投, 给...穿袜
vi. 打击
adv. 正着地, 不偏不倚地
a. 非常成功的",v:7/n:93,2,1,gk cet4 cet6 ky gre,5063,4277,sock
socket,socket,'sɒkit,"n. a bony hollow into which a structure fits
n. receptacle where something (a pipe or probe or end of a bone) is inserted
n. a receptacle into which an electric device can be inserted","n. 窝, 穴, 插座, 眼窝
vt. 插进插座
[计] 套接字",n:100,1,0,gk,5776,8195,socket
sofa,sofa,'sәufә,n. an upholstered seat for more than one person,n. 沙发,n:100,2,0,zk gk cet6 ky,5140,4782,sofa
soft,soft,sɒft,"a. yielding readily to pressure or weight
a. compassionate and kind; conciliatory
a. (of sound) relatively low in volume
a. not protected against attack (especially by nuclear weapons)","a. 软的, 温和的, 柔和的, 柔滑的, 温柔的, 软弱的, 坡度小的, 笨的, 纸币的
n. 柔软的东西, 笨人, 纸币
adv. 柔软地, 温和地",j:100,4,1,zk gk cet4 cet6 ky,1436,1374,soft
softball,softball,'sɒftbɒ:l,"n. ball used in playing softball
n. a game closely resembling baseball that is played on a smaller diamond and with a ball that is larger and softer","n. 垒球运动, 垒球",n:100,0,0,gk,0,8130,softball
software,software,'sɒftwєә,n. (computer science) written programs or procedures or rules and associated documentation pertaining to the operation of a computer system and that are stored in read/write memory,"n. 软件
[计] 软设备",n:100,3,1,gk cet4 cet6 ky,1064,1577,software
soil,soil,sɒil,n. the part of the earth's surface consisting of humus and disintegrated rock,"n. 土壤, 土地, 国家, 国土, 温床, 污物, 粪便, 水池
vt. 弄脏, 污辱
vi. 变脏",v:5/n:95,3,1,gk cet4 cet6 ky ielts gre,1894,1791,soil
solar,solar,'sәulә,a. relating to or derived from the sun or utilizing the energies of the sun,"a. 太阳的, 日光的, 源自太阳的
[医] 太阳的; 腹腔丛的",j:100,2,0,gk cet4 cet6 ky toefl ielts,4774,2744,solar
soldier,soldier,'sәuldʒә,"n. an enlisted man or woman who serves in an army
n. a wingless sterile ant or termite having a large head and powerful jaws adapted for defending the colony
v. serve as a soldier in the military","n. 军人, 士兵, 兵蚁
vi. 从军, 尽职, 偷懒, 磨洋工",v:1/n:99,4,1,zk gk toefl,1731,1003,soldier
solid,solid,'sɒlid,"n. matter that is solid at room temperature and pressure
n. the state in which a substance has no tendency to flow under moderate stress; resists forces (such as compression) that tend to deform it; and retains a definite size and shape
n. a three-dimensional shape
s. characterized by good substantial quality","n. 固体
a. 坚硬的, 稳固的, 固体的, 实心的, 纯质的, 立体的, 立方的
[计] 原色",j:92/n:8,3,1,zk gk cet4 cet6 ky,2417,2011,solid
some,some,sʌm,"a. quantifier; used with either mass nouns or plural count nouns to indicate an unspecified number or quantity
s. relatively much but unspecified in amount or extent
s. relatively many but unspecified in number
s. remarkable","pron. 一些, 一部分, 若干
adv. 大约
a. 一些的, 少许的, 某一的",p:1/d:99,5,1,zk gk,53,60,some
somebody,somebody,'sʌmbɒdi,n a human being,"n. 了不起的人, 大人物
pron. 有人, 某人",p:99/n:1,4,1,zk gk,1321,1000,somebody
someone,someone,'sʌmwʌn,n a human being,"pron. 有人, 某人",p:100,4,0,zk gk,537,419,someone
something,something,'sʌmθiŋ,"n. Anything unknown, undetermined, or not specifically
   designated; a certain indefinite thing; an indeterminate or unknown
   event; an unspecified task, work, or thing.
n. A part; a portion, more or less; an indefinite quantity
   or degree; a little.
n. A person or thing importance.
adv. In some degree; somewhat; to some extent; at some
   distance.","pron. 某事, 某物",p:99/n:1,5,1,zk gk,167,142,something
sometimes,sometimes,'sʌmtaimz,"r. on certain occasions or in certain cases but not always; at other times for six months""","adv. 有时, 时常, 往往",r:100,4,1,zk gk,478,445,sometimes
somewhere,somewhere,'sʌmhwєә,"n. an indefinite or unknown location
r. in or at or to some place; (`someplace' is used informally for `somewhere')","adv. 到某处, 在某处",r:100,3,1,zk gk,1359,1588,somewhere
son,son,sʌn,"n. a male human offspring
n. the divine word of God; the second person in the Trinity (incarnate in Jesus)","n. 儿子, 女婿, 子孙
[法] 儿子, 女婿, 养子",n:100,5,1,zk gk,599,481,son
song,song,sɒŋ,"n. a short musical composition with words
n. a distinctive or characteristic sound
n. the act of singing
n. a very small sum","n. 歌, 曲, 鸣声, 歌唱, 歌曲, 诗歌",n:100,4,1,zk gk,1405,851,song
soon,soon,su:n,r. in the near future,"adv. 不久, 早, 快, 宁可",c:18/r:82,5,1,zk gk,615,610,soon
sorrow,sorrow,'sɒrәu,"n. an emotion of great sadness associated with loss or bereavement
n. sadness associated with some wrong done or some disappointment","n. 悲伤, 哀惜, 不幸
vi. 悲伤, 懊悔, 遗憾",n:100,1,0,gk cet4 cet6 ky,7116,6304,sorrow
sorry,sorry,'sɒri,"a feeling or expressing regret or sorrow or a sense of loss over something done or undone
s bad; unfortunate
s without merit
s causing dejection","a. 难过的, 悲哀的, 遗憾的",j:100,4,1,zk gk,870,1205,sorry
sort,sort,sɒ:t,"n. an approximate definition or example
n. a person of a particular character or nature
n. an operation that segregates items into groups according to a specified criterion","n. 种类, 方式, 品质, 态度, 举止
vt. 分类, 排序, 挑选
vi. 交往, 协调
[计] 排序; DOS外部命令:从标准输入设备接收数据, 整个数据输入完后
对它以行为单位进行排序, 然后在标准输出设备上输出",v:11/n:89,5,1,zk gk cet4 cet6 ky toefl ielts,421,835,sort
soul,soul,sәul,"n. the immaterial part of a person; the actuating cause of an individual life
n. deep feeling or emotion
n. the human embodiment of something
n. a secular form of gospel that was a major Black musical genre in the 1960s and 1970s","n. 灵魂, 心灵, 精神, 精髓, 人, 化身, 典型, 鬼魂
a. 黑人的",n:100,3,1,gk cet4 cet6 ky toefl,2291,1604,soul
sound,sound,saund,"n. the particular auditory effect produced by a given cause
n. the subjective sensation of hearing something
n. mechanical vibrations transmitted by an elastic medium
n. the sudden occurrence of an audible event","n. 声音, 语音, 吵闹, 声调, 听力范围, 探条, 海峡
a. 健全的, 可靠的, 合理的, 健康的, 彻底的, 资金充实的
adv. 彻底地, 充分地
vi. 发出声音, 回响, 测深, 试探, 听起来
vt. 使发声, 宣告, 听诊, 测...深, 试探
[计] 声音",r:2/v:42/j:3/n:53,2,1,zk gk ielts,780,702,sound
soup,soup,su:p,"n. liquid food especially of meat or fish or vegetable stock often containing pieces of solid food
n. any composition having a consistency suggestive of soup
n. an unfortunate situation
v. dope (a racehorse)","n. 汤, 马力
vt. 加速, 增加马力",v:1/n:99,2,1,zk gk cet4 cet6 ky toefl,4360,2997,soup
sour,sour,'sauә,"n. a cocktail made of a liquor (especially whiskey or gin) mixed with lemon or lime juice and sugar
n. the taste experience when vinegar or lemon juice is taken into the mouth
v. go sour or spoil
v. make sour or more sour","a. 酸的, 酸臭的, 发酵的, 愠怒的, 讨厌的, 拙劣的, 不健全的
vi. 变酸, 发酵, 厌烦, 变坏
vt. 使变酸, 使失望
n. 酸味, 酸饮料",j:85/v:15,2,1,zk gk cet4 cet6 ky toefl ielts,7745,5281,sour
south,south,sauθ,"n. the region of the United States lying to the south of the Mason-Dixon line
n. the cardinal compass point that is at 180 degrees
n. a location in the southern part of a country, region, or city
n. the direction corresponding to the southward cardinal compass point","n. 南方, 南
a. 南的, 向南的
adv. 在南方
vi. 转向南方",n:100,4,1,zk gk,601,636,south
southeast,southeast,sauθ'i:st,"n. the compass point midway between south and east; at 135 degrees
n. the southeastern region of the United States
n. the direction corresponding to the southeastward compass point","n. 东南, 东南地区
a. 东南的, 向东南的, 来自东南的
adv. 往东南, 来自东南",n:100,0,0,gk cet4 cet6 ky,10728,3708,southeast
southern,southern,'sʌðәn,"a. in or characteristic of a region of the United States south of (approximately) the Mason-Dixon line
a. situated in or coming from regions of the south","n. 南方人, 男风
a. 向南方的, 来自南方的",j:100,4,1,zk gk cet4 cet6 ky,1704,1105,southern
southwest,southwest,sauθ'west,"n. the compass point midway between south and west; at 225 degrees
n. the southwestern region of the United States generally including New Mexico, Arizona, Texas, Nevada, California, and sometimes Utah and Colorado
n. the direction corresponding to the southwestward compass point","n. 西南, 西南方, 西南地区
a. 西南的, 来自西南方的
adv. 往西南, 来自西南",n:100,0,0,gk cet4 cet6 ky,15280,3564,southwest
souvenirs,souvenirs,su:və'nɪəz,"n something of sentimental value
n a reminder of past events",n. 纪念品( souvenir的名词复数 ),,0,0,gk ielts,0,0,souvenirs
sow,sow,sau. sәu,"n. an adult female hog
v. place (seeds) in or on the ground for future growth
v. introduce into an environment","n. 母猪, 懒胖女人
vt. 播种, 散布, 使密布
vi. 播种",n:29/v:71,2,0,gk cet4 cet6 ky toefl ielts gre,6893,10366,sow
space,space,speis,"n. the unlimited expanse in which everything is located
n. an empty area (usually bounded in some way between things)
n. an area reserved for some particular purpose
n. a blank character used to separate successive words in writing or printing","n. 位置, 空间, 距离, 太空, 空白, 间隔, (期刊等的)篇幅
vt. 隔开, 分隔
vi. 留间隔
[计] 空白, 空格校验",v:4/n:96,4,1,zk gk cet4 cet6 ky ielts,715,521,space
spaceship,spaceship,'speisʃip,n a spacecraft designed to carry a crew into interstellar space (especially in science fiction),n. 宇宙飞船,n:100,0,0,gk cet4 cet6 ky toefl,16374,11577,spaceship
spade,spade,speid,"n. a playing card in the major suit that has one or more black figures on it
n. a sturdy hand shovel that can be pushed into the earth with the foot
v. dig (up) with a spade","n. 铲子, 锄, 铲刀, 黑桃
vt. 以锄掘, 把...弄实抹平
vi. 铲",n:100,1,0,gk cet4 cet6 ky,8703,13365,spade
Spanish,spanish,'spæniʃ,"n. the Romance language spoken in most of Spain and the countries colonized by Spain
n. the people of Spain
a. of or relating to or characteristic of Spain or the people of Spain","n. 西班牙人, 西班牙语
a. 西班牙的",j:95/n:5,0,0,gk cet4 cet6 ielts,2474,2204,spanish
spare,spare,spєә,"n. a score in tenpins; knocking down all ten after rolling two balls
v. refrain from harming
v. save or relieve from an experience or action
v. give up what is not strictly needed","n. 剩余, 备用品, 备件, 备用零件, 备用轮胎
a. 多余的, 备用的, 空闲的, 节约的, 瘦的
vi. 节约, 省掉, 宽恕
vt. 节约, 省用, 剩下, 饶恕, 赦免",n:3/j:40/v:57,3,1,zk gk toefl ielts,3617,4585,spare
sparrow,sparrow,'spærәu,n. any of several small dull-colored singing birds feeding on seeds or insects,n. 麻雀,n:100,1,0,gk cet4 cet6 toefl,14590,14123,sparrow
speak,speak,spi:k,"v. use language
v. make a characteristic or natural sound","vi. 说, 说话, 演说, 发言
vt. 说, 讲, 说出",v:100,5,1,zk gk,352,335,speak
speaker,speaker,'spi:kә,"n. someone who expresses in language; someone who talks (especially someone who delivers a public speech or someone especially garrulous)
n. the presiding officer of a deliberative assembly","n. 说话人, 讲演者, 发言人, 喇叭, 扬声器
[计] 扬声器",n:100,3,1,zk gk cet4 cet6 ky ielts,996,2535,speaker
spear,spear,spiә,"n. a long pointed rod used as a tool or weapon
n. an implement with a shaft and barbed point used for catching fish
v. pierce with a spear
v. thrust up like a spear","n. 矛, 枪, 持矛者, 嫩枝
vt. 用矛刺
vi. 刺, 戳
a. 父系的",v:22/n:78,1,0,gk cet4 cet6 ky gre,8899,8310,spear
special,special,'speʃәl,"n. a special offering (usually temporary and at a reduced price) that is featured in advertising
n. a dish or meal given prominence in e.g. a restaurant
n. a television production that features a particular person or work or topic
s. for a special service or occasion","n. 专辑, 专车, 号外, 特别的东西, 负有特别任务的人员
a. 特别的, 专门的, 特殊的, 额外的, 附加的, 特别亲密的",j:98/n:2,5,1,zk gk cet4 cet6 ky ielts,438,520,special
specialist,specialist,'speiʃәlist,"n. an expert who is devoted to one occupation or branch of learning
n. practices one branch of medicine","n. 专门医师, 专家
a. 专业的, 专家的",j:1/n:99,3,1,gk cet4 cet6 ky,1808,2546,specialist
specific,specific,spi'sifik,"n. a medicine that has a mitigating effect on a specific disease
a. (sometimes followed by `to') applying to or characterized by or distinguishing something particular or special or unique
s. stated explicitly or in detail
a. relating to or distinguishing or constituting a taxonomic species","n. 特效药, 特性
a. 特殊的, 明确的, 具有特效的, 特定地, 具体地",j:95/n:5,4,1,gk cet4 cet6 ky toefl ielts,882,979,specific
speech,speech,spi:tʃ,"n. (language) communication by word of mouth
n. something spoken
n. the exchange of spoken words","n. 演讲, 说话, 谈话, 言语, 引语, 民族语言
[医] 言语, 语言",n:100,4,1,zk gk cet4 cet6 ky ielts,1119,1100,speech
speed,speed,spi:d,"n. distance travelled per unit time
n. a rate (usually rapid) at which something happens
n. changing location rapidly
v. travel at an excessive or illegal velocity","n. 速率, 速度, 迅速
vi. 加速, 超速, 快进
vt. 快速传送, 促进, 使加速
[计] 中央处理机速度设置程序",v:23/n:77,4,1,zk gk cet4 cet6 ky ielts,1245,1390,speed
spell,spell,spel,"n. a verbal formula believed to have magical force
v. orally recite the letters of or give the spelling of
v. indicate or signify
v. write or name the letters that comprise the conventionally accepted form of (a word or part of a word)","n. 符咒, 魅力, 轮值, 轮班, 工作时间, 一次发作
vt. 拼写, 拼成, 琢磨, 理解, 招致, 轮换, 迷住
vi. 轮换, 拼字",n:40/v:60,3,1,zk gk cet4 cet6 ky gre,3382,4299,spell
spelling,spelling,'speliŋ,n. forming words with letters according to the principles underlying accepted usage,"n. 拼, 拼字, 拼法
[计] 拼写检查",n:100,1,1,gk cet4 cet6 ky,5779,7907,spelling
spend,spend,spend,"v. pass time in a specific way
v. pay out
v. spend completely","vt. 花费, 浪费, 度过, 消耗, 消磨
vi. 花费, 用尽",v:100,5,1,zk gk,424,342,spend
spin,spin,spin,"n. a swift whirling motion (usually of a missile)
n. the act of rotating rapidly
n. a short drive in a car
n. a distinctive interpretation (especially as used by politicians to sway public opinion)","n. 旋转, 自旋, 疾驰, 情绪低落
vt. 纺织, 纺, 使旋转, 编造
vi. 纺纱, 吐丝, 作茧, 结网, 旋转, 自旋, 疾驰",n:27/v:73,3,1,gk cet4 cet6 ky toefl ielts gre,3841,2644,spin
spirit,spirit,'spirit,"n. the vital principle or animating force within living things
n. the general atmosphere of a place or situation and the effect that it has on people
n. a fundamental emotional and activating principle determining one's character
n. any incorporeal supernatural being that can become visible (or audible) to human beings","n. 精神, 心灵, 灵魂, 态度, 志气, 人格, 情绪, 心情, 烈酒
vt. 诱拐, 鼓励, 鼓舞",v:2/n:98,4,1,zk gk cet4 cet6 ky toefl,1189,1180,spirit
spiritual,spiritual,'spiritʃuәl,"n. a kind of religious song originated by Blacks in the southern United States
s. concerned with or affecting the spirit or soul
s. lacking material body or form or substance","a. 精神上的, 神圣的, 崇高的, 高尚的, 鬼的, 招魂术的
n. 有关教会的事",j:100,3,1,gk cet4 cet6 ky toefl ielts gre,3233,2096,spiritual
spit,spit,spit,"n. a narrow strip of land that juts out into the sea
n. a skewer for holding meat over a fire
n. the act of spitting (forcefully expelling saliva)
v. expel or eject (saliva or phlegm or sputum) from the mouth","n. 唾液, 唾吐, 小雨, 炙叉, 一铲的深度
vt. 唾吐, 吐出, 降小雨, 用炙叉穿过
vi. 吐唾沫, 吐痰, 唾弃, 飘霏霏细雨",n:19/v:81,2,0,gk cet4 cet6 ky ielts,5395,4932,spit
splendid,splendid,'spendid,"s having great beauty and splendor
s very good; of the highest quality
s characterized by grandeur","a. 光亮的, 了不起的, 灿烂的, 壮丽的, 显著的, 杰出的",j:100,2,0,gk cet4 cet6 ky toefl ielts,3954,7708,splendid
split,split,split,"n. extending the legs at right angles to the trunk (one in front and the other in back)
n. a bottle containing half the usual amount
n. a promised or claimed share of loot or money
n. a lengthwise crack in wood","n. 劈开, 裂片, 裂缝, 分裂, 派系, 派别, 柳条
a. 劈开的
vi. 分离, 分开, 裂开, 被劈开
vt. 劈开, 切开, 使分裂, 使分离
[计] 拆分",n:18/j:17/v:65,4,1,gk cet4 cet6 ky toefl ielts gre,2573,2910,split
spoken,spoken,'spәukәn,a. uttered through the medium of speech or characterized by speech; sometimes used in combination,"a. 口头讲的, 口语的
speak的过去分词",j:100,0,1,gk,6629,11639,spoken
sponsor,sponsor,'spɒnsә,"v. assume sponsorship of
v. assume responsibility for or leadership of","n. 保证人, 赞助者, 发起者, 倡议者, 教父
vt. 发起, 赞助, 倡议",n:40/v:60,3,0,gk cet4 cet6 ky toefl ielts,4150,3453,sponsor
spoon,spoon,spu:n,"n. a piece of cutlery with a shallow bowl-shaped container and a handle; used to stir or serve or take up food
n. as much as a spoon will hold
n. formerly a golfing wood with an elevated face
v. scoop up or take up with a spoon","n. 匙, 调羹, 匙形工具
vt. 以匙舀起, 调情, 使成匙状",v:18/n:82,2,1,zk gk cet4 cet6 ky toefl,6114,4339,spoon
spoonful,spoonful,'spu:nful,n as much as a spoon will hold,"n. 一匙
[医] 一匙, 匙",n:100,1,0,gk,15630,14845,spoonful
sport,sport,spɒ:t,"n. an active diversion requiring physical exertion and competition
n. the occupation of athletes who compete for pay
n. (Maine colloquial) a temporary summer resident of Maine
n. a person known for the way she (or he) behaves when teased or defeated or subjected to trying circumstances","n. 运动, 游戏, 娱乐, 消遣, 玩笑
a. 运动的, 户外穿戴的
vi. 游戏, 参加体育运动, 戏弄, 产生变种
vt. 炫耀, 使产生变种",v:4/n:96,4,1,zk gk ielts gre,1122,666,sport
spot,spot,spɒt,"n. a short section or illustration (as between radio or tv programs or in a magazine) that is often used for advertising
n. a small contrasting part of something
n. a section of an entertainment that is assigned to a specific performer or performance
n. a business establishment for entertainment","n. 污点, 地点, 斑点, 点, 娱乐场所, 处境, 少量
a. 当场的, 现场的, 现货买卖的, 现金交易的, 抽样的
vt. 点缀, 玷污, 认出, 准确定...的位, 用灯光照射
vi. 玷污, (从空中)侦察敌方目标",v:25/j:2/n:73,4,1,gk cet4 cet6 ky toefl ielts,1723,1228,spot
spray,spray,sprei,"n. a pesticide in suspension or solution; intended for spraying
n. a quantity of small objects flying through the air
n. flower arrangement consisting of a single branch or shoot bearing flowers and foliage
n. water in small drops in the atmosphere; blown from waves or thrown up by a waterfall","n. 水沫, 浪花, 水花, 喷雾, 喷雾器, 小树枝
vt. 喷雾, 扫射, 喷射
vi. 喷, 溅开",v:45/n:55,3,1,gk cet4 cet6 ky toefl ielts,5640,4417,spray
spread,spread,spred,"n. process or result of distributing or extending over a wide expanse of space
n. a tasty mixture to be spread on bread or crackers or used in preparing other dishes
n. two facing pages of a book or other publication
n. the expansion of a person's girth (especially at middle age)","n. 传播, 散布, 伸展
a. 双唇展开的, 伸展的
vt. 展开, 铺开, 传播, 推广, 伸出, 涂, 敷, 延伸
vi. 展开, 扩大, 传开, 延伸
[计] 展开",n:20/v:80,4,1,zk gk cet4 cet6 ky,1575,1371,spread
spring,spring,spriŋ,"n. the season of growth
n. a metal elastic device that returns to its shape or position when pushed or pulled or pressed
n. a natural flow of ground water
n. a point at which water issues forth","n. 春天, 弹簧, 跳跃, 弹性, 活力, 泉, 源泉
a. 春天的
vi. 跳, 弹跳, 涌出, 生长, 裂开, 高耸
vt. 使跳起, 使爆炸, 突然提出",v:14/n:86,4,1,zk gk toefl ielts,1503,901,spring
spy,spy,spai,"n. (military) a secret agent hired by a state to obtain information about its enemies or by a business to obtain industrial secrets from competitors
n. a secret watcher; someone who secretly watches other people
v. watch, observe, or inquire secretly
v. catch sight of; to perceive with the eyes","n. 间谍, 侦探, 侦察
vt. 侦察, 找出, 发现
vi. 做密探, 侦查",v:35/n:65,2,0,gk cet4 cet6 ky,6072,4846,spy
square,square,skwєә,"n. (geometry) a plane rectangle with four equal sides and four right angles; a four-sided regular polygon
n. the product of two equal terms
n. something approximating the shape of a square
n. someone who doesn't understand what is going on","n. 正方形, 街区, 广场, 平方, 直角尺
a. 正方形的, 正直的, 公正的, 平方的, 方正的, 结清的
adv. 成直角地, 对准地
vi. 一致, 符合, 结清
vt. 使成方形, 使平方自乘, 调正, 结清, 使一致",r:3/j:50/v:9/n:38,4,1,zk gk cet4 cet6 ky toefl ielts gre,1802,2747,square
squeeze,squeeze,skwi:z,"n. the act of gripping and pressing firmly
n. a situation in which increased costs cannot be passed on to the customer
n. (slang) a person's girlfriend or boyfriend
n. a twisting squeeze","n. 紧握, 挤, 榨, 榨取, 佣金
vt. 紧握, 挤, 榨取
vi. 压榨, 榨",n:11/v:89,3,1,gk cet4 cet6 ky toefl ielts gre,3390,2891,squeeze
squid,squid,skwid,"n. (Italian cuisine) squid prepared as food
n. widely distributed fast-moving ten-armed cephalopod mollusk having a long tapered body with triangular tail fins","n. 枪乌贼, 鱿鱼, 反潜水雷发射装置
[电] 超导量子干涉元件",n:100,1,0,gk,16736,11582,squid
squirrel,squirrel,'skwә:rәl,"n. a kind of arboreal rodent having a long bushy tail
n. the fur of a squirrel","n. 松鼠, 松鼠毛皮
vt. 贮藏",n:100,1,0,gk cet4 cet6 ky toefl gre,10225,6904,squirrel
stable,stable,'steibl,"n. a farm building for housing horses or other livestock
v. shelter in a stable
a. resistant to change of position or condition
s. firm and dependable; subject to little fluctuation","n. 马房, 牛棚
a. 稳定的, 安定的, 坚固的, 坚定的
vt. 赶入马房
vi. 被关在马厩",j:89/v:2/n:9,4,1,gk cet4 cet6 ky toefl,2637,2903,stable
stadium,stadium,'steidiәm,n. a large structure for open-air sports or entertainments,"n. 露天大型运动场
[医] 期, 病期",n:100,3,0,gk cet4 cet6 ky ielts,5803,4128,stadium
staff,staff,stɑ:f,"n. personnel who assist their superior in carrying out an assigned task
n. a strong rod or stick with a specialized utilitarian purpose
n. the body of teachers and administrators at a school
n. building material consisting of plaster and hair; used to cover external surfaces of temporary structure (as at an exposition) or for decoration","n. 全体人员, 工作班子, 棍棒, 杆, 拐杖, 支柱, 权杖
a. 职员的, 雇员的, 参谋的
vt. 为...配备人员",v:8/n:92,5,1,gk cet4 cet6 ky toefl ielts,423,784,staff
stage,stage,steidʒ,"n. a large platform on which people can stand and can be seen by an audience
n. the theater as a profession (usually `the stage')
n. a section or portion of a journey or course
n. any scene regarded as a setting for exhibiting or doing something","n. 阶段, 舞台, 场所, 戏剧, 站, 驿站, 级, 层, 脚手架
vt. 上演, 表演, 筹划
vi. 适于上演, 乘驿车旅行",v:8/n:92,5,1,gk cet4 cet6 ky ielts,482,829,stage
stain,stain,stein,"n. a soiled or discolored appearance
n. (microscopy) a dye or other coloring material that is used in microscopy to make structures visible
v. color with a liquid dye or tint
v. produce or leave stains","n. 污染, 污点, 着色剂
vt. 沾染, 染污, 着色
vi. 变脏",v:47/n:53,2,0,gk cet4 cet6 ky toefl ielts gre,5778,6708,stain
stainless,stainless,'steinlis,s. (of reputation) free from blemishes,"a. 无瑕疵的, 不锈的
[机] 不绣的, 污染的",j:100,0,0,gk cet6,11524,8262,stainless
stair,stair,stєә,n support consisting of a place to rest the foot while ascending or descending a stairway,"n. 梯级, 楼梯, 阶梯",n:100,2,1,gk cet4 cet6 ky,0,2863,stair
stamp,stamp,stæmp,"n. a type or class
n. a symbol that is the result of printing or engraving
n. machine consisting of a heavy bar that moves vertically for pounding or crushing ores
n. a block or die used to imprint a mark or design","n. 印, 邮票, 打印器, 戳子, 图章, 印花税票, 标志, 特征, 类型, 跺脚
vt. 盖章于, 顿足, 贴上邮票, 铭刻, 捣碎, 扑灭
vi. 捣碎, 跺脚",v:40/n:60,3,1,zk gk toefl gre,3923,5139,stamp
stand,stand,stænd,"n. the position where a thing or person stands
n. a growth of similar plants (usually trees) in a particular area
n. a small table for holding articles of various kinds
n. an interruption of normal activity","n. 站立, 站住, 停顿, 讲台, 看台, 立场, 法院证人席
vi. 站, 立, 坐落, 停滞, 位于, 坚持, 维持原状
vt. 忍受, 使站立, 抵挡",n:12/v:88,5,1,zk gk toefl ielts,273,281,stand
standard,standard,'stændәd,"n. a basis for comparison; a reference point against which other things can be evaluated
n. a board measure = 1980 board feet
n. the value behind the money in a monetary system
n. an upright pole or beam (especially one used as a support)","n. 标准, 规格, 旗, 军旗, 本位
a. 标准的, 合规格的
[计] 标准",j:30/n:70,4,1,zk gk cet4 cet6 ky toefl ielts,653,806,standard
star,star,stɑ:,"n. (astronomy) a celestial body of hot gases that radiates energy derived from thermonuclear reactions in the interior
n. any celestial body visible (as a point of light) from the Earth at night
n. an actor who plays a principal role
n. a plane figure with 5 or more points; often used as an emblem","n. 星, 恒星, 星形物, 运气, 明星
vt. 以星状物装饰, 用星号标, 使成为明星
vi. 变成明星",v:7/j:3/n:90,5,1,zk gk ielts,1001,538,star
stare,stare,stєә,"n. a fixed look with eyes open wide
v. fixate one's eyes","vi. 注视, 凝视, 瞪视, 显眼
vt. 盯
n. 凝视",n:7/v:93,3,1,gk cet4 cet6 ky toefl,1192,1131,stare
start,start,stɑ:t,"n. the beginning of anything
n. a turn to be a starter (in a game at the beginning)
n. a line indicating the location of the start of a race or a game
n. the advantage gained by beginning early (as in a race)","n. 惊起, 出发, 开端, 起点, 吃惊, 有利条件
vi. 开始, 出发, 启动, 跳起, 吃惊, 出现, 松动, 脱落, 起价, 参赛
vt. 使惊起, 开动, 发动, 启动, 开始, 创办, 提议, 使松动, 使脱落, 起用
[计] 起始",n:11/v:89,5,1,zk gk,205,173,start
starvation,starvation,stɑ:'veiʃәn,"n. a state of extreme hunger resulting from lack of essential nutrients over a prolonged period
n. the act of depriving of food or subjecting to famine","n. 饥饿, 饿死
[医] 绝食, 饥锇(指长时期的)",n:100,2,0,gk cet4 toefl,8598,9590,starvation
starve,starve,stɑ:v,"v. be hungry; go without food
v. die of food deprivation
v. deprive of food
v. deprive of a necessity and cause suffering","v. (使)饿死, (使)挨饿",v:100,2,0,gk cet4 cet6 ky toefl ielts,7555,7450,starve
state,state,steit,"n. the territory occupied by one of the constituent administrative districts of a nation
n. the way something is with respect to its main attributes
n. the group of people comprising the government of a sovereign state
n. a politically organized body of people under a single government","n. 州, 状态, 情形, 国家, 政府, 领土, 国务, 社会地位
a. 国家的, 正式的, 礼仪用的, 州的
vt. 说明, 陈述, 规定
[计] 状态",v:15/n:85,5,1,zk gk cet4 cet6 ky,194,137,state
statement,statement,'steitmәnt,"n. a message that is stated or declared; a communication (oral or written) setting forth particulars or facts etc
n. (music) the presentation of a musical theme
n. a nonverbal message
n. a document showing credits and debits","n. 陈述, 指令, 声明
[计] 程序语句; 语句",n:100,4,1,gk cet4 cet6 ky ielts,717,921,statement
station,station,'steiʃәn,"n. a facility equipped with special equipment and personnel for a particular purpose
n. (nautical) the location to which a ship or fleet is assigned for duty
n. the frequency assigned to a broadcasting station
v. assign to a station","n. 车站, 站, 局, 驻地, 位置, 身分, 地位
vt. 安置, 配置, 驻扎
[计] 站",v:6/n:94,4,1,zk gk ielts,736,841,station
statistics,statistics,stә'tistiks,n. a branch of applied mathematics concerned with the collection and interpretation of quantitative data and the use of probability theory to estimate population parameters,"n. 统计学, 统计资料
[计] 统计信息",n:100,0,0,gk cet4 cet6 ky toefl ielts,2602,2709,statistics
statue,statue,'stætju,n. a sculpture representing a human or animal,"vt. 以雕像装饰
n. 雕像",n:100,2,1,gk cet4 cet6 ky toefl ielts,4519,3872,statue
status,status,'steitәs,n. the relative position or standing of things or especially persons in a society,"n. 状态, 情形, 地位, 要人身份
[计] 状态",n:100,4,1,gk cet4 cet6 ky toefl ielts gre,1137,1215,status
stay,stay,stei,"n. continuing or remaining in a place or state
n. a judicial order forbidding some action until an event occurs or the order is lifted
n. a thin strip of metal or bone that is used to stiffen a garment (e.g. a corset)
n. (nautical) brace consisting of a heavy rope or wire cable used as a support for a mast or spar","n. 停留, 逗留, 制止, 延缓, 停止, 支柱, 支撑物, 支索
vt. 制止, 延缓, 坚持, 支持, 支撑, 用支索固定
vi. 停留, 逗留, 暂停, 坚持, 中止",n:6/v:94,5,1,zk gk,549,409,stay
steady,steady,'stedi,"v. make steady
a. not subject to change or variation especially in behavior
s. securely in position; not shaky
s. not easily excited or upset","a. 稳定的, 不动摇的, 沉着的, 稳固的, 坚定的, 经常的
vt. 使稳定, 使坚定
vi. 变为沉着, 稳固",r:4/j:84/v:12,3,1,gk cet4 cet6 ky toefl ielts,2922,2914,steady
steak,steak,steik,n. a slice of meat cut from the fleshy part of an animal or large fish,"n. 牛排, 鱼排, 肉排",n:100,2,0,gk cet6 ky toefl ielts,7171,4634,steak
steal,steal,sti:l,"n. a stolen base; an instance in which a base runner advances safely during the delivery of a pitch (without the help of a hit or walk or passed ball or wild pitch)
v. take without the owner's consent
v. move stealthily
v. steal a base",vt. 剽窃；偷偷地做；偷窃；vi. 窃取；偷偷地行动；[棒球]偷垒；n. [口]偷窃；便宜货；偷垒；[篮球]断球,n:2/v:98,3,1,zk gk cet4 cet6 ky toefl,1891,1784,steal
steam,steam,sti:m,"n. water at boiling temperature diffused in the atmosphere
v. emit steam
v. rise as vapor
v. get very angry","n. 蒸汽, 精力
a. 蒸汽的
vi. 蒸发, 行驶, 发怒
vt. 蒸, 煮, 散发",v:20/n:80,3,1,gk cet4 cet6 ky toefl ielts,2756,4139,steam
steel,steel,sti:l,"n. an alloy of iron with small amounts of carbon; widely used in construction; mechanical properties can be varied over a wide range
n. knife sharpener consisting of a ridged steel rod
v. get ready for something difficult or unpleasant
v. cover, plate, or edge with steel","n. 钢, 钢制品, 钢铁, 坚硬, 坚固
a. 钢的, 钢制的, 钢铁业的, 坚强的
vt. 使坚强, 钢化, 使冷酷",v:2/j:1/n:97,3,1,zk gk cet4 cet6 ky ielts,2282,2152,steel
steep,steep,sti:p,"n. a steep place (as on a hill)
v. devote (oneself) fully to
v. let sit in a liquid to extract a flavor or to cleanse
a. having a sharp inclination","n. 浸渍, 悬崖
a. 险峻的, 陡峭的, 急剧升降的, 夸大的
v. 浸, 泡",n:4/j:82/v:14,2,1,gk cet4 cet6 ky toefl ielts gre,3793,3973,steep
step,step,step,"n. the act of changing location by raising the foot and setting it down
n. support consisting of a place to rest the foot while ascending or descending a stairway
n. a short distance
n. a solid block joined to the beams in which the heel of a ship's mast or capstan is fixed","n. 步骤, 步, 步幅, 脚步声, 踏级, 步伐, 短距离, 步态, 手段, 等级
vt. 踏, 以步测量, 跨步, 使成阶梯状
vi. 跨步, 轻快地走, 跳舞, 踩, 踏上, 行走
[计] 步骤",v:38/n:62,5,1,zk gk cet4 cet6 ky,720,587,step
steward,steward,'stju:wәd,"n. someone who manages property or other affairs for someone else
n. the ship's officer who is in charge of provisions and dining arrangements
n. an attendant on an airplane","n. 管理人, 招待员, 管家, 乘务员
[经] 轮船, 飞机的服务员, (财务)管理员",v:4/n:96,2,0,gk cet4 cet6 ky ielts,4750,10595,steward
stewardess,stewardess,'stju:wәdis,n. a woman steward on an airplane,"n. 空中小姐, 女管理人, 女管家",n:100,0,0,gk cet4 cet6,22477,17096,stewardess
stick,stick,stik,"n. an implement consisting of a length of wood
n. a small thin branch of a tree
n. a lever used by a pilot to control the ailerons and elevators of an airplane
n. a rectangular quarter pound block of butter or margarine","n. 棍, 棒, 刺, 枯枝, 茎, 条状物
vt. 插进, 刺入, 钉住, 伸出, 粘贴, 停止
vi. 粘住, 停留, 坚持, 陷住, 伸出",n:27/v:73,3,1,zk gk cet4 cet6 ky toefl ielts,1545,1209,stick
still,still,stil,"n. a static photograph (especially one taken from a movie and used for advertising purposes)
n. an apparatus used for the distillation of liquids; consists of a vessel in which a substance is vaporized by heat and a condenser where the vapor is condensed
v. lessen the intensity of or calm
v. make motionless","n. 蒸馏室, 寂静, 剧照
v. 蒸馏, (使)平静, (使)静止
a. 静止的, 不动的, 静寂的, 不起泡的, 静物摄影的
adv. 仍然, 更, 静止地
conj. 然而, 但是",n:1/r:95/j:4,5,1,zk gk toefl,112,126,still
stocking,stocking,'stɒkiŋ,"n. close-fitting hosiery to cover the foot and leg; come in matched pairs (usually used in the plural)
n. the activity of supplying a stock of something","n. 长袜
[医] 马足水肿; 长袜",n:100,1,0,gk cet4 cet6 ky,6503,8355,stocking
stomach,stomach,'stʌmәk,"n. an enlarged and muscular saclike organ of the alimentary canal; the principal organ of digestion
n. an inclination or liking for things involving conflict or difficulty or unpleasantness
n. an appetite for food
v. bear to eat","n. 胃, 食欲, 欲望, 肚子
vt. 吃下, 忍受",n:100,3,1,zk gk cet4 cet6 ky toefl ielts gre,2661,2503,stomach
stomachache,stomachache,'stʌmәkeik,n. an ache localized in the stomach or abdominal region,"n. 胃痛, 肚子痛",n:100,0,0,gk,0,25221,stomachache
stone,stone,stәun,"n. building material consisting of a piece of rock hewn in a definite shape for a special purpose
n. an avoirdupois unit used to measure the weight of a human body; equal to 14 pounds
n. the hard inner (usually woody) layer of the pericarp of some fruits (as peaches or plums or cherries or olives) that contains the seed
n. United States jurist who was named chief justice of the United States Supreme Court in 1941 by Franklin D. Roosevelt (1872-1946)","n. 石头, 宝石, 果核, 纪念碑, 结石
vt. 投扔石子, 铺石头
a. 石的, 石制的, 完全的",v:2/n:98,4,1,zk gk cet4 cet6 ky ielts,888,1220,stone
stop,stop,stɒp,"n. the event of something ending
n. the act of stopping something
n. a brief stay in the course of a journey
n. a spot where something halts or pauses","n. 停止, 车站, 逗留, 填塞, 障碍, (风琴的)音栓
vi. 停止, 被塞住
vt. 塞住, 堵塞, 阻止, 击落, 停止, 终止, 断绝",n:11/v:89,5,1,zk gk,359,329,stop
stopwatch,stopwatch,'stɒpwɒtʃ,n. a timepiece that can be started or stopped for exact timing (as of a race),"n. 计时表, 码表",n:100,0,0,gk,34023,20916,stopwatch
storage,storage,'stɒ:ridʒ,"n. the act of storing something
n. the commercial enterprise of storing goods and materials
n. (computer science) the process of storing information in a computer memory or on a magnetic tape or disk","n. 存储器, 储藏, 保管, 库存, 仓库
[计] 存放处; 存储",n:100,2,0,gk cet4 cet6 ky toefl ielts,2703,2941,storage
store,store,stɒ:,"n. a supply of something available for future use
v. keep or lay aside for future use
v. find a place for and put away for storage","n. 商店, 贮藏, 仓库, 备用品, 存储器
vt. 储存, 贮藏, 供给
vi. 贮藏
a. 贮藏的, 现成的
[计] 存储器操作; 存储",v:16/n:84,4,1,zk gk ielts,1583,700,store
storm,storm,stɒ:m,"n. a violent weather condition with winds 64-72 knots (11 on the Beaufort scale) and precipitation and thunder and lightning
n. a violent commotion or disturbance
n. a direct and violent assault on a stronghold
v. take by force","n. 暴风雨, 骚动, 风波, 风暴, 猛攻
vi. 起风, 猛冲, 怒吼
vt. 猛攻",v:10/n:90,3,1,zk gk cet4 cet6 ky toefl,2871,1656,storm
story,story,'stɒ:ri,n. a piece of fiction that narrates a chain of related events,"n. 故事, 小说, 传奇, 描述, 阅历, 经历, 层",n:100,5,1,zk gk ielts,542,233,story
stout,stout,staut,"n. a strong very dark heavy-bodied ale made from pale malt and roasted unmalted barley and (often) caramel malt with hops
n. a garment size for a large or heavy person","a. 结实的；矮胖的；勇敢的；激烈的
n. 矮胖子；烈性啤酒",j:70/n:30,1,0,gk cet6 toefl gre,9786,13326,stout
stove,stove,stәuv,"n. a kitchen appliance used for cooking food
n. any heating apparatus","n. 火炉, 窑
vt. 用火炉烤
stave的过去式和过去分词",n:100,1,1,gk cet4 cet6 ky toefl,6609,4388,stove
straight,straight,streit,"n. a poker hand with 5 consecutive cards (regardless of suit)
s. successive (without a break)
a. having no deviations
a. (of hair) having no waves or curls","n. 直线, 直
a. 直的, 笔直的, 正直的, 直接的, 连续的, 整齐的
adv. 直接地, 立即, 不断地",n:2/r:62/j:36,4,1,gk toefl,1598,1634,straight
straightforward,straightforward,streit'fɒ:wәd,"s. free from ambiguity
s. pointed directly ahead","a. 笔直的, 率直的, 明确的, 简单的, 直接的",j:100,2,0,gk cet6 ky ielts gre,3491,6187,straightforward
strait,strait,streit,"n. a narrow channel of the sea joining two larger bodies of water
s. narrow","n. 海峡, 困境
a. 困难的, 窘迫的, 狭窄的",n:100,1,0,gk cet6 toefl ielts gre,8841,12059,strait
strange,strange,streindʒ,"a. being definitely out of the ordinary and unexpected; slightly odd or even a bit weird
s. not known before","a. 奇怪的, 陌生的, 生疏的, 不熟悉的, 不可思议的, 外行的, 外地的, 异乡的",j:100,4,1,zk gk,1397,1580,strange
stranger,stranger,'streindʒә,"n. anyone who does not belong in the environment in which they are found
n. an individual that one is not acquainted with","n. 陌生人, 门外汉
[法] 局外人, 非当事人, 第三者",n:100,2,1,zk gk cet4 cet6 ky,3225,2691,stranger
straw,straw,strɒ:,"n. plant fiber used e.g. for making baskets and hats or as fodder
n. a thin paper or plastic tube used to suck liquids into the mouth
v. cover or provide with or as if with straw
s. of a pale yellow color like straw; straw-colored","n. 稻草, 麦管, 吸管, 一文不值的东西, 草帽
a. 稻草的, 稻草色的, 琐碎的, 无价值的",n:100,2,0,gk cet4 cet6 ky,4301,4730,straw
strawberry,strawberry,'strɒ:bәri,"n. sweet fleshy red fruit
n. any of various low perennial herbs with many runners and bearing white flowers followed by edible fruits having many small achenes scattered on the surface of an enlarged red pulpy berry
n. a soft red birthmark",n. 草莓,n:100,2,0,zk gk cet4 cet6 ky,7842,5437,strawberry
stream,stream,stri:m,"n. a natural body of running water flowing on or under the earth
n. dominant course (suggestive of running water) of successive events or ideas
n. something that resembles a flowing stream in moving continuously
v. to extend, wave or float outward, as if in the wind","n. 水流, 小河, 流出, 趋势, 人潮
vt. 流出, 流动, 展开
vi. 流, 涌, 飘扬
[计] 流",v:17/n:83,3,1,zk gk cet4 cet6 ky gre,2467,2231,stream
street,street,stri:t,"n. a thoroughfare (usually including sidewalks) that is lined with buildings
n. the part of a thoroughfare between the sidewalks; the part of the thoroughfare on which vehicles travel
n. the streets of a city viewed as a depressed environment in which there is poverty and crime and prostitution and dereliction
n. a situation offering opportunities","n. 街道, 马路, 街区
a. 街道的",n:100,5,1,zk gk ielts,380,554,street
strength,strength,streŋθ,"n. the property of being physically or mentally strong
n. the condition of financial success","n. 力量, 实力, 强度, 浓度, 人数, 抵抗力
[化] 强度",n:100,4,1,gk cet4 cet6 ky toefl ielts,1194,1275,strength
strengthen,strengthen,'streŋθәn,"v. make strong or stronger
v. gain strength","vt. 加强, 变坚固
vi. 变强, 股票上涨",v:100,3,0,gk cet4 cet6 ky toefl ielts,2706,3074,strengthen
stress,stress,stres,"n. the relative prominence of a syllable or musical note (especially with regard to stress or pitch)
n. special emphasis attached to something
n. difficulty that causes worry or emotional tension
n. (physics) force that produces strain on a physical body","n. 压力, 紧迫, 强调, 重音, 重点, 应力
vt. 加压力于, 着重, 重读",v:34/n:66,4,1,gk cet4 cet6 ky toefl ielts,2093,1731,stress
strict,strict,strikt,"s rigidly accurate; allowing no deviation from a standard
s (of rules) stringently enforced
a characterized by strictness, severity, or restraint
s incapable of compromise or flexibility
s severe and unremitting in making demands","a. 严厉的, 绝对的, 详尽的, 严格的, 精确的
[法] 严格的, 精确的, 绝对的",j:100,3,1,zk gk cet4 cet6 ky toefl,3091,3553,strict
strike,strike,straik,"n. a group's refusal to work in protest against low pay or bad work conditions
n. an attack that is intended to seize or inflict damage on or destroy an objective
n. a score in tenpins: knocking down all ten with the first ball
n. (baseball) a pitch that the batter swings at and misses, or that the batter hits into foul territory, or that the batter does not swing at but the umpire judges to be in the area over home plate and between the batter's knees and shoulders","n. 罢工, 打击, 殴打
vt. 打, 撞击, 冲击, 侵袭, 取消, 结算, 打掉, 罢工, 刺透, 使生根, 遇见
vi. 打, 打击, 抓, 罢工, 搏动, 触礁, 敲, 响, 穿透, 打动",n:30/v:70,4,1,gk cet4 cet6 ky toefl ielts,1294,1145,strike
string,string,striŋ,"n. a lightweight cord
n. a tightly stretched cord of wire or gut, which makes sound when plucked, struck, or bowed
n. a sequentially ordered set of things or events or ideas in which each successive member is related to the preceding
n. a linear sequence of symbols (characters or words or phrases)","n. 线, 细绳, 一串, 字符串
vt. 串起, 成串, 收紧, 缚, 扎
vi. 成一串
[计] 字符串, 串",v:17/n:83,3,1,gk cet4 cet6 ky toefl ielts,2170,2671,string
strong,strong,strɒŋ,"a. having strength or power greater than average or expected
s. not faint or feeble
s. of verbs not having standard (or regular) inflection
s. freshly made or left","a. 强壮的, 坚固的, 坚强的, 强烈的, 有力的, 优良的
adv. 强劲地, 有力地, 猛烈地",r:1/j:99,5,1,zk gk,506,458,strong
struggle,struggle,'strʌgl,"n. an energetic attempt to achieve something
n. strenuous effort
v. to exert strenuous effort against opposition","n. 斗争, 努力, 奋斗
vi. 努力, 奋斗, 挣扎",n:48/v:52,4,1,gk cet4 cet6 ky toefl,2047,1669,struggle
stubborn,stubborn,'stʌbәn,a. tenaciously unwilling or marked by tenacious unwillingness to yield,"a. 顽固的, 不听话的, 执拗的, 棘手的",j:100,2,0,gk cet6 ky toefl ielts gre,9547,7548,stubborn
student,student,'stju:dnt,n. a learner who is enrolled in an educational institution,"n. 学生, 研究者, 学者",n:100,5,1,zk gk ielts,432,157,student
studio,studio,'stju:diәu,"n. workplace for the teaching or practice of an art
n. workplace consisting of a room or building where movies or television shows or radio programs are produced and recorded","n. 工作室, 画室, 演播室, 电影制片厂",n:100,4,1,gk cet6 ky toefl ielts gre,1191,1515,studio
study,study,'stʌdi,"n. applying the mind to learning and understanding a subject (especially by reading)
n. a state of deep mental absorption
n. a room used for reading and writing and studying
n. someone who memorizes quickly and easily (as the lines for a part in a play)","n. 学习, 研究, 学科, 论文, 求学, 书房, 试作
vt. 学习, 读书, 研究, 考虑, 计划
vi. 学习, 思索",v:21/n:79,5,1,zk gk ielts,270,240,study
stupid,stupid,'stju:pid,"n. a person who is not very bright
a. lacking or marked by lack of intellectual acuity","a. 愚蠢的, 麻木的",j:100,3,1,zk gk cet4 cet6 ky,2558,2704,stupid
style,style,stail,"n. a particular kind (as to appearance)
n. (botany) the narrow elongated part of the pistil between the ovary and the stigma
n. editorial directions to be followed in spelling and punctuation and capitalization and typographical display
n. a slender bristlelike or tubular process","n. 风格, 时尚, 文体, 风度, 字体, 类型
vt. 称呼, (根据新款式)设计, 使合潮流
n. 风格, 样式
[计] 风格, 样式",v:3/n:97,4,1,gk cet4 cet6 ky ielts,790,968,style
subject,subject,'sʌbdʒekt,"n. the subject matter of a conversation or discussion
n. something (a person or object or scene) selected by an artist or photographer for graphic representation
n. (grammar) one of the two main constituents of a sentence; the grammatical constituent about which something is predicated
n. a person who is subjected to experimental or other observational procedures; someone who is an object of investigation","n. 科目, 主题, 臣民, 主语, 题目, (事物的)经受者, 学科, 受治疗者, 原因, 理由
a. 服从的, 易患...的, 隶属的, 受支配的
adv. 在...条件下
vt. 使隶属, 使受到
[计] 主题, 主体",i:10/v:5/j:3/n:82,4,1,gk ielts gre,358,670,subject
subjective,subjective,sәb'dʒektiv,a. taking place within the mind and modified by individual bias,"a. 主观的, 个人的
[医] 主观的, 自觉的",j:100,1,0,gk cet6 ky ielts gre,5186,5947,subjective
submit,submit,sәb'mit,"v. refer for judgment or consideration
v. put before
v. yield to the control of another
v. yield to another's wish or opinion","vt. 使服从, 使受到, 委托, 提交, 认为
vi. 屈服, 服从",v:100,2,0,gk cet4 cet6 ky toefl ielts gre,2259,3184,submit
subscribe,subscribe,sәb'skraib,"v. offer to buy, as of stocks and shares
v. adopt as a belief
v. receive or obtain regularly","vt. 捐献, 签署
vi. 赞成, 同意, 捐款, 预订, 认购
[计] 订阅",v:100,1,0,gk cet6 ky ielts gre,6864,7979,subscribe
substitute,substitute,'sʌbstitju:t,"n. a person or thing that takes or can take the place of another
n. an athlete who plays only when a starter on the team is replaced
v. put in the place of another; switch seemingly equivalent items
v. be a substitute","n. 代理, 代理人, 代用品, 代替者, 代替物
vt. 代替
vi. 替代, 取代, 代用
a. 代替的, 代用的, 代用品的
[计] 置换; 替代",n:42/j:13/v:45,3,1,gk cet4 cet6 ky toefl ielts gre,4548,5613,substitute
subtraction,subtraction,sәb'trækʃәn,"n. an arithmetic operation in which the difference between two numbers is calculated
n. the act of subtracting (removing a part from the whole)","n. 减少
[计] 减法",n:100,0,0,gk toefl,21520,21980,subtraction
succeed,succeed,sәk'si:d,"v. attain success or reach a desired goal
v. be the successor (of)","vi. 成功, 继承, 继续
vt. 继承, 接替",v:100,4,1,zk gk cet4 cet6 ky toefl,1741,2018,succeed
success,success,sәk'ses,"n. an event that accomplishes its intended purpose
n. an attainment that is successful
n. a state of prosperity or fame","n. 成功, 成就, 胜利",n:100,4,1,zk gk cet4 cet6 ky,705,777,success
successful,successful,sәk'sesful,a. having succeeded or being marked by a favorable outcome,"a. 成功的, 一帆风顺的, 顺利的
[经] 成功的",j:100,4,1,zk gk cet4 cet6 ky toefl ielts,915,1101,successful
such,such,sʌtʃ,"s. of so extreme a degree or extent
r. to so extreme a degree","a. 如此的, 这样的",i:37/d:63,5,1,zk gk,108,183,such
suck,suck,sʌk,"v. draw into the mouth by creating a practical vacuum in the mouth
v. draw something in by or as if by a vacuum
v. attract by using an inexorable force, inducement, etc.
v. be inadequate or objectionable","vt. 吸, 吮, 吸入, 吮吸, 吸收
vi. 吸, 吸奶
n. 吸, 吸入, 吮吸",n:3/v:97,2,1,gk cet4 cet6 ky ielts,4142,3618,suck
sudden,sudden,'sʌdn,a. happening without warning or in a short space of time,"n. 突然, 忽然
a. 突然的, 意外的, 快速的",r:32/j:68,3,1,zk gk cet4 cet6 ky,2250,2868,sudden
suffer,suffer,'sʌfә,"v. undergo or be subjected to
v. undergo (as of injuries and illnesses)
v. experience (emotional) pain
v. get worse","vt. 遭受, 经历, 忍受
vi. 受痛苦, 受损害",v:100,4,1,gk cet4 cet6 ky toefl,821,1099,suffer
suffering,suffering,'sʌfәriŋ,"n. misery resulting from affliction
n. feelings of mental or physical pain
s. troubled by pain or loss","n. 苦难, 受苦",j:17/n:83,2,1,gk,4466,3933,suffering
sugar,sugar,'ʃugә,"n. a white crystalline carbohydrate used as a sweetener and preservative
v. sweeten with sugar","n. 糖, 糖块, 甜言蜜语
vt. 加糖于, 使甜蜜, 粉饰, 美化
vi. 制成糖",v:1/n:99,3,1,zk gk toefl ielts,2294,1591,sugar
suggest,suggest,sәg'dʒest,"v. imply as a possibility
v. call to mind","vt. 提议, 建议, 促成, 暗示, 启发, 使人想起
[法] 建议, 提出, 提议",v:100,5,1,zk gk toefl,314,430,suggest
suggestion,suggestion,sә'dʒestʃәn,"n. an idea that is suggested
n. a proposal offered for acceptance or rejection
n. persuasion formulated as a suggestion
n. the sequential mental process in which one thought leads to another by association","n. 提议, 意见
[医] 暗示",n:100,3,1,zk gk ielts,1775,2507,suggestion
suit,suit,sju:t. su:t,"n. a set of garments (usually including a jacket and trousers or skirt) for outerwear all of the same fabric and color
n. (slang) a businessman dressed in a business suit
n. a petition or appeal made to a person of superior status or rank
n. playing card in any of four sets of 13 cards in a pack; each set has its own symbol and color","n. 套装, 诉讼, 请求, 起诉, 套, 组
vt. 适合, 使适应
vi. 合适, 相称",v:26/n:74,4,1,gk cet4 cet6 ky toefl ielts,2119,1411,suit
suitable,suitable,'sju:tәbl,s. meant or adapted for an occasion or use,"a. 适当的, 相配的
[法] 合适的, 适宜的, 适当的",j:100,3,1,gk cet4 cet6 ky toefl ielts,1541,4756,suitable
suitcase,suitcase,'sju:tkeis,n a portable rectangular container for carrying clothes,n. 手提箱,n:100,2,1,gk cet6 toefl ielts gre,6625,5600,suitcase
suite,suite,swi:t,"n. a musical composition of several movements only loosely connected
n. apartment consisting of a series of connected rooms used as a living unit (as in a hotel)
n. a matching set of furniture","n. 随员, 套房, (一)组, (一)套, 组曲, 继之而来的事
[电] 程序组",n:100,2,0,gk ky toefl ielts,4292,4726,suite
summary,summary,'sʌmәri,n. a brief statement that presents the main points in a concise form,"n. 摘要, 概要
a. 摘要的, 简略的
[计] 摘要; 概要",n:100,2,1,gk cet4 cet6 ky ielts gre,2708,4917,summary
summer,summer,'sʌmә,"n. the warmest season of the year; in the northern hemisphere it extends from the summer solstice to the autumnal equinox
n. the period of finest development, happiness, or beauty
v. spend the summer","n. 夏季, 全盛时期
vi. 避暑, 过夏天
[计] 加法器",v:1/n:99,4,1,zk gk ielts,858,619,summer
sun,sun,sʌn,"n. the star that is the source of light and heat for the planets in the solar system
n. a person considered as a source of warmth or energy or glory etc
n. any star around which a planetary system revolves
v. expose one's body to the sun","n. 太阳, 日, 日光, 阳光
vt. 晒
vi. 晒太阳",v:1/n:99,2,1,zk gk,872,1233,sun
sunburnt,sunburnt,'sʌnb\\:nt,s suffering from overexposure to direct sunlight,"a. 晒黑的, 有晒斑的, 日炙的",j:100,0,0,gk,34021,32133,sunburnt
Sunday,sunday,'sʌndi,"n. first day of the week; observed as a day of rest and worship by most Christians
n. United States evangelist (1862-1935)","n. 星期日
a. 星期日的, 业余的
vi. 度星期日",,4,1,zk gk ielts,988,0,sunday
sunglasses,sunglasses,,n. spectacles that are darkened or polarized to protect the eyes from the glare of the sun,"n. 太阳镜, 墨镜, 太阳眼镜",n:100,1,0,gk toefl,0,7032,sunglasses
sunlight,sunlight,'sʌnlait,n. the rays of the sun,"n. 日光
[医] 日光, 太阳光",n:100,2,0,gk cet4 cet6 toefl ielts,4796,3895,sunlight
sunny,sunny,'sʌni,s bright and pleasant; promoting a feeling of cheer,"a. 阳光充足的, 乐观的, 快乐的, 像太阳的",j:100,2,0,zk gk,5585,4866,sunny
sunrise,sunrise,'sʌnraiz,"n. atmospheric phenomena accompanying the daily appearance of the sun
n. the daily event of the sun rising above the horizon
s. of an industry or technology; new and developing","n. 日出, 黎明, 拂晓",n:100,1,0,gk cet4 cet6 ky toefl,11920,7313,sunrise
sunset,sunset,'sʌnset,"n. the time in the evening at which the sun begins to fall below the horizon
n. atmospheric phenomena accompanying the daily disappearance of the sun
n. the daily event of the sun sinking below the horizon
s. of a declining industry or technology","n. 日落, 晚年",n:100,2,0,gk cet4 cet6 ky toefl,7738,5739,sunset
sunshine,sunshine,'sʌnʃain,"n the rays of the sun
n moderate weather; suitable for outdoor activities
n the quality of being cheerful and dispelling gloom","n. 阳光, 光明, 晴天",n:100,2,0,gk cet4 cet6 ky toefl,4726,7752,sunshine
super,super,'sju:pә,"s. including more than a specified category
s. extremely large","n. 跑龙套角色, 冗员, 特级品, 特大号, 管理人
a. 上等的, 特大的, 超级的, 极好的, 十分的, 过分的
adv. 非常",j:98/n:2,3,0,gk cet4 cet6 ky,4154,2651,super
superb,superb,sju'pә:b,s. surpassingly good,"a. 极度的, 华丽的, 极好的",j:100,3,0,gk cet6 ky toefl ielts gre,3385,6911,superb
superior,superior,sju:'piәriә,"n. one of greater rank or station or quality
n. the head of a religious community
n. a town in northwest Wisconsin on Lake Superior across from Duluth
a. of high or superior quality or performance","n. 长者, 占优势的人, 上级
a. 上级的, 出众的, 高傲的",j:83/n:17,3,1,gk cet4 cet6 ky toefl ielts,3513,3410,superior
superman,superman,'sju:pәmæn,"n a person with great powers and abilities
n street name for lysergic acid diethylamide","n. 具有超人能力的人, 超人",n:100,0,0,gk,22870,20120,superman
supermarket,supermarket,'sju:pәmɑ:kit,n. a large self-service grocery store selling groceries and dairy products and household goods,"n. 超级市场
[经] 超级市场, 自助售货商店",n:100,2,1,zk gk ielts,4087,4682,supermarket
supper,supper,'sʌpә,"n. a light evening meal; served in early evening if dinner is at midday or served late in the evening at bedtime
n. a social gathering where a light evening meal is served",n. 晚餐,n:100,2,0,zk gk,4153,5514,supper
supply,supply,sә'plai,"n. an amount of something available for use
n. offering goods and services for sale
v. give something useful or necessary to","n. 补给, 供给, 供应品
vt. 补给, 供给, 提供, 补充
vi. 替代",v:35/n:65,4,1,zk gk cet4 cet6 ky ielts,1048,1494,supply
support,support,sә'pɒ:t,"n. the activity of providing for or maintaining by supplying with money or necessities
n. aiding the cause or policy or interests of
n. something providing immaterial assistance to a person or cause or interest
n. a military operation (often involving new supplies of men and materiel) to strengthen a military force or aid in the performance of its mission","n. 支持, 支撑, 援助, 供养, 支撑物
vt. 支援, 支撑, 帮助, 支持, 忍受, 供养, 证实
[计] 后援; 支持",n:48/v:52,5,1,gk cet4 cet6 ky ielts,481,524,support
suppose,suppose,sә'pәuz,v. express a supposition,"vt. 推想, 假设, 以为, 想像, 假定
vi. 料想",v:100,4,1,zk gk cet4 cet6 ky toefl,840,2161,suppose
supreme,supreme,sju'pri:m,"s. final or last in your life or progress
s. highest in excellence or achievement
s. greatest or maximal in degree; extreme","n. 至高, 霸权
a. 至高的, 终极的, 极端的, 最大的",j:100,1,0,gk cet4 cet6 ky toefl ielts gre,2550,1618,supreme
sure,sure,ʃuә,"s. physically secure or dependable
s. (of persons) worthy of trust or confidence
s. infallible or unfailing
s. certain not to fail","a. 确信, 必然的, 必定的
adv. 当然, 确实地, 无疑地",r:12/j:88,5,1,zk gk,386,347,sure
surface,surface,'sә:fis,"n. the outer boundary of an artifact or a material layer constituting or resembling such a boundary
n. the extended two-dimensional outer boundary of a three-dimensional object
n. the outermost level of the land or sea
n. a superficial aspect as opposed to the real nature of something","n. 面, 表面, 水面, 外表, 平面
a. 表面的, 外观的, 肤浅的, 水面上的
vt. 使成平面, 使浮出水面
vi. 浮出水面, 呈现, 在地面上工作",v:7/n:93,4,1,zk gk toefl ielts,971,1015,surface
surgeon,surgeon,'sә:dʒәn,n. a physician who specializes in surgery,"n. 外科医生, 军医, 船医
[医] 外科医师",n:100,2,0,gk cet4 cet6 ky toefl ielts gre,3940,3413,surgeon
surplus,surplus,'sә:plәs,"n a quantity much larger than is needed
s more than is needed, desired, or required","n. 剩余, 过剩, 盈余
a. 过剩的, 剩余的",j:28/n:72,3,0,gk cet4 cet6 ky toefl ielts gre,4815,6243,surplus
surprise,surprise,sә'praiz,"n. the astonishment you feel when something totally unexpected happens to you
n. a sudden unexpected event
n. the act of surprising someone
v. cause to be surprised","n. 惊奇, 奇袭, 诧异
vt. 使惊奇, 撞见, 奇袭",v:32/n:68,5,1,zk gk ielts,1807,1624,surprise
surround,surround,sә'raund,v. extend on all sides of simultaneously; encircle,"vt. 包围, 环绕, 围绕
n. 围绕物",n:2/v:98,4,1,gk cet4 cet6 ky,1987,1599,surround
surrounding,surrounding,sә'raundiŋ,"v extend on all sides of simultaneously; encircle
v envelop completely
v surround so as to force to give up
v surround with a wall in order to fortify
s closely encircling","n. 环境
a. 周围的",j:100,0,1,gk,3969,4398,surrounding
survival,survival,sә'vaivәl,"n. a state of surviving; remaining alive
n. a natural process resulting in the evolution of organisms best adapted to the environment
n. something that survives","n. 生存, 残存, 幸存者
a. 赖以生存的",n:100,0,0,gk cet4 cet6 ky toefl ielts,2584,2656,survival
survive,survive,sә'vaiv,"v. continue to live through hardship or adversity
v. continue in existence after (an adversity, etc.)","vt. 比...活得长, 生存, 生还, 幸免于
vi. 活下来, 幸存",v:100,4,1,gk cet4 cet6 ky toefl gre,1325,1342,survive
suspect,suspect,sә'spekt,"n. someone who is under suspicion
v. imagine to be the case or true or probable
v. hold in suspicion; believe to be guilty","n. 被怀疑者, 嫌疑犯
a. 令人怀疑的, 不可信的, 可疑的
v. 怀疑, 猜想",n:38/j:2/v:60,4,1,gk cet4 cet6 ky toefl ielts gre,2155,2100,suspect
suspension,suspension,sә'spenʃәn,"n. a mixture in which fine particles are suspended in a fluid where they are supported by buoyancy
n. an interruption in the intensity or amount of something
n. a mechanical system of springs or shock absorbers connecting the wheels and axles to the chassis of a wheeled vehicle
n. the act of suspending something (hanging it from above so it moves freely)","n. 悬挂, 暂停, 中止
[化] 悬浮; 悬浮体; 悬浮液",n:100,2,0,gk cet6 ielts,4354,5034,suspension
swallow,swallow,'swɒlәu,"n. a small amount of liquid food
n. the act of swallowing
n. small long-winged songbird noted for swift graceful flight and the regularity of its migrations
v. pass through the esophagus as part of eating or drinking","n. 燕子, 吞咽, 喉
vt. 咽, 淹没, 吞没, 耗尽, 轻信, 忍受, 抑制
vi. 吞下, 咽下",n:12/v:88,2,1,gk cet4 cet6 ky toefl ielts gre,3290,3535,swallow
swap,swap,swɒp,"v. move (a piece of a program) into memory, in computer science","n. 以货易货
v. 交换, 替换, 交易
[计] 交换",n:29/v:71,2,0,gk,5955,8106,swap
swear,swear,swєә,"v. promise solemnly; take an oath
v. make a deposition; declare under oath","vt. 发誓, 咒骂, 使宣誓
vi. 发誓, 诅咒
n. 诅咒, 誓言",v:100,2,1,gk cet4 cet6 ky ielts gre,3224,3330,swear
sweat,sweat,swet,"n. condensation of moisture on a cold surface
v. excrete perspiration through the pores in the skin","n. 汗, 汗水, 水珠, 焦急
vi. 出汗, 渗出, 冒出水气, 结水珠, 烦恼, 懊恼
vt. 使出汗, 流出, 榨出, 使汗流浃背",v:36/n:64,2,1,gk cet4 cet6 ky toefl,5134,3696,sweat
sweater,sweater,'swetә,n. a crocheted or knitted garment covering the upper part of the body,"n. 毛衣, 毛线衫, 运动衫, 出汗者
[化] 发汗器",n:100,2,1,zk gk cet4 cet6 ky ielts,6680,4789,sweater
sweep,sweep,swi:p,"n. a wide scope
n. a long oar used in an open boat
n. a movement in an arc
v. move with sweeping, effortless, gliding motions","n. 扫除, 打扫, 肃清, 视野, 范围, 全胜
vt. 扫除, 掸去, 猛拉, 扫荡, 肃清, 冲走, 刮起, 环视, 掠过, 扫射
vi. 扫, 打扫, 袭击, 席卷, 扫视, 掠过",n:19/v:81,3,1,zk gk cet4 cet6 ky toefl ielts,2636,2639,sweep
sweet,sweet,swi:t,"n. English phonetician; one of the founders of modern phonetics (1845-1912)
n. a food rich in sugar
n. the taste experience when sugar dissolves in the mouth
a. having or denoting the characteristic taste of sugar","n. 甜蜜, 糖果, 情人
a. 甜的, 芳香的, 悦耳的, 漂亮的, 和蔼的, 不咸的, 灵活的, 轻快的",j:94/n:6,3,1,zk gk,2378,1567,sweet
swell,swell,swel,"n. the undulating movement of the surface of the open sea
n. a rounded elevation (especially one on an ocean floor)
n. a crescendo followed by a decrescendo
v. increase in size, magnitude, number, or intensity","n. 增大, 隆起的部分, 巨浪, 肿胀
a. 优秀的, 一流的
vi. 增大, 膨胀, 肿胀, 增强, 骄傲
vt. 使膨胀, 使增大, 使上涨, 使骄傲",n:20/j:6/v:74,2,1,gk cet4 cet6 ky toefl ielts gre,5534,4867,swell
swift,swift,swift,"n. United States meat-packer who began the use of refrigerated railroad cars (1839-1903)
n. an English satirist born in Ireland (1667-1745)
n. a small bird that resembles a swallow and is noted for its rapid flight","n. 褐雨燕, 快速爬行的小蜥蜴, 蝙蝠蛾, 大滚筒
a. 迅速的, 快的, 敏捷的, 立刻的
adv. 迅速地, 敏捷地
[计] Swift 程序设计语言，用于开发 Mac OS X / iOS 程序",j:96/n:4,2,0,gk cet4 cet6 ky toefl ielts gre,5978,6627,swift
swim,swim,swim,"v. travel through water
v. be dizzy or giddy
v. be covered with or submerged in a liquid
v. move as if gliding through water","n. 游泳, 漂浮, 潮流, 眩晕
vi. 游泳, 游, 漂浮, 浸, 覆盖, 充溢, 大量拥有, 旋转, 眩晕
vt. 游过, 使浮起",n:17/v:83,3,1,zk gk,3038,2848,swim
swimming,swimming,'swimiŋ,n. the act of swimming,"n. 游泳, 眩晕",n:100,2,1,zk gk ielts,3814,4441,swimming
swing,swing,swiŋ,"n. a state of steady vigorous action that is characteristic of an activity
n. mechanical device used as a plaything to support someone swinging back and forth
n. a sweeping blow or stroke
n. changing location by moving back and forth","n. 摇摆, 振幅, 音律, 节奏, 涨落, 秋千, 旋转, 行动自由
vi. 摇摆, 悬挂, 旋转, 大摇大摆地走, 转向
vt. 挥舞, 使旋转, 使转向, 悬挂, 吊运
a. 旋转的, 悬挂的, 强节奏爵士音乐的",n:40/v:60,3,1,zk gk cet4 cet6 ky toefl ielts gre,2479,2453,swing
Swiss,swiss,swis,"n. the natives or inhabitants of Switzerland
a. of or relating to Switzerland or its people or culture","n. 瑞士人, 瑞士腔调
a. 瑞士的, 瑞士风格的",j:100,0,0,gk cet4 cet6,41007,5727,swiss
switch,switch,switʃ,"n. control consisting of a mechanical or electrical or electronic device for making or breaking or changing the connections in a circuit
n. hairpiece consisting of a tress of false hair; used by women to give shape to a coiffure
n. railroad track having two movable rails and necessary connections; used to turn a train from one track to another or to store rolling stock
n. a flexible implement used as an instrument of punishment","n. 开关, 电闸, 转换, 软枝, 鞭子, 道岔
vt. 转变, 切换, 摆动, 转换, 使转轨
vi. 转换, 变换, 摆动
[计] 交换机；开关; 翻转; 转移",n:36/v:64,3,1,gk cet4 cet6 ky toefl ielts,1952,2604,switch
Switzerland,switzerland,'switsәlәnd,n. a landlocked federal republic in central Europe,n. 瑞士,,0,0,gk,4335,0,switzerland
sword,sword,sɒ:d,n. a cutting or thrusting weapon that has a long metal blade and a hilt with a hand guard,"n. 刀, 剑, 战争, 武力, 剑状物",n:100,2,0,gk cet4 cet6 ky,3675,4105,sword
symbol,symbol,'simbl,"n. an arbitrary sign (written or printed) that has acquired a conventional significance
n. something visible that by association or convention represents something else that is invisible","n. 符号, 象征, 代号, 信条
[计] 符号; 码元",n:100,3,1,zk gk cet4 cet6 ky toefl,2635,2340,symbol
sympathy,sympathy,'simpәθi,"n. an inclination to support or be loyal to or to agree with an opinion
n. sharing the feelings of others (especially feelings of sorrow or anguish)
n. a relation of affinity or harmony between people; whatever affects one correspondingly affects the other","n. 同情, 赞同, 怜悯, 慰问, 吊唁
[医] 交感[作用], 同感[作用], 感应, 同情",n:100,3,1,gk cet4 cet6 ky toefl,3089,4270,sympathy
symphony,symphony,'simfәni,n. a long and complex sonata for symphony orchestra,"n. 交响乐, 交响曲",n:100,2,0,gk cet6 ky toefl ielts gre,5817,7665,symphony
symptom,symptom,'simptәm,"n. (medicine) any sensation or change in bodily function that is experienced by a patient and is associated with a particular disease
n. anything that accompanies X and is regarded as an indication of X's existence","n. 症状, 征候, 征兆
[医] 症状",n:100,3,0,gk cet6 ky toefl ielts,2342,2249,symptom
system,system,'sistәm,"n. instrumentality that combines interrelated interacting artifacts designed to work as a coherent entity
n. a group of independent but interrelated elements comprising a unified whole
n. (physical chemistry) a sample of matter in which substances in different phases are in equilibrium
n. a complex of methods or rules governing behavior","n. 系统, 体系, 制度, 方式, 秩序, 分类原则
[计] 系统; 体制; 体系",n:100,5,1,gk cet4 cet6 ky toefl ielts,136,191,system
systematic,systematic,.sisti'mætik,a. characterized by order and planning,"a. 有系统的, 分类上的, 体系的
[医] 系统的, 系的, 分类的",j:100,2,0,gk cet4 cet6 ky toefl ielts,4045,5408,systematic
table,table,'teibl,"n. a set of data arranged in rows and columns
n. a piece of furniture having a smooth flat top that is usually supported by one or more vertical legs
n. a piece of furniture with tableware for a meal laid out on it
n. a company of people assembled at a table for a meal or game","n. 桌子, 餐桌, 工作台, 铭文, 表格, 表, 高原, 平地层
vt. 搁置, 嵌合, 制表, 把...列入议事日程
[计] 表格, 模拟运算表",v:1/n:99,4,1,zk gk ielts gre,410,539,table
tail,tail,teil,"n. the posterior part of the body of a vertebrate especially when elongated and extending beyond the trunk or main part of the body
n. any projection that resembles the tail of an animal
n. a spy employed to follow someone and report their movements
n. (usually plural) the reverse side of a coin that does not bear the representation of a person's head","n. 尾部, 后部, 辫子, 随员, 特务, 燕尾服, 踪迹, 限定继承(权)
a. 在后面的, 从后面而来的, 限定继承的, 尾部的, 后部的
vt. 为...装尾, 附于其后, 尾随, 使搭牢, 跟踪, 监视
vi. 跟踪, 船尾搁浅",v:4/n:96,3,1,zk gk cet4 cet6 ky toefl,2604,2985,tail
tailor,tailor,'teilә,"n. a person whose occupation is making and altering garments
v. adjust to a specific need or market","n. 裁缝, 成衣匠
vt. 缝制, 制作, 使适应
vi. 做裁缝",n:29/v:71,2,0,gk cet4 cet6 ky toefl,8827,7806,tailor
take,take,teik,"n. the act of photographing a scene or part of a scene without interruption
v. carry out
v. require (time or space)
v. get into one's hands, take physically","vt. 拿, 取, 抓, 带领, 获得, 就座, 接受, 吃, 吸引, 采取, 乘, 需要, 花费
vi. 吃掉对方棋子, 抓住, 起作用, 依法获得财产
n. 拿, 取, 收成, 奏效",n:1/v:99,1,1,zk gk ielts,51,63,take
tale,tale,teil,"n a message that tells the particulars of an act or occurrence or course of events; presented in writing or drama or cinema or as a radio or television program
n a trivial lie","n. 故事, 谎言, 谣言, 陈述, 叙述
[法] 虚语, 诽语, 谣言",n:100,3,0,zk gk cet4 cet6 ky toefl,2493,2239,tale
talent,talent,'tælәnt,n. a person who possesses unusual innate ability in some field or activity,"n. 天才, 才能, 有才干的人, 天资",n:100,4,0,gk cet4 cet6 ky toefl,2694,2030,talent
talk,talk,tɒ:k,"n. an exchange of ideas via conversation
n. discussion; (`talk about' is a less formal alternative for `discussion of')
n. the act of giving a talk to an audience
n. idle gossip or rumor","n. 谈话, 交谈, 会谈, 讲话, 演讲, 空谈, 谣言, 方言, 语言
vi. 讲话, 演讲, 说话, 谈话, 交流, 闲聊, 说闲话
vt. 讲, 说, 讨论, 谈论
[计] 对话类, 聊天",n:16/v:84,5,1,zk gk,289,168,talk
tall,tall,tɒ:l,"n. a garment size for a tall person
a. great in vertical dimension; high in stature
s. impressively difficult","a. 高的, 长的, 夸大的
adv. 夸大地",j:100,3,1,zk gk,1757,1524,tall
tank,tank,tæŋk,"n. an enclosed armored military vehicle; has a cannon and moves on caterpillar treads
n. a large (usually metallic) vessel for holding gases or liquids
n. as much as a tank will hold
v. store in a tank by causing (something) to flow into it","n. 槽, 箱, 柜, 罐, 池塘, 储水池, 坦克
vt. 储于箱中",v:3/n:97,3,1,gk cet4 cet6 ky toefl,1897,1874,tank
tanker,tanker,'tæŋkә,n. a soldier who drives a tank,"n. 坦克手, 油船, 空中加油飞机, 运油飞机, 油槽/水槽汽车
[化] 槽车; 油槽船",n:100,2,0,gk cet6 ky,8021,9275,tanker
tap,tap,'tæp,"n. a small metal plate that attaches to the toe or heel of a shoe (as in tap dancing)
n. a tool for cutting female (internal) screw threads
n. a plug for a bunghole in a cask
n. a light touch or stroke","n. 轻打, 水龙头
vt. 轻打, 轻敲, 敲打出, 选择, 装上嘴子, 使流出, 开发, 分接, 向...乞讨
vi. 轻叩, 轻拍, 啪塔啪塔地走
[计] 接头",n:23/v:77,3,1,gk cet4 cet6 ky toefl ielts,3299,2843,tap
tape,tape,teip,"n. a long thin piece of cloth or paper as used for binding or fastening
n. a recording made on magnetic tape
n. the finishing line for a foot race
n. measuring instrument consisting of a narrow strip (cloth or metal) marked in inches or centimeters and used for measuring lengths","n. 带子, 录音带, 磁带, 窄带, 卷尺
vt. 以带子绑起, 测量, 录音
[计] 带",v:15/n:85,4,1,zk gk cet4 cet6 ky toefl ielts,1561,1490,tape
target,target,'tɑ:git,"n. a reference point to shoot at
n. the location of the target that is to be hit
n. sports equipment consisting of an object set up for a marksman or archer to aim at
v. intend (something) to move towards a certain goal","n. 目标, 靶子, 指标
vt. 对准, 订指标",v:27/n:73,4,1,gk cet4 cet6 ky toefl ielts,1095,1281,target
task,task,tɑ:sk,v. assign a task to,"n. 工作, 任务, 作业, 困难的工作
vt. 派给...工作, 使辛劳
[计] 任务",v:1/n:99,4,1,zk gk cet4 cet6 ky,779,1047,task
taste,taste,teist,"n. the sensation that results when taste buds in the tongue and throat convey information about the chemical composition of a soluble stimulus
n. delicate discrimination (especially of aesthetic values)
n. a brief experience of something
n. a small amount eaten or drunk","n. 味道, 品味, 味觉, 感受, 体验, 爱好, 审美, 少量
vt. 尝, 察觉...的味道, 体会
vi. 品尝, 察觉味道, 有某种味道",v:42/n:58,4,1,zk gk cet4 cet6 ky toefl,2077,2031,taste
tasteless,tasteless,'teistlis,"a. lacking flavor
a. lacking aesthetic or social taste","a. 没味道的, 无鉴赏力的",j:100,0,0,gk toefl,18938,17733,tasteless
tasty,tasty,'teisti,a. pleasing to the sense of taste,"a. 好吃的, 可口的",j:100,1,0,gk toefl gre,9957,8471,tasty
tax,tax,tæks,"n. charge against a citizen's person or property or activity for the support of government
v. levy a tax on
v. set or determine the amount of (a payment such as a fine)
v. use to the limit","n. 税, 税款, 重负, 会费
vt. 课以税, 使负重荷, 斥责",v:6/n:94,5,1,gk cet4 cet6 ky toefl,545,509,tax
taxi,taxi,'tæksi,"v. travel slowly
v. ride in a taxicab","n. 出租车
vi. 乘出租车
vt. 用出租车送",v:2/n:98,2,1,zk gk ielts,3317,5161,taxi
tea,tea,ti:,"n. a beverage made by steeping tea leaves in water
n. a light midafternoon meal of tea and sandwiches or cakes
n. a tropical evergreen shrub or small tree extensively cultivated in e.g. China and Japan and India; source of tea leaves
n. a reception or party at which tea is served","n. 茶, 茶叶
[医] 茶, 茶剂, 浸剂",n:100,4,1,zk gk ielts,1140,2164,tea
teach,teach,ti:tʃ,"n. an English pirate who operated in the Caribbean and off the Atlantic coast of North America (died in 1718)
v. impart skills or knowledge to
v. accustom gradually to some action or attitude","vt. 教, 讲授, 教导, 教育
vi. 教书, 教学, 可以教",v:100,4,1,zk gk,959,545,teach
teacher,teacher,'ti:tʃә,"n. a person whose occupation is teaching
n. a personified abstraction that teaches","n. 教师, 老师, 导师",n:100,0,1,zk gk ielts,486,371,teacher
team,team,ti:m,"n. a cooperative unit (especially in sports)
n. two or more draft animals that work together to pull something
v. form a team","n. 队, 组
vt. 把马(牛)套在同一辆车上, 把...编成一组
vi. 驾驶卡车, 协作",v:3/n:97,5,1,zk gk cet4 cet6 ky toefl ielts,427,307,team
teamwork,teamwork,'ti:mwә:k,n. cooperative work done by a team (especially when it is effective),"n. 协同作业, 协力
[法] 联合工作, 联合行动, 协调工作",n:100,0,0,gk,15491,11799,teamwork
teapot,teapot,'ti:pɒt,n. pot for brewing tea; usually has a spout and handle,n. 茶壶,n:100,1,0,gk toefl,12436,12851,teapot
tear,tear,tiә. tєә,"n. a drop of the clear salty saline solution secreted by the lacrimal glands
n. the act of tearing
v. separate or cause to separate abruptly
v. to separate or be separated by force","n. 泪滴, 眼泪, 撕, 扯, 裂缝, 激怒, 飞奔
vi. 流泪, 撕破, 赶快, 飞奔, 被撕破
vt. 撕裂, 戳破, 拉掉, 撕掉, 使分裂, 使精神不安, 折磨",v:45/n:55,3,1,gk cet4 cet6 ky toefl ielts gre,1861,1905,tear
tease,tease,ti:z,"n. someone given to teasing (as by mocking or stirring curiosity)
n. the act of harassing someone playfully or maliciously (especially by ridicule); provoking someone with persistent annoyances
v. annoy persistently
v. harass with persistent criticism or carping","n. 揶揄, 戏弄, 逗惹
vt. 戏弄, 取笑, 强求, 梳理, 使起毛",n:7/v:93,2,0,gk cet6 ky toefl ielts gre,6082,5458,tease
technical,technical,'teknikl,"n. a pickup truck with a gun mounted on it
a. of or relating to technique or proficiency in a practical skill
a. characterizing or showing skill in or specialized knowledge of applied arts and sciences
a. of or relating to a practical subject that is organized according to scientific principles","a. 技术上的, 专门的, 工业的, 严格根据法律的
[化] 技巧",j:99/n:1,3,1,gk cet4 cet6 ky toefl ielts,1394,2064,technical
technique,technique,tek'ni:k,n. a practical method or art applied to some particular task,"n. 技巧, 技术, 方法
[化] 工艺方法; 技巧",n:100,4,1,gk cet4 cet6 ky ielts,949,1335,technique
technology,technology,tek'nɒlәdʒi,n. the practical application of science to commerce or industry,"n. 技术, 工业技术, 术语
[医] 技术学, 工艺学",n:100,4,1,zk gk cet4 cet6 ky ielts,756,585,technology
teenager,teenager,'ti:nidʒә,n a juvenile between the onset of puberty and maturity,n. 十三岁到十九岁的少年,n:100,3,0,gk cet4 cet6 ky,3812,2440,teenager
telegram,telegram,'teli^ræm,n. a message transmitted by telegraph,"n. 电报, 一封电报
[计] 电报",n:100,1,0,gk cet4 cet6 ky,9971,12224,telegram
telegraph,telegraph,'teligrɑ:f,n. apparatus used to communicate at a distance over a wire (usually in Morse code),"n. 电报, 电报机
vi. 打电报
vt. 打电报给, 电汇, 流露, 显示出要...的样子",v:21/n:79,1,0,gk cet4 cet6 ky toefl,4974,26182,telegraph
telephone,telephone,'telifәun,"n. electronic equipment that converts sound into electrical signals that can be transmitted over distances and then converts received signals back into sounds
n. transmitting speech at a distance","n. 电话, 电话机
v. 打电话",v:12/n:88,4,1,zk gk ielts,1327,1865,telephone
telescope,telescope,'teliskәup,"n. a magnifier of images of distant objects
v. crush together or collapse
v. make smaller or shorter","n. 望远镜
vi. 叠缩, 嵌进, 缩短
vt. 使叠缩, 使缩短",v:2/n:98,2,0,gk cet4 cet6 ky toefl ielts,8217,2759,telescope
television,television,'teli.viʒәn,"n. broadcasting visual images of stationary or moving objects
n. a telecommunication system that transmits images of objects (stationary or moving) between distant points","n. 电视
[电] 电视",n:100,4,1,zk gk ielts,978,794,television
tell,tell,tel,"n. a Swiss patriot who lived in the early 14th century and who was renowned for his skill as an archer; according to legend an Austrian governor compelled him to shoot an apple from his son's head with his crossbow (which he did successfully without mishap)
v. let something be known
v. narrate or give a detailed account of
v. discern or comprehend","vt. 告诉, 说, 吩咐, 断定, 知道
vi. 讲述, 泄密, 告发, 表明",v:100,5,1,zk gk,107,103,tell
temperature,temperature,'temprәtʃә,"n. the degree of hotness or coldness of a body or environment (corresponding to its molecular activity)
n. the somatic sensation of cold or heat","n. 温度, 发烧, 热度
[化] 温度",n:100,3,1,zk gk cet4 cet6 ky toefl ielts,1622,1622,temperature
temple,temple,templ,"n. place of worship consisting of an edifice for the worship of a deity
n. the flat area on either side of the forehead
n. an edifice devoted to special or exalted purposes","n. 圣堂, 庙宇, 教堂, 礼拜堂, 太阳穴, 鬓角
[医] 颞颥, 颞部",n:100,3,0,gk cet4 cet6 ky toefl ielts,3448,3616,temple
temporary,temporary,'tempәrәri,"n a worker (especially in an office) hired on a temporary basis
a not permanent; not lasting
s lacking continuity or regularity","a. 暂时的, 临时的
n. 临时工, 临时雇员
[计] 临时",j:99/n:1,3,1,gk cet4 cet6 ky toefl ielts,2302,3150,temporary
temptation,temptation,temp'teiʃәn,"n. something that seduces or has the quality to seduce
n. the desire to have or do something that you know you should avoid","n. 诱惑, 诱惑物
[法] 诱惑, 诱惑物",n:100,2,0,gk cet4 cet6 ky ielts gre,4682,5906,temptation
ten,ten,ten,"n. the cardinal number that is the sum of nine and one; the base of the decimal system
s. being one more than nine","num. 十, 十个",m:100,5,0,zk gk,469,838,ten
tend,tend,tend,"v. have a tendency or disposition to do or be something; be inclined
v. have care of or look after
v. manage or run","vi. 走向, 有某种的倾向, 易于, 照顾, 注意
vt. 照料, 护理",v:100,4,1,gk cet4 cet6 ky gre,849,1039,tend
tendency,tendency,'tendәnsi,"n. a characteristic likelihood of or natural disposition toward a certain condition or character or effect
n. a general direction in which something tends to move","n. 趋向, 倾向
[医] 趋向, 趋势",n:100,3,1,gk cet4 cet6 ky toefl ielts,2377,3040,tendency
tennis,tennis,'tenis,n. a game played with rackets by two or four players who hit a ball back and forth over a net that divides the court,n. 网球,n:100,3,0,zk gk ielts,2846,3082,tennis
tense,tense,tens,"n. a grammatical category of verbs used to express distinctions of time
v. increase the tension on
v. become tense, nervous, or uneasy
v. cause to be tense and uneasy or nervous or anxious","a. 紧张的, 拉紧的
v. (使)紧张, (使)拉紧
n. 时态",n:7/j:59/v:34,2,0,gk cet4 cet6 ky toefl,5962,6263,tense
tension,tension,'tenʃәn,"n. (psychology) a state of mental or emotional strain or suspense
n. the physical condition of being stretched or strained
n. a balance between and interplay of opposing elements or tendencies (especially in art or literature)
n. (physics) a stress that produces an elongation of an elastic physical body","n. 紧张, 不安, 拉紧, 张力, 压力, 电压
vt. 拉紧, 使紧张",n:100,3,1,gk cet4 ky toefl ielts gre,2092,2186,tension
tent,tent,tent,"n. a portable shelter (usually of canvas stretched over supporting poles and fastened to the ground with ropes and pegs)
n. a web that resembles a tent or carpet","n. 帐篷, 帷幕, 住处, 塞条, 塞子
vi. 住帐蓬, 宿营, 暂时居住
vt. 用帐篷遮盖, 使住帐篷, 用塞条嵌入",v:1/n:99,2,1,zk gk cet4 cet6 ky,4158,3071,tent
tentative,tentative,'tentәtiv,"s under terms not final or fully worked out or agreed upon
s unsettled in mind or opinion","n. 试验
a. 试验性的, 暂时的",j:100,2,0,gk cet6 ky toefl ielts gre,7552,7722,tentative
term,term,tә:m,"n. a word or expression used for some particular thing
n. a limited period of time
n. any distinct quantity contained in a polynomial
n. one of the substantive phrases in a logical proposition","n. 术语, 专有名词, 期限, 学期, 任期, 条件, 价钱, 关系, 地位, 项, 界石
vt. 称, 呼
[计] 检索词; 项",v:5/n:95,5,1,zk gk cet4 cet6 ky toefl ielts,316,626,term
terminal,terminal,'tә:minәl,"n. station where transport vehicles load or unload passengers or goods
n. a contact on an electrical device (such as a battery) at which electric current enters or leaves
n. electronic equipment consisting of a device providing access to a computer; has a keyboard and display
a. of or relating to or situated at the ends of a delivery route","n. 终端机, 终点, 末端, 极限, 终点站
a. 终点的, 定期的, 致死的, 结尾的, 末端的, 晚期的
[计] 终端; 终端设备",j:33/n:67,2,0,gk cet4 cet6 ky toefl ielts gre,4011,5777,terminal
terrible,terrible,'terәbl,"s causing fear or dread or terror
s exceptionally bad or displeasing
s intensely or extremely bad or unpleasant in degree or quality
s extreme in degree or extent or amount or impact","a. 可怕的, 令人恐惧的, 极坏的",j:100,4,1,zk gk cet4 cet6 ky toefl,1927,1944,terrible
terrify,terrify,'terifai,v. fill with terror; frighten greatly,"vt. 使恐惧, 恐吓",v:100,2,0,gk cet6 ky toefl ielts,8606,5828,terrify
terror,terror,'terә,"n. a person who inspires fear or dread
n. a very troublesome child
n. the use of extreme fear in order to coerce people (especially for political reasons)","n. 恐怖, 可怕的人
[医] 惊吓, 惊悸",n:100,2,0,gk cet4 cet6 ky toefl ielts,4120,2732,terror
test,test,test,"n. any standardized procedure for measuring sensitivity or memory or intelligence or aptitude or personality etc
n. the act of undergoing testing
n. the act of testing something
n. a hard outer covering as of some amoebas and sea urchins","n. 测试, 试验, 化验, 检验, 考验, 甲壳
vt. 测试, 试验, 化验
vi. 接受测验, 进行测试",v:36/n:64,5,1,zk gk cet4 cet6 ky ielts,627,575,test
text,text,tekst,"n. the words of something written
n. a passage from the Bible that is used as the subject of a sermon
n. the main body of a written work (as distinct from illustrations or footnotes etc.)","n. 文本, 正文, 课文, 主题, 圣经文句, 乐谱
[计] 电文; 文本; 正文",n:100,3,1,zk gk ielts,1002,1289,text
textbook,textbook,'tekstbuk,n. a book prepared for use in schools or colleges,n. 教科书,n:100,1,0,gk cet4 cet6 ky ielts,6096,4473,textbook
than,than,ðæn,"conj. A particle expressing comparison, used after certain
   adjectives and adverbs which express comparison or diversity, as more,
   better, other, otherwise, and the like. It is usually followed by the
   object compared in the nominative case. Sometimes, however, the object
   compared is placed in the objective case, and than is then considered
   by some grammarians as a preposition. Sometimes the object is expressed
   in a sentence, usually introduced by that; as, I would rather suffer
   than that you should want.
adv. Then. See Then.","conj. 比, 除...外
prep. 比",i:9/c:91,5,1,zk gk,89,73,than
thank,thank,θæŋk,v. express gratitude or show appreciation to,"n. 谢意, 感谢
vt. 谢谢, 感谢",v:100,5,1,zk gk,768,498,thank
thankful,thankful,'θæŋkfәl,a feeling or showing gratitude,"a. 感谢的, 感激的, 欣慰的",j:100,1,0,gk,9671,8424,thankful
that,that,ðæt,"pron., a., conj., &  As a demonstrative pronoun (pl. Those),
   that usually points out, or refers to, a person or thing previously
   mentioned, or supposed to be understood. That, as a demonstrative, may
   precede the noun to which it refers; as, that which he has said is
   true; those in the basket are good apples.
pron., a., conj., &  As an adjective, that has the same
   demonstrative force as the pronoun, but is followed by a noun.
pron., a., conj., &  As a relative pronoun, that is
   equivalent to who or which, serving to point out, and make definite, a
   person or thing spoken of, or alluded to, before, and may be either
   singular or plural.
pron., a., conj., &  As a conjunction, that retains much of
   its force as a demonstrative pronoun.
pron., a., conj., &  To introduce a clause employed as the
   object of the preceding verb, or as the subject or predicate nominative
   of a verb.
pron., a., conj., &  To introduce, a reason or cause; --
   equivalent to for that, in that, for the reason that, because.
pron., a., conj., &  To introduce a purpose; -- usually
   followed by may, or might, and frequently preceded by so, in order, to
   the end, etc.
pron., a., conj., &  To introduce a consequence, result, or
   effect; -- usually preceded by so or such, sometimes by that.
pron., a., conj., &  In an elliptical sentence to introduce
   a dependent sentence expressing a wish, or a cause of surprise,
   indignation, or the like.
pron., a., conj., &  As adverb: To such a degree; so; as, he
   was that frightened he could say nothing.","a. 那, 那个
conj. 以致, 因为
pron. 那
adv. 那么, 那样",p:1/c:66/d:33,5,1,zk gk,14,12,that
the,the,ðә,"v. i. See Thee.
definite article. A word placed before nouns to limit or
   individualize their meaning.
adv. By that; by how much; by so much; on that account; -- used
   before comparatives; as, the longer we continue in sin, the more
   difficult it is to reform.",art. 那,a:100,5,1,zk gk,1,1,the
theatre,theatre,,"n a building where theatrical performances or motion-picture shows can be presented
n the art of writing and producing plays
n a region in which active military operations are in progress","n. 戏院, 电影院, 剧场, 全体观众, 戏剧, 戏剧效果, 阶梯式讲堂, 场所",,4,1,zk gk cet4 cet6 ielts,1464,0,theatre
theft,theft,θeft,n the act of taking something from someone unlawfully,"n. 盗窃, 失窃, 盗窃罪, 赃物
[法] 盗窃行为, 偷窃, 失窃",n:100,2,0,gk cet6 ky toefl ielts,3545,5367,theft
their,their,ðєә,"pron. & a. The possessive case of the personal pronoun they;
   as, their houses; their country.",pron. 他们的,a:100,5,1,zk gk,36,36,their
theirs,theirs,ðєәz,,pron. 他们的,p:100,0,1,zk gk,5531,5421,theirs
them,them,ðem,pron. The objective case of they. See They.,"pron. 他们, 她们, 它们",p:100,5,1,zk gk,46212,59,them
theme,theme,θi:m,"n. a unifying idea that is a recurrent element in literary or artistic work
n. (music) melodic subject of a musical composition
v. provide with a particular theme or motive","n. 主题, 话题, 题目",n:100,3,1,gk cet4 cet6 ky toefl ielts,1703,1655,theme
themselves,themselves,ðәm'selvz,"pron. The plural of himself, herself, and itself. See
   Himself, Herself, Itself.","pron. 他们自己, 她们自己, 它们自己",p:100,5,1,zk gk,394,449,themselves
then,then,ðen,"n. that time; that moment
s. at a specific prior time
r. subsequently or soon afterward (often used as sentence connectors)
r. in that case or as a consequence","adv. 然后, 当时
conj. 然后, 当时
n. 那时",r:99/j:1,5,1,zk gk,59,77,then
theoretical,theoretical,θiә'retikәl,"a. concerned primarily with theories or hypotheses rather than practical considerations
a. concerned with theories rather than their practical applications","a. 理论的, 理论上的, 假设的, 推理的
[计] 理论的",j:100,2,0,gk cet4 cet6 ky toefl ielts gre,2729,3781,theoretical
theory,theory,'θiәri,"n. a well-substantiated explanation of some aspect of the natural world; an organized system of accepted knowledge that applies in a variety of circumstances to explain a specific set of phenomena
n. a belief that can guide behavior","n. 理论, 学说, 原理, 意见, 推测
[化] 理论",n:100,4,1,gk cet4 cet6 ky ielts,596,918,theory
there,there,ðєә,"n. a location other than here; that place
r. in or at that place
r. in that matter
r. to or toward that place; away from the speaker",adv. 在那里,p:70/r:29/n:1,5,1,zk gk,37,53,there
therefore,therefore,'ðєәfɒ:,r. (used to introduce a logical conclusion) from that fact or reason or as a result,"adv. 因此, 所以",r:100,4,1,gk cet4 cet6 ky toefl,408,1161,therefore
thermos,thermos,'θә:mәs,n. vacuum flask that preserves temperature of hot or cold drinks,n. 热水瓶,n:100,0,0,gk,24637,17096,thermos
these,these,ði:z,"pron. The plural of this. See This.
pl.  of This",pron. 这些,d:100,5,0,zk gk,76,82,these
they,they,ðei,"obj. The plural of he, she, or it. They is never used
   adjectively, but always as a pronoun proper, and sometimes refers to
   persons without an antecedent expressed.","pron. 他们, 它们",p:100,5,1,zk gk,18,21,they
thick,thick,θik,"a. not thin; of a specific thickness or of relatively great extent from one surface to the opposite usually in the smallest of the three solid dimensions
s. having component parts closely crowded together
a. relatively dense in consistency
s. (of darkness) very intense","a. 厚的, 粗壮的, 浓的, 迟钝的, 浑浊的, 多雾的, 过分的, 口齿不清的
adv. 厚地, 密地, 浓浓地
n. 最浓处, 最厚处, 最密集处
[计] 暗, 粗线",r:4/j:96,3,1,zk gk cet4 cet6 ky,1806,1721,thick
thief,thief,θi:f,n. a criminal who takes property belonging to someone else with the intention of keeping it or selling it,"n. 小偷, 贼
[化] 取样",n:100,2,1,gk cet4 cet6 ky ielts,3965,5007,thief
thin,thin,θin,"v. lose thickness; become thin or thinner
v. make thin or thinner
a. of relatively small extent from one surface to the opposite or in cross section
a. lacking excess flesh","a. 薄的, 细的, 瘦的, 稀疏的, 稀薄的, 淡的, 弱的, 空洞的
vt. 使变薄, 使变细, 使稀少, 使淡
vi. 变薄, 变细, 变少, 变淡
adv. 薄地, 稀疏地, 微弱地
n. 细小部分",r:1/j:90/v:9,3,1,zk gk toefl,1670,1621,thin
thing,thing,θiŋ,"n. a special situation
n. an action
n. a special abstraction
n. an artifact","n. 事物, 东西, 物, 用品, 事, 事件, 情况, 行为, 特征",n:100,5,1,zk gk,106,97,thing
think,think,θiŋk,"n. an instance of deliberate thinking
v. judge or regard; look upon; judge
v. expect, believe, or suppose
v. use or exercise the mind or one's power of reason in order to make inferences, decisions, or arrive at a solution or judgments","vt. 想, 考虑, 想起, 想像, 打算, 认为
vi. 思考, 料想
n. 想法
a. 思想的",n:1/v:99,5,1,zk gk,64,56,think
thinking,thinking,'θiŋkiŋ,n. the process of using your mind to consider something carefully,"n. 思考, 思想
a. 思考的, 有理性的",n:100,4,1,gk ielts,2075,1695,thinking
third,third,θә:d,"n. following the second position in an ordering or series
n. the musical interval between one note and another three notes away from it
s. coming next after the second and just before the fourth in position
r. in the third place","num. 第三, 三分之一
[机] 第三; 第三的",m:100,4,0,zk gk ielts,465,584,third
thirst,thirst,θә:st,"n. a physiological need to drink
v. feel the need to drink","n. 口渴, 渴望
vi. 口渴, 渴望",v:18/n:82,1,0,gk cet4 cet6 ky ielts,11770,10813,thirst
thirsty,thirsty,'θә:sti,"s. needing moisture
a. feeling a need or desire to drink
s. able to take in large quantities of moisture","a. 口渴的, 渴望的, 干燥的",j:100,1,1,zk gk,11904,10308,thirsty
thirteen,thirteen,'θә:'ti:n,"n. the cardinal number that is the sum of twelve and one
s. being one more than twelve","num. 十三, 十三个",m:100,5,0,zk gk,3309,5649,thirteen
thirty,thirty,'θә:ti,"n. the cardinal number that is the product of ten and three
s. being ten more than twenty","num. 三十, 三十个",m:100,5,0,zk gk,1003,2833,thirty
this,this,θis,"pron. & a. As a demonstrative pronoun, this denotes something
   that is present or near in place or time, or something just mentioned,
   or that is just about to be mentioned.
pron. & a. As an adjective, this has the same demonstrative
   force as the pronoun, but is followed by a noun; as, this book; this
   way to town.","pron. 这, 本
a. 这, 本
adv. 这么",r:1/d:99,5,1,zk gk,23,20,this
thorough,thorough,'θʌrә,s. painstakingly careful and accurate,"a. 十分的, 彻底的",j:100,3,1,gk cet4 cet6 ky toefl ielts,5257,5852,thorough
those,those,ðәuz,pron. The plural of that. See That.,pron. 那些,d:100,5,0,zk gk,100,102,those
though,though,ðәu,r. (postpositive) however,"adv. 然而, 可是
conj. 虽然, 纵然",c:92/r:8,5,1,zk gk,377,245,though
thought,thought,θɒ:t,n. the organized beliefs of a period or group or individual,"n. 想法, 思想, 思维, 关心, 挂念
think的过去式和过去分词",n:100,5,1,zk gk cet4 cet6 ky toefl ielts,710,760,thought
thousand,thousand,'θauznd,"n. the cardinal number that is the product of 10 and 100
s. denoting a quantity consisting of 1,000 items or units","num. 千
a. 成千的, 许多的
n. 许许多多",m:100,5,0,zk gk ielts,631,651,thousand
thread,thread,θred,"n. a fine cord of twisted fibers (of cotton or silk or wool or nylon etc.) used in sewing and weaving
v. pass a thread through
v. remove facial hair by tying a fine string around it and pulling at the string
v. pass through or into","n. 线, 丝, 纤维, 线索
vt. 穿线于, 穿过, 通过, 用线穿成
vi. 穿过
[计] 线索, 线程",v:28/n:72,2,1,zk gk cet4 cet6 ky toefl gre,5022,4714,thread
three,three,θri:,"n. the cardinal number that is the sum of one and one and one
s. being one more than two","num. 三, 三个",m:100,5,0,zk gk,104,135,three
thrill,thrill,θril,"n. something that causes you to experience a sudden intense feeling or sensation
v. cause to be thrilled by some perceptual input
v. feel sudden intense sensation or emotion","n. 震颤, 激动, 刺激性, 一阵激动
vi. 震颤, 颤抖, 激动
vt. 使激动, 使颤动",n:50/v:50,2,0,gk cet4 cet6 ky ielts,7773,5858,thrill
thriller,thriller,'θrilә,n. a suspenseful adventure story or play or movie,"n. 使人激动的东西, 使人毛骨悚然的东西, 使人毛骨悚然的小说",n:100,2,0,gk ielts,9961,8642,thriller
throat,throat,θrәut,"n. the passage to the stomach and lungs; in the front part of the neck below the chin and above the collarbone
n. an opening in the vamp of a shoe at the instep
n. a passage resembling a throat in shape or function; 
n. the part of an animal's body that corresponds to a person's throat","n. 咽喉, 喉咙, 嗓音
vt. 用喉音说, 开沟于",n:100,3,1,gk cet4 cet6 ky ielts,2449,2454,throat
through,through,θru:,"s. (of a route or journey etc.) continuing without requiring stops or changes
r. from beginning to end
r. over the whole distance
r. to completion","adv. 穿越, 从头至尾, 到底, 因为
prep. 经过, 穿过
a. 对穿的, 直达的, 完结的",i:91/r:8/j:1,5,1,zk gk,109,112,through
throughout,throughout,θru:'aut,r. from first to last,"adv. 到处, 贯穿全部地, 自始至终
prep. 遍及, 在各处
[计] 吞吐量",i:96/r:4,4,1,gk cet4 cet6 ky ielts,859,983,throughout
throw,throw,θrәu,"n. the act of throwing (propelling something with a rapid movement of the arm and wrist)
n. a single chance or instance
n. the maximum movement available to a pivoted or reciprocating piece by a cam
n. bedclothes consisting of a lightweight cloth covering (an afghan or bedspread) that is casually thrown over something","vt. 投, 掷, 抛, 发射, 摔下, 匆匆穿上(或脱下), 抛弃, 摆脱
vi. 丢, 掷, 抛
n. 投掷, 掷骰子, 冒险",n:6/v:94,4,1,zk gk toefl,868,677,throw
thunder,thunder,'θʌndә,"n. a booming or crashing noise caused by air expanding along the path of a bolt of lightning
v. move fast, noisily, and heavily
v. utter words loudly and forcefully
v. be the case that thunder is being heard","n. 雷, 雷声
vi. 打雷, 轰隆地响, 怒喝
vt. 大声喊出, 轰隆地发出",v:31/n:69,2,0,gk cet4 cet6 ky toefl ielts,6539,8090,thunder
thunderstorm,thunderstorm,'θʌndәstɒ:m,n. a storm resulting from strong rising air currents; heavy rain or hail along with thunder and lightning,n. 雷暴雨,n:100,1,0,gk toefl,18737,10620,thunderstorm
Thursday,thursday,'θә:zdi,n. the fifth day of the week; the fourth working day,n. 星期四,,4,1,zk gk ielts,2258,0,thursday
thus,thus,ðʌs,r. in the way indicated; (`thusly' is a nonstandard variant),"adv. 如此, 因此, 到如此程度
[医] 乳香",r:100,4,1,gk cet4 cet6 ky,479,744,thus
Tibet,tibet,ti'bet,n. an autonomous region of the Peoples Republic of China; located in the Himalayas,n. 西藏,,0,0,gk,16142,0,tibet
tick,tick,tik,"n. a metallic tapping sound
n. any of two families of small parasitic arachnids with barbed proboscis; feed on blood of warm-blooded animals
n. a light mattress
v. make a sound like a clock or a timer","n. 滴答声, 一瞬间, 壁虱, 褥套, 信用, 赊欠
vi. 滴答响, 活动
vt. 滴答地记录, 标记号于",n:43/v:57,2,0,gk cet4 cet6 ky ielts,5977,7358,tick
ticket,ticket,'tikit,"n. a commercial document showing that the holder is entitled to something (as to ride on public transportation or to enter a public entertainment)
n. a summons issued to an offender (especially to someone who violates a traffic regulation)
n. the appropriate or desirable thing
v. issue a ticket or a fine to as a penalty","n. 票, 券, 车票, 标签, 入场券, 证明书
vt. 加标签于, 为...购票",n:100,4,1,zk gk toefl ielts,1884,1576,ticket
tidy,tidy,'taidi,"n. receptacle that holds odds and ends (as sewing materials)
v. put (things or places) in order
a. marked by order and cleanliness in appearance or habits","n. 椅子的背罩, 装杂物的容器
a. 整齐的, 有条理的
vt. 弄整齐, 收拾, 整理
vi. 整理, 收拾",j:73/v:27,2,1,zk gk cet4 cet6 ky ielts gre,6376,9867,tidy
tie,tie,tai,"n. equality of score in a contest
n. a horizontal beam used to prevent two other structural members from spreading apart or separating
n. (music) a slur over two notes of the same pitch; indicates that the note is to be sustained for their combined time value
n. one of the cross braces that support the rails on a railway track","n. 带子, 线, 鞋带, 领带, 领结, 关系, 束缚, 平局, 不分胜负
vt. 系, 打结, 扎, 约束, 与...成平局
vi. 结合, 打结, 不分胜负",n:43/v:57,4,1,zk gk cet4 cet6 ky,2118,1501,tie
tiger,tiger,'taigә,"n. a fierce or audacious person
n. large feline of forests in most of Asia having a tawny coat with black stripes; endangered","n. 老虎, 虎, 凶暴的人",n:100,1,0,zk gk cet4 cet6 ky,4773,5908,tiger
tight,tight,tait,"a. closely constrained or constricted or constricting
s. set so close together as to be invulnerable to penetration
s. affected by scarcity and expensive to borrow
a. of such close construction as to be impermeable","a. 紧的, 密封的, 吝啬的, 严厉的
adv. 紧紧地",r:44/j:56,3,1,gk cet4 cet6 ky toefl,2805,2741,tight
till,till,til,"n. unstratified soil deposited by a glacier; consists of sand and clay and gravel and boulders mixed together
v. work land as by ploughing, harrowing, and manuring, in order to make it ready for cultivation","prep. 直到, 在...以前, 迄
conj. 直到...为止
vt. 耕种
n. 放钱的抽屉, 备用现金, 冰碛",i:46/c:47/n:3/v:4,3,1,zk gk toefl,2835,4897,till
time,time,taim,"n. an instance or single occasion for some event
n. a period of time considered as a resource under your control and sufficient to accomplish something
n. an indefinite period (usually marked by specific attributes or activities)
n. a suitable moment","n. 时间, 时侯, 时机, 时期, 期限, 次数, 节拍, 暂停, 规定时间
vt. 测定...的时间, 记录...的时间, 计时, 定时
a. 时间的, 记时的, 定时的, 定期的, 分期的
[计] DOS内部命令:用于显示或设定系统的时间",v:1/n:99,5,1,zk gk ielts,50,52,time
timetable,timetable,'taimteibl,"n. a schedule listing events and the times at which they will take place
n. a schedule of times of arrivals and departures",n. 时间表,n:100,2,1,gk cet4 cet6 ielts,4536,8819,timetable
tin,tin,tin,"n. a silvery malleable metallic element that resists corrosion; used in many alloys and to coat other metals to prevent corrosion; obtained chiefly from cassiterite where it occurs as tin oxide
n. a vessel (box, can, pan, etc.) made of tinplate and used mainly in baking
v. plate with tin
v. prepare (a metal) for soldering or brazing by applying a thin layer of solder to the surface","n. 锡, 马口铁, 罐头
vt. 在...镀锡于
a. 锡制的
[计] tin阅读程序",n:100,2,1,gk cet4 cet6 ky toefl,2956,5424,tin
tiny,tiny,'taini,s very small,"a. 很少的, 微小的",j:100,3,1,zk gk cet4 cet6 ky toefl,1666,1313,tiny
tip,tip,tip,"n. the extreme end of something; especially something pointed
n. an indication of potential opportunity
v. cause to tilt
v. mark with a tip","n. 顶, 尖端, 梢, 末端, 倾斜, 垃圾场, 小费, 轻击, 指点, 秘密消息
vt. 装顶端, 使倾斜, 使翻倒, 泄露, 告诫, 暗示, 给...小费, 轻击
vi. 倾斜, 翻倒, 倾覆, 踮脚走, 给小费
[计] 终端接口处理器, 提示, 技巧",v:31/n:69,3,1,gk cet4 cet6 ky toefl,2631,1928,tip
tire,tire,taiә,"n. hoop that covers a wheel
v. lose interest or become bored with something or somebody
v. exhaust or get tired through overuse or great strain or stress","n. 轮胎, 头饰
vt. 使疲倦, 使厌烦, 打扮
vi. 疲劳, 厌倦",v:100,1,1,gk cet4 cet6 ky toefl gre,11152,2850,tire
tired,tired,taiәd,a. depleted of strength or energy,"a. 疲累的, 疲乏的, 厌倦的",j:100,3,1,zk gk,2210,1959,tired
tissue,tissue,'tiʃu:,"n. part of an organism consisting of an aggregate of cells having a similar structure and function
n. a soft thin (usually translucent) paper","n. 薄的织物, 薄纱, 棉纸, 组织, 一套
[化] 组织",n:100,3,0,gk cet4 cet6 ky toefl ielts gre,2784,2688,tissue
title,title,'taitl,"n. a heading that names a statute or legislative bill; may give a brief summary of the matters it deals with
n. the name of a work of art or literary composition etc.
n. a general or descriptive heading for a section of a written work
n. an identifying appellation signifying status or function: e.g. `Mr.' or `General'","n. 头衔, 名称, 标题, 书名, 扉页, 权利, 资格, 冠军, 字幕
vt. 授予头衔, 加标题于
[计] 标题",v:13/n:87,4,1,gk cet4 cet6 ky toefl ielts,855,1323,title
to,to,tu:,"prep. The preposition to primarily indicates approach and arrival,
   motion made in the direction of a place or thing and attaining it,
   access; and also, motion or tendency without arrival; movement toward;
   -- opposed to from.
prep. Hence, it indicates motion, course, or tendency toward a
   time, a state or condition, an aim, or anything capable of being
   regarded as a limit to a tendency, movement, or action; as, he is going
   to a trade; he is rising to wealth and honor.
prep. In a very general way, and with innumerable varieties of
   application, to connects transitive verbs with their remoter or
   indirect object, and adjectives, nouns, and neuter or passive verbs
   with a following noun which limits their action. Its sphere verges upon
   that of for, but it contains less the idea of design or appropriation;
   as, these remarks were addressed to a large audience; let us keep this
   seat to ourselves; a substance sweet to the taste; an event painful to
   the mind; duty to God and to our parents; a dislike to spirituous
   liquor.
prep. As sign of the infinitive, to had originally the use of last
   defined, governing the infinitive as a verbal noun, and connecting it
   as indirect object with a preceding verb or adjective; thus, ready to
   go, i.e., ready unto going; good to eat, i.e., good for eating; I do my
   utmost to lead my life pleasantly. But it has come to be the almost
   constant prefix to the infinitive, even in situations where it has no
   prepositional meaning, as where the infinitive is direct object or
   subject; thus, I love to learn, i.e., I love learning; to die for one's
   country is noble, i.e., the dying for one's country. Where the
   infinitive denotes the design or purpose, good usage formerly allowed
   the prefixing of for to the to; as, what went ye out for see? (Matt.
   xi. 8).
prep. In many phrases, and in connection with many other words, to
   has a pregnant meaning, or is used elliptically.
prep. Extent; limit; degree of comprehension; inclusion as far as;
   as, they met us to the number of three hundred.
prep. Effect; end; consequence; as, the prince was flattered to
   his ruin; he engaged in a war to his cost; violent factions exist to
   the prejudice of the state.
prep. Apposition; connection; antithesis; opposition; as, they
   engaged hand to hand.
prep. Accord; adaptation; as, an occupation to his taste; she has
   a husband to her mind.
prep. Comparison; as, three is to nine as nine is to twenty-seven;
   it is ten to one that you will offend him.
prep. Addition; union; accumulation.
prep. Accompaniment; as, she sang to his guitar; they danced to
   the music of a piano.
prep. Character; condition of being; purpose subserved or office
   filled.","prep. 到, 向, 趋于
adv. 向前",i:38/t:62,5,1,zk gk,7,7,to
toast,toast,tәust,"n. slices of bread that have been toasted
n. a celebrity who receives much acclaim and attention
v. propose a toast to","n. 吐司, 烤面包, 干杯
vt. 敬酒, 烤, 使暖和
vi. 烤, 烘",v:39/n:61,0,0,gk cet4 cet6 ky ielts,5754,6163,toast
tobacco,tobacco,tә'bækәu,"n. leaves of the tobacco plant dried and prepared for smoking or ingestion
n. aromatic annual or perennial herbs and shrubs","n. 烟草, 香烟
[医] 烟草",n:100,2,0,gk cet4 cet6 ky toefl,4278,3010,tobacco
today,today,tә'dei,"n. the present time or age
n. the day that includes the present moment (as opposed to yesterday or tomorrow)
r. on this day as distinct from yesterday or tomorrow","n. 今天, 当今, 现在
adv. 今天, 当今",r:100,5,1,zk gk,350,214,today
together,together,tә'geðә,"s. mentally and emotionally stable
r. in contact with each other or in proximity
r. assembled in one place
r. in each other's company","adv. 一起, 共同, 彼此",r:100,5,1,zk gk,288,324,together
toilet,toilet,'tɒilit,"n. a room or building equipped with one or more toilets
n. a plumbing fixture for defecation and urination
n. the act of dressing and preparing yourself","n. 厕所, 梳妆
vi. 梳妆, 打扮, 上厕所
vt. 给...梳妆打扮",n:100,2,1,zk gk cet4 cet6 ky,3550,3983,toilet
Tokyo,tokyo,'tәukjәu,n. the capital and largest city of Japan; the economic and cultural center of Japan,"n. 东京
[经] 东京",,0,0,gk,5474,0,tokyo
tolerate,tolerate,'tɒlәreit,"v. recognize and respect (rights and beliefs of others)
v. have a tolerance for a poison or strong drug or pathogen or environmental condition","vt. 宽容, 容许, 有耐力",v:100,2,0,gk cet4 cet6 ky toefl,4959,4319,tolerate
tomato,tomato,tә'mɑ:tәu,"n. mildly acid red or yellow pulpy fruit eaten as a vegetable
n. native to South America; widely cultivated in many varieties","n. 番茄, 西红柿",n:100,2,1,zk gk cet4 cet6 ky toefl,4402,2400,tomato
tomb,tomb,tu:m,n a place for the burial of a corpse (especially beneath the ground and marked by a tombstone),"n. 坟墓, 死亡
vt. 埋葬",n:100,1,0,gk cet4 cet6 ky,6130,6183,tomb
tomorrow,tomorrow,tә'mɒ:rәu,"n. the day after today
n. the near future
r. the next day, the day after, following the present day","n. 明天, 未来
adv. 明天, 未来地",r:99/n:1,4,1,zk gk,1075,1334,tomorrow
ton,ton,tʌn,"n a United States unit of weight equivalent to 2000 pounds
n a British unit of weight equivalent to 2240 pounds","n. 吨
[经] 吨",,3,1,zk gk cet4 cet6 ky,3936,0,ton
tongue,tongue,tʌŋ,"n. a mobile mass of muscular tissue covered with mucous membrane and located in the oral cavity
n. any long thin projection that is transient
n. a manner of speaking
n. the tongue of certain animals used as meat","n. 舌, 语言能力, 讲话方式, 语言
vt. 舔, 斥责, 发...的音
vi. 使用舌头, 吹管乐器",v:1/n:99,2,1,zk gk cet4 cet6 ky toefl ielts,2831,2871,tongue
tonight,tonight,tә'nait,"n. the present or immediately coming night
r. during the night of the present day","n. 今晚, 今夜
adv. 今晚, 今夜",r:100,4,1,zk gk,1385,910,tonight
too,too,tu:,"r to a degree exceeding normal or proper limits
r in addition","adv. 也, 非常, 太",r:100,5,1,zk gk,115,133,too
tool,tool,tu:l,"n. an implement used in the practice of a vocation
v. drive
v. furnish with tools
v. work with a tool","n. 工具, 机床, 傀儡
vt. 用工具加工
vi. 使用工具",v:2/n:98,3,1,zk gk cet4 cet6 ky,1739,1291,tool
tooth,tooth,tu:θ,"n. hard bonelike structures in the jaws of vertebrates; used for biting and chewing or for attack and defense
n. something resembling the tooth of an animal
n. toothlike structure in invertebrates found in the mouth or alimentary canal or on a shell
n. a means of enforcement","n. 牙齿, 齿状物, 爱好
vt. 装以齿, 将...切成齿状
vi. 啮合",n:100,3,1,zk gk,1747,1854,tooth
toothache,toothache,'tu:θeik,n. an ache localized in or around a tooth,"n. 牙痛
[医] 牙痛",n:100,0,0,zk gk,21284,24353,toothache
toothbrush,toothbrush,'tu:θbrʌʃ,n. small brush; has long handle; used to clean teeth,n. 牙刷,n:100,1,0,zk gk,15334,13896,toothbrush
toothpaste,toothpaste,'tu:θpeist,n. a dentifrice in the form of a paste,"n. 牙膏
[化] 牙膏",n:100,1,0,zk gk,15700,14165,toothpaste
top,top,tɒp,"n. the upper part of anything
n. the highest or uppermost side of anything
n. the first half of an inning; while the visiting team is at bat
n. the greatest possible intensity","n. 顶部, 顶端, 极点, 上面, 上部, 顶篷, 最高地位, 首位, 陀螺
a. 最高的, 顶上的, 头等的
vt. 盖, 加以顶, 高达, 超越
vi. 结束, 达到顶点, 高出
[计] TOP协议",i:9/j:34/v:9/n:48,5,1,zk gk cet4 cet6 ky ielts,776,678,top
topic,topic,'tɒpik,n. some situation or event that is thought about,"n. 主题, 论题, 话题",n:100,2,1,gk cet4 cet6 ky toefl ielts,2051,1860,topic
tortoise,tortoise,'tɒ:tәs,n. usually herbivorous land turtles having clawed elephant-like limbs; worldwide in arid area except Australia and Antarctica,"n. 龟, 行动迟缓的人",n:100,1,0,gk cet4 cet6,12178,13299,tortoise
total,total,'tәutl,"v. add up in number or quantity
v. determine the sum of
v. damage beyond the point of repair","a. 全体的, 总的, 全然的
vt. 计算...的总和, 共计为
vi. 合计
n. 总数, 全体, 合计
adv. 统统",j:67/v:8/n:25,5,1,zk gk cet4 cet6 ky ielts,831,1038,total
totally,totally,'tәutli,r to a complete degree or to the full or entire extent (`whole' is often used informally for `wholly'),adv. 完全地,r:100,0,1,gk,1608,1911,totally
touch,touch,tʌtʃ,"n. the event of something coming in contact with the body
n. the faculty by which external objects or forces are perceived through contact with the body (especially the hands)
n. a suggestion of some quality
n. a distinguishing style","n. 触觉, 碰, 触, 机灵, 轻触, 格调, 少许, 缺点, 弹力
vt. 接触, 触摸, 触及, 使接触, 达到, 涉及, 影响到, 使轻度受害, 感动
vi. 触摸, 接近, 涉及, 提到",n:31/v:69,4,1,zk gk cet4 cet6 ky toefl,1372,1166,touch
tough,tough,tʌf,"a. not given to gentleness or sentimentality
a. physically toughened
a. resistant to cutting or chewing","n. 恶棍
a. 强硬的, 艰苦的, 坚固的, 坚韧的, 粗暴的, 咬不动的",j:98/n:2,4,1,gk cet4 cet6 ky toefl ielts,2160,1012,tough
tour,tour,tuә,"n. a journey or route all the way around a particular place or area
v. make a tour of a certain place","n. 旅游, 观光旅行, 任期
vi. 旅行, 周游, 巡回
vt. 周游, 观光, 游历, 使巡回演出",v:11/n:89,4,1,zk gk cet4 cet6 ky ielts,1420,1474,tour
tourism,tourism,'tuәrizm,n. the business of providing services to tourists,"n. 观光业, 游览
[经] 旅游业",n:100,2,0,gk ielts,4425,4721,tourism
tourist,tourist,'tuәrist,n. someone who travels for pleasure,"n. 观光客, 旅行者
a. 旅游的",n:100,3,1,zk gk ielts,2425,2394,tourist
tournament,tournament,'tә:nәmәnt,"n. a sporting competition in which contestants play a series of games to decide the winner
n. a series of jousts between knights contesting for a prize","n. 比赛, 竞赛, 锦标赛, 联赛",n:100,3,0,gk ky toefl ielts gre,3482,2761,tournament
toward,toward,tә'wɒ:d,"prep. Alt. of Towards
adv. Alt. of Towards
prep. Approaching; coming near.
prep. Readly to do or learn; compliant with duty; not froward;
   apt; docile; tractable; as, a toward youth.
prep. Ready to act; forward; bold; valiant.","prep. 向, 对于, 为了
a. 即将来临的, 进行中的",i:100,0,0,zk gk cet4 ky,4712,384,toward
towel,towel,'tauәl,"n. a rectangular piece of absorbent cloth (or paper) for drying or wiping
v. wipe with a towel","n. 手巾, 毛巾
v. 擦干身子",v:3/n:97,2,1,zk gk cet4 cet6 ky toefl ielts,4814,3682,towel
tower,tower,'tauә,n. a structure taller than its diameter; can stand alone or be attached to a larger building,"n. 塔, 高楼, 堡垒
vi. 高耸, 翱翔",v:8/n:92,3,1,zk gk cet4 cet6 ky toefl ielts,2131,2412,tower
town,town,taun,"n. an urban area with a fixed boundary that is smaller than a city
n. the people living in a municipality smaller than a city
n. United States architect who was noted for his design and construction of truss bridges (1784-1844)","n. 城镇, 市, 镇
[法] 城镇, 城市, 闹市",n:100,5,1,zk gk ielts,433,488,town
toy,toy,tɒi,"n. a nonfunctional replica of something else (frequently used as a modifier)
n. a device regarded as providing amusement
v. manipulate manually or in one's mind or imagination","n. 玩具, 小玩艺儿, 小型的东西, 消遣
a. 供玩耍的, 作为玩具的
vi. 玩弄, 戏弄, 调情",v:4/j:3/n:93,3,1,zk gk cet4 cet6 ky gre,3412,2418,toy
track,track,træk,"n. a pair of parallel rails providing a runway for wheels
n. an endless metal belt on which tracked vehicles move over the ground
n. (computer science) one of the circular magnetic paths on a magnetic disk that serve as a guide for writing and reading data
n. a groove on a phonograph recording","n. 轨迹, 足迹, 径迹, 小道, 轨道, 磁轨, 途径
vt. 循路而行, 追踪, 通过, 用纤拉
vi. 追踪, 留下足迹, 沿轨道运行
[计] 跟踪",v:26/n:74,4,1,gk cet4 cet6 ky toefl ielts gre,1268,1143,track
tractor,tractor,'træktә,"n. a wheeled vehicle with large wheels; used in farming and other applications
n. a truck that has a cab but no body; used for pulling large trailers or vans","n. 牵引器, 拖拉机, 拉纸器
[计] 进纸器",n:100,1,0,gk cet4 cet6 ky toefl ielts,7015,6548,tractor
trade,trade,treid,"n. the commercial exchange (buying and selling on domestic or international markets) of goods and services
n. the skilled practice of a practical occupation
n. the business given to a commercial establishment by its customers
v. engage in the trade of","n. 贸易, 商业, 交易, 生意, 职业, 顾客, 信风
vi. 进行交易, 做买卖, 经商, 对换, 购物
vt. 用...进行交换",v:23/n:77,5,1,zk gk cet4 cet6 ky ielts,485,800,trade
tradition,tradition,trә'diʃәn,n. an inherited pattern of thought or action,"n. 传说, 传统, 交付
[法] 传统, 惯例, 移交",n:100,3,1,gk cet4 cet6 ky,1417,1243,tradition
traditional,traditional,trә'diʃәnl,"a. consisting of or derived from tradition
s. pertaining to time-honored orthodox doctrines","a. 传统的, 惯例的
[经] 传统的, 惯例的",j:100,4,1,zk gk cet4 cet6 ielts,1006,925,traditional
traffic,traffic,'træfik,"n. the aggregation of things (pedestrians or vehicles) coming and going in a particular locality during a specified period of time
n. buying and selling; especially illicit trade
n. the amount of activity over a communication system during a given period of time
v. deal illegally","n. 交通, 通行, 运输, 交通量, 贸易, 交易, 交往, 通信量
vi. 交易, 做买卖
vt. 用...作交换
[计] 通信量, 传输量",v:4/n:96,3,1,zk gk cet4 cet6 ky toefl ielts,1423,1712,traffic
train,train,trein,"n. public transport provided by a line of railway cars coupled together and drawn by a locomotive
n. a series of consequences wrought by an event
n. piece of cloth forming the long back section of a gown that is drawn along the floor
v. create by training and teaching","n. 火车, 列车, 行列, 长队, 一连串的后果, 顺序
vt. 训练, 教育, 对准
vi. 受训练, 锻炼",n:48/v:52,4,1,zk gk ielts,1186,1516,train
trainer,trainer,'treinә,n. one who trains other persons or animals,"n. 训练员, 驯马师
[电] 列车器",n:100,1,0,gk,3854,4458,trainer
training,training,'treiniŋ,n. activity leading to skilled behavior,"n. 训练, 培养
[医] 训练",n:100,0,1,zk gk cet4 cet6 ky ielts,516,796,training
tram,tram,træm,v. travel by tram,"n. 电车轨道, 煤车, 纬纱, 纬丝
vt. 用煤车运载
vi. 乘电车",n:100,1,0,gk cet4 cet6 ky,6704,14885,tram
transform,transform,træns'fɒ:m,"v. subject to a mathematical transformation
v. change or alter in form, appearance, or nature
v. change in outward structure or looks
v. convert (one form of energy) to another","vt. 使转换, 改变, 改造, 使...变形
vi. 改变, 转化, 变换
[计] 变换",v:100,3,1,gk cet4 cet6 ky toefl ielts,2693,2185,transform
translate,translate,træns'leit,"v. restate (words) from one language into another language
v. change from one form or medium into another
v. bring to a certain spiritual state
v. change the position of (figures or bodies) in space without rotation","vt. 翻译, 解释, 转化, 转变为, 调动
vi. 翻译, 被译
[计] 转换",v:100,2,1,zk gk cet4 cet6 ky,3281,2729,translate
translation,translation,træns'leiʃәn,"n. a written communication in a second language having the same meaning as the written communication in a first language
n. a uniform movement without rotation
n. (mathematics) a transformation in which the origin of the coordinate system is moved to another position but the direction of each axis remains the same
n. (genetics) the process whereby genetic information coded in messenger RNA directs the formation of a specific protein at a ribosome in the cytoplasm","n. 翻译, 译文, 转化, 调任, 平移, 转译
[计] 转换",n:100,2,1,gk cet4 cet6 ky toefl,3982,4290,translation
translator,translator,træn'leitә,"n. a person who translates written messages from one language to another
n. a program that translates one programming language into another","n. 翻译者
[计] 翻译程序; 翻译器",n:100,2,0,gk,12093,6785,translator
transparent,transparent,træns'pærәnt,s. easily understood or seen through (because of a lack of subtlety),"a. 透明的, 显然的, 清晰的
[计] 透明",j:100,1,1,gk cet4 cet6 ky toefl ielts gre,6902,5884,transparent
transport,transport,træns'pɒ:t,"n. an exchange of molecules (and their kinetic energy and momentum) across the boundary between adjacent layers of a fluid or across cell membranes
v. move something or somebody around; usually over long distances
v. move while supporting, either in a vehicle or in one's hands or on one's body
v. transport commercially","n. 运输, 运输工具, 激动, 狂喜, 流放犯
vt. 传送, 运输, 流放
[计] 传送",n:50/v:50,4,1,gk cet4 cet6 ky ielts gre,1202,4640,transport
trap,trap,træp,"n. a device in which something (usually an animal) can be caught and penned
n. drain consisting of a U-shaped section of drainpipe that holds liquid and so prevents a return flow of sewer gas
n. something (often something deceptively attractive) that catches you unawares
n. a device to hurl clay pigeons into the air for trapshooters","n. 圈套, 陷阱, 诡计, 存水弯
vi. 设圈套, 设陷阱
vt. 诱捕, 诱骗, 抓住, 使受限制
[计] 俘获; 陷井",n:46/v:54,3,1,gk cet4 cet6 ky toefl ielts,3373,3538,trap
travel,travel,'trævl,"n. the act of going from one place to another
v. change location; move, travel, or proceed, also metaphorically
v. undertake a journey or trip
v. make a trip for pleasure","n. 旅行, 游历, 行进
vi. 旅行, 行进, 移动, 被传播
vt. 旅行, 通过, 使移动",n:35/v:65,4,1,zk gk ielts,1132,1081,travel
traveler,traveler,'trævlә,n. a person who changes location,"n. 旅行者, 游客, 旅客, 旅行推销员, 活动起重架, 行车, 临时记帐单",n:100,0,0,gk,0,3795,traveler
treasure,treasure,'treʒә,"n. accumulated wealth in the form of money or jewels etc.
n. any possession that is highly valued by its owner
n. a collection of precious things","n. 宝物, 财富
vt. 珍爱, 重视, 秘藏",v:13/n:87,2,0,zk gk cet4 cet6 ky toefl,4538,4074,treasure
treat,treat,tri:t,"n. an occurrence that causes special pleasure or delight
v. interact in a certain way
v. provide treatment for
v. provide with a gift or entertainment","n. 宴请, 款待
vt. 视为, 对待, 论述, 治疗, 款待
vi. 讨论, 谈判, 作东",n:9/v:91,4,1,gk cet4 cet6 ky toefl,856,960,treat
treatment,treatment,'tri:tmәnt,"n. care provided to improve a situation (especially medical procedures or applications that are intended to relieve illness or injury)
n. the management of someone or something
n. a manner of dealing with something artistically","n. 治疗, 待遇, 处理
[医] 疗法, 治疗; 处理",n:100,4,1,zk gk cet4 cet6 toefl ielts,766,745,treatment
tree,tree,tri:,"n. a tall perennial woody plant having a main trunk and branches forming a distinct elevated crown; includes both gymnosperms and angiosperms
n. a figure that branches from a single root
n. English actor and theatrical producer noted for his lavish productions of Shakespeare (1853-1917)
v. plant with trees","n. 树, 木料, 树状物
vt. 把...赶上树
[计] 树; DOS外部命令:显示指定磁盘驱动器的目录结构",n:100,4,1,zk gk ielts,680,596,tree
tremble,tremble,'trembl,"n. a reflex motion caused by cold or fear or excitement
v. move or jerk quickly and involuntarily up and down or sideways","n. 战栗, 颤抖
vi. 战栗, 忧虑, 摇晃",v:100,2,0,gk cet4 cet6 ky toefl ielts,4432,5233,tremble
trend,trend,trend,"n a general direction in which something tends to move
n general line of orientation
n a general tendency to change (as of opinion)
n the popular taste at a given time
v turn sharply; change direction abruptly","n. 趋势, 倾向, 走向
vi. 倾向, 转向
[计] 趋势",v:1/n:99,3,1,gk cet4 cet6 ky toefl ielts gre,1949,1697,trend
trial,trial,'traiәl,"n. trying something to find out about it
n. (law) the determination of a person's innocence or guilt by due process of law
n. (sports) a preliminary competition to determine qualifications
n. an annoying or frustrating or catastrophic event","n. 审判, 试验, 艰苦, 麻烦事, 考验
a. 审讯的, 试验性的",v:1/n:99,4,1,gk cet4 cet6 ky toefl ielts,1166,898,trial
triangle,triangle,'traiæŋgl,"n. a three-sided polygon
n. something approximating the shape of a triangle
n. any of various triangular drafting instruments used to draw straight lines at specified angles
n. a percussion instrument consisting of a metal bar bent in the shape of an open triangle","n. 三角形, 三个一组, 三角关系
[医] 三角, 三角形",n:100,1,1,gk cet4 cet6 ky toefl ielts,5296,5605,triangle
trick,trick,trik,"n. a cunning or deceitful action or device
n. a period of work or duty
n. an attempt to get you to do something foolish or imprudent
n. (card games) in a single round, the sequence of cards played by all the players; the high card is the winner","n. 诡计, 欺诈, 谋略, 恶作剧, 习惯, 决窍
vt. 愚弄, 欺骗, 装饰
vi. 哄骗, 戏弄
a. 有决窍的, 特技的, 欺诈的, 漂亮的, 靠不住的",v:18/n:82,3,1,gk cet4 cet6 ky toefl ielts,3180,3068,trick
trip,trip,trip,"n. a journey for some purpose (usually including the return)
n. a hallucinatory experience induced by drugs
n. an exciting or stimulating experience
n. a light or nimble tread","n. 旅行, 绊倒, 摔倒, 失足, 差错, 旅程
vt. 使跌倒, 使犯错, 使失败
vi. 轻快地走, 绊倒, 失误, 犯错, 结巴, 旅行, 远足",v:10/n:90,4,1,zk gk toefl ielts,1664,962,trip
troop,troop,tru:p,"n. a group of soldiers
n. a cavalry unit corresponding to an infantry company
n. a unit of Girl or Boy Scouts
n. an orderly crowd","n. 军队, 一群, 一队
vi. 群集, 结队, 成群而行",v:1/n:99,4,0,gk cet4 cet6 ky toefl,1740,1137,troop
trouble,trouble,'trʌbl,"n. a source of difficulty
n. an event causing distress or pain
n. an effort that is inconvenient
n. an unwanted pregnancy","n. 烦恼, 麻烦, 困难, 动乱, 故障
vt. 困扰, 麻烦, 使烦恼, 折磨
vi. 烦恼, 费心",v:12/n:88,4,1,zk gk toefl ielts,1005,981,trouble
troublesome,troublesome,'trʌblsәm,s. difficult to deal with,"a. 麻烦的, 令人讨厌的",j:100,1,0,gk cet4 cet6 ky toefl,9603,9839,troublesome
trousers,trousers,'trauzәz,"n (usually in the plural) a garment extending from the waist to the knee or ankle, covering each leg separately
n a garment (or part of a garment) designed for or relating to trousers","pl. 裤子, 长裤",n:100,2,1,zk gk cet4 cet6 ky ielts,2969,7124,trousers
truck,truck,trʌk,"n. an automotive vehicle suitable for hauling
v. convey (goods etc.) by truck","n. 卡车, 货车, 对...进行交易, 来往, 实物工资, (供应市场的)蔬菜, 废物, 废话
vt. 对...进行交易, 交往, 以卡车运输
vi. 驾驶卡车, 以物易物",v:3/n:97,3,1,zk gk cet4 cet6 ky,3631,1237,truck
true,true,tru:,"n. proper alignment; the property possessed by something that is in correct or proper alignment
v. make level, square, balanced, or concentric
a. consistent with fact or reality; not false
s. accurately placed or thrown","a. 真实的, 正确的, 忠诚的, 可靠的, 纯粹的, 正式的
n. 真实, 准确
adv. 真实地, 准确地",r:1/j:99,4,1,zk gk,547,492,true
truly,truly,'tru:li,r. in accordance with truth or fact or reality,"adv. 真实地, 不假",r:100,3,1,gk cet4 cet6,2576,1719,truly
trunk,trunk,trʌŋk,"n. the main stem of a tree; usually covered with bark; the bole is usually the part that is commercially useful for lumber
n. luggage consisting of a large strong case used when traveling or for storage","n. 树干, 干线, 躯干, 主干, 象鼻, 箱子
vt. 把...放入旅行箱内
a. 树干的, 躯干的, 干线的, 箱形的
[计] 中继线; 母线",n:100,2,0,gk cet4 cet6 ky toefl ielts gre,4993,3533,trunk
trust,trust,trʌst,"n. something (as property) held by one party (the trustee) for the benefit of another (the beneficiary)
n. the trait of believing in the honesty and reliability of others
n. a consortium of independent organizations formed to limit competition by controlling the production and distribution of a product or service
v. have confidence or faith in","n. 信任, 信赖, 相信, 受托, 职责, 信心, 托拉斯
a. 信托的, 托拉斯的
vt. 信赖, 信任, 相信, 盼望, 赊卖给
vi. 相信, 信赖, 依靠
[计] 委托, 信任",n:44/v:56,4,1,zk gk cet4 cet6 ky,1160,1841,trust
truth,truth,tru:θ,"n. a fact that has been verified
n. conformity to reality or actuality
n. a true statement
n. United States abolitionist and feminist who was freed from slavery and became a leading advocate of the abolition of slavery and for the rights of women (1797-1883)","n. 事实, 实情
[法] 真实, 真相, 事实",n:100,4,1,zk gk cet4 cet6 ky toefl,1152,850,truth
try,try,trai,"v. make an effort or attempt
v. give pain or trouble to
v. test the limits of
v. melt (fat or lard) in order to separate out impurities","n. 尝试, 试验, 审理, 审判
vt. 试, 尝试, 试验, 考验, 审问, 提炼
vi. 尝试, 试图",n:2/v:98,5,1,zk gk,159,127,try
tube,tube,tju:b,"n. conduit consisting of a long hollow object (usually cylindrical) used to hold and conduct objects or liquids or gases
n. electronic device consisting of a system of electrodes arranged in an evacuated glass or metal envelope
n. (anatomy) any hollow cylindrical body structure
v. provide with a tube or insert a tube into","n. 管, 软管, 隧道
vt. 把...装管, 使通过管子
[计] 管子",n:100,3,1,gk cet4 cet6 ky toefl ielts,2688,2520,tube
Tuesday,tuesday,'tju:zdi,n. the third day of the week; the second working day,n. 星期二,,4,1,zk gk ielts,2348,0,tuesday
tune,tune,tju:n,"n. a succession of notes forming a distinctive sequence
n. the property of producing accurately a note of a given pitch
n. the adjustment of a radio receiver or other circuit to a required frequency
v. adjust for (better) functioning","n. 歌曲, 主旋律, 心情, 声调, 和谐, 一致, 语调, 程度
vt. 为...调音, 调整, 调谐, 使一致
vi. 协调, 调谐",n:47/v:53,3,1,gk cet4 cet6 ky toefl ielts,3770,3646,tune
turkey,turkey,'tә:ki,"n. large gallinaceous bird with fan-shaped tail; widely domesticated for food
n. a Eurasian republic in Asia Minor and the Balkans; on the collapse of the Ottoman Empire in 1918, the Young Turks, led by Kemal Ataturk, established a republic in 1923
n. flesh of large domesticated fowl usually roasted
n. an event that fails badly or is totally ineffectual","n. 火鸡, 无用的家伙, 土耳其",n:100,1,0,gk cet4 cet6 ky,4180,3292,turkey
turn,turn,tә:n,"n. the act of changing or reversing the direction of the course
n. (game) the activity of doing something in an agreed succession
n. an unforeseen development
n. the act of turning away or in the opposite direction","n. 转弯, 转动, 旋转, 翻转, 一圈, 顺次, 改动, 变化, 性格, 特色, 形状, 转折
vt. 使旋转, 转弯, 转动, 使转向, 驱赶, 阻挡, 兑换, 改写, 使作对, 绕过, 使流通
vi. 转动, 转弯, 转向, 翻转, 回转, 改变, 转身, 变成, 变质, 晕眩, 易脱手",n:13/v:87,5,1,zk gk,183,170,turn
tutor,tutor,'tju:tә,"v. be a tutor to someone; give individual instruction
v. act as a guardian to someone","n. 家庭教师, 导师, 助教, 监护人
vt. 当...的教师, 教, 指导, 约束, 克制
vi. 当家庭教师, 受家庭教师的指导",v:27/n:73,2,0,gk cet4 cet6 ky toefl ielts gre,3839,9093,tutor
TV,tv,'ti:'vi:,"n broadcasting visual images of stationary or moving objects
n an electronic device that receives television signals and displays them on a screen","电视
[计] 电视, 转移向量",,4,1,zk gk ky ielts,1457,730,tv
twelfth,twelfth,twelfθ,"n. position 12 in a countable series of things
s. coming next after the eleventh and just before the thirteenth in position","num. 第十二, 十二分之一",m:100,4,0,zk gk,6150,12592,twelfth
twelve,twelve,twelv,"n. the cardinal number that is the sum of eleven and one
s. denoting a quantity consisting of 12 items or units","num. 十二, 十二个",m:100,5,0,zk gk,1447,3218,twelve
twentieth,twentieth,'twentiiθ,"n. position 20 in a countable series of things
s. coming next after the nineteenth in position","num. 第二十, 二十分之一",m:100,4,0,zk gk,3802,4889,twentieth
twenty,twenty,'twenti,"n. the cardinal number that is the sum of nineteen and one
s. denoting a quantity consisting of 20 items or units","num. 二十, 二十个",m:100,5,0,zk gk,605,2086,twenty
twice,twice,twais,r. two times,"adv. 两次, 两倍",r:100,5,1,zk gk,1501,1410,twice
twin,twin,twin,"n. either of two offspring born at the same time from the same pregnancy
n. a waterfall in the Snake River in southern Idaho
v. duplicate or match
v. grow as twins","n. 双胞胎中一人, 一对非常相像的人(或物)中的一个
a. 双胞胎的, 成对的, 孪生的
vi. 生双胞胎, 成对
vt. 怀(双胞胎), 使成对",j:4/v:3/n:93,3,1,gk cet4 cet6 ky,2884,2376,twin
twist,twist,twist,"n. a jerky pulling movement
n. social dancing in which couples vigorously twist their hips and arms in time to the music; was popular in the 1960s
n. turning or twisting around (in place)
v. turn in the opposite direction","n. 一扭, 扭曲, 曲折, 歪曲, 螺旋状, 新手法
vt. 拧, 扭, 捻, 编织, 使扭转, 缠绕, 盘绕, 歪曲, 使转动, 使苦恼, 使混乱, 使旋转
vi. 转向, 弯曲, 缠绕, 扭动, 呈螺旋形",n:40/v:60,3,1,gk cet4 cet6 ky toefl ielts,3673,3759,twist
two,two,tu:,"n. the cardinal number that is the sum of one and one or a numeral representing this number
s. being one more than one","num. 二, 二个",m:100,5,0,zk gk,60,80,two
type,type,taip,"n. a subdivision of a particular kind of thing
n. (biology) the taxonomic group whose characteristics are used to define the next higher taxon
n. printed characters
n. all of the tokens of the same symbol","n. 类型, 样式, 典型, 榜样, 标志, 符号, 型, 式
vi. 打字
vt. 作为代表, 测定类型, 用打字机打
[计] 类型; 键入; DOS内部命令:在屏幕上显示指定文件的内容",v:5/n:95,4,1,gk cet4 cet6 ky ielts,356,590,type
typewriter,typewriter,'taip.raitә,n. hand-operated character printer for printing written messages one character at a time,n. 打字机,n:100,1,0,gk cet4 cet6 ky,7660,9870,typewriter
typhoon,typhoon,tai'fu:n,n. a tropical cyclone occurring in the western Pacific or Indian oceans,n. 台风,n:100,1,0,gk cet4 cet6 ky ielts gre,25972,21835,typhoon
typical,typical,'tipikl,"a. exhibiting the qualities or characteristics that identify a group or kind or category
s. conforming to a type","a. 典型的, 象征性的
[医] 典型的",j:100,3,1,gk cet4 cet6 ky toefl ielts,1850,1835,typical
typist,typist,'taipist,n. someone paid to operate a typewriter,n. 打字员,n:100,0,0,gk cet4 cet6 ky,14970,22849,typist
tyre,tyre,'taiә,"n a port in southern Lebanon on the Mediterranean Sea; formerly a major Phoenician seaport famous for silks
n hoop that covers a wheel","n. 轮胎
vt. 装轮胎于",,2,1,gk cet4 cet6 ielts,4491,0,tyre
ugly,ugly,'ʌgli,a. displeasing to the senses,"a. 丑陋的, 邪恶的, 险恶的, 不祥的
n. 丑陋的人(或物)",j:99/n:1,2,1,zk gk cet4 cet6 ky ielts gre,4485,3262,ugly
umbrella,umbrella,ʌm'brelә,"n. a lightweight handheld collapsible canopy
n. a formation of military planes maintained over ground operations or targets
n. having the function of uniting a group of similar things
s. covering or applying simultaneously to a number of similar items or elements or groups","n. 伞, 雨伞, 保护伞
a. 伞的, 包罗万象的
vt. 用伞遮掩",n:100,2,1,zk gk,5549,5664,umbrella
unable,unable,ʌn'eibl,"a. (usually followed by `to') not having the necessary means or skill or know-how
s. (usually followed by `to') lacking necessary physical or mental ability","a. 不能的, 不会的
[法] 无能力的, 无资格的, 没有办法的",j:100,3,1,gk cet4 cet6,1474,2136,unable
unbearable,unbearable,.ʌn'bєәrәbl,a incapable of being put up with,"a. 无法忍受的, 承受不住的",j:100,1,0,gk cet4 cet6 toefl,9826,10284,unbearable
unbelievable,unbelievable,.ʌnbi'li:vәbl,"a beyond belief or understanding
s having a probability too low to inspire belief",a. 难以置信的,j:100,2,0,gk,8410,6070,unbelievable
uncertain,uncertain,.ʌn'sә:tn,"a. lacking or indicating lack of confidence or assurance
a. not established beyond doubt; still undecided or unknown
a. not certain to occur; not inevitable
s. not consistent or dependable","a. 不确定的, 无常的, 不确信的, 不可预测的
[法] 不确定的, 未定的, 不确信的",j:100,2,1,gk cet4 cet6,3532,4291,uncertain
uncle,uncle,ʌŋkl,"n. the brother of your father or mother; the husband of your aunt
n. a source of help and advice and encouragement","n. 叔父, 伯父, 姨丈",n:100,3,1,zk gk,2301,3345,uncle
uncomfortable,uncomfortable,.ʌn'kʌmfәtәbl,"a. conducive to or feeling mental discomfort
a. providing or experiencing physical discomfort","a. 不舒服的, 不自在的, 不安的",j:100,2,1,gk cet4 cet6 ielts,4465,3640,uncomfortable
unconditional,unconditional,.ʌnkәn'diʃәnl,"a. not conditional
s. not contingent; not determined or influenced by someone or something else","a. 无条件的, 无限制的, 绝对的
[经] 无条件的, 无保留的",j:100,2,0,gk ielts,10278,11570,unconditional
unconscious,unconscious,.ʌn'kɒnʃәs,"a. not conscious; lacking awareness and the capacity for sensory perception as if asleep or dead
s. without conscious volition
s. (followed by `of') not knowing or perceiving","a. 未意识到的, 无意识的, 无知觉的
[医] 人事不省的, 神志丧失的; 无意识的",j:92/n:8,2,1,gk cet4 cet6 toefl ielts gre,5026,5668,unconscious
under,under,'ʌndә,"s. lower in rank, power, or authority
r. down to defeat, death, or ruin
r. through a range downward
r. into unconsciousness","prep. 在...之下, 低于
a. 下面的, 从属的
adv. 在下面",i:88/r:12,5,1,zk gk,158,225,under
underground,underground,'ʌndәgraund,"n. a secret group organized to overthrow a government or occupation force
r. in or into hiding or secret operation
r. beneath the surface of the earth","n. 地下, 地铁, 地道, 秘密活动
a. 地下的, 秘密的
adv. 在地下, 秘密地",r:33/j:64/n:3,3,1,zk gk toefl ielts,5281,5341,underground
underline,underline,'ʌndәlain,v. draw a line or lines underneath to call attention to,"vt. 在...下面划线, 作...的衬里, 强调
n. 下划线, 图下说明文字
[计] 加下划线; 下划线",n:2/v:98,2,0,gk cet4 cet6 ky ielts,4685,9691,underline
understand,understand,.ʌndә'stænd,"v. know and comprehend the nature or meaning of
v. perceive (an idea or situation) mentally
v. make sense of a language
v. believe to be the case","vt. 理解, 了解, 领会, 听说, 懂
vi. 懂得, 认为",v:100,5,1,zk gk toefl,391,320,understand
understanding,understanding,.ʌndә'stændiŋ,"n. the cognitive condition of someone who understands
s. characterized by understanding based on comprehension and discernment and empathy","n. 理解, 谅解
[法] 协商, 协议, 谅解",j:1/n:99,3,1,gk cet4 cet6 ky ielts,1260,1298,understanding
undertake,undertake,.ʌndә'teik,"v. enter upon an activity or enterprise
v. accept as a challenge
v. promise to do or accomplish
v. accept as a charge","vt. 试图, 从事, 保证, 承担, 同意, 接受
[化] 承包; 承担",v:100,2,0,gk cet4 cet6 ky toefl ielts,1604,4035,undertake
underwear,underwear,'ʌndәwєә,n. undergarment worn next to the skin and under the outer garments,n. 内衣,n:100,1,1,gk cet6,8792,6524,underwear
undivided,undivided,.ʌndi'vaidid,"s. not parted by conflict of opinion
s. not shared by or among others
s. not separated into parts or shares; constituting an undivided unit","a. 未分开的, 专一的, (组织等)未分裂的
[法] 不可分割的, 完整的, 未分割的",j:100,0,0,gk,19323,20480,undivided
undo,undo,.ʌn'du:,"v. cancel, annul, or reverse an action or its effect
v. cause the ruin or downfall of","vt. 解开, 取消, 破坏, 毁灭, 扰乱
vi. 松开
[计] 撤消",v:100,1,1,gk cet4 cet6 ky toefl ielts,6417,6632,undo
unemployment,unemployment,.ʌnim'plɒimәnt,n. the state of being unemployed or not having a job,"n. 失业, 失业人数
[经] 失业",n:100,1,1,gk cet6 ky ielts,1495,3492,unemployment
unfair,unfair,.ʌn'fєә,a. not fair; marked by injustice or partiality or deception,"a. 不公平的, 不正直的, 不正当的
[法] 不正直的, 不公平的, 偏颇的",j:100,3,1,gk cet4 cet6 toefl ielts,3625,4493,unfair
unfit,unfit,.ʌn'fit,"a. below the required standards for a purpose
a. not in good physical or mental condition; out of condition","a. 不适当的, 不胜任的, 不健康的
vt. 使不相宜, 使不合格",j:94/v:6,1,0,gk cet6,9543,13433,unfit
unfold,unfold,.ʌn'fәuld,"v. open to the view
v. extend or stretch out to a greater or the full length
v. spread out or open from a closed or folded state","vt. 展开, 打开, 披露, 开展, 挑明
vi. 伸展, 开花, 呈现",v:100,2,0,gk cet6 ky toefl ielts gre,7574,4541,unfold
unfortunate,unfortunate,.ʌn'fɒ:tʃәnit,"n. a person who suffers misfortune
a. not favored by fortune; marked or accompanied by or resulting in ill fortune
s. unsuitable or regrettable","a. 不幸的, 不合适的, 不吉利的",j:100,2,1,gk cet4 cet6,4076,4970,unfortunate
unfortunately,unfortunately,ʌn'fɔ:tjjnәtli,r. by bad luck,"adv. 恐怕, 不幸的是",r:100,3,1,gk cet4 cet6 ky toefl,1910,2016,unfortunately
unhappy,unhappy,.ʌn'hæpi,"a. experiencing or marked by or causing sadness or sorrow or discontent
s. causing discomfort","a. 不快乐的, 不幸的, 不适当的",j:100,3,1,gk cet4 cet6,3622,4717,unhappy
unhealthy,unhealthy,.ʌn'helθi,"a. not in or exhibiting good health in body or mind
s. not conducive to good health",a. 不健康的,j:100,1,0,gk ielts,11127,9533,unhealthy
uniform,uniform,'ju:nifɒ:m,"n. clothing of distinctive design worn by members of a particular group as a means of identification
v. provide with uniforms
a. always the same; showing a single form or character in all occurrences
s. evenly spaced","n. 制服
a. 统一的, 一律的, 始终如一的",j:27/n:73,3,1,gk cet4 cet6 ky toefl ielts gre,3504,3043,uniform
unimportant,unimportant,.ʌnim'pɒ:tnt,a. not important,a. 不重要的,j:100,1,1,gk,9487,12727,unimportant
union,union,'ju:njәn,"n. an organization of employees formed to bargain with the employer
n. the United States (especially the northern states during the American Civil War)
n. the state of being joined or united or linked
n. healing process involving the growing together of the edges of a wound or the growing together of broken bones","n. 联盟, 联合, 结合, 工会
[化] 联合; 联管节; 活接头",n:100,5,1,gk cet4 cet6 ky toefl ielts,467,1658,union
unique,unique,ju:'ni:k,"s. (followed by `to') applying exclusively to a given category or condition or locality
s. highly unusual or rare but not the single instance","a. 独一无二的, 独特的, 稀罕的",j:100,3,1,gk cet4 cet6 ky toefl ielts gre,2090,1726,unique
unit,unit,'ju:nit,"n. an individual or group or structure or other entity regarded as a structural or functional constituent of a whole
n. an organization regarded as part of a larger social group
n. a single undivided whole
n. a single undivided natural thing occurring in the composition of something else","n. 单位, 分队, 部队, 单元, 部件, 装置
a. 单位的, 单元的
[计] 单元常数; 部件",n:100,4,1,zk gk cet4 cet6 ky,560,966,unit
unite,unite,ju:'nait,"v. act in concert or unite in a common purpose or belief
v. have or possess in combination
v. bring together for a common purpose or action or ideology or in a shared situation
v. join or combine","vi. 联合, 接合, 混合
vt. 使联合, 统一, 使粘合, 使结合",v:100,2,1,gk cet4 cet6 ky,3628,4146,unite
universal,universal,.ju:ni'vә:sl,"n. (linguistics) a grammatical rule (or other linguistic feature) that is found in all languages
n. (logic) a proposition that asserts something of all members of a class
n. a behavioral convention or pattern characteristic of all members of a particular culture or of all human beings
s. applicable to or common to all members of a group or set","a. 全世界的, 普遍的, 宇宙的, 通用的
n. 一般概念",j:98/n:2,2,0,gk cet4 cet6 ky toefl ielts,2968,2642,universal
universe,universe,'ju:nivә:s,"n. everything that exists anywhere
n. everything stated or assumed in a given discussion","n. 宇宙, 星系, (思想等)范围",n:100,3,1,gk cet4 cet6 ky toefl,2905,2120,universe
university,university,.ju:ni'vә:siti,"n. the body of faculty and students at a university
n. establishment where a seat of higher learning is housed, including administrative and living quarters as well as facilities for research and teaching
n. a large and diverse institution of higher learning created to educate for life and for a profession and to grant degrees",n. 大学,n:100,5,1,zk gk cet4 cet6 ky,530,1106,university
unknown,unknown,.ʌn'nәun,"n. an unknown and unexplored region
n. a variable whose values are solutions of an equation
a. not known
s. not known to exist","a. 不知道的, 未知的, 陌生的
n. 未知物, 未知数",j:96/n:4,3,1,gk cet4 cet6,2087,2825,unknown
unless,unless,.ʌn'les,"conj. Upon any less condition than (the fact or thing stated
   in the sentence or clause which follows); if not; supposing that not;
   if it be not; were it not that; except; as, we shall fail unless we are
   industrious.","conj. 除非
prep. 除...之外",c:100,4,1,zk gk cet4 cet6 ky toefl,901,1332,unless
unlike,unlike,.ʌn'laik,"a. marked by dissimilarity
a. not equal in amount","a. 不像的, 不同的
prep. 不像, 和...不同",i:62/j:38,3,1,gk cet4 cet6 ky,2194,2468,unlike
unmarried,unmarried,.ʌn'mærid,a. not married or related to the unmarried state,"a. 未婚的, 单身的
[法] 未婚的, 独身的",j:100,1,0,gk,7635,9465,unmarried
unpleasant,unpleasant,.ʌn'pleznt,"a. disagreeable to the senses, to the mind, or feelings","a. 使人不愉快的, 使人厌恶的, 煞风景的",j:100,2,1,gk cet4 cet6,4722,6472,unpleasant
unrest,unrest,.ʌn'rest,n. a feeling of restless agitation,"n. 不安的状态, 动荡的局面
[医] 不安",n:100,2,0,gk ielts,6135,8995,unrest
unsafe,unsafe,.ʌn'seif,"a lacking in security or safety
a involving or causing danger or risk; liable to hurt or harm
s not safe from attack","a. 不安全的, 不安稳的, 危险的
[经] 不安全",j:100,1,0,gk,9721,9139,unsafe
unsuccessful,unsuccessful,.ʌnsәk'sesful,a. not successful; having failed or having an unfavorable outcome,a. 不成功的,j:100,2,1,gk,5651,7731,unsuccessful
until,until,әn'til,"prep. To; unto; towards; -- used of material objects.
prep. To; up to; till; before; -- used of time; as, he staid
   until evening; he will not come back until the end of the month.
conj. As far as; to the place or degree that; especially, up to
   the time that; till. See Till, conj.","prep. 直到, 在...以前
conj. 直到...时, 在...以前",i:17/c:83,5,1,zk gk,382,270,until
untrue,untrue,.ʌn'tru:,"s. not according with the facts
s. not true to an obligation or trust","a. 不真实的, 不正确的, 不忠实的
[法] 虚伪的, 不真实的, 不正确的",j:100,1,0,gk,11112,11958,untrue
unusual,unusual,.ʌn'ju:ʒu:l,"a. not usual or common or ordinary
s. not commonly encountered","a. 不寻常的, 罕见的, 与众不同的",j:100,3,1,gk cet4 cet6 ky ielts,2152,2037,unusual
unwilling,unwilling,.ʌn'wiliŋ,"a. not disposed or inclined toward
s. in spite of contrary volition","a. 不愿意的, 勉强的
[法] 不愿意的, 勉强的, 不服从的",j:100,2,1,gk cet4 cet6,5583,6237,unwilling
up,up,ʌp,"v. raise
a. being or moving higher in position or greater in some value; being above a former position or level
s. extending or moving toward a higher place
s. (usually followed by `on' or `for') in readiness","a. 向上的, 起床的, 涨的
adv. 向上, 上涨
prep. 在...上面, 向...的较高处",i:9/r:89/v:1/n:1,2,1,zk gk,52,50,up
upon,upon,ә'pɒn,"prep. On; -- used in all the senses of that word, with which it
   is interchangeable.","prep. 在...之上, 迫近, 紧接着",i:100,4,1,zk gk cet4 cet6 ky,405,693,upon
upper,upper,'ʌpә,"n. piece of leather or synthetic material that forms the part of a shoe or boot above the sole that encases the foot
s. the topmost one of two
s. higher in place or position
s. superior in rank or accomplishment","a. 上面的, 较高的, 上级的, 上院的, 穿在外面的, 北部的, 地表的, 后期的
n. 鞋帮, 上齿",j:98/n:2,3,1,gk cet4 cet6 ky,1743,1955,upper
upset,upset,ʌp'set,"n. the act of disturbing the mind or body
n. a tool used to thicken or spread metal (the end of a bar or a rivet etc.) by forging or hammering or swaging
n. the act of upsetting something
v. disturb the balance or stability of","a. 弄翻的, 混乱的, 心烦的
vt. 弄翻, 颠覆, 推翻, 打乱, 使不适, 使心烦
vi. 翻倒",n:3/j:40/v:57,3,1,gk cet4 cet6 ky toefl ielts,3776,3388,upset
upstairs,upstairs,'ʌp'stєәz,"n. the part of a building above the ground floor
a. on or of upper floors of a building
r. on a floor above
r. with respect to the mind","a. 楼上的
adv. 在楼上, 向楼上, 处于更高地位
n. 楼层",r:82/n:18,2,1,zk gk cet4 cet6 ky,3067,4381,upstairs
upward,upward,'ʌpwәd,s. directed up,"a. 向上的
adv. 以上",r:60/j:40,0,1,gk cet4 cet6 ky,7607,6144,upward
urban,urban,'ә:bәn,"a. relating to or concerned with a city or densely populated area
a. located in or characteristic of a city or city life","a. 都市的, 住在都市的, 习惯于都市的
[法] 城市的, 都市的, 市区的",j:100,3,1,gk cet4 cet6 ky toefl,1749,1583,urban
urge,urge,ә:dʒ,"n. an instinctive motive
n. a strong restless desire
v. force or impel in an indicated direction","n. 冲动, 推动力, 迫切的要求
vt. 驱策, 力劝, 竭力主张, 推动
vi. 强烈要求",n:21/v:79,4,1,gk cet4 cet6 ky toefl,2262,2261,urge
urgent,urgent,'ә:dʒәnt,s compelling immediate action,"a. 紧急的, 急迫的, 催逼的
[经] 紧急的, 急迫的",j:100,3,1,gk cet4 cet6 ky toefl gre,3268,5330,urgent
use,use,ju:s,"n. the act of using
n. a particular service
n. (law) the exercise of the legal right to enjoy the benefits of owning property
v. put into service; make work or employ for a particular purpose or for its inherent or natural purpose","n. 使用, 习惯, 使用价值, 用法, 使用权
vt. 使用, 利用, 运用, 耗费
vi. 惯常",n:19/v:81,4,1,zk gk,87,92,use
useful,useful,'ju:sful,a. being of use or service,"a. 有用的, 有益的
[机] 有用的, 有效的",j:100,4,1,zk gk cet4 cet6 ky ielts,986,2026,useful
useless,useless,'ju:slis,a. having no beneficial use or incapable of functioning usefully,"a. 无用的, 无效的, 无益的
[机] 无用, 无价值, 无效",j:100,2,1,gk cet4 cet6 toefl ielts,4667,5657,useless
user,user,'ju:zә,n. a person who makes use of a thing; someone who uses or employs something,"n. 使用者
[计] 用户",n:100,3,1,gk cet4 cet6,806,1813,user
usual,usual,'ju:ʒuәl,a. occurring or encountered or experienced or observed frequently or in accordance with regular practice or procedure,"a. 平常的, 通常的",r:24/j:76,4,1,zk gk cet4 cet6 ky ielts,1473,2360,usual
usually,usually,'ju:ʒuәli,r under normal conditions,"adv. 通常, 大抵",r:100,4,1,gk,526,724,usually
vacant,vacant,'veikәnt,"s. void of thought or knowledge
s. without an occupant or incumbent","a. 空的, 空白的, 空虚的, 空闲的, 茫然的, 空缺的
[法] 空的, 空虚的, 闲暇的",j:100,1,0,gk cet4 cet6 ky toefl,6366,6751,vacant
vacation,vacation,vei'keiʃәn,"n. leisure time away from work devoted to rest or pleasure
n. the act of making something legally void
v. spend or take a vacation","n. 假期, 休假
[法] 假期, 停审期, 休庭期",v:6/n:94,2,1,zk gk cet4 cet6 ky toefl ielts,9542,2622,vacation
vague,vague,veig,"s not clearly understood or expressed
a not precisely limited, determined, or distinguished
s lacking clarity or distinctness","a. 含糊的, 不清楚的, 茫然的",j:100,2,0,gk cet4 cet6 ky toefl gre,4265,4885,vague
vain,vain,vein,"s characteristic of false pride; having an exaggerated sense of self-importance
s unproductive of success","a. 无价值的, 徒然的, 空虚的, 自负的, 愚蠢的",r:59/j:41,2,0,gk cet4 cet6 ky ielts gre,9731,10144,vain
valid,valid,'vælid,"a. well grounded in logic or truth or having legal force
s. still legally acceptable","a. 有确实根据的, 有法律效力的, 正当的, 正确的
[经] 有效的",j:100,2,1,gk cet4 cet6 ky toefl,3211,4703,valid
valley,valley,'væli,n. a long depression in the surface of the land that usually contains a river,"n. 山谷, 溪谷, 流域, 凹地
[医] 谷",n:100,3,1,gk cet4 cet6 ky ielts,1795,2793,valley
valuable,valuable,'væljuәbl,"n. something of value
a. having great material or monetary value especially for use or exchange
s. having worth or merit or value","a. 有价值的, 贵重的, 宝贵的, 可估价的
[经] 有价值的, 可估价的, 贵重的",j:100,3,1,gk cet4 cet6 ky,2236,2605,valuable
value,value,'vælju:,"n. a numerical quantity measured or assigned or computed
n. the quality (positive or negative) that renders something desirable or valuable
n. the amount (of money or goods or services) that is considered to be a fair equivalent for something else
n. relative darkness or lightness of a color","n. 价值, 价格, 购买力, 评价, 估价, 计算结果
vt. 评价, 估价, 重视
[计] 计算结果",v:8/n:92,5,1,zk gk cet4 cet6 ky ielts,367,499,value
vanilla,vanilla,vә'nilә,"n. any of numerous climbing plants of the genus Vanilla having fleshy leaves and clusters of large waxy highly fragrant white or green or topaz flowers
n. a flavoring prepared from vanilla beans macerated in alcohol (or imitating vanilla beans)
n. a distinctive fragrant flavor characteristic of vanilla beans","n. 香草, 香子兰",n:100,0,0,gk gre,16038,5374,vanilla
variety,variety,vә'raiәti,"n. (biology) a taxonomic category consisting of members of a species that differ from others of the same species in minor but heritable characteristics
n. a difference that is usually pleasant","n. 多样, 种类, 变种, 杂耍
[化] 变种",n:100,4,1,gk cet4 cet6 ky toefl ielts,977,1171,variety
various,various,'vєәriәs,"s of many different kinds purposefully arranged but lacking any uniformity
s considered individually
s distinctly dissimilar or unlike
s having great diversity or variety","a. 不同的, 各种的, 多方面的, 许多的, 个别的, 杂色的
[法] 不同的, 种种的, 各式各样的",j:100,4,1,gk cet4 cet6 ky toefl ielts,643,859,various
vase,vase,veis,n. an open jar of glass or porcelain used as an ornament or to hold flowers,"n. 花瓶, 瓶",n:100,1,0,gk cet4 cet6 ky,6555,7044,vase
vast,vast,vɑ:st,s unusually great in size or amount or degree or especially extent or scope,"a. 巨大的, 广大的, 非常的, 大量的",j:100,3,1,gk cet4 cet6 ky toefl,1936,1965,vast
vcd,vcd,,,[电] 可变电容二极体的简写,,0,0,zk gk,0,0,vcd
veal,veal,vi:l,n. meat from a calf,"n. 小牛肉
vt. 宰小牛",n:100,1,0,gk,21553,12617,veal
vegetable,vegetable,'vedʒәtәbl,"n. edible seeds or roots or stems or leaves or bulbs or tubers or nonsweet fruits of any of numerous herbaceous plant
n. any of various herbaceous plants cultivated for an edible part such as the fruit or the root of the beet or the leaf of spinach or the seeds of bean plants or the flower buds of broccoli or cauliflower","n. 蔬菜, 植物, 无精打采之人
a. 蔬菜的, 植物的",j:1/n:99,3,1,zk gk toefl ielts,2818,1934,vegetable
vehicle,vehicle,'vi:ikl,"n. a conveyance that transports people or objects
n. a medium for the expression or achievement of something
n. any substance that facilitates the use of a drug or pigment or other material that is mixed with it","n. 交通工具, 车辆, 传播媒介
[化] 载体; 运载体; 漆料",n:100,4,1,zk gk cet4 cet6 ky toefl ielts gre,1319,1293,vehicle
version,version,'vә:ʒәn,"n. an interpretation of a matter from a particular viewpoint
n. something a little different from others of the same type
n. manual turning of a fetus in the uterus (usually to aid delivery)","n. 一种描述, 版本, 译文
[计] 版本",n:100,4,1,gk cet4 cet6 ky toefl ielts,953,1130,version
vertical,vertical,'vә:tikl,"n. something that is oriented vertically
a. at right angles to the plane of the horizon or a base line
a. relating to or involving all stages of a business from production to distribution
s. of or relating to different levels in a hierarchy (as levels of social class or income group)","a. 垂直的, 直立的
[医] 垂直的, 顶的, 头顶的",j:96/n:4,2,1,gk cet4 cet6 ky toefl ielts gre,3857,4448,vertical
very,very,'veri,"s. precisely as stated
r. used as intensifiers; `real' is sometimes used informally for `really'; `rattling' is informal
r. precisely so","a. 真正的, 恰好的, 十足的, 特有的
adv. 非常, 完全",r:92/j:8,5,1,zk gk,80,105,very
vest,vest,vest,"n. a man's sleeveless garment worn underneath a coat
v. place (authority, property, or rights) in the control of a person or group of persons
v. become legally vested
v. clothe oneself in ecclesiastical garments","n. 背心, 汗背心
vt. 使穿衣服, 授予
vi. 穿衣服, 归属",v:15/n:85,2,0,gk cet4 cet6 ky,9247,6686,vest
via,via,vaiә,"n. A road way.
prep. By the way of; as, to send a letter via Queenstown to
   London.","prep. 经由, 经过, 通过
[医] 病毒灭活剂",i:100,3,1,gk cet4 cet6 ky toefl ielts,2004,2576,via
vice,vice,vais,n. a specific form of evildoing,"n. 恶习, 恶行, 罪恶, 堕落, 缺陷, 恶癖, 老虎钳
vt. 钳住
prep. 代替",n:100,3,0,gk cet4 cet6 ky ielts,7210,9910,vice
victim,victim,'viktim,"n. an unfortunate person who suffers from some adverse circumstance
n. a person who is tricked or swindled","n. 受害人, 牺牲者, 牺牲品
[法] 受害人, 被害人, 遭难者",n:100,4,1,gk cet4 cet6 ky,1371,1063,victim
victory,victory,'viktәri,n. a successful ending of a struggle or contest,"n. 胜利, 战胜, 克服",n:100,4,1,zk gk cet4 cet6 ky toefl,1514,1463,victory
video,video,'vidiәu,"n. the visible part of a television transmission
n. (computer science) the appearance of text and graphics on a video display","n. 影像, 电视
a. 图像的, 电视的",v:2/n:98,4,1,zk gk cet4 cet6 ky ielts,1271,1109,video
videophone,videophone,'vidiәu'fәun,,n. 电视电话,n:100,0,0,gk,47402,27086,videophone
view,view,vju:,"n. the visual percept of a region
n. the act of looking or seeing or observing
n. the range of the eye
n. purpose; the phrase `with a view to' means `with the intention of' or `for the purpose of'","n. 视野, 风景, 见解, 视力, 观看, 视图, 指望, 意图, 印象
vt. 看, 考虑, 视察, 查看, 估量
[计] 视图",v:26/n:74,5,1,gk cet4 cet6 ky ielts,311,485,view
viewer,viewer,'vju:ә,n. an optical device for viewing photographic transparencies,"n. 观察者, 看电视者, 视察员, 观察器
[化] 指示器",n:100,2,0,gk,4851,2478,viewer
village,village,'vilidʒ,"n. a community of people smaller than a town
n. a settlement smaller than a town","n. 村庄
a. 乡村的, 村庄的",n:100,4,1,zk gk ielts,735,1245,village
villager,villager,'vilidʒә,n. one who has lived in a village most of their life,n. 村民,n:100,2,0,gk,6139,6100,villager
vinegar,vinegar,'vinigә,"n. sour-tasting liquid produced usually by oxidation of the alcohol in wine or cider and used as a condiment or food preservative
n. dilute acetic acid","n. 醋, 尖酸刻薄
vt. 加醋于",n:100,2,0,gk cet4 cet6 ky toefl,10241,5106,vinegar
violate,violate,'vaiәleit,"v. fail to agree with; be in violation of; as of rules or patterns
v. destroy","vt. 违犯, 亵渎, 违反, 侵犯, 妨碍
[经] 违犯, 违反",v:100,3,0,gk cet6 ky toefl ielts gre,7012,2909,violate
violence,violence,'vaiәlәns,"n. an act of aggression (as one against a person who resists)
n. a turbulent state resulting in injuries and destruction etc.","n. 猛烈, 暴力, 暴虐, 暴行
[法] 暴行, 暴力, 暴乱",n:100,4,1,gk cet4 cet6 ky toefl,1677,1037,violence
violent,violent,'vaiәlәnt,"a. acting with or marked by or resulting from great force or energy or emotional intensity
s. effected by force or injury rather than natural causes
s. (of colors or sounds) intensely vivid or loud","a. 暴力的, 猛烈的, 激烈的, 极端的, 凶暴的",j:100,3,1,gk cet4 cet6 ky toefl ielts,2807,2158,violent
violin,violin,.vaiә'lin,n. bowed stringed instrument that is the highest member of the violin family; this instrument has four strings and a hollow body and an unfretted fingerboard and is played with a bow,n. 小提琴,n:100,2,0,zk gk cet4 cet6 ky,7097,6665,violin
violinist,violinist,.vaiә'linist,n. a musician who plays the violin,"n. 小提琴演奏者, 小提琴家",n:100,0,0,gk,20187,13694,violinist
virtue,virtue,'vә:tju:,"n. the quality of doing what is right and avoiding what is wrong
n. morality with respect to sexual relations
n. a particular moral excellence","n. 德行, 美德, 优点, 功效, 效力
[法] 美德, 贞操, 优点",n:100,2,0,gk cet4 cet6 ky toefl,2960,3362,virtue
virus,virus,'vaiәrәs,"n. (virology) ultramicroscopic infectious agent that replicates itself only within cells of living hosts; many are pathogenic; a piece of nucleic acid (DNA or RNA) wrapped in a thin coat of protein
n. a harmful or corrupting agency
n. a software program capable of reproducing itself and usually capable of causing great harm to files or other programs on the same computer","n. 病毒, 滤过性病毒, 毒害
[化] 病毒",n:100,3,1,gk cet4 cet6 ky toefl ielts gre,3589,2701,virus
visa,visa,'vi:zә,"n. an endorsement made in a passport that allows the bearer to enter the country issuing it
v. provide (a passport) with a visa
v. approve officially","n. 签证
vt. 签发",v:2/n:98,2,0,gk cet6 ky ielts,8033,5525,visa
visit,visit,'vizit,"n. the act of going to see some person or place or thing for a short time
n. a meeting arranged by the visitor to see someone (such as a doctor or lawyer) for treatment or advice
n. the act of visiting in an official capacity (as for an inspection)
n. the act of going to see some person in a professional capacity","n. 拜访, 访问, 游览, 视察
vt. 拜访, 访问, 参观, 视察, 降临
vi. 访问, 参观, 闲谈",n:37/v:63,5,1,zk gk,867,905,visit
visitor,visitor,'vizitә,n. someone who visits,"n. 参观者, 游客, 访客
[法] 视察人, 检视人, 检查员",n:100,3,1,zk gk cet4 cet6 ky,1354,1698,visitor
visual,visual,'viʒuәl,"a relating to or using sight
s visible; give me the ocular proof""- Shakespeare","a. 视觉的
[医] 视觉的, 视力的, 视觉性记忆优势者",j:100,2,0,gk cet4 cet6 ky toefl ielts,2511,2156,visual
vital,vital,'vaitl,"s. performing an essential function in the living body
s. manifesting or characteristic of life","a. 生命的, 重要的, 充满活力的, 生死攸关的, 致命的
[医] 生命的, 生活的, 生活上必需的, 紧要的",j:100,3,1,gk cet4 cet6 ky toefl ielts gre,1803,2916,vital
vivid,vivid,'vivid,s. having the clarity and freshness of immediate experience,"a. 生动的, 鲜明的, 鲜艳的, 活泼的, 逼真的, 清晰的",j:100,2,0,gk cet4 cet6 ky toefl ielts gre,5560,5539,vivid
vocabulary,vocabulary,vә'kæbjulәri,"n. a listing of the words used in some enterprise
n. a language user's knowledge of words
n. the system of techniques or symbols serving as a means of expression (as in arts or crafts)","n. 词汇(量), 词汇表
[计] 词表",n:100,1,1,gk cet4 cet6 ky ielts,4802,5564,vocabulary
voice,voice,vɒis,"n. the distinctive quality or pitch or condition of a person's speech
n. the sound made by the vibration of vocal folds modified by the resonance of the vocal tract
n. a sound suggestive of a vocal utterance
n. a means or agency by which something is expressed or communicated","n. 声音, 嗓音, 嗓子, 愿望, 发言权, 表达, 喉舌, 语态
vt. 表达, 吐露, 调音",v:5/n:95,4,1,zk gk cet4 cet6 ky,487,465,voice
volcano,volcano,vɒl'keinәu,n. a mountain formed by volcanic material,n. 火山,n:100,2,0,gk cet4 cet6 ky toefl ielts,10407,6321,volcano
volleyball,volleyball,'vɒlibɒ:l,"n. a game in which two teams hit an inflated ball over a high net using their hands
n. an inflated ball used in playing volleyball",n. 排球,n:100,1,0,zk gk cet4 cet6 ky,24975,7896,volleyball
voluntary,voluntary,'vɒlәntәri,"n. composition (often improvised) for a solo instrument (especially solo organ) and not a regular part of a religious service or musical performance
a. of your own free will or design; done by choice; not forced or compelled
a. controlled by individual volition","a. 自动的, 自愿的, 故意的, 志愿的, 自发的
n. 自愿行动, 志愿者, 自由调",j:100,3,0,gk cet4 cet6 ky toefl ielts,2263,4701,voluntary
volunteer,volunteer,.vɒlәn'tiә,"n. (military) a person who freely enlists for service
n. a person who performs voluntary work
v. tell voluntarily
v. agree freely","n. 志愿者
a. 志愿的
v. 自愿",v:32/n:68,3,0,gk cet4 cet6 ky toefl ielts,3012,2284,volunteer
vote,vote,vәut,"n. a choice that is made by counting the number of people in favor of each alternative
n. the opinion of a group as determined by voting
n. a body of voters who have the same interests
n. the total number of voters who participated","n. 投票, 选举, 选票, 表决, 选举权, 得票数
vi. 投票, 选举
vt. 投票选举, 投票决定, 公认, 使投票",v:48/n:52,5,1,gk cet4 cet6 ky toefl,1228,1078,vote
voyage,voyage,'vɒiidʒ,"n. a journey to some distant place
v. travel on water propelled by wind or by other means","n. 航行, 航海, 航程, 旅行, 航空
vi. 航海, 航行
vt. 航行越过, 飞过",v:4/n:96,2,0,gk cet4 cet6 ky toefl,6502,6619,voyage
wag,wag,wæg,"n. a witty amusing person who makes jokes
n. causing to move repeatedly from side to side
v. move from side to side","vt. 摇摆, 摇动, 饶舌
vi. 摆动, 喋喋不休
n. 摇摆, 爱说笑打趣的人",n:17/v:83,1,0,gk cet6 toefl gre,14798,11879,wag
wage,wage,weidʒ,n. something that remunerates,"n. 工资, 报应, 报偿
vt. 开展, 进行
vi. 进行",v:20/n:80,3,1,gk cet4 cet6 ky toefl gre,1404,2586,wage
waist,waist,weist,n. the narrowing of the body between the ribs and hips,"n. 腰部, 腰
[医] 腰",n:100,2,1,gk cet4 cet6 ky toefl,4386,4304,waist
wait,wait,weit,"n. the act of waiting (remaining inactive in one place while expecting something)
v. stay in one place and anticipate or expect something
v. wait before acting
v. serve as a waiter or waitress in a restaurant","n. 等待, 等候
vt. 等候, 期待, 延缓, 伺候, 推迟
vi. 等, 等候, 耽搁, 伺候用餐
[计] 等待",n:4/v:96,5,1,zk gk,463,400,wait
waiter,waiter,'weitә,"n. a person whose occupation is to serve at table (as in a restaurant)
n. a person who waits or awaits",n. 侍者,n:100,2,1,gk cet4 cet6 ky ielts,5772,5460,waiter
waitress,waitress,'weitris,n. a woman waiter,"n. 女侍者, 女服务员",n:100,1,0,gk cet6 ky ielts,10243,6390,waitress
wake,wake,weik,"n. the wave that spreads behind a boat as it moves forward
n. a vigil held over a corpse the night before burial
v. be awake, be alert, be there
v. make aware of","vt. 叫醒, 激发
vi. 醒来, 醒着, 觉醒, 活跃起来
n. 守侯, 守夜, 尾迹, 痕迹",n:24/v:76,3,1,zk gk,2178,1764,wake
walk,walk,wɒ:k,"n. the act of traveling by foot
n. manner of walking
n. the act of walking somewhere
n. a path set aside for walking","n. 走, 散步, 步行, 行走的路程, 竞走, 散步场所
vi. 走路, 步行, 处世
vt. 走过, 遛, 使走, 护送...走",n:13/v:87,5,1,zk gk,458,358,walk
walkman,walkman,,n. (trademark) a pocket-sized stereo system with light weight earphones,n. 随身听（商标名称）,n:100,1,0,gk,16836,19415,walkman
wall,wall,wɒ:l,"n. an architectural partition with a height and length greater than its thickness; used to divide or enclose an area or to support another structure
n. anything that suggests a wall in structure or function or effect
n. (anatomy) a layer (a lining or membrane) that encloses a structure
n. a difficult or awkward situation","n. 墙, 墙壁, 垣, 内壁, 分界物, 屏障
a. 墙的
vt. 给...建墙, 禁闭, 用墙围住
[计] 背景墙",v:1/n:99,5,1,zk gk ielts,577,571,wall
wallet,wallet,'wɒlit,n. a pocket-size case for holding papers and paper money,"n. 皮夹
[法] 皮包, 皮夹, 钱袋",n:100,1,1,gk cet4 cet6 ky,7130,5587,wallet
walnut,walnut,'wɒ:lnәt,"n. nut of any of various walnut trees having a wrinkled two-lobed seed with a hard shell
n. hard dark-brown wood of any of various walnut trees; used especially for furniture and paneling
n. any of various trees of the genus Juglans","n. 胡桃
[机] 胡桃木",n:100,1,0,gk cet6 toefl,8979,7840,walnut
wander,wander,'wɒndә,v. go via an indirect route or at no set pace,"vi. 游荡, 漫步, 徘徊, 迷路, 离题, 蜿蜒
vt. 在...漫游",n:1/v:99,2,1,gk cet4 cet6 ky toefl ielts,3027,3183,wander
want,want,wɒnt,"v. have need of
v. hunt or look for; want for a particular reason
v. wish or demand the presence of
v. be without, lack; be deficient in","n. 需要的东西, 缺乏, 贫困, 需要
vt. 要, 希望, 应该, 缺少
vi. 生活困苦, 需要, 缺少",n:1/v:99,5,1,zk gk gre,94,83,want
war,war,wɒ:,"n. the waging of armed conflict against an enemy
n. a legal state created by a declaration of war and ended by official declaration during which the international rules of war apply
n. an active struggle between competing entities
n. a concerted campaign to end something that is injurious","n. 战争, 战争状态, 战术, 军事, 冲突, 斗争, 竞争
vi. 进行战争, 作战, 打仗, 战斗
a. 战争的, 战时用的",v:1/n:99,5,1,zk gk cet4 cet6 ky,304,349,war
ward,ward,wɒ:d,"n. a person who is under the protection or in the custody of another
n. a district into which a city or town is divided for the purpose of administration and elections
n. block forming a division of a hospital (or a suite of rooms) shared by patients who need a similar kind of care
n. English economist and conservationist (1914-1981)","n. 病房, 守卫, 保卫, 保护, 监护, 牢房, 行政区, 锁孔内的榫舌
vt. 使入病房, 守护, 保卫",v:6/n:94,2,0,gk cet6 ky toefl ielts,2949,5065,ward
warehouse,warehouse,'wєәhaus,"n. a storehouse for goods and merchandise
v. store in a warehouse","n. 仓库, 货栈, 大商店
vt. 储入仓库",v:2/n:98,2,0,gk cet6 ky toefl ielts gre,4490,4922,warehouse
warm,warm,wɒ:m,"v. get warm or warmer
v. make warm or warmer
a. having or producing a comfortable and agreeable degree of heat or imparting or maintaining heat
a. psychologically warm; friendly and responsive","a. 暖和的, 暖的, 温暖的, 热烈的, 兴奋的, 激烈的, 多情的, 色情的
vt. 使温暖, 弄热, 使兴奋, 使充满仇恨
vi. 变暖和, 变温暖, 取暖, 激动, 同情, 爱好
n. 暖, 保暖物",j:78/v:22,4,1,zk gk ielts,1353,1356,warm
warmth,warmth,wɒ:mθ,n. the quality of having a moderate degree of heat,"n. 温暖, 温情, 暖和, 激动, 生气",n:100,2,1,gk cet4 cet6 ky,3527,4749,warmth
warning,warning,'wɒ:niŋ,"n. a message informing of danger
n. notification of something, usually in advance","n. 警告, 预告, 预兆, 通知
[法] 警告, 警戒, 预告; 警告的, 注意的",n:100,3,1,gk cet6,1911,2102,warning
wash,wash,wɒʃ,"n. a thin coat of water-base paint
n. the work of cleansing (usually with soap and water)
n. the dry bed of an intermittent stream (as at the bottom of a canyon)
n. a watercolor made by applying a series of monochrome washes one over the other","n. 洗, 洗涤, 冲洗, 洗的衣服, 冲积物, 洼地
vt. 洗, 洗涤, 洗清, 用水冲洗, 流过, 弄湿, 粉刷, 镀金属薄层于
vi. 洗涤, 洗澡, 被冲蚀, 漂浮",n:19/v:81,3,1,zk gk,1853,2143,wash
washroom,washroom,'wɒʃrum,n. a lavatory (particularly a lavatory in a public place),n. 盥洗室,n:100,0,0,gk,26000,24741,washroom
waste,waste,weist,"n. any materials unused and rejected as worthless or unwanted
n. useless or profitless activity; using or expending or consuming thoughtlessly or carelessly
n. (law) reduction in the value of an estate caused by act or neglect
v. spend thoughtlessly; throw away","n. 浪费, 废物, 损耗, 消耗, 荒地, 垃圾, 地面风化物
a. 废弃的, 荒芜的, 多余的
vt. 浪费, 消耗, 使荒芜
vi. 浪费, 消耗, 变消瘦",v:33/j:3/n:64,4,1,zk gk cet4 cet6 ky ielts gre,1624,1986,waste
watch,watch,wɒtʃ,"n. a small portable timepiece
n. a period of time (4 or 2 hours) during which some of a ship's crew are on duty
n. a purposeful surveillance to guard or observe
n. the period during which someone (especially a guard) is on duty","n. 观察, 手表, 看守, 守护, 监视, 值班人
vt. 看, 注视, 照顾, 看守, 守护, 监视
vi. 观看, 注视, 守侯",n:11/v:89,3,1,zk gk toefl,490,323,watch
water,water,'wɒ:tә,"n. binary compound that occurs at room temperature as a clear colorless odorless tasteless liquid; freezes into ice below 0 degrees centigrade and boils above 100 degrees centigrade; widely used as a solvent
n. once thought to be one of four elements composing the universe (Empedocles)
n. a liquid necessary for the life of most animals and plants
v. supply with water, as with channels or ditches or streams","n. 水, 雨水, 海水, 水位, 水面, 流水
vt. 给...浇水, 供以水, 注入水, 使湿
vi. 流泪, 流口水, 加水
a. 水的, 水上的, 水生的, 含水的",v:2/n:98,5,1,zk gk ielts,236,226,water
watermelon,watermelon,'wɒtә.melәn,"n. an African melon
n. large oblong or roundish melon with a hard green rind and sweet watery red or occasionally yellowish pulp",n. 西瓜,n:100,0,0,zk gk,36234,10944,watermelon
wave,wave,weiv,"n. one of a series of ridges that moves across the surface of a liquid (especially across a large body of water)
n. a movement like that of a sudden occurrence or increase in a specified phenomenon
n. (physics) a movement up and down or back and forth
n. something that rises rapidly","n. 波, 波浪, 波动, 起伏, 高潮, 潮涌, 挥手致意, (气压)突变
vi. 波动, 飘动, 挥手示意, 起伏
vt. 使波动, 使飘扬, 挥舞, 使成波浪形",v:34/n:66,4,1,gk cet4 cet6 ky ielts,1586,1398,wave
wax,wax,wæks,"n. any of various substances of either mineral origin or plant or animal origin; they are solid at normal temperatures and insoluble in water
v. cover with wax
v. go up or advance
v. increase in phase","n. 蜡, 蜡状物, 一阵发怒, 增加, (月亮)渐盈
vi. 变大, 增大, 月亮渐满
vt. 上蜡于",v:32/n:68,2,0,gk cet4 cet6 ky toefl ielts gre,7744,7228,wax
way,way,wei,"n. the condition of things generally
n. a course of conduct
n. any artifact consisting of a road or path affording passage from one place to another
n. a journey or passage","n. 路, 路线, 路途, 方法, 道路, 情形, 规模, 习惯, 行业, 方面
adv. 远远地, 非常",r:2/n:98,5,1,zk gk toefl,86,84,way
wayside,wayside,'weisaid,n. edge of a way or road or path,"n. 路旁
a. 路旁的",n:100,0,0,gk,18440,17420,wayside
we,we,wi:,"pl.  of I
obj. The plural nominative case of the pronoun of the first
   person; the word with which a person in speaking or writing denotes a
   number or company of which he is one, as the subject of an action
   expressed by a verb.",pron. 我们,p:100,5,1,zk gk,26,24,we
weak,weak,wi:k,"a. wanting in physical strength
s. tending downward in price
s. deficient or lacking in some skill
s. (used of verbs) having standard (or regular) inflection","a. 不牢固的, 弱的, 虚弱的, 软弱的, 无力的, 无权力的, (论据等)不充分的
[经] 疲软的",j:100,4,1,zk gk cet4 cet6 ky,1990,2070,weak
weakness,weakness,'wi:knis,"n. the property of lacking physical or mental strength; liability to failure under pressure or stress or strain
n. the condition of being financially weak
n. a penchant for something even though it might not be good for you","n. 虚弱, 薄弱, 弱点
[经] 欲振乏力",n:100,2,1,gk cet4 cet6,2867,3487,weakness
wealth,wealth,welθ,"n. the state of being rich and affluent; having a plentiful supply of material goods and money
n. the quality of profuse abundance
n. an abundance of material possessions and resources
n. property that has economic utility: a monetary value or an exchange value","n. 财富, 资源, 财产, 丰富, 富裕, 大量
[经] 财富",n:100,3,1,zk gk cet4 cet6 ky ielts,2310,2559,wealth
wealthy,wealthy,'welθi,s having an abundant supply of money or possessions of value,"a. 富有的, 丰裕的, 充分的",j:100,2,0,gk cet4 cet6 ky,4114,3015,wealthy
wear,wear,wєә,"n. impairment resulting from long use
n. the act of having on your person as a covering or adornment
v. be dressed in
v. have on one's person","n. 穿着, 戴, 使用, 耗损, 服装, 耐久性
vt. 穿着, 戴, 留(须、发等), 呈现, 磨损, 磨成, 耗损, 使疲乏, 消磨
vi. 磨损, 变旧, 耐久, 渐变, 渐渐消失",n:3/v:97,4,1,zk gk toefl ielts,673,518,wear
weather,weather,'weðә,"n. the atmospheric conditions that comprise the state of the atmosphere in terms of temperature and wind and clouds and precipitation
v. face and withstand with courage
v. cause to slope
v. sail to the windward of","n. 天气, 气象, 处境
a. 迎风的
vt. 使受风吹雨打, 侵蚀, 使风化, 经受住
vi. 风化, 受侵蚀, 经受风雨",v:7/n:93,4,1,zk gk toefl ielts gre,1610,1614,weather
weatherman,weatherman,'weðәmæn,n. predicts the weather,n. 气象员；天气预报员,n:100,0,0,gk,34137,19246,weatherman
web,web,web,"n. an intricate network suggesting something that was formed by weaving or interweaving
n. an intricate trap that entangles or ensnares its victim
n. a fabric (especially a fabric in the process of being woven)
n. membrane connecting the toes of some aquatic birds and mammals","n. 网, 蛛丝, 蹼, 织物, 圈套, 卷筒纸
vi. 结网, 形成网
vt. 织蜘蛛网于, 使落入圈套",n:100,1,1,gk cet6 ky ielts,6919,3706,web
website,website,,n a computer connected to the internet that maintains a series of web pages on the World Wide Web,n. 网站（全球资讯网的主机站）,n:100,0,1,zk gk ielts,0,4950,website
wedding,wedding,'wediŋ,"n. the social event at which the ceremony of marriage is performed
n. a party of people at a wedding","n. 婚礼, 结婚, 结婚周年纪念日, 结合
[法] 结婚, 婚礼, 结婚纪念日",n:100,3,1,gk cet4 cet6 ky toefl ielts,2391,2176,wedding
Wednesday,wednesday,'wenzdi,n. the fourth day of the week; the third working day,n. 星期三,,4,1,zk gk ielts,1980,0,wednesday
weed,weed,wi:d,"n. any plant that crowds out cultivated plants
n. a black band worn by a man (on the arm or hat) as a sign of mourning
v. clear of weeds","n. 杂草, 野草
vi. 除草
vt. 除...的草, 剔除",v:21/n:79,2,0,gk cet4 cet6 ky toefl ielts gre,6003,4545,weed
week,week,wi:k,"n. any period of seven consecutive days
n. a period of seven consecutive days starting on Sunday","n. 星期, 周",n:100,5,1,zk gk,180,188,week
weekday,weekday,'wi:kdei,n. any day except Sunday (and sometimes except Saturday),"n. 周日, 平日
[计] 工作日",n:100,1,0,zk gk cet4 cet6 ky,11361,8312,weekday
weekend,weekend,'wi:kend,"n. a time period usually extending from Friday night through Sunday; more loosely defined as any period of successive days including one and only one Sunday
v. spend the weekend","n. 周末, 周末休假",n:100,4,1,zk gk ielts,1317,1193,weekend
weekly,weekly,'wi:kli,"n. a periodical that is published every week (or 52 issues per year)
s. of or occurring every seven days","n. 周刊, 周报
a. 每周的, 一周一次的, 周刊的
adv. 每周, 一周一次",r:4/j:91/n:5,3,1,gk cet4 cet6 ky ielts,3186,3220,weekly
weep,weep,wi:p,"v shed tears because of sadness, rage, or pain","n. 哭, 哭泣
vi. 哭泣, 流泪, 哀悼, 滴落
vt. 哭着使..., 悲叹, 滴下",n:6/v:94,2,0,gk cet4 cet6 ky toefl,5087,5709,weep
weigh,weigh,wei,"v. have a certain weight
v. determine the weight of
v. to be oppressive or burdensome","vt. 称...重量, 衡量, 把...压弯, 考虑, 权衡, 起锚
vi. 称分量, 有意义, 重压, 起锚
n. 过秤, 称分量",v:100,3,1,zk gk cet4 cet6 ky,3088,2504,weigh
weight,weight,weit,"n. the vertical force exerted by a mass as a result of gravity
n. sports equipment used in calisthenic exercises and weightlifting; it is not attached to anything and is raised and lowered by use of the hands and arms
n. the relative importance granted to something
n. an artifact that is heavy","n. 重, 重量, 体重, 砝码, 重大, 影响, 力量
vt. 加重量于, 压迫, 使加权, 称重量
[计] 粗细",v:3/n:97,4,1,zk gk ielts,1056,954,weight
welcome,welcome,'welkәm,"n. the state of being welcome
n. a greeting or reception
v. accept gladly
v. bid welcome to; greet upon arrival","n. 欢迎, 欢迎词
a. 受欢迎的, 可随意的, 可喜的
vt. 欢迎, 接待
interj. 欢迎",n:9/j:21/v:70,4,1,zk gk,1647,1545,welcome
welfare,welfare,'welfєә,"n governmental provision of economic assistance to persons in need
n something that aids or promotes well-being
n a contented state of being happy and healthy and prosperous","n. 福利, 安宁, 幸福, 福利事业
a. 福利的",n:100,3,0,gk cet4 cet6 ky toefl ielts,1883,1933,welfare
well,well,wel,"n. a deep hole or shaft dug or drilled to obtain water or oil or gas or brine
n. a cavity or vessel used to contain liquid
n. an abundant source
n. an open shaft through the floors of a building (as for a stairway)","n. 井, 泉水, 源泉, 好
v. 涌出
a. 健康的, 良好的, 适宜的, 恰当的
adv. 很好地, 适当地, 好意地, 很, 完全
interj. 好啦",i:12/r:86/v:2,2,1,zk gk toefl,84,100,well
west,west,west,"n. the countries of (originally) Europe and (now including) North America and South America
n. the cardinal compass point that is a 270 degrees
n. the region of the United States lying to the west of the Mississippi River
n. the direction corresponding to the westward cardinal compass point","n. 西方, 西部
a. 西方的, 向西的
adv. 向西, 自西方, 在西方",n:100,5,1,zk gk ielts,789,665,west
western,western,'westәn,"n. a film about life in the western United States during the period of exploration and development
n. a sandwich made from a western omelet
a. relating to or characteristic of the western parts of the world or the West as opposed to the eastern or oriental parts
a. of or characteristic of regions of the United States west of the Mississippi River","n. 西方人, 西部片, 西部小说
a. 向西方的, 来自西方的, 西方的, 西洋的, 西部的",j:99/n:1,0,1,zk gk ielts,1008,1079,western
westerner,westerner,,n. an inhabitant of a western area; especially of the U.S.,"n. 西方人, 西洋人",n:100,1,0,gk ielts,15728,23903,westerner
westwards,westwards,'westwәdz,"n the cardinal compass point that is a 270 degrees
r toward the west",adv. 向西,,0,0,gk,14658,0,westwards
wet,wet,wet,"v. cause to become wet
v. make one's bed or clothes wet by urinating
a. covered or soaked with a liquid such as water
a. containing moisture or volatile components","n. 湿气, 潮湿, 水分, 雨天
a. 湿的, 潮的, 搞错的, 下雨的, 反对禁酒的
vi. 变湿
vt. 使...湿",n:1/j:84/v:15,3,1,zk gk,2343,2471,wet
whale,whale,hweil,"n. any of the larger cetacean mammals having a streamlined body and breathing through a blowhole on the head
v. hunt for whales","n. 鲸
vi. 捕鲸
vt. 使惨败, 猛揍",n:100,2,0,zk gk cet4 cet6 ky toefl,4811,4232,whale
what,what,hwɒt,"pron., a., & adv. As an interrogative pronoun, used in asking
   questions regarding either persons or things; as, what is this? what
   did you say? what poem is this? what child is lost?
pron., a., & adv. As an exclamatory word: -- (a) Used absolutely
   or independently; -- often with a question following.
pron., a., & adv. Used adjectively, meaning how remarkable, or
   how great; as, what folly! what eloquence! what courage!
pron., a., & adv. Sometimes prefixed to adjectives in an
   adverbial sense, as nearly equivalent to how; as, what happy boys!
pron., a., & adv. As a relative pronoun
pron., a., & adv. Used substantively with the antecedent
   suppressed, equivalent to that which, or those [persons] who, or those
   [things] which; -- called a compound relative.
pron., a., & adv. Used adjectively, equivalent to the . . .
   which; the sort or kind of . . . which; rarely, the . . . on, or at,
   which.
pron., a., & adv. Used adverbially in a sense corresponding to
   the adjectival use; as, he picked what good fruit he saw.
pron., a., & adv. Whatever; whatsoever; what thing soever; --
   used indefinitely.
pron., a., & adv. Used adverbially, in part; partly; somewhat;
   -- with a following preposition, especially, with, and commonly with
   repetition.
n. Something; thing; stuff.
interrog. adv. Why? For what purpose? On what account?","pron. 什么
interj. 怎么, 多么
a. 什么的
adv. 到什么程度",d:100,5,1,zk gk,38,34,what
whatever,whatever,hwɒt'evә,s one or some or every or all without specification,pron. 无论什么,d:100,4,1,zk gk cet4 cet6 ky ielts,759,776,whatever
wheat,wheat,hwi:t,"n. annual or biennial grass having erect flower spikes and light brown grains
n. grains of common wheat; sometimes cooked whole or cracked as cereal; usually ground into flour",n. 小麦,n:100,2,0,zk gk cet4 cet6 ky toefl,5619,4479,wheat
wheel,wheel,hwi:l,"n. a simple machine consisting of a circular frame with spokes (or a solid disc) that can rotate on a shaft or axle (as in vehicles or other machines)
n. forces that provide energy and direction
n. a circular helm to control the rudder of a vessel
v. change directions as if revolving on a pivot","n. 轮子, 车轮, 轮, 方向盘, 旋转, 机构, 重要人物
vt. 使旋转, 转动, 使转向
vi. 旋转, 转弯, 盘旋",v:16/n:84,3,1,zk gk cet4 cet6 ky ielts,2175,1999,wheel
when,when,hwen,"adv. At what time; -- used interrogatively.
adv. At what time; at, during, or after the time that; at or
   just after, the moment that; -- used relatively.
adv. While; whereas; although; -- used in the manner of a
   conjunction to introduce a dependent adverbial sentence or clause,
   having a causal, conditional, or adversative relation to the principal
   proposition; as, he chose to turn highwayman when he might have
   continued an honest man; he removed the tree when it was the best in
   the grounds.
adv. Which time; then; -- used elliptically as a noun.","conj. 当...的时候
adv. 何时, 什么时候
pron. 什么时侯
n. 时间",c:71/r:29,5,1,zk gk,54,57,when
whenever,whenever,hwen'evә,adv. & conj. At whatever time.,"conj. 每当
adv. 不论何时, 每逢",r:100,3,1,zk gk cet4 cet6 ky,2572,2314,whenever
where,where,hwєә,"pron. & conj. Whether.
adv. At or in what place; hence, in what situation, position,
   or circumstances; -- used interrogatively.
adv. At or in which place; at the place in which; hence, in the
   case or instance in which; -- used relatively.
adv. To what or which place; hence, to what goal, result, or
   issue; whither; -- used interrogatively and relatively; as, where are
   you going?
conj. Whereas.
n. Place; situation.","adv. 在哪里
pron. 哪里
n. 地点",c:52/r:48,5,1,zk gk,131,169,where
wherever,wherever,hwєәr'evә,r. where in the world,adv. 无论哪里,r:100,2,1,gk cet4 cet6 ky,3201,3710,wherever
whether,whether,'hweðә,"pron. Which (of two); which one (of two); -- used
   interrogatively and relatively.
conj. In case; if; -- used to introduce the first or two or
   more alternative clauses, the other or others being connected by or, or
   by or whether. When the second of two alternatives is the simple
   negative of the first it is sometimes only indicated by the particle
   not or no after the correlative, and sometimes it is omitted entirely
   as being distinctly implied in the whether of the first.","conj. 是否, 不论
pron. 两个中的哪一个",c:100,5,1,zk gk,265,321,whether
which,which,hwitʃ,"a. Of what sort or kind; what; what a; who.
a. A interrogative pronoun, used both substantively and
   adjectively, and in direct and indirect questions, to ask for, or refer
   to, an individual person or thing among several of a class; as, which
   man is it? which woman was it? which is the house? he asked which route
   he should take; which is best, to live or to die? See the Note under
   What, pron., 1.
pron. A relative pronoun, used esp. in referring to an
   antecedent noun or clause, but sometimes with reference to what is
   specified or implied in a sentence, or to a following noun or clause
   (generally involving a reference, however, to something which has
   preceded). It is used in all numbers and genders, and was formerly used
   of persons.
pron. A compound relative or indefinite pronoun, standing for
   any one which, whichever, that which, those which, the . . . which, and
   the like; as, take which you will.","pron. 哪一个, 那一个",d:100,5,1,zk gk,28,58,which
whichever,whichever,hwitʃ'evә,pron. & a. Alt. of Whichsoever,"pron. 无论那一个, 任何一个",d:100,1,0,gk cet4 cet6 ky,5925,10672,whichever
while,while,hwail,n. a period of indeterminate length (usually short) marked by some action or condition,"n. 一会儿, (一段)时间
conj. 当...的时候, 虽然
vt. 消磨",c:88/n:12,4,1,zk gk,173,153,while
whisper,whisper,'hwispә,"n. speaking softly without vibration of the vocal cords
v. speak softly; in a low voice","n. 耳语, 密谈, 谣传, 沙沙声
vi. 耳语, 密谈, 沙沙地响
vt. 低声说",n:22/v:78,3,1,gk cet4 cet6 ky gre,2623,2446,whisper
whistle,whistle,'hwisl,"n. the sound made by something moving rapidly or by steam coming out of a small aperture
n. the act of signalling (e.g., summoning) by whistling or blowing a whistle
n. a small wind instrument that produces a whistling sound by blowing into it
n. acoustic device that forces air or steam against an edge or into a cavity and so produces a loud shrill sound","n. 口哨, 汽笛, 啸啸声, 口哨声
vi. 吹口哨, 鸣汽笛, 发嘘嘘声
vt. 用口哨或吹哨传意, 用口哨演奏",v:48/n:52,2,1,gk cet4 cet6 ky ielts gre,6960,6463,whistle
white,white,hwait,"n. a member of the Caucasoid race
n. the quality or state of the achromatic color of greatest lightness (bearing the least resemblance to black)
n. United States jurist appointed chief justice of the United States Supreme Court in 1910 by President Taft; noted for his work on antitrust legislation (1845-1921)
n. Australian writer (1912-1990)","n. 白色, 洁白, 眼白, 白种人, 蛋白
a. 白色的, 纯洁的, 白种的, 苍白的, 空白的, 幸运的",j:91/n:9,5,1,zk gk,475,301,white
who,who,hu:,n a United Nations agency to coordinate international health activities and to help governments improve health services,pron. 谁,p:100,5,1,zk gk,45,38,who
whole,whole,hәul,"n. all of something including all its component elements or parts
n. an assemblage of parts that is regarded as a single entity
a. including all components without exception; being one unit or constituting the full amount or extent or duration; complete
a. (of siblings) having the same parents","n. 全部, 全体, 整体, 完全之体系
a. 所有的, 完整的, 完全的, 纯粹的",j:84/n:16,5,1,zk gk cet4 cet6 ky,452,467,whole
whom,whom,hu:m,pron. The objective case of who. See Who.,pron. 谁,p:100,4,1,zk gk,775,1018,whom
whose,whose,hu:z,"pron. The possessive case of who or which. See Who, and Which.",pron. 谁的,d:100,5,1,zk gk,501,527,whose
why,why,hwai,"n. the cause or intention underlying an action or situation, especially in the phrase `the whys and wherefores'","adv. 为什么
n. 原因, 理由",r:99/n:1,5,1,zk gk,169,158,why
wide,wide,waid,"a. having great (or a certain) extent from one side to the other
a. great in degree
s. having ample fabric
s. not on target","a. 宽的, 广阔的, 普遍的, 宽阔的, 广泛的, 一般的
adv. 广阔地, 遍及各处地, 广泛地
n. 大千世界",r:7/j:92/n:1,5,1,zk gk ielts,600,940,wide
widespread,widespread,'waidspred,s. widely circulated or diffused,"a. 充分伸展的, 广布的, 普及的, 流传广的",j:100,3,0,gk cet4 cet6 ky toefl,2621,3282,widespread
wife,wife,waif,n. a married woman; a man's partner in marriage,"n. 妻子, 太太, 夫人
[法] 妻子, 已婚妇女",n:100,5,1,zk gk,531,466,wife
wild,wild,waild,"n. a wild primitive state untouched by civilization
a. marked by extreme lack of restraint or control
a. in a natural state; not tamed or domesticated or cultivated
s. in a state of extreme emotion","n. 荒野, 荒地
a. 野性的, 野蛮的, 野生的, 失控的, 任性的, 杂乱的, 轻率的, 狂热的, 疯狂的
adv. 狂暴地, 失控地",r:2/j:96/n:2,4,1,gk cet4 cet6 ky,1698,1292,wild
wildlife,wildlife,'waildlaif,n. all living things (except people) that are undomesticated,n. 野生动植物,n:100,2,0,gk toefl ielts,3597,3859,wildlife
will,will,wil,"n. a fixed and persistent intent or purpose
n. a legal document declaring a person's wishes regarding the disposal of their property when they die
v. decree or ordain
v. determine by choice","n. 意志, 决心, 意愿, 意向, 干劲, 遗嘱
vt. 用意志的力量驱使, 决意, 愿意, 立遗嘱
vi. 下决心, 愿意
aux. 将, 愿意, 必须",n:3/v:97,4,1,zk gk,31,48,will
willing,willing,'wiliŋ,a. disposed or inclined toward,"a. 乐意的, 自愿的, 甘愿的",j:100,4,1,gk cet4 cet6 ky,2233,1274,willing
willingly,willingly,'wiliŋli,r. in a willing manner,"adv. 自动地, 欣然地",r:100,0,1,gk,8478,9339,willingly
willingness,willingness,,n. cheerful compliance,"n. 乐意, 心甘情愿, 愿意",n:100,0,1,gk,5008,4186,willingness
win,win,win,"n. a victory (as in a race or other competition)
v. be the winner in a contest or competition; be victorious","vt. 赢得, 打胜, 成功
vi. 获胜, 达到, 影响
n. 胜利, 赢, 收益",n:8/v:92,5,1,zk gk cet4 cet6 ky,388,361,win
wind,wind,wind,"n. air moving (sometimes with considerable force) from an area of high pressure to an area of low pressure
n. a tendency or force that influences events
n. breath
n. empty rhetoric or insincere or exaggerated talk","n. 风, 气息, 气味, 呼吸, 风声, 趋势, 空谈, 卷绕, 弯曲
vt. 使通风, 嗅出, 使喘气, 吹号角, 上发条, 缠绕, 包, 绞起, 吊起, 使弯曲, 使迂回
vi. 嗅出猎物, 吹响号角, 卷曲, 蜿蜒, 迂回, 缠绕",v:25/n:75,4,1,zk gk ielts,1179,1092,wind
windbreaker,windbreaker,'wind.breikә,n a kind of heavy jacket (`windcheater' is a British term),"n. 防风林, 防风茄克衫, 风衣",n:100,0,0,gk,0,18855,windbreaker
window,window,'windәu,"n. a framework of wood or metal that contains a glass windowpane and is built into a wall or roof to admit light or air
n. a transparent opening in a vehicle that allow vision out of the sides or back; usually is capable of being opened
n. a transparent panel (as of an envelope) inserted in an otherwise opaque material
n. an opening that resembles a window in appearance or function","n. 窗户, 窗子, 窗口
vt. 给...开窗
[计] 窗口",n:100,4,1,zk gk ielts,517,607,window
windy,windy,'windi,"s. resembling the wind in speed, force, or variability","a. 多风的, 风强的, 腹胀的, 吹牛的",j:100,1,0,zk gk cet6 gre,9747,8867,windy
wine,wine,wain,"n. fermented juice (of grapes especially)
n. a red as dark as red wine
v. drink wine
v. treat to wine","n. 葡萄酒, 果酒, 暗红色
v. (请)喝酒",v:1/n:99,4,1,zk gk cet4 cet6 ky,1304,1449,wine
wing,wing,wiŋ,"n. a movable organ for flying (one of a pair)
n. one of the horizontal airfoils on either side of the fuselage of an airplane
n. a stage area out of sight of the audience
n. a unit of military aircraft","n. 翅膀, 翼, 机翼, 派别
vt. 给...装上翼, 飞过, 使飞, 空运, 增加...速度
vi. 飞行",v:3/n:97,4,1,zk gk cet4 cet6 ky ielts,1755,1889,wing
winner,winner,'winә,"n. the contestant who wins the contest
n. a gambler who wins a bet","n. 胜利者, 优胜者
[法] 取胜者",n:100,4,1,zk gk cet4 cet6,1790,1916,winner
winter,winter,'wintә,"n. the coldest season of the year; in the northern hemisphere it extends from the winter solstice to the vernal equinox
v. spend the winter","n. 冬季, 萧条期, 衰退期
a. 冬天的
vt. 使度过冬天
vi. 过冬",v:2/n:98,3,1,zk gk,1300,1244,winter
wipe,wipe,waip,v. rub with a circular motion,"n. 擦拭, 用力打, 凸轮
vt. 擦, 揩, 消灭, 涂上, 拭去
vi. 擦, 打",n:3/v:97,3,0,gk cet4 cet6 ky,3112,2711,wipe
wire,wire,'waiә,"n. ligament made of metal and used to fasten things or make cages or fences etc
n. a metal conductor that carries electricity over a distance
n. the finishing line on a racetrack
v. provide with electrical circuits","n. 电线, 电报, 电信, 铁丝网, 金属丝
vt. 用金属丝捆扎, 拍电报
vi. 打电报",v:16/n:84,3,1,gk cet4 cet6 ky,2748,2370,wire
wisdom,wisdom,'wizdәm,"n. accumulated knowledge or erudition or enlightenment
n. the trait of utilizing knowledge and experience with common sense and insight
n. ability to apply knowledge or experience or understanding or common sense and insight
n. the quality of being prudent and sensible","n. 智慧, 明智行为, 学识, 名言, 贤人",n:100,2,0,gk cet4 cet6 ky ielts,4281,2954,wisdom
wise,wise,waiz,"n. a way of doing or being
n. United States Jewish leader (born in Hungary) (1874-1949)
n. United States religious leader (born in Bohemia) who united reform Jewish organizations in the United States (1819-1900)
a. having or prompted by wisdom or discernment","a. 明智的, 慎虑的, 聪明的, 博学的, 狡猾的, 机灵的
vi. 知道
vt. 教导, 告诉, 劝导
n. 方法, 方式
[计] 教育信息系统",j:100,3,1,zk gk cet4 cet6 ky ielts,3087,3234,wise
wish,wish,wiʃ,"n. a specific feeling of desire
n. an expression of some desire or inclination
n. the particular preference that you have
v. hope for; have a wish","n. 希望, 愿望, 祝愿, 命令, 请求
vt. 愿, 想要, 希望, 祝愿
vi. 希望",n:18/v:82,4,1,zk gk,586,1055,wish
with,with,wið,"n. See Withe.
prep. With denotes or expresses some situation or relation of
   nearness, proximity, association, connection, or the like.
prep. To denote a close or direct relation of opposition or
   hostility; -- equivalent to against.
prep. To denote association in respect of situation or
   environment; hence, among; in the company of.
prep. To denote a connection of friendship, support, alliance,
   assistance, countenance, etc.; hence, on the side of.
prep. To denote the accomplishment of cause, means, instrument,
   etc; -- sometimes equivalent to by.
prep. To denote association in thought, as for comparison or
   contrast.
prep. To denote simultaneous happening, or immediate succession
   or consequence.
prep. To denote having as a possession or an appendage; as, the
   firmament with its stars; a bride with a large fortune.","prep. 和...在一起, 以, 由于",i:100,5,1,zk gk,16,16,with
withdraw,withdraw,wið'drɒ:,"v. pull back or move away or backward
v. remove (a commodity) from (a supply source)","vt. 撤回, 取回, 撤消, 使撤退, 拉开, 移开
vi. 撤退, 离开",v:100,4,1,gk cet4 cet6 ky toefl ielts gre,1920,2786,withdraw
within,within,wi'ðin,r on the inside,"n. 内部, 里头
adv. 在内部, 在内心里
prep. 在...之内",i:95/r:5,5,1,gk cet4 cet6 ky,190,352,within
without,without,wi'ðaut,"prep. On or at the outside of; out of; not within; as,
   without doors.
prep. Out of the limits of; out of reach of; beyond.
prep. Not with; otherwise than with; in absence of,
   separation from, or destitution of; not with use or employment of;
   independently of; exclusively of; with omission; as, without labor;
   without damage.
conj. Unless; except; -- introducing a clause.
adv. On or art the outside; not on the inside; not within;
   outwardly; externally.
adv. Outside of the house; out of doors.","prep. 没有, 不, 在...之外
adv. 在外面, 户外
n. 外面, 外部",i:98/r:2,5,1,zk gk,188,218,without
witness,witness,'witnis,"n. someone who sees an event and reports what happened
n. testimony by word or deed to your religious faith
n. (law) a person who attests to the genuineness of a document or signature by adding their own signature
n. (law) a person who testifies under oath in a court of law","n. 证人, 目击者, 证据, 证词
vt. 目击, 作证, 证明, 表明
vi. 作证人, 作为证据",v:35/n:65,3,1,gk cet4 cet6 ky toefl ielts gre,2473,1970,witness
wolf,wolf,wulf,"n. any of various predatory carnivorous canine mammals of North America and Eurasia that usually hunt in packs
n. Austrian composer (1860-1903)
n. German classical scholar who claimed that the Iliad and Odyssey were composed by several authors (1759-1824)
n. a man who is aggressive in making amorous advances to women","n. 狼, 残忍贪婪之人, 极度穷困
vt. 狼吞虎咽, 大吃",v:5/n:95,1,0,zk gk cet4 cet6 ky,5062,4150,wolf
woman,woman,'wumәn,"n. an adult female person (as opposed to a man)
n. a female person who plays a significant role (wife or mistress or girlfriend) in the life of a particular man","n. 女人, 妇女, 女仆
a. 女用的, 女性的, 妇女的
vt. 贬称...为女人, 使成女人腔",n:100,5,1,zk gk,130,111,woman
wonder,wonder,'wʌndә,"n. the feeling aroused by something strange and surprising
n. something that causes feelings of wonder
v. have a wish or desire to know something
v. place in doubt or express doubtful speculation","n. 奇迹, 惊奇, 惊愕
vt. 惊奇, 想知道
vi. 惊讶, 怀疑",n:19/j:1/v:80,4,1,zk gk cet4 cet6 ky toefl,815,790,wonder
wonderful,wonderful,'wʌndәful,s extraordinarily good or great; used especially as intensifiers,"a. 令人惊奇的, 奇妙的, 极好的",j:100,4,1,zk gk cet4 cet6 ky,1864,1405,wonderful
woo,woo,wu:,"v. seek someone's favor
v. make amorous advances towards","vt. 追求, 向...求爱, 恳求
vi. 求爱, 央求",v:100,2,0,gk gre,9768,8645,woo
wood,wood,wud,"n. the hard fibrous lignified substance under the bark of trees
n. United States film actress (1938-1981)
n. English conductor (1869-1944)
n. English writer of novels about murders and thefts and forgeries (1814-1887)","n. 木材, 木制品
vt. 植林于, 给...添加木柴
vi. 收集木材",n:100,4,1,zk gk cet4 cet6 ky ielts,1414,1236,wood
wooden,wooden,'wudn,"s. made or consisting of (entirely or in part) or employing wood
s. lacking ease or grace","a. 木制的, 呆笨的, 木然的",j:100,3,1,gk cet4 cet6 ky,2452,2512,wooden
woollen,woollen,'wulin,"n a fabric made from the hair of sheep
a of or related to or made of wool","n. 毛织品
a. 羊毛制的",j:100,1,0,gk cet4 cet6,8656,41582,woollen
word,word,wә:d,"n. a unit of language that native speakers can identify
n. a brief statement
n. a verbal command for action
n. a word is a string of bits stored in computer memory","n. 话, 消息, 词, 诺言, 命令
vt. 用言辞表达
[计] 字",v:1/n:99,5,1,zk gk,196,244,word
work,work,wә:k,"n. activity directed toward making or doing something
n. a product produced or accomplished through the effort or activity or agency of a person or thing
n. (physics) a manifestation of energy; the transfer of energy from one physical system to another expressed as the product of a force and the distance through which it moves a body in the direction of that force
v. exert oneself by doing mental or physical work for a purpose or out of necessity","n. 工作, 劳动, 职业, 行为, 功, 作品, 成果, 产品, 工程
vi. 工作, 劳动, 做, 运转, 起作用, 被加工
vt. 使工作, 使转动, 开动, 使用, 经营, 使逐渐变得, 造成",n:38/v:62,5,1,zk gk,125,117,work
workday,workday,,"n. a day on which work is done
n. the amount of time that a worker must work for an agreed daily wage","n. 工作日, (一天的)工作时数
[机] 工作天",n:100,0,0,gk,42847,13488,workday
worker,worker,'wә:kә,"n. a person who works at a specific occupation
n. sterile member of a colony of social insects that forages for food and cares for the larvae","n. 工人, 劳动者
[经] 工人, 劳工, 劳动者",n:100,5,1,zk gk ielts,544,573,worker
workforce,workforce,,n the force of workers available,"n. 劳动力；工人总数, 职工总数",n:100,2,0,gk,4217,6617,workforce
workmate,workmate,,n. a fellow worker,"n. 共同工作者, 同事",n:100,0,0,gk,15648,40894,workmate
workplace,workplace,,n. a place where work is done,"n. 工作场所, 工厂, 车间",n:100,2,0,gk,5821,4282,workplace
works,works,,"n. performance of moral or religious acts
n. the internal mechanism of a device","n. 工程, 工厂, 工事, 活动部件, 机件, 著作, 作品, 善行, 德行
[机] 工厂, 工场",n:100,0,0,gk,1208,1637,works
world,world,wә:ld,"n. people in general; especially a distinctive group of people with some shared interest
n. all of your experiences that determine how things appear to you
n. a part of the earth that can be considered separately
n. all of the living human inhabitants of the earth","n. 世界, 地球, 宇宙, 万物, 世人, 人间, 领域, 世事, 世故, 社会生活, 大量
[法] 世界, 地球, 世人",n:100,5,1,zk gk ielts,146,123,world
worldwide,worldwide,'wә:ldwaid,s. spanning or extending throughout the entire world,a. 全世界的,r:53/j:47,3,0,gk cet4 ky toefl,5136,4457,worldwide
worm,worm,wә:m,"n. any of numerous relatively small elongated soft-bodied animals especially of the phyla Annelida and Chaetognatha and Nematoda and Nemertea and Platyhelminthes; also many insect larvae
n. a person who has a nasty or unethical character undeserving of respect
n. a software program capable of reproducing itself that can spread from one computer to the next over a network
n. screw thread on a gear with the teeth of a worm wheel or rack","n. 虫, 蠕虫, 小人物, 螺纹, 蜗杆
vi. 蠕行, 慢慢前进
vt. 使蠕行, 慢慢地走, 除虫
[计] 蠕虫病毒",v:6/n:94,2,0,gk cet4 cet6 ky toefl,5068,4993,worm
worn,worn,wɒ:n,a. affected by wear; damaged by long use,"a. 用旧的, 穿旧的
wear的过去分词",j:100,1,0,gk,14757,9882,worn
worried,worried,'wʌrid,"v be worried, concerned, anxious, troubled, or uneasy
v be concerned with
v disturb the peace of mind of; afflict with mental agitation or distress
v be on the mind of
v lacerate by biting
v touch or rub constantly
s afflicted with or marked by anxious uneasiness or trouble or grief
s mentally upset over possible misfortune or danger etc","a. 担心的, 闷闷不乐的",j:100,3,1,gk,2284,3261,worried
worry,worry,'wʌri,"n. a strong feeling of anxiety
v. be worried, concerned, anxious, troubled, or uneasy
v. be concerned with
v. disturb the peace of mind of; afflict with mental agitation or distress","n. 担心, 烦恼, 忧虑, 苦恼, 撕咬
vt. 使烦恼, 使焦虑, 使苦恼, 困扰, 折磨, 撕咬
vi. 烦恼, 担心, 撕咬",n:15/v:85,4,1,zk gk,1537,970,worry
worse,worse,wә:s,"n. something inferior in quality or condition or effect
a. (comparative of `bad') inferior to another in quality or condition or desirability
a. changed for the worse in health or fitness
r. (comparative of `ill') in a less effective or successful or desirable manner","n. 更坏的事, 更恶劣的事, 败局
a. 更坏的, 更恶劣的
adv. 更坏地, 更恶劣地",n:100,1,1,gk cet4 cet6 ky,6841,25899,worse
worst,worst,wә:st,"n. the least favorable outcome
n. the greatest damage or wickedness of which one is capable
n. the weakest effort or poorest achievement one is capable of
v. defeat thoroughly","n. 最坏, 最坏的时候
a. 最坏的, 最恶劣的, 最不利的
adv. 最坏, 最糟",v:100,1,0,gk cet4 cet6 ky,13770,33505,worst
worth,worth,wә:θ,"n. an indefinite quantity of something having a specified value
n. the quality that renders something desirable or valuable or useful
n. French couturier (born in England) regarded as the founder of Parisian haute couture; noted for introducing the bustle (1825-1895)
s. having a specified value","n. 价值, 财产
a. 值...的, 值得的",i:71/n:29,4,1,zk gk,975,1353,worth
worthless,worthless,'wә:θlis,a. lacking in usefulness or value,"a. 无价值的, 无益的, 无足轻重的
[法] 无价值的, 无用的",j:100,1,0,gk cet4 cet6,9506,8848,worthless
worthwhile,worthwhile,'wә:θ'hwail,s. sufficiently valuable to justify the investment of time or interest,"a. 值得花时间的, 值得做的, 有真实价值的",j:100,2,0,gk cet4 cet6 ky ielts,4264,6958,worthwhile
worthy,worthy,'wә:ði,"n. an important, honorable person (word is often used humorously)
a. having worth or merit or value; being honorable or admirable
s. having qualities or abilities that merit recognition in some way","n. 杰出人物
a. 有价值的, 可敬的, 值得的",j:78/n:22,2,0,gk cet4 cet6 ky toefl,4663,5102,worthy
would,would,wud,"imp. of Will
v. t. Commonly used as an auxiliary verb, either in the past
   tense or in the conditional or optative present. See 2d & 3d Will.
n. See 2d Weld.","aux. 将, 愿意",v:100,5,1,zk gk,34,41,would
wound,wound,wu:nd,"n. an injury to living tissue (especially an injury involving a cut or break in the skin)
n. a casualty to military personnel resulting from combat
n. a figurative injury (to your feelings or pride)
n. the act of inflicting a wound","n. 创伤, 伤口, 伤疤, 伤害, 痛苦
vt. 伤害, 损害, 使受伤
vi. 打伤, 伤害
wind的过去式和过去分词",v:38/n:62,4,1,zk gk cet4 cet6 ky,3399,3202,wound
wounded,wounded,,n. people who are wounded,"a. 受伤的
[法] 受伤者; 受伤的, 受了损害的",j:100,0,1,gk,6501,5376,wounded
wrestle,wrestle,'resl,"n. the act of engaging in close hand-to-hand combat
v. combat to overcome an opposing tendency or force
v. engage in deep thought, consideration, or debate
v. engage in a wrestling match","n. 摔跤, 角力, 扭斗
vi. 摔跤, 搏斗, 斗争, 斟酌
vt. 与(对手)摔跤",n:1/v:99,1,0,gk cet6 ielts,11240,6407,wrestle
wrinkle,wrinkle,'riŋkl,"n. a slight depression in the smoothness of a surface
n. a minor difficulty
n. a clever method of doing something (especially something new and different)
v. make wrinkles or creases on a smooth surface; make a pressed, folded or wrinkled line in","n. 皱纹, 妙计, 方法, 技巧
vi. 起皱
vt. 使起皱纹",v:30/n:70,1,0,gk cet6 ky toefl ielts gre,14095,7819,wrinkle
wrist,wrist,rist,n. a joint between the distal end of the radius and the proximal row of carpal bones,"n. 手腕, 腕关节
[医] 腕",n:100,2,1,gk cet4 cet6 ky toefl gre,4394,3624,wrist
write,write,rait,"v. produce a literary work
v. communicate or express by writing
v. communicate (with) in writing
v. communicate by letter","vt. 书写, 著述, 写, 写满, 写信给
vi. 写, 写字, 写信, 写作, 作曲
[计] 书写器",v:100,5,1,zk gk,211,228,write
writing,writing,'raitiŋ,"n. the act of creating written works
n. the work of a writer; anything expressed in letters of the alphabet (especially when considered from the point of view of style and effect)
n. (usually plural) the collected work of an author
n. letters or symbols that are written or imprinted on a surface to represent the sounds or words of a language","n. 书写, 著作, 笔迹, 作品
[医] 书写",n:100,4,1,gk cet4 cet6 ky ielts,1484,1528,writing
wrong,wrong,rɒŋ,"n. that which is contrary to the principles of justice or law
n. any harm or injury resulting from a violation of a legal right
v. treat unjustly; do wrong to
a. contrary to conscience or morality or law","a. 错误的, 不正当的, 失常的
adv. 错误地",r:10/j:86/v:2/n:2,4,1,zk gk,672,655,wrong
yard,yard,jɑ:d,"n. a unit of length equal to 3 feet; defined as 91.44 centimeters; originally taken to be the average length of a stride
n. the enclosed land around a house or other building
n. a tract of land enclosed for particular activities (sometimes paved and usually associated with buildings)
n. a tract of land where logs are accumulated","n. 码, 庭院, 工场
[化] 堆置场",n:100,4,1,zk gk cet4 cet6 ky ielts,1370,1035,yard
yawn,yawn,jɒ:n,"n. an involuntary intake of breath through a wide open mouth; usually triggered by fatigue or boredom
v. utter a yawn, as from lack of oxygen or when one is tired","n. 哈欠
vi. 打哈欠, 裂开
vt. 打着哈欠说",n:25/v:75,1,1,gk cet4 cet6 ky toefl ielts gre,10509,10649,yawn
year,year,jiә,"n. a period of time containing 365 (or 366) days
n. a period of time occupying a regular part of a calendar year that is used for some particular activity
n. the period of time that it takes for a planet (as, e.g., Earth or Mars) to make a complete revolution around the sun","n. 年, 年度, 年龄
[经] 年度",n:100,5,1,zk gk,56,54,year
yell,yell,jel,v. utter or declare in a very loud voice,"vi. 叫喊, 大叫, (齐声)呐喊欢呼
vt. 喊叫着说
n. 叫声, 喊声, 呐喊",n:7/v:93,2,0,gk cet4 cet6 ky toefl,5181,2628,yell
yellow,yellow,'jelәu,"n. yellow color or pigment; the chromatic color resembling the hue of sunflowers or ripe lemons
v. turn yellow
s. of the color intermediate between green and orange in the color spectrum; of something resembling the color of an egg yolk
s. changed to a yellowish color by age","n. 黄色
a. 黄色的",j:92/v:1/n:7,3,1,zk gk ielts,2173,1665,yellow
yes,yes,jes,n. an affirmative,"adv. 是
n. 是, 同意
v. 同意",u:100,5,1,zk gk,144,258,yes
yesterday,yesterday,'jestәdi,"n. the day immediately before today
n. the recent past
r. on the day preceding today
r. in the recent past; only a short time ago","n. 昨天
adv. 昨天",r:100,5,1,zk gk,513,1505,yesterday
yet,yet,jet,"r. up to the present time
r. within an indefinite time or at an unspecified future time","adv. 还, 尚, 仍然, 已经, 然而
conj. 然而",r:100,5,1,zk gk,261,275,yet
yoghurt,yoghurt,'jәugә:t,n a custard-like food made from curdled milk,"n. 酸乳, 酸奶",n:100,0,0,gk,12195,43601,yoghurt
you,you,ju:,"dat. & obj. The pronoun of the second person, in the nominative,
   dative, and objective case, indicating the person or persons addressed.
   See the Note under Ye.","pron. 你, 你们",p:100,5,1,zk gk,15,14,you
young,young,jʌŋ,"n. any immature animal
n. United States film and television actress (1913-2000)
n. United States civil rights leader (1921-1971)
n. British physicist and Egyptologist; he revived the wave theory of light and proposed a three-component theory of color vision; he also played an important role in deciphering the hieroglyphics on the Rosetta Stone (1773-1829)","a. 年轻的, 无经验的, 朝气蓬勃的
n. 青年们, 幼小动物, 崽",j:100,5,1,zk gk,228,234,young
your,your,juә,"pron. & a. The form of the possessive case of the personal
   pronoun you.","pron. 你的, 你们的",a:99/p:1,5,1,zk gk,66,69,your
yours,yours,juәz,pron. See the Note under Your.,"pron. 你的(东西), 你们的(东西)",p:100,3,1,zk gk,2133,3156,yours
yourself,yourself,juә'self,"pron. An emphasized or reflexive form of the pronoun of the
   second person; -- used as a subject commonly with you; as, you yourself
   shall see it; also, alone in the predicate, either in the nominative or
   objective case; as, you have injured yourself.",pron. 你自己,p:100,4,1,zk gk,932,915,yourself
yourselves,yourselves,"jɔ:'selvz,jjә-,jә-",pl.  of Yourself,pron. 你们自己,,0,0,zk gk,7931,0,yourselves
youth,youth,ju:θ,"n. the time of life between childhood and maturity
n. early maturity; the state of being young or immature or inexperienced
n. an early period of development
n. the freshness and vitality characteristic of a young person","n. 年轻, 青年时代, 青年们, 青春
[法] 青年, 青年时期, 青春时期",n:100,4,1,gk cet4 cet6 ky ielts,1508,1397,youth
yummy,yummy,'jʌmi,s extremely pleasing to the sense of taste,"a. 美味的, 可口的, 赏心悦目的, 愉快的",j:100,0,0,gk,36374,18334,yummy
zebra,zebra,'zi:brә,n. any of several fleet black-and-white striped African equines,n. 斑马,n:100,1,0,zk gk cet4 cet6 ky,15998,13912,zebra
zero,zero,'ziәrәu,"n. a mathematical element that when added to another number yields the same number
n. the point on a scale from which positive or negative numerical quantities can be measured
n. the sight setting that will cause a projectile to hit the center of the target with no wind blowing
v. adjust (an instrument or device) to zero value","n. 零, 零点, 零度, 无, 乌有, 最低点
a. 零的, 没有的
vt. 调零, 对(炮火等)作协调校正
[计] 零",v:18/m:44/n:38,2,1,zk gk ielts,4296,4886,zero
zip,zip,zip,"n a quantity of no importance
n a code of letters and digits added to a postal address to aid in the sorting of mail
n forceful exertion
n a fastener for locking together two toothed edges by means of a sliding tab
v close with a zipper
v move very fast","n. 尖啸声, 拉链, 活力
vt. 给...以速度, 使增加活力, 拉(拉链)
vi. 有力而迅速地行动, 嘘嘘地响, 拉拉链",n:30/v:70,1,0,gk ky,10485,8896,zip
zipper,zipper,'zipә,"n a fastener for locking together two toothed edges by means of a sliding tab
v close with a zipper",n. 拉链,v:4/n:96,0,0,gk,27054,10432,zipper
zone,zone,zәun,"n. a locally circumscribed place characterized by some distinctive features
n. any of the regions of the surface of the Earth loosely divided according to latitude or longitude
n. an area or region distinguished from adjacent parts by a distinctive feature or characteristic
n. (anatomy) any encircling or beltlike structure","n. 地带, 带, 地区
vt. 环绕, 使分成地带
vi. 分成区
[计] 卡片顶部的三行区; 区; 区域",n:100,3,1,gk cet4 cet6 ky toefl gre,2336,1763,zone
zoo,zoo,zu:,n the facility where wild animals are housed for exhibition,n. 动物园,n:100,2,0,zk gk ielts,6119,6286,zoo
zoom,zoom,zu:m,"v. move along very quickly
v. move with a low humming noise","n. 急速上升, 变焦摄影, 嗡嗡声
vi. 猛增, 急速上升, 摄象机移动
vt. 使摄象机移动
[计] 缩放",n:27/v:73,2,0,gk ky,11707,8608,zoom
