word,sw,phonetic,definition,translation,pos,collins,oxford,tag,bnc,frq,word_lower
the,the,ðә,"v. i. See Thee.
definite article. A word placed before nouns to limit or
   individualize their meaning.
adv. By that; by how much; by so much; on that account; -- used
   before comparatives; as, the longer we continue in sin, the more
   difficult it is to reform.",art. 那,a:100,5,1,zk gk,1,1,the
be,be,bi:,"v. have the quality of being; (copula, used with an adjective or a predicate noun)
v. be identical to; be someone or something
v. occupy a certain position or area; be somewhere
v. happen, occur, take place; this was during the visit to my parents' house""","v. 是, 表示, 在
[计] 后端, 总线允许",v:100,5,1,zk gk,2,2,be
of,of,ɒv,"prep. In a general sense, from, or out from; proceeding from;
   belonging to; relating to; concerning; -- used in a variety of
   applications; as:
prep. Denoting that from which anything proceeds; indicating
   origin, source, descent, and the like; as, he is of a race of kings; he
   is of noble blood.
prep. Denoting possession or ownership, or the relation of subject
   to attribute; as, the apartment of the consul: the power of the king; a
   man of courage; the gate of heaven.
prep. Denoting the material of which anything is composed, or that
   which it contains; as, a throne of gold; a sword of steel; a wreath of
   mist; a cup of water.
prep. Denoting part of an aggregate or whole; belonging to a
   number or quantity mentioned; out of; from amongst; as, of this little
   he had some to spare; some of the mines were unproductive; most of the
   company.
prep. Denoting that by which a person or thing is actuated or
   impelled; also, the source of a purpose or action; as, they went of
   their own will; no body can move of itself; he did it of necessity.
prep. Denoting reference to a thing; about; concerning; relating
   to; as, to boast of one's achievements.
prep. Denoting nearness or distance, either in space or time;
   from; as, within a league of the town; within an hour of the appointed
   time.
prep. Denoting identity or equivalence; -- used with a name or
   appellation, and equivalent to the relation of apposition; as, the
   continent of America; the city of Rome; the Island of Cuba.
prep. Denoting the agent, or person by whom, or thing by which,
   anything is, or is done; by.
prep. Denoting relation to place or time; belonging to, or
   connected with; as, men of Athens; the people of the Middle Ages; in
   the days of Herod.
prep. Denoting passage from one state to another; from.
prep. During; in the course of.","prep. 的, 属于",i:100,5,1,zk gk,3,4,of
and,and,ænd,"conj. A particle which expresses the relation of connection or
   addition. It is used to conjoin a word with a word, a clause with a
   clause, or a sentence with a sentence.
conj. In order to; -- used instead of the infinitival to,
   especially after try, come, go.
conj. It is sometimes, in old songs, a mere expletive.
conj. If; though. See An, conj.","conj. 和, 与
[计] 与",c:99/n:1,5,1,zk gk,4,3,and
a,a,ei,"n. the 1st letter of the Roman alphabet
n. the blood group whose red cells carry the A antigen","第一个字母 A; 一个; 第一的
art. [计] 累加器, 加法器, 地址, 振幅, 模拟, 区域, 面积, 汇编, 组件, 异步",a:99/t:1,5,1,zk gk,5,5,a
to,to,tu:,"prep. The preposition to primarily indicates approach and arrival,
   motion made in the direction of a place or thing and attaining it,
   access; and also, motion or tendency without arrival; movement toward;
   -- opposed to from.
prep. Hence, it indicates motion, course, or tendency toward a
   time, a state or condition, an aim, or anything capable of being
   regarded as a limit to a tendency, movement, or action; as, he is going
   to a trade; he is rising to wealth and honor.
prep. In a very general way, and with innumerable varieties of
   application, to connects transitive verbs with their remoter or
   indirect object, and adjectives, nouns, and neuter or passive verbs
   with a following noun which limits their action. Its sphere verges upon
   that of for, but it contains less the idea of design or appropriation;
   as, these remarks were addressed to a large audience; let us keep this
   seat to ourselves; a substance sweet to the taste; an event painful to
   the mind; duty to God and to our parents; a dislike to spirituous
   liquor.
prep. As sign of the infinitive, to had originally the use of last
   defined, governing the infinitive as a verbal noun, and connecting it
   as indirect object with a preceding verb or adjective; thus, ready to
   go, i.e., ready unto going; good to eat, i.e., good for eating; I do my
   utmost to lead my life pleasantly. But it has come to be the almost
   constant prefix to the infinitive, even in situations where it has no
   prepositional meaning, as where the infinitive is direct object or
   subject; thus, I love to learn, i.e., I love learning; to die for one's
   country is noble, i.e., the dying for one's country. Where the
   infinitive denotes the design or purpose, good usage formerly allowed
   the prefixing of for to the to; as, what went ye out for see? (Matt.
   xi. 8).
prep. In many phrases, and in connection with many other words, to
   has a pregnant meaning, or is used elliptically.
prep. Extent; limit; degree of comprehension; inclusion as far as;
   as, they met us to the number of three hundred.
prep. Effect; end; consequence; as, the prince was flattered to
   his ruin; he engaged in a war to his cost; violent factions exist to
   the prejudice of the state.
prep. Apposition; connection; antithesis; opposition; as, they
   engaged hand to hand.
prep. Accord; adaptation; as, an occupation to his taste; she has
   a husband to her mind.
prep. Comparison; as, three is to nine as nine is to twenty-seven;
   it is ten to one that you will offend him.
prep. Addition; union; accumulation.
prep. Accompaniment; as, she sang to his guitar; they danced to
   the music of a piano.
prep. Character; condition of being; purpose subserved or office
   filled.","prep. 到, 向, 趋于
adv. 向前",i:38/t:62,5,1,zk gk,7,7,to
have,have,hæv,"v. have or possess, either in a concrete or an abstract sense
v. have as a feature
v. have a personal or business relationship with someone
v. have left","vt. 有, 怀有, 拿, 进行
aux. 已经",n:1/v:99,5,1,zk gk,8,8,have
it,it,it,n the branch of engineering that deals with the use of computers and telecommunications to retrieve and store and transmit information,"pron. 它
[计] 信息论, 输入终端, 智能终端, 内捕获",p:100,5,1,zk gk,9,10,it
he,he,hi:,n. the 5th letter of the Hebrew alphabet,"pron. 他
n. 男孩, 男人, 雄性动物",p:100,5,1,zk gk,11,15,he
for,for,fɒ:,"prep. In the most general sense, indicating that in consideration
   of, in view of, or with reference to, which anything is done or takes
   place.
prep. Indicating the antecedent cause or occasion of an action;
   the motive or inducement accompanying and prompting to an act or state;
   the reason of anything; that on account of which a thing is or is done.
prep. Indicating the remoter and indirect object of an act; the
   end or final cause with reference to which anything is, acts, serves,
   or is done.
prep. Indicating that in favor of which, or in promoting which,
   anything is, or is done; hence, in behalf of; in favor of; on the side
   of; -- opposed to against.
prep. Indicating that toward which the action of anything is
   directed, or the point toward which motion is made; /ntending to go to.
prep. Indicating that on place of or instead of which anything
   acts or serves, or that to which a substitute, an equivalent, a
   compensation, or the like, is offered or made; instead of, or place of.
prep. Indicating that in the character of or as being which
   anything is regarded or treated; to be, or as being.
prep. Indicating that instead of which something else controls in
   the performing of an action, or that in spite of which anything is
   done, occurs, or is; hence, equivalent to notwithstanding, in spite of;
   -- generally followed by all, aught, anything, etc.
prep. Indicating the space or time through which an action or
   state extends; hence, during; in or through the space or time of.
prep. Indicating that in prevention of which, or through fear of
   which, anything is done.
conj. Because; by reason that; for that; indicating, in Old
   English, the reason of anything.
conj. Since; because; introducing a reason of something before
   advanced, a cause, motive, explanation, justification, or the like, of
   an action related or a statement made. It is logically nearly
   equivalent to since, or because, but connects less closely, and is
   sometimes used as a very general introduction to something suggested by
   what has gone before.
n. One who takes, or that which is said on, the affrimative side;
   that which is said in favor of some one or something; -- the antithesis
   of against, and commonly used in connection with it.","prep. 为, 因为, 至于
conj. 因为
[计] DOS批处理命令:对一组参数重复执行指定的命令",i:99/c:1,5,1,zk gk,12,13,for
not,not,nɒt,r. negation of a word or group of words,"adv. 不, 非, 未
[计] 非",c:1/r:99,5,1,zk gk,13,28,not
that,that,ðæt,"pron., a., conj., &  As a demonstrative pronoun (pl. Those),
   that usually points out, or refers to, a person or thing previously
   mentioned, or supposed to be understood. That, as a demonstrative, may
   precede the noun to which it refers; as, that which he has said is
   true; those in the basket are good apples.
pron., a., conj., &  As an adjective, that has the same
   demonstrative force as the pronoun, but is followed by a noun.
pron., a., conj., &  As a relative pronoun, that is
   equivalent to who or which, serving to point out, and make definite, a
   person or thing spoken of, or alluded to, before, and may be either
   singular or plural.
pron., a., conj., &  As a conjunction, that retains much of
   its force as a demonstrative pronoun.
pron., a., conj., &  To introduce a clause employed as the
   object of the preceding verb, or as the subject or predicate nominative
   of a verb.
pron., a., conj., &  To introduce, a reason or cause; --
   equivalent to for that, in that, for the reason that, because.
pron., a., conj., &  To introduce a purpose; -- usually
   followed by may, or might, and frequently preceded by so, in order, to
   the end, etc.
pron., a., conj., &  To introduce a consequence, result, or
   effect; -- usually preceded by so or such, sometimes by that.
pron., a., conj., &  In an elliptical sentence to introduce
   a dependent sentence expressing a wish, or a cause of surprise,
   indignation, or the like.
pron., a., conj., &  As adverb: To such a degree; so; as, he
   was that frightened he could say nothing.","a. 那, 那个
conj. 以致, 因为
pron. 那
adv. 那么, 那样",p:1/c:66/d:33,5,1,zk gk,14,12,that
you,you,ju:,"dat. & obj. The pronoun of the second person, in the nominative,
   dative, and objective case, indicating the person or persons addressed.
   See the Note under Ye.","pron. 你, 你们",p:100,5,1,zk gk,15,14,you
with,with,wið,"n. See Withe.
prep. With denotes or expresses some situation or relation of
   nearness, proximity, association, connection, or the like.
prep. To denote a close or direct relation of opposition or
   hostility; -- equivalent to against.
prep. To denote association in respect of situation or
   environment; hence, among; in the company of.
prep. To denote a connection of friendship, support, alliance,
   assistance, countenance, etc.; hence, on the side of.
prep. To denote the accomplishment of cause, means, instrument,
   etc; -- sometimes equivalent to by.
prep. To denote association in thought, as for comparison or
   contrast.
prep. To denote simultaneous happening, or immediate succession
   or consequence.
prep. To denote having as a possession or an appendage; as, the
   firmament with its stars; a bride with a large fortune.","prep. 和...在一起, 以, 由于",i:100,5,1,zk gk,16,16,with
on,on,ɒn,"a. in operation or operational
a. (of events) planned or scheduled
r. indicates continuity or persistence or concentration
r. in a state required for something to function or be effective","prep. 在...之上
adv. ...上去
a. 正起作用的
[计] 打开",i:91/r:8/j:1,5,1,zk gk ielts,17,17,on
they,they,ðei,"obj. The plural of he, she, or it. They is never used
   adjectively, but always as a pronoun proper, and sometimes refers to
   persons without an antecedent expressed.","pron. 他们, 它们",p:100,5,1,zk gk,18,21,they
do,do,du:,"n. the syllable naming the first (tonic) note of any major scale in solmization
v. get (something) done
v. proceed or get along
v. create or design, often in a certain way","v. 做, 进行, 完成",v:100,5,1,zk gk,19,18,do
by,by,bai,r. so as to pass a given point,"prep. 被, 经, 由, 在...之旁
adv. 经过, 在近处",i:97/r:3,5,1,zk gk,20,30,by
she,she,ʃi:,"obj. This or that female; the woman understood or referred to;
   the animal of the female sex, or object personified as feminine, which
   was spoken of.
obj. A woman; a female; -- used substantively.",pron. 她,p:100,5,1,zk gk,21,31,she
at,at,æt,n. 100 at equal 1 kip in Laos,"prep. 在, 向, 对
[计] 地址转换器, 异常传输, 自动订票",i:100,5,1,zk gk,22,22,at
this,this,θis,"pron. & a. As a demonstrative pronoun, this denotes something
   that is present or near in place or time, or something just mentioned,
   or that is just about to be mentioned.
pron. & a. As an adjective, this has the same demonstrative
   force as the pronoun, but is followed by a noun; as, this book; this
   way to town.","pron. 这, 本
a. 这, 本
adv. 这么",r:1/d:99,5,1,zk gk,23,20,this
but,but,bʌt,r and nothing more,"prep. 除了
conj. 但是
adv. 仅仅",i:2/c:98,5,1,zk gk,24,23,but
his,his,hiz,"pron. Belonging or pertaining to him; -- used as a pronominal
   adjective or adjective pronoun; as, tell John his papers are ready;
   formerly used also for its, but this use is now obsolete.
pron. The possessive of he; as, the book is his.","pron. 他的
[化] 组氨酸",a:98/p:2,5,1,zk gk,25,25,his
we,we,wi:,"pl.  of I
obj. The plural nominative case of the pronoun of the first
   person; the word with which a person in speaking or writing denotes a
   number or company of which he is one, as the subject of an action
   expressed by a verb.",pron. 我们,p:100,5,1,zk gk,26,24,we
from,from,frɒm,"prep. Out of the neighborhood of; lessening or losing proximity
   to; leaving behind; by reason of; out of; by aid of; -- used whenever
   departure, setting out, commencement of action, being, state,
   occurrence, etc., or procedure, emanation, absence, separation, etc.,
   are to be expressed. It is construed with, and indicates, the point of
   space or time at which the action, state, etc., are regarded as setting
   out or beginning; also, less frequently, the source, the cause, the
   occasion, out of which anything proceeds; -- the aritithesis and
   correlative of to; as, it, is one hundred miles from Boston to
   Springfield; he took his sword from his side; light proceeds from the
   sun; separate the coarse wool from the fine; men have all sprung from
   Adam, and often go from good to bad, and from bad to worse; the merit
   of an action depends on the principle from which it proceeds; men judge
   of facts from personal knowledge, or from testimony.","prep. 从, 来自, 根据",i:100,5,1,zk gk,27,26,from
which,which,hwitʃ,"a. Of what sort or kind; what; what a; who.
a. A interrogative pronoun, used both substantively and
   adjectively, and in direct and indirect questions, to ask for, or refer
   to, an individual person or thing among several of a class; as, which
   man is it? which woman was it? which is the house? he asked which route
   he should take; which is best, to live or to die? See the Note under
   What, pron., 1.
pron. A relative pronoun, used esp. in referring to an
   antecedent noun or clause, but sometimes with reference to what is
   specified or implied in a sentence, or to a following noun or clause
   (generally involving a reference, however, to something which has
   preceded). It is used in all numbers and genders, and was formerly used
   of persons.
pron. A compound relative or indefinite pronoun, standing for
   any one which, whichever, that which, those which, the . . . which, and
   the like; as, take which you will.","pron. 哪一个, 那一个",d:100,5,1,zk gk,28,58,which
or,or,ɒ:,"n a state in northwestern United States on the Pacific
n a room in a hospital equipped for the performance of surgical operations","conj. 或, 或者
[计] 或",c:100,5,1,zk gk,29,32,or
will,will,wil,"n. a fixed and persistent intent or purpose
n. a legal document declaring a person's wishes regarding the disposal of their property when they die
v. decree or ordain
v. determine by choice","n. 意志, 决心, 意愿, 意向, 干劲, 遗嘱
vt. 用意志的力量驱使, 决意, 愿意, 立遗嘱
vi. 下决心, 愿意
aux. 将, 愿意, 必须",n:3/v:97,4,1,zk gk,31,48,will
say,say,sei,"n. the chance to speak
v. communicate or express nonverbally
v. utter aloud
v. state as one's opinion or judgement; declare","vt. 说, 讲, 念, 说明, 指明
vi. 说, 讲
n. 意见, 发言权",r:1/v:99,5,1,zk gk ielts,32,19,say
as,as,æz,"n a very poisonous metallic element that has three allotropic forms; arsenic and arsenic compounds are used as herbicides and insecticides and various alloys; found in arsenopyrite and orpiment and realgar
n a United States territory on the eastern part of the island of Samoa
n a metric unit of length equal to one ten billionth of a meter (or 0.0001 micron); used to specify wavelengths of electromagnetic radiation
n any of several fat-soluble vitamins essential for normal vision; prevents night blindness or inflammation or dryness of the eyes
n one of the four nucleotides used in building DNA; all four nucleotides have a common phosphate group and a sugar (ribose)
n (biochemistry) purine base found in DNA and RNA; pairs with thymine in DNA and with uracil in RNA
n the basic unit of electric current adopted under the Systeme International d'Unites
n the 1st letter of the Roman alphabet
n the blood group whose red cells carry the A antigen
r to the same degree (often followed by `as')","adv. 同样地, 例如
prep. 做为, 当作
conj. 当...之时, 以...的方式, 像...一样, 因为
[计] 高级系统, 先进系统, 辅助存储器, 自治系统",i:34/c:53/r:13,5,1,zk gk ielts,33,33,as
would,would,wud,"imp. of Will
v. t. Commonly used as an auxiliary verb, either in the past
   tense or in the conditional or optative present. See 2d & 3d Will.
n. See 2d Weld.","aux. 将, 愿意",v:100,5,1,zk gk,34,41,would
their,their,ðєә,"pron. & a. The possessive case of the personal pronoun they;
   as, their houses; their country.",pron. 他们的,a:100,5,1,zk gk,36,36,their
there,there,ðєә,"n. a location other than here; that place
r. in or at that place
r. in that matter
r. to or toward that place; away from the speaker",adv. 在那里,p:70/r:29/n:1,5,1,zk gk,37,53,there
what,what,hwɒt,"pron., a., & adv. As an interrogative pronoun, used in asking
   questions regarding either persons or things; as, what is this? what
   did you say? what poem is this? what child is lost?
pron., a., & adv. As an exclamatory word: -- (a) Used absolutely
   or independently; -- often with a question following.
pron., a., & adv. Used adjectively, meaning how remarkable, or
   how great; as, what folly! what eloquence! what courage!
pron., a., & adv. Sometimes prefixed to adjectives in an
   adverbial sense, as nearly equivalent to how; as, what happy boys!
pron., a., & adv. As a relative pronoun
pron., a., & adv. Used substantively with the antecedent
   suppressed, equivalent to that which, or those [persons] who, or those
   [things] which; -- called a compound relative.
pron., a., & adv. Used adjectively, equivalent to the . . .
   which; the sort or kind of . . . which; rarely, the . . . on, or at,
   which.
pron., a., & adv. Used adverbially in a sense corresponding to
   the adjectival use; as, he picked what good fruit he saw.
pron., a., & adv. Whatever; whatsoever; what thing soever; --
   used indefinitely.
pron., a., & adv. Used adverbially, in part; partly; somewhat;
   -- with a following preposition, especially, with, and commonly with
   repetition.
n. Something; thing; stuff.
interrog. adv. Why? For what purpose? On what account?","pron. 什么
interj. 怎么, 多么
a. 什么的
adv. 到什么程度",d:100,5,1,zk gk,38,34,what
all,all,ɒ:l,"a. quantifier; used with either mass or count nouns to indicate the whole number or amount of or every one of a class
s. completely given to or absorbed by","a. 所有的, 全部的, 一切的
adv. 全部, 全然
pron. 全部
n. 全部",r:17/d:83,5,1,zk gk ielts,39,43,all
if,if,if,"conj. In case that; granting, allowing, or supposing that; --
   introducing a condition or supposition.
conj. Whether; -- in dependent questions.","conj. 如果, 是否, 无论何时, 假设, 即使
n. 条件
[计] DOS批处理命令:根据所测试的条件决定是否执行另一条命令",c:100,5,1,zk gk,40,40,if
get,get,get,"n. a return on a shot that seemed impossible to reach and would normally have resulted in a point for the opponent
v. come into the possession of something concrete or abstract
v. cause to move; cause to be in a certain position or condition
v. succeed in catching or seizing, especially after a chase","vt. 得到, 获得, 变成, 使得, 收获, 接通, 抓住, 染上
vi. 到达, 成为, 变得
n. (网球等)救球, 生殖, 幼兽
[计] 取得指令, 获取文件",v:100,5,1,zk gk ielts,41,39,get
her,her,hә:,"pron. & a. The form of the objective and the possessive case of
   the personal pronoun she; as, I saw her with her purse out.
pron. pl. Alt. of Here","pron. 她的, 她",a:70/p:30,5,1,zk gk,42,42,her
make,make,meik,"v. engage in
v. give certain properties to something
v. make or cause to be or to become
v. compel or make somebody or something to act in a certain way","vt. 制造, 安排, 创造, 构成, 使得, 产生, 造成, 整理, 布置, 引起, 到达, 进行
vi. 开始, 前进, 增大, 被制造, 被处理
n. 制造, 构造, 性情",n:1/v:99,3,1,zk gk ielts,43,45,make
go,go,gou,"n. a time for working (after which you will be relieved by someone else)
n. a board game for two players who place counters on a grid; the object is to surround and so capture the opponent's counters
v. follow a procedure or take a course
v. move away from a place into another direction","vi. 去, 走, 达到, 运转, 查阅, 消失, 结束, 放弃, 花费, 流传, 趋于, 打算, 剩下
vt. 以...打赌, 对付, 忍受, 出产, 为被捕者出(保释金)
n. 去, 尝试, 进行",v:100,5,1,zk gk ielts,44,35,go
who,who,hu:,n a United Nations agency to coordinate international health activities and to help governments improve health services,pron. 谁,p:100,5,1,zk gk,45,38,who
one,one,wʌn,"n. the smallest whole number or a numeral representing this number
n. a single person or thing
s. used of a single unit or thing; not two or more
s. having the indivisible character of a unit","n. 一(个)
pron. 一, 任何人
num. 一, 一个
a. 一致的, 完整的",p:31/m:64/n:5,5,1,zk gk ielts,46,51,one
see,see,si:,"n. the seat within a bishop's diocese where his cathedral is located
v. perceive by sight or have the power to perceive by sight
v. deem to be
v. be careful or certain to do something; make certain of something","vt. 看见, 查看, 参观, 游览, 理解, 知道, 同意
vi. 看, 观看, 注意, 知道, 考虑
n. 主教的职位",v:100,5,1,zk gk,47,67,see
so,so,sәu,"r. to a very great extent or degree
r. in a manner that facilitates
r. in such a condition or manner, especially as expressed or implied
r. to a certain unspecified extent or degree","adv. 如此, 如是, 如...那样
conj. 所以, 因此
pron. 这样",c:20/r:79/j:1,3,1,zk gk,48,55,so
know,know,nәu,"n. the fact of being aware of information that is known to few people
v. be cognizant or aware of a fact or a specific piece of information; possess knowledge or information about
v. know how to do or perform something
v. be aware of the truth of something; have a belief or faith in something; regard as true beyond any doubt","v. 知道, 了解, 认识, 确信",n:1/v:99,3,1,zk gk,49,47,know
time,time,taim,"n. an instance or single occasion for some event
n. a period of time considered as a resource under your control and sufficient to accomplish something
n. an indefinite period (usually marked by specific attributes or activities)
n. a suitable moment","n. 时间, 时侯, 时机, 时期, 期限, 次数, 节拍, 暂停, 规定时间
vt. 测定...的时间, 记录...的时间, 计时, 定时
a. 时间的, 记时的, 定时的, 定期的, 分期的
[计] DOS内部命令:用于显示或设定系统的时间",v:1/n:99,5,1,zk gk ielts,50,52,time
some,some,sʌm,"a. quantifier; used with either mass nouns or plural count nouns to indicate an unspecified number or quantity
s. relatively much but unspecified in amount or extent
s. relatively many but unspecified in number
s. remarkable","pron. 一些, 一部分, 若干
adv. 大约
a. 一些的, 少许的, 某一的",p:1/d:99,5,1,zk gk,53,60,some
when,when,hwen,"adv. At what time; -- used interrogatively.
adv. At what time; at, during, or after the time that; at or
   just after, the moment that; -- used relatively.
adv. While; whereas; although; -- used in the manner of a
   conjunction to introduce a dependent adverbial sentence or clause,
   having a causal, conditional, or adversative relation to the principal
   proposition; as, he chose to turn highwayman when he might have
   continued an honest man; he removed the tree when it was the best in
   the grounds.
adv. Which time; then; -- used elliptically as a noun.","conj. 当...的时候
adv. 何时, 什么时候
pron. 什么时侯
n. 时间",c:71/r:29,5,1,zk gk,54,57,when
could,could,kud,"imp. of Can
imp. Was, should be, or would be, able, capable, or
   susceptible. Used as an auxiliary, in the past tense or in the
   conditional present.","aux. 可以, 能",v:100,5,1,zk,55,71,could
year,year,jiә,"n. a period of time containing 365 (or 366) days
n. a period of time occupying a regular part of a calendar year that is used for some particular activity
n. the period of time that it takes for a planet (as, e.g., Earth or Mars) to make a complete revolution around the sun","n. 年, 年度, 年龄
[经] 年度",n:100,5,1,zk gk,56,54,year
into,into,'intu:,"prep. To the inside of; within. It is used in a variety of
   applications.
prep. Expressing entrance, or a passing from the outside of a
   thing to its interior parts; -- following verbs expressing motion; as,
   come into the house; go into the church; one stream falls or runs into
   another; water enters into the fine vessels of plants.
prep. Expressing penetration beyond the outside or surface, or
   access to the inside, or contents; as, to look into a letter or book;
   to look into an apartment.
prep. Indicating insertion; as, to infuse more spirit or
   animation into a composition.
prep. Denoting inclusion; as, put these ideas into other words.
prep. Indicating the passing of a thing from one form,
   condition, or state to another; as, compound substances may be resolved
   into others which are more simple; ice is convertible into water, and
   water into vapor; men are more easily drawn than forced into
   compliance; we may reduce many distinct substances into one mass; men
   are led by evidence into belief of truth, and are often enticed into
   the commission of crimes'into; she burst into tears; children are
   sometimes frightened into fits; all persons are liable to be seduced
   into error and folly.","prep. 进入...之内, 朝..., 深入...之中, 成为...状况",i:100,5,1,zk gk,57,65,into
its,its,its,n the branch of engineering that deals with the use of computers and telecommunications to retrieve and store and transmit information,pron. 它的,a:100,5,1,zk gk,58,78,its
then,then,ðen,"n. that time; that moment
s. at a specific prior time
r. subsequently or soon afterward (often used as sentence connectors)
r. in that case or as a consequence","adv. 然后, 当时
conj. 然后, 当时
n. 那时",r:99/j:1,5,1,zk gk,59,77,then
two,two,tu:,"n. the cardinal number that is the sum of one and one or a numeral representing this number
s. being one more than one","num. 二, 二个",m:100,5,0,zk gk,60,80,two
my,my,mai,"a. Of or belonging to me; -- used always attributively; as, my
   body; my book; -- mine is used in the predicate; as, the book is mine.
   See Mine.","pron. 我的
[医] 迈尔(热容单位)",a:100,5,1,zk gk,61,44,my
out,out,aut,"n. (baseball) a failure by a batter or runner to reach a base safely in baseball
v. reveal (something) about somebody's identity or lifestyle
v. be made known; be disclosed or revealed
a. not allowed to continue to bat or run","a. 外面的, 熄灭的, 结束的
adv. 在外, 熄灭, 出现
prep. 出自, 离去, 向",i:26/r:73/v:1,5,1,zk gk,62,64,out
about,about,ә'baut,"s. on the move
r. all around or on all sides
r. in the area or vicinity
r. used of movement to or among many different places or in no particular direction","prep. 在...周围, 大约, 有关, 关于
adv. 大约, 四处, 在附近, 周围",i:80/r:20,5,1,zk gk,63,46,about
think,think,θiŋk,"n. an instance of deliberate thinking
v. judge or regard; look upon; judge
v. expect, believe, or suppose
v. use or exercise the mind or one's power of reason in order to make inferences, decisions, or arrive at a solution or judgments","vt. 想, 考虑, 想起, 想像, 打算, 认为
vi. 思考, 料想
n. 想法
a. 思想的",n:1/v:99,5,1,zk gk,64,56,think
come,come,kʌm,"v. move toward, travel toward something or somebody or approach something or somebody
v. come to pass; arrive, as in due course
v. reach or enter a state, relation, condition, use, or position
v. to be the product or result","vi. 过来, 来, 到达, 出现, 开始
interj. 喂",v:100,5,1,zk gk ielts,65,70,come
your,your,juә,"pron. & a. The form of the possessive case of the personal
   pronoun you.","pron. 你的, 你们的",a:99/p:1,5,1,zk gk,66,69,your
now,now,nau,"n. the momentary present
r. in the historical present; at this point in the narration of a series of past events
r. used to preface a command or reproof or request
r. at the present moment","adv. 现在, 刚才, 目前
n. 现在
a. 现在的
conj. 由于",c:4/r:96,5,1,zk gk,67,72,now
no,no,nәu,"n. a negative
a. quantifier; used with either mass nouns or plural count nouns for indicating a complete or almost complete lack or zero quantity of
r. referring to the degree to which a certain quality is present
r. not in any degree or manner; not at all","n. 不, 拒绝, 否决票
a. 没有, 不是, 绝非
adv. 不",a:74/p:6/r:10/u:8/d:2,5,1,zk gk,68,93,no
other,other,'ʌðә,"a. not the same one or ones already mentioned or implied
s. recently past
s. very unusual; different in character or quality from the normal or expected","a. 其他的, 另外的, 从前的
pron. 其他的, 他人, 另外一个",i:4/p:8/j:88,5,1,zk gk,69,75,other
only,only,'әunli,"r. with nevertheless the final result
r. in the final outcome
r. except that; only this time she came out better""
r. never except when","a. 唯一的, 仅有的, 最佳的
adv. 只有, 仅仅, 只能
conj. 但是, 不过",r:76/j:24,5,1,zk gk,70,101,only
give,give,giv,"n. the elasticity of something that can be stretched and returns to its original length
v. cause to have, in the abstract sense or physical sense
v. transfer possession of something concrete or abstract to somebody
v. convey or reveal information","n. 弹性, 适应性
vt. 给, 授予, 供给, 产生, 发表, 付出, 献出, 让出
vi. 捐赠, 支持不住, 让步",v:100,5,1,zk gk ielts,71,98,give
good,good,gud,"n. benefit
n. moral excellence or admirableness
n. that which is pleasing or valuable or useful
a. having desirable or positive qualities especially those suitable for a thing specified","n. 善行, 好处, 利益
a. 好的, 优良的, 上等的, 愉快的, 有益的, 好心的, 慈善的, 虔诚的",r:2/j:94/n:4,5,1,zk gk ielts,73,110,good
more,more,mɒ:,"n. English statesman who opposed Henry VIII's divorce from Catherine of Aragon and was imprisoned and beheaded; recalled for his concept of Utopia, the ideal state
a. (comparative of `much' used with mass nouns) a quantifier meaning greater in size or amount or extent or degree
a. (comparative of `many' used with count nouns) quantifier meaning greater in number
r. used to form the comparative of some adjectives and adverbs","n. 更多
a. 多的, 程度较大的, 更大的
adv. 多, 更多, 进一步
[计] DOS外部命令:显示满屏后自动暂停, 并显示:""--More--"", 按任意键继续",r:55/d:44/n:1,5,1,zk,74,81,more
people,people,'pi:pl,"n. (plural) any group of human beings (men or women or children) collectively
n. members of a family line
v. fill with people
v. furnish with people","n. 人, 人民, 民族, 平民
vt. 使住满人, 居住于",v:1/n:99,5,1,zk gk,75,62,people
these,these,ði:z,"pron. The plural of this. See This.
pl.  of This",pron. 这些,d:100,5,0,zk gk,76,82,these
also,also,'ɒ:lsәu,r in addition,"adv. 也, 并且, 同样地",r:100,5,1,zk gk,77,87,also
any,any,'eni,"s. one or some or every or all without specification
r. to any degree or extent","a. 任何的
pron. 任何",r:2/d:98,5,1,zk gk,78,109,any
first,first,fә:st,"n. the first or highest in an ordering or series
n. the first element in a countable series
n. an honours degree of the highest class
a. preceding all others in time or space or degree","adv. 首先, 第一, 优先
a. 第一的
num. 第一
n. 开始, 第一",r:3/m:96/n:1,5,1,zk gk,79,86,first
very,very,'veri,"s. precisely as stated
r. used as intensifiers; `real' is sometimes used informally for `really'; `rattling' is informal
r. precisely so","a. 真正的, 恰好的, 十足的, 特有的
adv. 非常, 完全",r:92/j:8,5,1,zk gk,80,105,very
new,new,nju:,"a. not of long duration; having just (or relatively recently) come into being or been made or acquired or discovered
s. having no previous example or precedent or parallel
s. other than the former one(s); different
a. unaffected by use or exposure","a. 新的, 陌生的, 最近的, 不熟悉的
[法] 新发现的, 新的, 重新开始的",r:1/j:99,5,1,zk gk,81,88,new
look,look,luk,"n. the act of directing the eyes toward something and perceiving it visually
n. physical appearance
v. perceive with attention; direct one's gaze towards
v. give a certain impression or have a certain outward aspect","n. 一看, 神色, 样子, 面容
vi. 看, 注意, 朝着, 显得
vt. 打量, 看上去与...一样, 以眼色(或脸色)显示, 期待",n:12/v:88,5,1,zk gk,82,85,look
may,may,mei,n. the month following April and preceding June,"n. 五月
aux. 愿能, 可以, 愿意",v:100,4,1,zk gk ielts,83,119,may
should,should,ʃud,"imp. of Shall
imp. Used as an auxiliary verb, to express a conditional or
   contingent act or state, or as a supposition of an actual fact; also,
   to express moral obligation (see Shall); e. g.: they should have come
   last week; if I should go; I should think you could go.","aux. 应该, 将要",v:100,5,1,zk gk,85,121,should
way,way,wei,"n. the condition of things generally
n. a course of conduct
n. any artifact consisting of a road or path affording passage from one place to another
n. a journey or passage","n. 路, 路线, 路途, 方法, 道路, 情形, 规模, 习惯, 行业, 方面
adv. 远远地, 非常",r:2/n:98,5,1,zk gk toefl,86,84,way
use,use,ju:s,"n. the act of using
n. a particular service
n. (law) the exercise of the legal right to enjoy the benefits of owning property
v. put into service; make work or employ for a particular purpose or for its inherent or natural purpose","n. 使用, 习惯, 使用价值, 用法, 使用权
vt. 使用, 利用, 运用, 耗费
vi. 惯常",n:19/v:81,4,1,zk gk,87,92,use
like,like,laik,"n. a similar kind
n. a kind of person
v. find enjoyable or agreeable
v. be fond of","a. 相似的, 同样的
vt. 喜欢, 愿意, 想
vi. 喜欢, 希望
n. 爱好, 同样的人(或物)
prep. 象, 如同
adv. 可能",c:4/i:68/j:2/n:2/r:2/v:22,5,1,zk gk,88,74,like
than,than,ðæn,"conj. A particle expressing comparison, used after certain
   adjectives and adverbs which express comparison or diversity, as more,
   better, other, otherwise, and the like. It is usually followed by the
   object compared in the nominative case. Sometimes, however, the object
   compared is placed in the objective case, and than is then considered
   by some grammarians as a preposition. Sometimes the object is expressed
   in a sentence, usually introduced by that; as, I would rather suffer
   than that you should want.
adv. Then. See Then.","conj. 比, 除...外
prep. 比",i:9/c:91,5,1,zk gk,89,73,than
how,how,hau,"adv. In what manner or way; by what means or process.
adv. To what degree or extent, number or amount; in what
   proportion; by what measure or quality.
adv. For what reason; from what cause.
adv. In what state, condition, or plight.
adv. By what name, designation, or title.
adv. At what price; how dear.","adv. 如何, 怎样, 多少, 多么
n. 方式",r:100,5,1,zk gk,90,76,how
man,man,mæn,"n. an adult person who is male (as opposed to a woman)
n. the generic use of the word to refer to any human being
n. a male subordinate
n. an adult male person who has a manly character (virile and courageous competent)","n. 男人, 人类, 人
vt. 为...配备人手, 操纵, 使振奋
[计] 城域网, 手册",v:1/n:99,5,1,zk gk,91,94,man
find,find,faind,"v. come upon, as if by accident; meet with
v. come upon after searching; find the location of something that was missed or lost
v. come to believe on the basis of emotion, intuitions, or indefinite grounds
v. obtain through effort or management","vt. 发现, 感到, 找到, 认为, 得到
vi. 裁决
n. 发现
[计] 查找; DOS外部命令:在指定的文件或从键盘输入的文本行中
寻找指定的字符串, 将符合条件的行或行数输出到标准输出设备上",n:1/v:99,5,1,zk gk,92,95,find
our,our,'auә,"pl.  of I
possessive pron. Of or pertaining to us; belonging to us; as, our
   country; our rights; our troops; our endeavors. See I.",pron. 我们的,a:100,5,1,zk gk,93,79,our
want,want,wɒnt,"v. have need of
v. hunt or look for; want for a particular reason
v. wish or demand the presence of
v. be without, lack; be deficient in","n. 需要的东西, 缺乏, 贫困, 需要
vt. 要, 希望, 应该, 缺少
vi. 生活困苦, 需要, 缺少",n:1/v:99,5,1,zk gk gre,94,83,want
day,day,dei,"n. time for Earth to make a complete rotation on its axis
n. some point or period in time
n. a day assigned to a particular purpose or observance
n. the time after sunrise and before sunset while it is light outside","n. 天, 日子, 白天, 工作日
[医] 日(一昼夜), 昼, 白天",n:100,5,1,zk gk ielts,95,90,day
after,after,'ɑ:ftә,"s. located farther aft
r. behind or in the rear","prep. 在...之后, 由于
conj. 在...之后
adv. 后来",i:68/c:31/r:1,5,1,zk gk,96,120,after
between,between,bi'twi:n,"r. in the interval
r. in between",prep. 在...之间,i:98/r:1/j:1,5,1,zk gk,97,140,between
many,many,'meni,a. a quantifier that can be used with count nouns and is often preceded by `as' or `too' or `so' or `that'; amounting to a large but indefinite number,"n. 多数, 多数人
a. 许多的
pron. 许多",d:100,5,1,zk gk,98,99,many
those,those,ðәuz,pron. The plural of that. See That.,pron. 那些,d:100,5,0,zk gk,100,102,those
because,because,bi'kɒ:z,"conj. By or for the cause that; on this account that; for the
   reason that.
conj. In order that; that.",conj. 因为,i:15/c:85,5,1,zk gk,101,89,because
three,three,θri:,"n. the cardinal number that is the sum of one and one and one
s. being one more than two","num. 三, 三个",m:100,5,0,zk gk,104,135,three
back,back,bæk,"n. the posterior part of a human (or animal) body from the neck to the end of the spine
n. the part of something that is furthest from the normal viewer
n. (football) a person who plays in the backfield
n. the part of a garment that covers the back of your body","a. 后面的
vt. 使后退, 支持
vi. 倒退, 背靠
adv. 向后地
n. 背部, 后面",r:71/v:3/j:2/n:24,5,1,zk gk ielts,105,108,back
thing,thing,θiŋ,"n. a special situation
n. an action
n. a special abstraction
n. an artifact","n. 事物, 东西, 物, 用品, 事, 事件, 情况, 行为, 特征",n:100,5,1,zk gk,106,97,thing
tell,tell,tel,"n. a Swiss patriot who lived in the early 14th century and who was renowned for his skill as an archer; according to legend an Austrian governor compelled him to shoot an apple from his son's head with his crossbow (which he did successfully without mishap)
v. let something be known
v. narrate or give a detailed account of
v. discern or comprehend","vt. 告诉, 说, 吩咐, 断定, 知道
vi. 讲述, 泄密, 告发, 表明",v:100,5,1,zk gk,107,103,tell
such,such,sʌtʃ,"s. of so extreme a degree or extent
r. to so extreme a degree","a. 如此的, 这样的",i:37/d:63,5,1,zk gk,108,183,such
through,through,θru:,"s. (of a route or journey etc.) continuing without requiring stops or changes
r. from beginning to end
r. over the whole distance
r. to completion","adv. 穿越, 从头至尾, 到底, 因为
prep. 经过, 穿过
a. 对穿的, 直达的, 完结的",i:91/r:8/j:1,5,1,zk gk,109,112,through
over,over,'әuvә,"n. (cricket) the division of play during which six balls are bowled at the batsman by one player from the other team from the same end of the pitch
r. at or to a point across intervening space etc.
r. throughout an area
r. throughout a period of time","adv. 结束, 越过, 从头到尾
prep. 在...之上, 遍于...之上, 越过
a. 上面的
vt. 越过",i:58/n:1/r:40/j:1,5,1,zk gk,110,124,over
must,must,mʌst,"n. a necessary or essential thing
n. grape juice before or during fermentation
s. highly recommended","n. 必须, 未发酵葡萄汁, 绝对必要的事物
aux. 必须",n:1/v:99,5,1,zk,111,223,must
still,still,stil,"n. a static photograph (especially one taken from a movie and used for advertising purposes)
n. an apparatus used for the distillation of liquids; consists of a vessel in which a substance is vaporized by heat and a condenser where the vapor is condensed
v. lessen the intensity of or calm
v. make motionless","n. 蒸馏室, 寂静, 剧照
v. 蒸馏, (使)平静, (使)静止
a. 静止的, 不动的, 静寂的, 不起泡的, 静物摄影的
adv. 仍然, 更, 静止地
conj. 然而, 但是",n:1/r:95/j:4,5,1,zk gk toefl,112,126,still
child,child,tʃaild,"n. a young person of either sex
n. a human offspring (son or daughter) of any age
n. an immature childish person
n. a member of a clan or tribe","n. 孩子, 产物, 追随者
[医] 儿童",n:100,5,1,zk gk ielts,114,115,child
too,too,tu:,"r to a degree exceeding normal or proper limits
r in addition","adv. 也, 非常, 太",r:100,5,1,zk gk,115,133,too
put,put,put,"v. put into a certain place or abstract location
v. cause to be in a certain state; cause to be in a certain relation
v. attribute or give
v. cause (someone) to undergo something","vt. 放, 摆, 安置, 移动, 发射, 投掷, 写上, 表达, 使从事, 使受到, 驱使, 赋予
vi. 出发, 航行, 发芽
n. 掷, 股票出售权, 笨蛋
a. 固定不动的
[计] 发送文件",n:1/v:99,5,1,zk gk ielts,116,151,put
here,here,hiә,"n. the present location; this place
s. being here now
r. in or at this place; where the speaker or writer is
r. in this circumstance or respect or on this point or detail","adv. 在这里, 此时, 这里
n. 这里",r:99/n:1,5,1,zk gk,117,96,here
own,own,әun,"v. have ownership or possession of
s. belonging to or on behalf of a specified person (especially yourself); preceded by a possessive","n. 自己的
a. 自己的, 嫡亲的, 同胞的
vt. 拥有, 支配, 自认, 承认, 顺从于
vi. 承认, 供认",d:87/v:13,5,1,zk gk,118,148,own
oh,oh,әu,n a midwestern state in north central United States in the Great Lakes region,interj. (表示惊讶、恐怖、赞叹)哦,u:100,5,1,gk,120,411,oh
become,become,bi'kʌm,"v. enter or assume a certain state or condition
v. undergo a change or development
v. come into existence
v. enhance the appearance of","vi. 变成, 变得
vt. 适合",v:100,5,1,zk gk ielts,122,139,become
Mr,mr,'mistә(r),n a form of address for a man,"先生
[计] 存储器回收程序, 多重请求",,5,1,,123,191,mr
government,government,'gʌvәnmәnt,"n. the organization that is the governing authority of a political unit
n. the act of governing; exercising authority
n. (government) the system or form by which a community or other political unit is governed","n. 政府, 内阁
[经] 政府, 政治, 政体",n:100,5,1,zk gk cet4 cet6 ky ielts,124,201,government
work,work,wә:k,"n. activity directed toward making or doing something
n. a product produced or accomplished through the effort or activity or agency of a person or thing
n. (physics) a manifestation of energy; the transfer of energy from one physical system to another expressed as the product of a force and the distance through which it moves a body in the direction of that force
v. exert oneself by doing mental or physical work for a purpose or out of necessity","n. 工作, 劳动, 职业, 行为, 功, 作品, 成果, 产品, 工程
vi. 工作, 劳动, 做, 运转, 起作用, 被加工
vt. 使工作, 使转动, 开动, 使用, 经营, 使逐渐变得, 造成",n:38/v:62,5,1,zk gk,125,117,work
old,old,әuld,"n. past times (especially in the phrase `in days of old')
a. (used especially of persons) having lived for a relatively long time or attained a specific age
a. of long duration; not new
s. (used for emphasis) very familiar","n. 以前, 往昔
a. 老的, 旧的, 古老的, 年长的, 老练的",j:99/n:1,5,1,zk gk,126,152,old
leave,leave,li:v,"n. the period of time during which you are absent from work or duty
n. permission to do something
v. go away from a place
v. go and leave behind, either intentionally or by neglect or forgetfulness","n. 许可, 告别, 请假, 休假
vt. 离开, 剩下, 遗忘, 委托, 丢弃
vi. 出发, 离开, 生叶",n:3/v:97,5,1,zk gk ielts,127,150,leave
life,life,laif,"n. a characteristic state or mode of living
n. the experience of being alive; the course of human events and activities
n. the course of existence of an individual; the actions and events that occur in living
n. the period during which something is functional (as between birth and death)","n. 生活, 生命, 人生, 世事, 生物, 寿命, 一生, 生命力, 灵魂, 无期徒刑
[医] 生活, 生存, 生命, 寿命",n:100,5,1,zk gk,128,114,life
great,great,greit,"n. a person who has achieved distinction and honor in some field
s. relatively large in size or number or extent; larger than others of its kind
s. of major significance or importance
s. remarkable or out of the ordinary in degree or magnitude or effect","a. 大的, 非常的, 主要的, 重大的, 崇高的, 伟大的
adv. 顺利地, 得意地
n. 全部, 大人物, 大师",r:2/j:98,5,1,zk gk,129,160,great
woman,woman,'wumәn,"n. an adult female person (as opposed to a man)
n. a female person who plays a significant role (wife or mistress or girlfriend) in the life of a particular man","n. 女人, 妇女, 女仆
a. 女用的, 女性的, 妇女的
vt. 贬称...为女人, 使成女人腔",n:100,5,1,zk gk,130,111,woman
where,where,hwєә,"pron. & conj. Whether.
adv. At or in what place; hence, in what situation, position,
   or circumstances; -- used interrogatively.
adv. At or in which place; at the place in which; hence, in the
   case or instance in which; -- used relatively.
adv. To what or which place; hence, to what goal, result, or
   issue; whither; -- used interrogatively and relatively; as, where are
   you going?
conj. Whereas.
n. Place; situation.","adv. 在哪里
pron. 哪里
n. 地点",c:52/r:48,5,1,zk gk,131,169,where
need,need,ni:d,"n. a condition requiring relief
n. anything that is necessary but lacking
v. have or feel a need for","n. 需要, 必须, 缺乏
vt. 需要, 必需
vi. 贫困, 有必要
aux. 需要",n:22/v:78,5,1,zk gk,132,132,need
seem,seem,si:m,"v. appear to exist
v. appear to one's own mind or opinion","vi. 象是, 似乎",v:100,5,1,zk gk,134,165,seem
feel,feel,fi:l,"n. an intuitive awareness; 
n. manual stimulation of the genital area for sexual pleasure
v. undergo an emotional sensation or be in a particular state of mind
v. perceive by a physical sensation, e.g., coming from the skin or muscles","vt. 感觉, 觉得, 触摸, 以为
vi. 有知觉, 摸索, 同情
n. 感觉, 觉得, 触摸",n:3/v:97,5,1,zk gk ielts,135,134,feel
system,system,'sistәm,"n. instrumentality that combines interrelated interacting artifacts designed to work as a coherent entity
n. a group of independent but interrelated elements comprising a unified whole
n. (physical chemistry) a sample of matter in which substances in different phases are in equilibrium
n. a complex of methods or rules governing behavior","n. 系统, 体系, 制度, 方式, 秩序, 分类原则
[计] 系统; 体制; 体系",n:100,5,1,gk cet4 cet6 ky toefl ielts,136,191,system
same,same,seim,"a. same in identity
a. closely similar or comparable in kind or quality or quantity or degree
s. unchanged in character or nature","a. 相同的, 同样的
pron. 相同的人(或事物)
adv. 同样地",r:1/d:99,5,1,zk gk,137,161,same
part,part,pɑ:t,"n. something determined in relation to something that includes it
n. something less than the whole of a human artifact
n. a portion of a natural object
n. that which concerns a person with regard to a particular role or situation","n. 部分, 局部, 零件, 要素, 等分, 职责, 角色, 部位
vt. 分开, 分离, 断绝, 区别, 分配
vi. 分开, 断裂, 分手
a. 部分的, 局部的
adv. 部分地, 有些",i:2/r:8/v:2/n:88,3,1,zk gk cet4 ky ielts,140,178,part
ask,ask,ɑ:sk,"v. inquire about
v. make a request or demand for something to somebody
v. direct or put; seek an answer to
v. consider obligatory; request and expect","vi. 问, 要求
vt. 问, 要求, 邀请, 需要",v:100,5,1,zk gk,141,131,ask
group,group,gru:p,"n. any number of entities (members) considered as a unit
n. (chemistry) two or more atoms bound together as a single unit and forming part of a molecule
n. a set that is closed, associative, has an identity element and every element has an inverse
v. arrange into a group or groups","n. 团体, 组, 团, 群
v. 聚合, 成群
[计] 创建组; 组, 用户组",v:1/n:99,5,1,zk gk ielts gre,142,163,group
number,number,'nʌmbә,"n. the property possessed by a sum or total or indefinite quantity of units or individuals
n. a concept of quantity involving zero and units
n. a select company of people
n. a numeral or string of numerals that is used for identification","n. 数, 数字, 数目, 号码
vt. 数, 计算, 共计
vi. 计算, 报数
[计] 数字",v:2/n:98,5,1,zk gk,143,204,number
yes,yes,jes,n. an affirmative,"adv. 是
n. 是, 同意
v. 同意",u:100,5,1,zk gk,144,258,yes
however,however,hau'evә,"r. despite anything to the contrary (usually following a concession)
r. by contrast; on the other hand; the second, however, took hours""
r. to whatever degree or extent
r. in whatever way or manner","adv. 然而, 无论如何, 究竟怎样
conj. 然而, 可是",r:100,5,1,zk gk cet4 ky,145,284,however
world,world,wә:ld,"n. people in general; especially a distinctive group of people with some shared interest
n. all of your experiences that determine how things appear to you
n. a part of the earth that can be considered separately
n. all of the living human inhabitants of the earth","n. 世界, 地球, 宇宙, 万物, 世人, 人间, 领域, 世事, 世故, 社会生活, 大量
[法] 世界, 地球, 世人",n:100,5,1,zk gk ielts,146,123,world
show,show,ʃәu,"n. the act of publicly exhibiting or entertaining
n. a social event involving a public performance or entertainment
v. give an exhibition of to an interested audience
v. make visible or noticeable","n. 显示, 表现, 展览, 卖弄, 炫耀, 外观, 演出, 洋相
vt. 表示, 显示, 展现, 陈列, 演出, 表明, 指出, 带领
vi. 露面, 显现, 演出
[计] 显示",n:30/v:70,5,1,zk gk,147,177,show
house,house,haus,"n. a dwelling that serves as living quarters for one or more families
n. the members of a religious community living together
n. the audience gathered together in a theatre or cinema
n. an official assembly having legislative powers","n. 房子, 住宅, 机构, 议院, 家族, 家庭
vt. 给...房子住, 收藏
vi. 住, 躲藏",v:8/n:92,5,1,zk gk toefl ielts,148,257,house
area,area,'єәriә,"n. a particular geographical region of indefinite boundary (usually serving some special purpose or distinguished by its people or culture or geography)
n. a subject of study
n. a part of an animal that has a special function or is supplied by a given artery or nerve
n. a part of a structure having some specific characteristic or function","n. 区域, 面积, 范围, 空地
[计] 区域",n:100,5,1,zk gk cet4 ky ielts,149,230,area
another,another,ә'nʌðә,s. any of various alternatives; some other,"a. 另外的, 再一的, 不同的
pron. 又一个, 另一个, 类似的另一个",p:6/d:94,5,1,zk gk,150,145,another
company,company,'kʌmpәni,"n. an institution created to conduct business
n. small military unit; usually two or three platoons
n. the state of being with someone
n. organization of performers and associated personnel (especially theatrical)","n. 公司, 友伴, 交往, 连队, 朋友, 一群
vt. 陪伴
vi. 交往",n:100,5,1,zk gk toefl ielts,151,189,company
high,high,hai,"n. a lofty level or position or degree
n. an air mass of higher than normal pressure
n. a state of sustained elation
n. a state of altered consciousness induced by alcohol or narcotics","n. 高度, 高处
a. 高的, 高级的, 主要的, 高尚的, 高原的, 高音的, 昂贵的, 傲慢的
adv. 高度地, 奢侈地",r:3/j:96/n:1,5,1,zk gk,152,141,high
most,most,mәust,"a. (superlative of `many' used with count nouns and often preceded by `the') quantifier meaning the greatest in number
a. the superlative of `much' that can be used with mass nouns and is usually preceded by `the'; a quantifier meaning the greatest in amount or extent or degree
r. used to form the superlative
r. very","n. 最多, 最大
a. 大多数的, 几乎全部的, 最多的
adv. 最, 最多, 极其",r:55/d:45,5,1,zk gk ielts,153,144,most
problem,problem,'prɒblәm,"n. a state of difficulty that needs to be resolved
n. a question raised for consideration or solution","n. 问题, 难题
a. 成问题的, 难处理的",n:100,5,1,zk gk,154,171,problem
against,against,ә'geinst,"prep. Abreast; opposite to; facing; towards; as, against the
   mouth of a river; -- in this sense often preceded by over.
prep. From an opposite direction so as to strike or come in
   contact with; in contact with; upon; as, hail beats against the roof.
prep. In opposition to, whether the opposition is of
   sentiment or of action; on the other side; counter to; in contrariety
   to; hence, adverse to; as, against reason; against law; to run a race
   against time.
prep. By of before the time that; in preparation for; so as
   to be ready for the time when.","prep. 反对, 对着, 倚靠",i:100,5,1,zk gk cet4 ky,155,180,against
again,again,ә'gein,r. anew,"adv. 再一次, 又, 到原处",r:100,5,1,zk gk,156,184,again
never,never,'nevә,"r. not ever; at no time in the past or future
r. not at all; certainly not; not in any circumstances","adv. 从不, 决不, 不曾
[法] 永不, 决不, 从来没有",r:100,5,1,zk gk,157,138,never
under,under,'ʌndә,"s. lower in rank, power, or authority
r. down to defeat, death, or ruin
r. through a range downward
r. into unconsciousness","prep. 在...之下, 低于
a. 下面的, 从属的
adv. 在下面",i:88/r:12,5,1,zk gk,158,225,under
try,try,trai,"v. make an effort or attempt
v. give pain or trouble to
v. test the limits of
v. melt (fat or lard) in order to separate out impurities","n. 尝试, 试验, 审理, 审判
vt. 试, 尝试, 试验, 考验, 审问, 提炼
vi. 尝试, 试图",n:2/v:98,5,1,zk gk,159,127,try
service,service,'sә:vis,"n. work done by one person or group that benefits another
n. an act of help or assistance
n. the act of public worship following prescribed rules
n. a company or agency that performs a public service; subject to government regulation","n. 服务, 贡献, 雇佣, 公职, 服役, 功劳, 仪式, 送达, 行政部门
vt. 保养, 维修
a. 武装部队的, 服务性的, 仆人的, 耐用的
[计] 服务, 业务",v:2/n:98,5,1,zk gk ielts,160,263,service
call,call,kɒ:l,"n. a telephone connection
n. a special disposition (as if from a divine source) to pursue a particular course
n. a demand especially in the phrase ""the call of duty""
n. a brief social visit","n. 呼叫, 访问, 打电话, 号召, 召集, 要求
vt. 呼叫, 召集, 打电话
vi. 叫喊, 访问, 叫牌
[计] 调用; 呼叫; DOS内部命令:在批处理文件中调用另一个批处理文件",n:17/v:83,5,1,zk gk ielts,161,122,call
hand,hand,hænd,"n. the (prehensile) extremity of the superior limb
n. ability
n. a position given by its location to the side of an object
n. the cards held in a card game by a given player at any given time","n. 手, 爪, 指针, 掌握, 协助, 人手, 手艺, 手迹, 支配, 插手
vt. 交给, 支持, 搀扶",v:8/n:92,4,1,zk gk ielts,163,174,hand
much,much,mʌtʃ,"n. a great amount or extent
a. (quantifier used with mass nouns) great in quantity or degree or extent
r. to a great degree or extent
r. very","n. 大量, 许多, 重要的事
a. 很多的, 重要的
adv. 多, 甚, 几乎",c:1/r:34/d:65,5,1,zk gk,164,146,much
school,school,sku:l,"n. an educational institution
n. a building where young people receive education
n. the process of being formally educated at a school
n. a body of creative artists or writers or thinkers linked by a similar style or by similar teachers","n. 学校, 鱼群, 门派, 学派
vt. 教育, 训练, 培养
vi. 成群地游",v:1/n:99,5,1,zk gk ielts gre,165,125,school
party,party,'pɑ:ti,"n. an organization to gain political power
n. a group of people gathered together for pleasure
n. a band of people associated temporarily in some activity
n. an occasion on which people can assemble for social interaction and entertainment","n. 宴会, 党, 政党, 团体, 当事人, 聚会
v. 举办聚会",v:1/n:99,5,1,zk gk toefl ielts,166,351,party
something,something,'sʌmθiŋ,"n. Anything unknown, undetermined, or not specifically
   designated; a certain indefinite thing; an indeterminate or unknown
   event; an unspecified task, work, or thing.
n. A part; a portion, more or less; an indefinite quantity
   or degree; a little.
n. A person or thing importance.
adv. In some degree; somewhat; to some extent; at some
   distance.","pron. 某事, 某物",p:99/n:1,5,1,zk gk,167,142,something
small,small,smɒ:l,"n. the slender part of the back
n. a garment size for a small person
a. limited or below average in number or quantity or magnitude or extent
s. slight or limited; especially in degree or intensity or scope","a. 小的, 少的, 小型的, 低微的, 小气的, 细微的
adv. 些微地
n. 狭小部分",r:1/j:99,5,1,zk gk,168,203,small
why,why,hwai,"n. the cause or intention underlying an action or situation, especially in the phrase `the whys and wherefores'","adv. 为什么
n. 原因, 理由",r:99/n:1,5,1,zk gk,169,158,why
each,each,i:tʃ,"s. (used of count nouns) every one considered individually
r. to or from every one of two or more (considered individually)","a. 每个, 每一
adv. 每个
pron. 每个, 个人, 各自",p:22/d:78,5,1,zk gk,170,192,each
keep,keep,ki:p,"n. the main tower within the walls of a medieval castle or fortress
v. keep in a certain state, position, or activity; e.g., ""keep clean""
v. retain possession of
v. look after; be the keeper of; have charge of","n. 生计, 维持, 保持
vt. 保持, 保存, 遵守, 看守, 整理, 维持, 履行, 经营, 拘留, 记帐
vi. 保持, 继续不断",n:1/v:99,5,1,zk gk ielts,171,156,keep
provide,provide,prә'vaid,"v. give what is desired or needed, especially support, food or sustenance
v. determine (what is to happen in certain contingencies), especially by including a proviso condition or stipulation
v. supply means of subsistence; earn a living
v. take measures in preparation for","vt. 提供, 供应, 规定, 预备
vi. 作准备, 抚养, 规定",v:100,5,1,zk gk cet4 cet6 ky toefl,172,262,provide
while,while,hwail,n. a period of indeterminate length (usually short) marked by some action or condition,"n. 一会儿, (一段)时间
conj. 当...的时候, 虽然
vt. 消磨",c:88/n:12,4,1,zk gk,173,153,while
off,off,ɒf,"a. not in operation or operational
s. below a satisfactory level
a. (of events) no longer planned or scheduled
s. in an unpalatable state","a. 关着的, 不再生效的, 处于...境况的, 休假的, 空闲的
adv. 走开, ...掉, ...下, 休息, 出发, 隔断
prep. 离开, 脱落, 不在从事......, 在...之外
vi. 离开, 滚开
vt. 杀死
n. 关闭状态
[计] 关闭, 清屏命令",i:35/r:63/j:2,5,1,zk gk,174,205,off
country,country,'kʌntri,"n. the territory occupied by a nation
n. an area outside of cities and towns","n. 国家, 乡村, 地区, 故乡
a. 乡下的, 农村的
[计] DOS外部命令:用于设定国家代码, 包括日期时间及货币格式",n:100,5,1,zk gk ielts,175,166,country
point,point,pɒint,"n. a geometric element that has position but no extension
n. the precise location of something; a spatially limited location
n. a brief version of the essential meaning of something
n. an instant of time","n. 点, 小数点, 标点, 地点, 要点, 特点, 尖端, 分数, 得分, 穴位
vt. 弄尖, 强调, 指出, 加标点于, 瞄准
vi. 指, 指向, 表明",v:27/n:73,5,1,zk gk cet4 cet6 ky ielts,176,211,point
different,different,'difәrәnt,"a. unlike in nature or quality or form or degree
s. distinctly separate from the first
s. differing from all others; not ordinary
s. distinct or separate","a. 不同的
[机] 差动, 微分的, 差速器",j:100,5,1,zk gk ielts,177,237,different
hold,hold,hәuld,"n. power by which something or someone is affected or dominated
n. a stronghold
n. a cell in a jail or prison
v. have or hold in one's hands or grip","n. 把握, 把持力, 柄, 控制, 掌握, 监禁
vt. 保存, 握住, 拿住, 占据, 持有, 拥有
vi. 支持, 持续, 有效
n. 保留
[计] 保留",n:6/v:94,4,1,zk gk ielts gre,178,213,hold
really,really,'riәli,"r in accordance with truth or fact or reality
r in actual fact
r in fact (used as intensifiers or sentence modifiers)
r used as intensifiers; `real' is sometimes used informally for `really'; `rattling' is informal","adv. 实际上, 真实地, 实在",r:100,5,1,zk,179,143,really
week,week,wi:k,"n. any period of seven consecutive days
n. a period of seven consecutive days starting on Sunday","n. 星期, 周",n:100,5,1,zk gk,180,188,week
large,large,lɑ:dʒ,"n. a garment size for a large person
a. above average in size or number or quantity or magnitude or extent
s. fairly large or important in effect; influential
s. having broad power and range and scope","a. 大的, 大量的, 宽大的, 广博的
adv. 大大地, 夸大地",r:3/j:97,5,1,zk gk,181,220,large
member,member,'membә,"n. one of the persons who compose a social group (especially individuals who have joined and participate in a group organization)
n. anything that belongs to a set or class
n. an organization that is a member of another organization (especially a state that belongs to a group of nations)","n. 成员, 会员
[医] │肢, 肢体",n:100,5,1,zk gk,182,285,member
turn,turn,tә:n,"n. the act of changing or reversing the direction of the course
n. (game) the activity of doing something in an agreed succession
n. an unforeseen development
n. the act of turning away or in the opposite direction","n. 转弯, 转动, 旋转, 翻转, 一圈, 顺次, 改动, 变化, 性格, 特色, 形状, 转折
vt. 使旋转, 转弯, 转动, 使转向, 驱赶, 阻挡, 兑换, 改写, 使作对, 绕过, 使流通
vi. 转动, 转弯, 转向, 翻转, 回转, 改变, 转身, 变成, 变质, 晕眩, 易脱手",n:13/v:87,5,1,zk gk,183,170,turn
four,four,fɒ:,"n. the cardinal number that is the sum of three and one
s. being one more than three","num. 四, 四个
[机] 四冲程循环",m:99/n:1,5,0,zk gk,184,247,four
always,always,'ɒ:lweiz,"r. at all times; all the time and on every occasion
r. at any time or in any event
r. forever; throughout all time","adv. 总是, 始终",r:100,5,1,zk gk,185,206,always
follow,follow,'fɒlәu,"v. to travel behind, go after, come after
v. come as a logical consequence; follow logically
v. travel along a certain course
v. come after in time, as a result","vt. 跟随, 沿行, 遵循, 追求
vi. 跟随, 接着
n. 跟随, 追随",n:1/v:99,5,1,zk gk cet4 cet6 ky,186,325,follow
end,end,end,"n. either extremity of something that has length
n. the point in time at which something ends
n. the concluding parts of an event or occurrence
n. a final part or section","n. 结束, 终点, 目标, 末端, 梢, 死亡, 残余
v. 结束, 终结, 终止
[计] 端; 结束",v:36/n:64,5,1,zk gk ielts,187,278,end
without,without,wi'ðaut,"prep. On or at the outside of; out of; not within; as,
   without doors.
prep. Out of the limits of; out of reach of; beyond.
prep. Not with; otherwise than with; in absence of,
   separation from, or destitution of; not with use or employment of;
   independently of; exclusively of; with omission; as, without labor;
   without damage.
conj. Unless; except; -- introducing a clause.
adv. On or art the outside; not on the inside; not within;
   outwardly; externally.
adv. Outside of the house; out of doors.","prep. 没有, 不, 在...之外
adv. 在外面, 户外
n. 外面, 外部",i:98/r:2,5,1,zk gk,188,218,without
few,few,fju:,"n. a small elite group
a. a quantifier that can be used with count nouns and is often preceded by `a'; a small but indefinite number","a. 很少的, 不多的, 少数的
n. 少数",d:100,5,1,zk gk,189,185,few
within,within,wi'ðin,r on the inside,"n. 内部, 里头
adv. 在内部, 在内心里
prep. 在...之内",i:95/r:5,5,1,gk cet4 cet6 ky,190,352,within
local,local,'lәukәl,"n. public transport consisting of a bus or train that stops at all stations or stops
a. relating to or applicable to or concerned with the administration of a city or town or district rather than a larger area
a. of or belonging to or characteristic of a particular locality or neighborhood
a. affecting only a restricted part or area of the body","a. 地方性的, 当地的, 局部的, 乡土的, 本地的
n. 当地居民, 本地新闻, 局部
[计] 本地的; 局部",j:96/n:4,5,1,gk cet4 cet6 ky ielts,191,423,local
during,during,'djuәriŋ,"prep. In the time of; as long as the action or existence of;
   as, during life; during the space of a year.",prep. 在...的时候,i:100,5,1,zk gk,192,198,during
begin,begin,bi'gin,"n. Israeli statesman (born in Russia) who (as prime minister of Israel) negotiated a peace treaty with Anwar Sadat (then the president of Egypt) (1913-1992)
v. have a beginning, in a temporal, spatial, or evaluative sense
v. set in motion, cause to start
v. begin to speak or say","v. 开始
[计] 开始",v:100,5,1,zk gk,193,164,begin
state,state,steit,"n. the territory occupied by one of the constituent administrative districts of a nation
n. the way something is with respect to its main attributes
n. the group of people comprising the government of a sovereign state
n. a politically organized body of people under a single government","n. 州, 状态, 情形, 国家, 政府, 领土, 国务, 社会地位
a. 国家的, 正式的, 礼仪用的, 州的
vt. 说明, 陈述, 规定
[计] 状态",v:15/n:85,5,1,zk gk cet4 cet6 ky,194,137,state
bring,bring,briŋ,"v. take something or somebody with oneself somewhere
v. cause to come into a particular state or condition
v. cause to happen or to occur as a consequence
v. go or come after and bring or take back","vt. 带来, 产生, 促使, 提出
vi. 生产",v:100,5,1,zk gk ielts,195,215,bring
word,word,wә:d,"n. a unit of language that native speakers can identify
n. a brief statement
n. a verbal command for action
n. a word is a string of bits stored in computer memory","n. 话, 消息, 词, 诺言, 命令
vt. 用言辞表达
[计] 字",v:1/n:99,5,1,zk gk,196,244,word
although,although,ɒ:l'ðou,"conj. Grant all this; be it that; supposing that;
   notwithstanding; though.","conj. 虽然, 尽管",c:100,5,1,zk gk cet4 ky,197,378,although
before,before,bi'fɒ:,"r earlier in time; previously
r at or in the front","prep. 在...之前
conj. 在...之前
adv. 在前",i:51/c:31/r:18,5,1,zk gk,198,219,before
next,next,'nekst,r. at the time or occasion immediately following,"n. 下一个
a. 下一个的, 其次的, 贴近的
adv. 然后, 下次, 次于
[计] 近邻干扰",i:13/m:87,5,1,zk gk,199,217,next
family,family,'fæmәli,"n. a social unit living together
n. primary social group; parents and children
n. people descended from a common ancestor
n. (biology) a taxonomic group containing one or more genera","n. 家庭, 家人, 族
a. 家庭的",n:100,5,1,zk gk ielts,200,147,family
fact,fact,fækt,"n. a piece of information about circumstances that exist or events that have occurred
n. a statement or assertion of verified information about something that is the case or has happened
n. an event known to have happened or something known to have existed
n. a concept whose truth can be proved","n. 事实, 真实性, 真相, 细节, 论据",n:100,5,1,zk gk cet4 ky,201,235,fact
social,social,'sәuʃәl,"a. relating to human society and its members
a. living together or enjoying life in communities or organized groups
a. relating to or belonging to or characteristic of high society
s. composed of sociable people or formed for the purpose of sociability","a. 社会的, 群居的, 社交的
n. 联欢会",j:100,5,1,zk gk cet4 cet6 ky ielts,202,319,social
going,going,'gәuiŋ,"n. advancing toward a goal
s. in full operation","n. 去, 离去, 工作情况, 地面状况, 行为
a. 进行中的, 流行的, 成功的, 现存的",j:37/n:63,5,0,,203,10792,going
help,help,help,"v. give help or assistance; be of service
v. improve the condition of
v. be of use
v. contribute to the furtherance of","n. 帮忙, 帮助者, 补救办法, 有益的东西
vt. 帮助, 帮忙, 接济, 治疗, 款待
vi. 有用, 救命, 招待
[计] 帮助, 帮助程序; DOS外部命令: DOS命令的电子文件帮助程序",n:17/v:83,5,1,zk gk,204,167,help
start,start,stɑ:t,"n. the beginning of anything
n. a turn to be a starter (in a game at the beginning)
n. a line indicating the location of the start of a race or a game
n. the advantage gained by beginning early (as in a race)","n. 惊起, 出发, 开端, 起点, 吃惊, 有利条件
vi. 开始, 出发, 启动, 跳起, 吃惊, 出现, 松动, 脱落, 起价, 参赛
vt. 使惊起, 开动, 发动, 启动, 开始, 创办, 提议, 使松动, 使脱落, 起用
[计] 起始",n:11/v:89,5,1,zk gk,205,173,start
quite,quite,kwait,"r. to a degree (not used with a negative)
r. to the greatest extent; completely
r. of an unusually noticeable or exceptional or remarkable kind (not used with a negative)
r. actually or truly or to an extreme","adv. 相当, 完全, 十分",r:100,5,1,zk gk,206,561,quite
five,five,faiv,"n. the cardinal number that is the sum of four and one
s. being one more than four","num. 五, 五个",m:100,5,0,zk gk,207,299,five
run,run,rʌn,"n. a score in baseball made by a runner touching all four bases safely
n. (American football) a play in which a player attempts to carry the ball through or past the opposing team
n. a regular trip
n. the act of running; traveling on foot at a fast pace","n. 跑, 赛跑, 奔跑, 奔跑的路程, 趋向, 流出, 运转时间, 连续
vi. 跑, 奔跑, 跑步, 赛跑, 竞赛, 行驶, 运转, 进行, 蔓延
vt. 使跑, 参赛, 追究, 驾驶, 开动, 管理, 经营, 使流出, 运行
a. 熔化的, 融化的, 浇铸的
run的过去式和过去分词
[计] 运行",n:15/v:85,5,1,zk gk,208,202,run
head,head,hed,"n. the upper part of the human body or the front part of the body in animals; contains the face and brains
n. a single domestic animal
n. a person who is in charge
n. the front of a military formation or procession","n. 头, 头脑, 领袖, 脑袋, 最前的部分
vt. 为首, 朝向, 前进, 用头顶
vi. 朝特定方向行进, (作物)结穗
a. 头的, 在顶端的, 主要的
[计] 磁头; 冲头",v:20/j:3/n:77,5,1,zk gk toefl,209,251,head
every,every,'evri,"s. (used of count nouns) each and all of the members of a group considered singly and without exception
s. each and all of a series of entities or intervals as specified","a. 每一, 所有的",a:99/r:1,5,1,zk gk,210,172,every
write,write,rait,"v. produce a literary work
v. communicate or express by writing
v. communicate (with) in writing
v. communicate by letter","vt. 书写, 著述, 写, 写满, 写信给
vi. 写, 写字, 写信, 写作, 作曲
[计] 书写器",v:100,5,1,zk gk,211,228,write
side,side,said,"n. a place within a region identified relative to a center or reference location
n. one of two or more contesting groups
n. either the left or right half of a body
n. a surface forming part of the outside of an object","n. 旁边, 侧, 方面, 胁, 侧边, 血统
a. 旁的, 侧的, 次要的
vt. 同意, 支持
vi. 支持, 赞助",v:1/n:99,5,1,zk gk ielts,212,249,side
set,set,set,"n. a group of things of the same kind that belong together and are so used
n. (mathematics) an abstract collection of numbers or symbols
n. several exercises intended to be done in series
n. an unofficial association of people or groups","n. 日落, 同伙, 组合, 集合, 装置
vt. 放, 安置, 放置, 设定, 使凝结, 点燃, 确定, 点缀, 使就位, 树立, 分配, 调整
vi. 日落, 凝固, 定型, 搁住, 结果, 适合
a. 决心的, 规定的, 故意的, 持久的, 固定的, 老套的, 准备好的
[计] 设置; DOS内部命令:改变或显示分配给环境变量的值",n:26/j:1/v:73,3,1,zk gk ielts,213,294,set
month,month,mʌnθ,n. a time unit of approximately 30 days,"n. 月
[经] 月",n:100,5,1,zk gk ielts,214,236,month
business,business,'biznis,"n. a commercial or industrial enterprise and the people who constitute it
n. a rightful concern or responsibility
n. an immediate objective
n. the volume of commercial activity","n. 生意, 事情, 业务, 商业, 商行, 职责
[经] 企业, 商业, 营业",n:100,5,1,zk gk cet4 cet6 ky ielts,215,246,business
night,night,nait,"n. the time after sunset and before sunrise while it is dark outside
n. a period of ignorance or backwardness or gloom
n. the period spent sleeping
n. the dark part of the diurnal cycle considered a time unit","n. 夜, 夜晚, 晚上, 黑暗, 夜晚的工作
[法] 夜, 黑夜, 黑暗",n:100,5,1,zk gk ielts,216,209,night
important,important,im'pɒ:tәnt,"a. of great significance or value
s. having or suggesting a consciousness of high position","a. 重要的, 有地位的, 大量的, 显要的, 自负的
[计] 要点",j:100,5,1,zk gk ielts,218,266,important
eye,eye,ai,"n. the organ of sight
n. good discernment (either visually or as if visually)
n. attention to what is seen
n. a small hole or loop (as in a needle)","n. 眼睛, 视力, 看
vt. 看, 注视",v:2/n:98,5,1,zk gk ielts,219,242,eye
move,move,mu:v,"n. the act of deciding to do something
n. the act of changing your residence or place of business
n. (game) a player's turn to take some action permitted by the rules of the game
v. cause to move or shift into a new position or place, both in a concrete and in an abstract sense","n. 移动, 迁居, 步骤
vt. 移动, 开动, 感动, 搬(家)
vi. 移动, 离开, 运行, 迁移, 摇动, 搬家, 交往, 进展, 脱手
[计] 移动; 传送; DOS外部命令:移动文件, 它可将文件移动到指定的地方",n:13/v:87,5,1,zk gk,220,207,move
question,question,'kwestʃәn,"n. an instance of questioning
n. the subject matter at issue
n. a sentence of inquiry that asks for a reply
n. an informal reference to a marriage proposal","n. 问题, 询问
v. 询问, 审问, 怀疑
[计] 询问",v:9/n:91,5,1,zk gk,221,197,question
information,information,.infә'meiʃәn,"n. a message received and understood
n. knowledge acquired through study or experience or instruction
n. formal accusation of a crime
n. (communication theory) a numerical measure of the uncertainty of an outcome","n. 消息, 知识, 通知, 情报, 信息, 问讯处, 起诉
[计] 信息",n:100,5,1,zk gk ielts,223,314,information
play,play,plei,"n. a dramatic work intended for performance by actors on a stage
n. a theatrical performance of a drama
n. a preset plan of action in team sports
n. a state in which action is feasible","n. 游戏, 游玩, 玩笑, 运动, 比赛, 赌博, 跳动, 表演, 剧本
v. 玩, 游戏, 假装, 开玩笑, 比赛, 扮演, 演奏, 演戏, 传摇曳, (使)跳动
[计] 播放",n:19/v:81,5,1,zk gk,224,200,play
power,power,'pauә,"n. possession of controlling influence
n. (physics) the rate of doing work; measured in watts (= joules/second)
n. one possessing or exercising power or influence or authority
v. supply the force or power for the functioning of","n. 力, 体力, 力量, 势力, 动力, 权力, 强国, 乘方, 强度, 幂, 功率
vt. 使...有力量, 供以动力, 激励
[计] 乘幂; DOS外部命令:能控制许多电池电源计算机上的电源管理特性",v:3/n:97,5,1,gk cet4 ky ielts,225,271,power
change,change,tʃeindʒ,"n. an event that occurs when something passes from one state or phase to another
n. a relational difference between states; especially between states before and after some event
n. the action of changing something
n. the result of alteration or modification","n. 变化, 找回的零钱, 找头, 更换
vt. 改变, 更换, 兑换",n:48/v:52,5,1,zk gk,226,306,change
pay,pay,pei,"v. give money, usually in exchange for goods or services
v. do or give something to somebody in return
v. be worth it
v. render","n. 薪资, 付款, 补偿
vt. 支付, 付清, 补偿, 偿还, 对...有利, 为...涂防水物
vi. 付款, 付出代价, 偿还, 得到报应, 获得好处",n:9/v:91,5,1,zk gk ielts,227,286,pay
young,young,jʌŋ,"n. any immature animal
n. United States film and television actress (1913-2000)
n. United States civil rights leader (1921-1971)
n. British physicist and Egyptologist; he revived the wave theory of light and proposed a three-component theory of color vision; he also played an important role in deciphering the hieroglyphics on the Rosetta Stone (1773-1829)","a. 年轻的, 无经验的, 朝气蓬勃的
n. 青年们, 幼小动物, 崽",j:100,5,1,zk gk,228,234,young
both,both,bәuθ,s. (used with count nouns) two considered together; the two,"a. 两者的
adv. 两者都
pron. 两者",r:43/d:57,5,1,zk gk,229,255,both
often,often,'ɒ:fn,r. in many cases or instances,"adv. 时常, 常常",r:100,5,1,zk gk,230,274,often
interest,interest,'intrist,"n. a sense of concern with and curiosity about someone or something
n. the power of attracting or holding one's attention (because it is unusual or exciting etc.)
n. a fixed charge for borrowing money; usually a percentage of the amount borrowed
n. (law) a right or legal share of something; a financial involvement with something","n. 兴趣, 嗜好, 利息, 利益, 爱好, 趣味, 势力
vt. 使感兴趣, 与...有关系",v:3/n:97,5,1,zk gk cet4 cet6 ky toefl ielts,231,416,interest
national,national,'næʃәnәl,"n. a person who owes allegiance to that nation
a. of or relating to or belonging to a nation or country
a. limited to or in the interests of a particular nation
a. concerned with or applicable to or belonging to an entire nation or country","a. 国家的, 国立的, 全国性的, 民族的
[经] 全国性的, 国家的, 国民的",j:99/n:1,5,1,zk gk cet4 cet6 ky ielts,232,231,national
money,money,'mʌni,"n. the most common medium of exchange; functions as legal tender
n. wealth reckoned in terms of money
n. the official currency issued by a government or national bank","n. 金钱, 一笔款, 财富, 货币, 金额
[经] 货币, 金钱, 财产",n:100,5,1,zk gk ielts,233,232,money
development,development,di'velәpmәnt,"n. act of improving by expanding or enlarging or refining
n. a process in which something passes by degrees to a different stage (especially a more advanced or mature stage)
n. a recent event that has some relevance for the present situation
n. a district that has been developed to serve some purpose","n. 发展
[化] 展开",n:100,5,1,zk gk ielts,234,448,development
book,book,buk,"n. a written work or composition that has been published (printed on pages bound together)
n. physical objects consisting of a number of pages bound together
n. a collection of playing cards satisfying the rules of a card game
n. a collection of rules or prescribed standards on the basis of which decisions are made","n. 书, 书籍, 帐簿, 名册, 工作簿
v. 登记, 预订
[计] 工作簿",v:2/n:98,5,1,zk gk ielts,235,241,book
water,water,'wɒ:tә,"n. binary compound that occurs at room temperature as a clear colorless odorless tasteless liquid; freezes into ice below 0 degrees centigrade and boils above 100 degrees centigrade; widely used as a solvent
n. once thought to be one of four elements composing the universe (Empedocles)
n. a liquid necessary for the life of most animals and plants
v. supply with water, as with channels or ditches or streams","n. 水, 雨水, 海水, 水位, 水面, 流水
vt. 给...浇水, 供以水, 注入水, 使湿
vi. 流泪, 流口水, 加水
a. 水的, 水上的, 水生的, 含水的",v:2/n:98,5,1,zk gk ielts,236,226,water
away,away,ә'wei,"s. not present; having left
a. used of an opponent's ground
s. (of a baseball pitch) on the far side of home plate from the batter
r. from a particular thing or place or position (`forth' is obsolete)",adv. 离去,i:26/r:73/j:1,5,1,zk gk,237,269,away
hear,hear,hiә,"v. perceive (sound) via the auditory sense
v. examine or hear (evidence or a case) by judicial process
v. receive a communication from someone","vt. 听到, 倾听, 听说, 审理
vi. 听见, 听",v:100,5,1,zk gk,238,195,hear
form,form,fɒ:m,"n. the phonological or orthographic sound or appearance of a word that can be used to describe or identify something
n. a perceptual structure
n. the visual appearance of something or someone
n. a printed document with spaces in which to write","n. 形状, 形体, 类型, 方式, 表格, 形式
v. 形成, 排列, (使)组成
n. 表单
[计] 表单",v:37/n:63,3,1,zk gk ielts,239,523,form
room,room,ru:m,"n. an area within a building enclosed by walls and floor and ceiling
n. space for movement
n. opportunity for
n. the people who are present in a room","n. 房间, 空位, 场所
vi. 住宿, 居住
vt. 留宿",v:1/n:99,5,1,zk gk ielts,240,227,room
level,level,'levl,"n. height above ground
n. indicator that establishes the horizontal when a bubble is centered in a tube of liquid
n. an abstract place usually conceived as having depth
v. aim at","n. 水平, 水准, 平地
a. 同高的, 平坦的, 齐平的, 水平的
vt. 弄平, 夷平, 使同等, 瞄准, 对准
vi. 变平, 拉平
[计] 级别",j:4/v:4/n:92,5,1,zk gk cet4 cet6 ky ielts,241,338,level
second,second,'sekәnd,"n. 1/60 of a minute; the basic unit of time adopted under the Systeme International d'Unites
n. following the first in an ordering or series
n. a 60th part of a minute of arc
n. the official attendant of a contestant in a duel or boxing match","n. 秒, 瞬间, 第二名, 支持者, 助手
a. 第二的, 其次的, 次要的, 附加的, 辅助的
num. 第二
vt. 当...助手, 支持",v:2/m:64/n:34,5,1,zk gk ielts,242,381,second
right,right,rait,"n. an abstract idea of that which is due to a person or governmental body by law or tradition or nature; it is something that nobody can take away""
n. location near or direction toward the right side; i.e. the side to the south when a person or object faces east
n. those who support political or social or economic conservatism; those who believe that things are better left unchanged
n. the hand that is on the right side of the body","n. 权利, 右边, 正义, 右派, 公正
a. 正确的, 对的, 恰当的, 正常的, 正直的, 正面的, 右方的
adv. 正确地, 以有利结果, 一直, 直接, 向右
vt. 扶直, 整理, 纠正, 伸冤, 使昭雪
vi. 恢复平衡
[计] 右, 权利",v:2/r:41/j:25/n:32,3,1,zk gk,244,193,right
early,early,'ә:li,"a. at or near the beginning of a period of time or course of events or before the usual or expected time
a. being or occurring at an early stage of development
s. belonging to the distant past
s. very young","a. 早的, 早熟的
adv. 很早, 初",r:42/j:58,5,1,zk gk,245,365,early
include,include,in'klu:d,"v. have as a part, be made up out of
v. consider as part of something
v. add as part of something else; put in as part of a set, group, or category","vt. 包括, 把...算入, 包住
[计] DOS内部命令:在CONFIG.SYS文件的一个配置块中包含另一配置块的内容",v:100,5,1,zk gk cet4 cet6 ky,246,292,include
car,car,kɑ:,"n. a motor vehicle with four wheels; usually propelled by an internal combustion engine
n. a wheeled vehicle adapted to the rails of railroad
n. the compartment that is suspended from an airship and that carries personnel and the cargo and the power plant
n. where passengers ride up and down","n. 汽车, 客车
[机] 车",n:100,5,1,zk gk,247,289,car
perhaps,perhaps,pә'hæps,r by chance,"adv. 也许, 大概",r:100,5,1,zk gk cet4 cet6 ky,249,435,perhaps
policy,policy,'pɒlisi,"n. a plan of action adopted by an individual or social group
n. a line of argument rationalizing the course of action of a government
n. written contract or certificate of insurance","n. 政策, 方针, 策略, 保险单
[医] 凭单, 保险单",n:100,5,1,zk gk cet4 cet6 ky ielts,250,388,policy
council,council,'kaunsәl,"n. a body serving in an administrative capacity
n. (Christianity) an assembly of theologians and bishops and other representatives of different churches or dioceses that is convened to regulate matters of discipline or doctrine
n. a meeting of people for consultation","n. 会议, 委员会
[经] 委员会",n:100,5,1,cet4 cet6 ky ielts,251,2612,council
believe,believe,bi'li:v,"v. accept as true; take to be true
v. be confident about something
v. follow a credo; have a faith; be a believer
v. credit with veracity",v. 相信,v:100,5,1,zk gk,252,212,believe
market,market,'mɑ:kit,"n. the world of commercial activity where goods and services are bought and sold
n. the customers for a particular product or service
n. the securities markets in the aggregate
v. engage in the commercial promotion, sale, or distribution of","n. 市场, 交易, 集市, 推销地区, 行情, 市面, 销路
vt. 在市场上交易, 使上市, 销售
vi. 在市场上买卖",v:11/n:89,5,1,zk gk ielts,253,402,market
already,already,ɒ:l'redi,r. prior to a specified or implied time,"adv. 已经, 早已",r:100,5,1,zk gk,255,334,already
possible,possible,'pɒsәbl,"n. something that can be done
n. an applicant who might be suitable
a. capable of happening or existing","a. 可能的, 潜在的, 合适的
n. 可能性, 可能的事物",j:100,5,1,zk gk,256,459,possible
allow,allow,ә'lau,"v. let have
v. give or assign a resource to a particular person or cause
v. allow or plan for a certain possibility; concede the truth or validity of something
v. grant as a discount or in exchange","vt. 允许, 同意给予, 承认
vi. 容许, 猜想
[计] 允许命令",v:100,5,1,zk gk cet4 ky,257,339,allow
nothing,nothing,'nʌθiŋ,"n. a quantity of no importance
r. in no respect; to no degree","n. 无, 不关紧要之事, 零
adv. 毫不, 决不
interj. 什么也没有, 无",p:99/n:1,5,1,zk gk ielts,258,315,nothing
meet,meet,mi:t,"n. a meeting at which a number of athletic contests are held
v. come together
v. get together socially or for a specific purpose
v. fill or meet a want or need","n. 会, 集会
a. 适宜的, 合适的
vt. 遇见, 引见, 认识, 满足, 对付
vi. 相遇, 接触",n:1/v:99,5,1,zk gk gre,259,288,meet
big,big,big,"s. significant
s. loud and firm
s. conspicuous in position or importance
s. prodigious","a. 大的, 重要的
adv. 大量地",r:1/j:99,5,1,zk gk,260,162,big
yet,yet,jet,"r. up to the present time
r. within an indefinite time or at an unspecified future time","adv. 还, 尚, 仍然, 已经, 然而
conj. 然而",r:100,5,1,zk gk,261,275,yet
effect,effect,i'fekt,"n. an impression (especially one that is artificial or contrived)
n. the central meaning or theme of a speech or literary work
n. (of a law) having legal validity
n. a symptom caused by an illness or a drug","n. 结果, 影响, 效果, 印象
vt. 实行, 引起, 完成
[计] 效果",v:3/n:97,5,1,gk cet4 cet6 ky toefl ielts,262,427,effect
result,result,ri'zʌlt,"n. something that results
v. issue or terminate (in a specified way, state, etc.); end
v. come about or follow as a consequence","n. 结果, 成绩, 答案
vi. 产生, 结果, 致使
[计] 结果",v:21/n:79,5,1,zk gk cet4 cet6 ky ielts,264,354,result
whether,whether,'hweðә,"pron. Which (of two); which one (of two); -- used
   interrogatively and relatively.
conj. In case; if; -- used to introduce the first or two or
   more alternative clauses, the other or others being connected by or, or
   by or whether. When the second of two alternatives is the simple
   negative of the first it is sometimes only indicated by the particle
   not or no after the correlative, and sometimes it is omitted entirely
   as being distinctly implied in the whether of the first.","conj. 是否, 不论
pron. 两个中的哪一个",c:100,5,1,zk gk,265,321,whether
live,live,liv.laiv,"v. lead a certain kind of life; live in a certain style
v. pursue a positive and satisfying existence
a. actually being performed at the time of hearing or viewing
a. exerting force or containing energy","a. 活的, 生动的, 精力充沛的, 实况转播的
vi. 活, 生存, 居住
vt. 过着, 度过, 经历
adv. 实况地",r:2/j:8/v:90,3,1,zk gk ielts,267,210,live
idea,idea,ai'diә,"n. the content of cognition; the main thing you are thinking about
n. a personal view","n. 主意, 办法, 理想, 思想, 概念, 意见
[医] 观念, 思想",n:100,5,1,zk gk ielts,268,311,idea
study,study,'stʌdi,"n. applying the mind to learning and understanding a subject (especially by reading)
n. a state of deep mental absorption
n. a room used for reading and writing and studying
n. someone who memorizes quickly and easily (as the lines for a part in a play)","n. 学习, 研究, 学科, 论文, 求学, 书房, 试作
vt. 学习, 读书, 研究, 考虑, 计划
vi. 学习, 思索",v:21/n:79,5,1,zk gk ielts,270,240,study
name,name,neim,"n. a language unit by which a person or thing is known
n. a person's reputation
n. family based on male descent
n. a well-known or notable person","n. 名字, 名称, 姓名, 名义, 名誉, 文件名
vt. 命名, 称呼, 任命, 提名, 列举
a. 姓名的, 据以取名的
[计] 名称, 文件名, 姓名",v:28/n:72,5,1,zk gk,271,298,name
job,job,dʒɒb,"n. a specific piece of work required to be done as a duty or for a specific fee
n. a workplace; as in the expression ""on the job""; 
n. an object worked on; a result produced by working
n. the responsibility to do something","n. 工作, 零活, 职业, 事情
vi. 做零工, 打杂, 做股票经纪, 假公济私
vt. 代客买卖, 批发, 承包, 欺骗
[计] 作业",n:100,5,1,zk gk ielts,272,243,job
stand,stand,stænd,"n. the position where a thing or person stands
n. a growth of similar plants (usually trees) in a particular area
n. a small table for holding articles of various kinds
n. an interruption of normal activity","n. 站立, 站住, 停顿, 讲台, 看台, 立场, 法院证人席
vi. 站, 立, 坐落, 停滞, 位于, 坚持, 维持原状
vt. 忍受, 使站立, 抵挡",n:12/v:88,5,1,zk gk toefl ielts,273,281,stand
body,body,'bɒdi,"n. the entire structure of an organism (an animal, plant, or human being)
n. a group of persons associated by some common tie or occupation and regarded as an entity
n. a natural object consisting of a dead animal or person
n. an individual 3-dimensional object that has mass and that is distinguishable from other objects","n. 身体, 人, 尸体, 主要部分, 团体
vt. 赋以形体
[计] 体",v:1/n:99,5,1,zk,274,313,body
happen,happen,'hæpәn,"v. come to pass
v. happen, occur, or be the case in the course of events or by chance
v. chance to be or do something, without intention or causation
v. come into being; become reality","vi. 发生, 发生, 恰巧",v:100,5,1,zk gk cet4 ky,275,216,happen
report,report,ri'pɒ:t,"n. a written document describing the findings of some individual or group
n. the act of informing by verbal report
n. a short account of the news
n. a sharp explosive sound (especially the sound of a gun firing)","n. 报告, 报道, 传说, 案情报告, 爆炸声, 成绩单
vt. 报告, 汇报, 转述, 报道, 揭发, 使报到
vi. 报告, 写报道, 报到
[计] 报告",n:49/v:51,5,1,zk gk ielts,276,450,report
line,line,lain,"n. a formation of people or things one beside another
n. a mark that is long relative to its width
n. a formation of people or things one behind another
n. a length (straight or curved) without breadth or thickness; the trace of a moving point","n. 列, 线, 绳, 电线, 线路, 路线, 航线, 作业线, 界线, 战线, 外形, 排, 家系
vt. 排成一行, 顺...排列, 划线于, 加衬里, 使有线条, 使起皱纹
vi. 排队
[计] 线路",v:9/n:91,5,1,zk gk cet4 cet6 ky ielts,277,276,line
law,law,lɒ:,"n. the collection of rules imposed by authority
n. legal document setting forth rules governing a particular kind of activity
n. a rule or body of rules of conduct inherent in human nature and essential to or binding upon human society
n. a generalization that describes recurring facts or events in nature","n. 法律, 法则, 定律, 法律的制约, 法学, 司法界, 诉讼
v. 起诉",n:100,5,1,zk gk cet4 cet6 ky ielts,278,287,law
later,later,'leitә,"s. coming at a subsequent time or stage
r. comparative of the adverb `late'","adv. 以后, 随后",r:88/j:12,5,1,gk cet4 cet6 ky,279,295,later
almost,almost,'ɒ:lmәust,r (of actions or states) slightly short of or not quite accomplished; all but,"adv. 几乎, 差不多",r:100,5,1,zk gk,280,291,almost
friend,friend,frend,"n. a person you know well and regard with affection and trust
n. a member of the Religious Society of Friends founded by George Fox (the Friends have never called themselves Quakers)","n. 朋友, 支持者, 赞助者
[法] 朋友, 友人, 赞助者",n:100,5,1,zk gk,281,265,friend
face,face,feis,"n. the front of the human head from the forehead to the chin and ear to ear
n. the general outward appearance of something
n. the striking or working surface of an implement
n. a part of a person that is used to refer to a person","n. 脸, 面容, 正面, 外观
vt. 面对, 朝, 正视, 面临
vi. 朝, 向
[计] 现场可改变的控制元件",v:36/n:64,5,1,zk gk toefl ielts,282,330,face
carry,carry,'kæri,"n. the act of carrying something
v. have with oneself; have on one's person
v. serve as a means for expressing something
v. bear or be able to bear the weight, pressure,or responsibility of","n. 进位, 射程, 运载
vt. 携带, 运送, 支持, 传送, 包含
vi. 被携带, 能达到
[计] 进位; 进位数",n:1/v:99,5,1,zk gk ielts,283,487,carry
road,road,rәud,"n. an open way (generally public) for travel or transportation
n. a way or means to achieve something","n. 路, 道路, 公路, 途径, 方法
[法] 公路, 道路, 行车道",n:100,5,1,zk gk ielts,284,489,road
authority,authority,ɒ:'θɒriti,"n. the power or right to give orders or make decisions
n. (usually plural) persons who exercise (administrative) control over others
n. an expert whose views are taken as definitive
n. official permission or approval","n. 权力, 当权者, 当局, 权威, 专家
[经] 代理权, 授权, 权威",n:100,5,1,gk cet4 cet6 ky toefl ielts,285,832,authority
himself,himself,him'self,"pron. An emphasized form of the third person masculine
   pronoun; -- used as a subject usually with he; as, he himself will bear
   the blame; used alone in the predicate, either in the nominative or
   objective case; as, it is himself who saved himself.
pron. One's true or real character; one's natural temper and
   disposition; the state of being in one's right or sane mind (after
   unconsciousness, passion, delirium, or abasement); as, the man has come
   to himself.
pron. pl. Alt. of Himselven","pron. 他自己, 他亲自",p:100,5,1,zk gk,286,367,himself
far,far,fɑ:,"a. located at a great distance in time or space or degree
s. being of a considerable distance or length
s. being the animal or vehicle on the right or being on the right side of an animal or vehicle
s. beyond a norm in opinion or actions","a. 远的, 久远的, 遥远的
adv. 甚远地, 很, 到很深的程度, 到很远的距离",c:9/r:72/j:19,5,1,zk gk,287,252,far
together,together,tә'geðә,"s. mentally and emotionally stable
r. in contact with each other or in proximity
r. assembled in one place
r. in each other's company","adv. 一起, 共同, 彼此",r:100,5,1,zk gk,288,324,together
talk,talk,tɒ:k,"n. an exchange of ideas via conversation
n. discussion; (`talk about' is a less formal alternative for `discussion of')
n. the act of giving a talk to an audience
n. idle gossip or rumor","n. 谈话, 交谈, 会谈, 讲话, 演讲, 空谈, 谣言, 方言, 语言
vi. 讲话, 演讲, 说话, 谈话, 交流, 闲聊, 说闲话
vt. 讲, 说, 讨论, 谈论
[计] 对话类, 聊天",n:16/v:84,5,1,zk gk,289,168,talk
appear,appear,ә'piә,"v. come into sight or view
v. be issued or published
v. seem to be true, probable, or apparent
v. come into being or existence, or appear on the scene","vi. 出现, 显得, 来到
[法] 出庭, 到案, 出现",v:100,5,1,zk gk cet4 ky toefl,290,395,appear
little,little,'litl,"n. a small amount or duration
a. (quantifier used with mass nouns) small in quantity or degree; not much or almost none or (with `a') at least some
s. (of children and animals) young, immature
s. (of a voice) faint","n. 一点点, 少许, 一会儿, 短时间
a. 小的, 很少的, 幼小的, 琐碎的, 短暂的, 矮小的
adv. 很少, 稍微, 完全不",r:31/j:52/d:17,5,1,zk gk,291,256,little
political,political,pә'litikl,"a. involving or characteristic of politics or parties or politicians
a. of or relating to your views about social relationships involving authority or power
a. of or relating to the profession of governing","a. 政治的, 政治上的, 政党的, 从事政治的
[法] 政治的, 政治上的, 党派政治的",j:100,5,1,gk cet4 cet6 ky ielts,292,277,political
six,six,siks,"n. the cardinal number that is the sum of five and one
s. denoting a quantity consisting of six items or units","num. 六, 六个",m:100,5,0,zk gk,293,424,six
minister,minister,'ministә,"n. a person appointed to a high office in the government
n. a diplomat representing one government to another; ranks below ambassador
n. the job of a head of a government department
v. attend to the wants and needs of others","n. 部长, 牧师, 公使
vi. 服侍, 救助, 主持宗教仪式",v:5/n:95,5,1,gk cet4 cet6 ky ielts,294,1910,minister
able,able,'eibl,"a. (usually followed by `to') having the necessary means or skill or know-how or authority to do something
s. have the skills and qualifications to do things well
s. having inherent physical or mental ability or capacity
s. having a strong healthy body","a. 能干的, 能够的",j:100,5,1,zk gk,295,385,able
produce,produce,prә'dju:s,"n. fresh fruits and vegetable grown for the market
v. bring forth or yield
v. create or manufacture a man-made product
v. cause to happen, occur or exist","n. 生产品, 物产, 后代
vt. 产生, 生产, 提出, 出示
vi. 生产, 制造",n:4/v:96,5,1,zk gk cet4 cet6 ky toefl gre,296,542,produce
rate,rate,reit,"n. a magnitude or frequency relative to a time unit
n. amount of a charge or payment relative to some basis
n. a quantity or amount or measure considered as a proportion of another quantity or amount or measure
v. assign a rank or rating to","n. 比率, 率, 速度, 价格, 费用, 等级
vt. 估价, 认为, 鉴定等级, 责骂
vi. 被评价, 责骂",v:11/n:89,5,1,gk cet4 cet6 ky ielts,297,457,rate
late,late,leit,"a. being or occurring at an advanced period of time or after a usual or expected time
s. of the immediate past or just previous to the present time
s. having died recently
a. of a later stage in the development of a language or literature; used especially of dead languages","a. 迟的, 晚的, 已故的
adv. 很晚, 很迟, 晚",r:19/j:81,5,1,zk gk,298,437,late
hour,hour,auә,"n. a period of time equal to 1/24th of a day
n. clock time
n. a special and memorable period
n. distance measured by the time taken to cover it","n. 小时, 钟头, 时间, ...点钟, 课时",n:100,5,1,zk gk,299,272,hour
door,door,dɒ:,"n. a swinging or sliding barrier that will close the entrance to a room or building or vehicle
n. anything providing a means of access (or escape)
n. a structure where people live or work (usually ordered along a street or road)
n. a room that is entered via a door",n. 门,n:100,5,1,zk gk,300,343,door
general,general,'dʒenәrәl,"n. a general officer of the highest rank
n. the head of a religious order or congregation
n. a fact about the whole (as opposed to particular)
v. command as a general","n. 一般, 将军, 大体
a. 全面的, 大体的, 总的, 一般的, 普遍的
n. 常规
[计] 常规",r:17/j:66/n:17,5,1,zk gk cet4 cet6 ky toefl ielts,301,804,general
sit,sit,sit,"v. be seated
v. be around, often idly or without specific purpose
v. be in session
v. be located or situated somewhere","vi. 坐, 就座, 坐落
vt. 使就座, 骑
n. 坐, 衣服合身",n:1/v:99,5,1,zk gk,302,268,sit
office,office,'ɒfis,"n. place of business where professional or clerical duties are performed
n. (of a government or government official) holding an office means being in power
n. professional or clerical workers in an office
n. a religious rite or service prescribed by ecclesiastical authorities","n. 办公室, 部, 公职, 职责
[化] 办公室",n:100,5,1,zk gk ielts,303,341,office
war,war,wɒ:,"n. the waging of armed conflict against an enemy
n. a legal state created by a declaration of war and ended by official declaration during which the international rules of war apply
n. an active struggle between competing entities
n. a concerted campaign to end something that is injurious","n. 战争, 战争状态, 战术, 军事, 冲突, 斗争, 竞争
vi. 进行战争, 作战, 打仗, 战斗
a. 战争的, 战时用的",v:1/n:99,5,1,zk gk cet4 cet6 ky,304,349,war
since,since,sins,"adv. From a definite past time until now; as, he went a month
   ago, and I have not seen him since.
adv. In the time past, counting backward from the present;
   before this or now; ago.
adv. When or that.
prep. From the time of; in or during the time subsequent to;
   subsequently to; after; -- usually with a past event or time for the
   object.
conj. Seeing that; because; considering; -- formerly followed
   by that.","prep. 自...以后, 自...以来
adv. 自那时以后
conj. 既然, 自...以后, 自...以来",i:23/c:71/r:6,5,1,zk gk,305,260,since
mother,mother,'mʌðә,"n. a woman who has given birth to a child (also used as a term of address to your mother)
n. a stringy slimy substance consisting of yeast cells and bacteria; forms during fermentation and is added to cider or wine to produce vinegar
n. a term of address for an elderly woman
n. a term of address for a mother superior","n. 母亲, 修女院长
vt. 产生, 照看, 收养",v:1/n:99,5,1,zk gk ielts,306,229,mother
offer,offer,'ɒfә,"n. the verbal act of offering
n. something offered (as a proposal or bid)
v. make available or accessible, provide or furnish
v. present for acceptance or rejection","n. 给予(物), 出价, 提议, 意图, 报价
vt. 提供, 出价, 奉献, 试图, 使出现, 演出
vi. 出现, 献祭, 提议, 求婚",n:14/v:86,5,1,zk gk cet4 cet6 ky toefl ielts,307,373,offer
person,person,'pә:sn,"n. a human being
n. a human body (usually including the clothing)
n. a grammatical category used in the classification of pronouns, possessive determiners, and verb forms according to whether they indicate the speaker, the addressee, or a third party","n. 人, 人身, 人称
[法] 人, 法人, 人身",n:100,5,1,zk gk ielts,308,345,person
full,full,ful,"v. beat for the purpose of cleaning and thickening
v. make (a garment) fuller by pleating or gathering
a. containing as much or as many as is possible or normal
s. complete in extent or degree and in every particular","n. 全部, 完整
a. 充满的, 完全的, 丰富的, 完美的, 丰满的, 详尽的
adv. 完全地, 整整, 十分
vt. 把(衣服等)缝得宽松, 漂洗
[计] 完整",r:4/j:96,5,1,zk gk,309,503,full
reason,reason,'ri:zn,"n. a rational motive for a belief or action
n. an explanation of the cause of some phenomenon
n. the capacity for rational thought or inference or discrimination
n. a fact that logically justifies some premise or conclusion","n. 理由, 原因, 理智, 道理, 前提, 理性
vt. 说服, 推论, 辩论
vi. 推论, 劝说, 思考",v:4/n:96,5,1,zk gk toefl ielts,310,359,reason
view,view,vju:,"n. the visual percept of a region
n. the act of looking or seeing or observing
n. the range of the eye
n. purpose; the phrase `with a view to' means `with the intention of' or `for the purpose of'","n. 视野, 风景, 见解, 视力, 观看, 视图, 指望, 意图, 印象
vt. 看, 考虑, 视察, 查看, 估量
[计] 视图",v:26/n:74,5,1,gk cet4 cet6 ky ielts,311,485,view
consider,consider,kәn'sidŋ,"v. take into consideration for exemplifying purposes
v. show consideration for; take into account
v. think about carefully; weigh
v. regard or treat with consideration, respect, and esteem","v. 考虑, 思考, 认为",v:100,5,1,zk gk cet4 cet6 ky toefl,312,394,consider
expect,expect,iks'pekt,"v. regard something as probable or likely
v. look forward to the probable occurrence of
v. consider reasonable or due
v. look forward to the birth of a child","vt. 预期, 盼望, 期待",v:100,5,1,zk gk,313,405,expect
suggest,suggest,sәg'dʒest,"v. imply as a possibility
v. call to mind","vt. 提议, 建议, 促成, 暗示, 启发, 使人想起
[法] 建议, 提出, 提议",v:100,5,1,zk gk toefl,314,430,suggest
anything,anything,'eniθiŋ,"n. Any object, act, state, event, or fact whatever; thing of
   any kind; something or other; aught; as, I would not do it for
   anything.
n. Expressing an indefinite comparison; -- with as or like.
adv. In any measure; anywise; at all.",pron. 任何事,p:96/r:4,5,1,zk gk,315,331,anything
term,term,tә:m,"n. a word or expression used for some particular thing
n. a limited period of time
n. any distinct quantity contained in a polynomial
n. one of the substantive phrases in a logical proposition","n. 术语, 专有名词, 期限, 学期, 任期, 条件, 价钱, 关系, 地位, 项, 界石
vt. 称, 呼
[计] 检索词; 项",v:5/n:95,5,1,zk gk cet4 cet6 ky toefl ielts,316,626,term
towards,towards,tә'wɔ:dz,"prep. In the direction of; to.
prep. With direction to, in a moral sense; with respect or
   reference to; regarding; concerning.
prep. Tending to; in the direction of; in behalf of.
prep. Near; about; approaching to.
adv. Near; at hand; in state of preparation.
prep. & adv. See Toward.","prep. 向, 对于, 为了",i:100,5,1,cet4 cet6,317,2004,towards
low,low,lәu,"n. an air mass of lower pressure; often brings precipitation
n. British political cartoonist (born in New Zealand) who created the character Colonel Blimp (1891-1963)
n. a low level or position or degree
a. less than normal in degree or intensity or amount","n. 低点, 低价, 低, 牛叫声
a. 低的, 消沉的, 低等的, 浅的, 卑贱的
adv. 低下地, 谦卑地, 低
vi. 牛叫",r:4/j:93/v:1/n:2,5,1,zk gk gre,318,360,low
public,public,'pʌblik,"n. a body of people sharing some common interest
a. not private; open to or concerning the people as a whole
s. affecting the people or community as a whole","n. 公众, 民众
a. 公众的, 公共的, 公立的, 公用的",r:4/j:70/n:26,5,1,zk gk cet4 cet6 ky ielts,319,333,public
let,let,let,"n. a serve that strikes the net before falling into the receiver's court; the ball must be served again
v. make it possible through a specific action or lack of action for something to happen
v. actively cause something to happen
v. leave unchanged","vt. 让, 假设, 出租, 排放, 妨碍
vi. 出租, 被承包
n. 出租屋, 障碍",n:1/v:99,5,1,zk gk ielts,320,159,let
require,require,ri'kwaiә,"v require as useful, just, or proper
v consider obligatory; request and expect
v make someone do something
v have need of","vt. 需要, 命令, 要求
[法] 需要, 要求, 命令",v:100,4,1,zk gk cet4 cet6 ky,321,446,require
read,read,ri:d,"n. something that is read
v. interpret something that is written or printed
v. have or contain a certain wording or form
v. look at, interpret, and say out loud something that is written or printed","v. 读, 阅读, 理解
a. 有学问的
n. 读取, 阅读
[计] 读取",n:1/v:99,5,1,zk gk,322,337,read
continue,continue,kәn'tinju:,"v. continue a certain state, condition, or activity
v. continue talking
v. keep or maintain in unaltered condition; cause to remain or last
v. do something repeatedly and showing no intention to stop","vi. 继续, 延续, 延长
vt. 使继续, 使延长",v:100,5,1,zk gk cet4 cet6 ky,323,293,continue
period,period,'piәriәd,"n. the interval taken to complete one cycle of a regularly repeating phenomenon
n. (ice hockey) one of three divisions into which play is divided in hockey games
n. a unit of geological time during which a system of rocks formed
n. the end or completion of something","n. 时期, 节段, 节, 句点, 学时, 周期
a. 当时特有的, 过去某段时期的
interj. 就是这话, 就是这么回事",n:100,4,1,zk gk cet4 cet6 ky toefl ielts,324,617,period
figure,figure,'figә,"n. a diagram or picture illustrating textual material
n. a model of a bodily form (especially of a person)
n. a combination of points and lines and planes that form a visible palpable shape
n. an amount of money expressed numerically","n. 数字, 价格, 图形, 形状
vt. 描绘, 表示, 演算, 认为
vi. 计算, 出现, 估计",v:33/n:67,5,1,gk cet4 cet6 ky toefl ielts,325,552,figure
society,society,sә'saiәti,"n. an extended social group having a distinctive cultural and economic organization
n. the fashionable elite",n. 社会；社交界；交往；社团,n:100,5,1,zk gk cet4 cet6 ky,326,507,society
centre,centre,'sentә,n. a low-lying region in central France,"n. 中心, 中心点, 中锋
a. 中央的, 位在正中的
vt. 集中, 定中心
vi. 居中",,5,1,zk gk cet4 cet6 ky ielts,327,0,centre
police,police,pә'li:s,n. the force of policemen and officers,"n. 警察, 警察当局, 治安
vt. 维持治安, 管辖",v:2/n:98,5,1,zk gk cet4 ky ielts,328,468,police
lose,lose,lu:z,"v. fail to keep or to maintain; cease to have, either physically or in an abstract sense
v. fail to win
v. suffer the loss of a person through death or removal
v. miss from one's possessions; lose sight of","vt. 遗失, 损失, 丢失, 使失去, 错过, 浪费, 迷失, 使迷路, 输去, 使沉溺于
vi. 受损失, 失败",v:100,5,1,zk gk cet4 cet6 ky,329,283,lose
add,add,æd,"v. make an addition (to); join or combine or unite with others; increase the quality, quantity, size or scope of
v. state or say further
v. make an addition by combining numbers
v. constitute an addition","vt. 增加, 添加, 附带说明, 计算...总和
vi. 做加法, 积累而成, 增添
[计] 加法",v:100,5,1,zk gk cet4 ky,330,340,add
city,city,'siti,"n. a large and densely populated urban area; may include several independent administrative districts
n. an incorporated administrative district established by state charter
n. people living in a large densely populated municipality","n. 城市, 市
[法] 都市, 城市, 市",n:100,4,1,zk gk ielts,331,290,city
fall,fall,fɒ:l,"n. the season when the leaves fall from the trees
n. the lapse of mankind into sinfulness because of the sin of Adam and Eve
n. a lapse into sin; a loss of innocence or of chastity
n. a sudden decline in strength or number or importance","n. 落下, 瀑布, 采伐量, 下降, 落差, 降低, 堕落, 秋天
vi. 倒下, 落下, 来临, 失守, 阵亡, 下跌, 减弱, 倾斜, 垮台, 轮到, 变成, 降低
a. 秋天的",n:29/v:71,5,1,zk gk ielts,332,410,fall
probably,probably,'prɒbәbli,r. with considerable certainty; without much doubt,"adv. 大概, 或许",r:100,5,1,zk gk cet4 cet6,333,398,probably
available,available,ә'veilәbl,"a. obtainable or accessible and ready for use or service
s. not busy; not otherwise committed
s. convenient for use or disposal","a. 可利用的, 可获得的, 有效的
[医] 有效的, 可得的",j:100,5,1,zk gk cet4 cet6 ky toefl ielts gre,334,622,available
community,community,kә'mju:niti,"n. a group of people living in a particular local area
n. common ownership
n. a group of nations having common interests
n. agreement as to goals","n. 社区, 公众, 共有, 共同体
[经] 公众, 共有, 社会",n:100,5,1,cet4 cet6 ky toefl ielts,335,296,community
million,million,'miljәn,"n. the number that is represented as a one followed by 6 zeros
n. a very large indefinite number (usually hyperbole)
s. (in Roman numerals, M written with a macron over it) denoting a quantity consisting of 1,000,000 items or units","n. 百万, 无数
num. 百万",m:100,5,0,gk ielts,336,222,million
price,price,prais,"n. the amount of money needed to purchase something
n. value measured by what must be given or done or undergone to obtain something
n. the high value or worth of something
n. a monetary reward for helping to catch a criminal","n. 价格, 代价, 价值
vt. 定...的价格",v:6/n:94,5,1,zk gk ielts,338,475,price
control,control,kәn'trәul,"n. power to direct or determine
n. a relation of constraint of one entity (thing or person or group) by another
n. (physiology) regulation or maintenance of a function or action or reflex etc
n. the activity of managing or exerting control over something","n. 控制, 管理, 克制, 控制器, 操纵装置
vt. 控制, 操纵, 抑制
[计] 控制; 控制器",v:32/n:68,5,1,zk gk cet4 ky ielts gre,339,432,control
action,action,'ækʃәn,"n. something done (usually as opposed to something said)
n. the state of being active
n. the series of events that form a plot
n. the trait of being active and energetic and forceful","n. 行动, 活动, 动作, 作用, 战斗, 行为, 诉讼
vt. 对...起诉
[计] 方式",n:100,5,1,zk gk cet4 cet6 ky toefl ielts,340,502,action
issue,issue,'isju,"n. an important question that is in dispute and must be settled
n. one of a series published periodically
n. the act of providing an item for general use or for official purposes (usually in quantity)
n. supplies (as food or clothing or ammunition) issued by the government","n. 发行, 问题, 后果, 流出, 出口, 争端
vi. 发行, 流出, 造成...结果, 传下
vt. 使流出, 放出, 发行, 发布, 发给",v:11/n:89,5,1,cet4 cet6 ky toefl ielts gre,341,248,issue
cost,cost,kɒst,"n. the total spent for goods or services including money and time and labor
v. be priced at
v. require to lose, suffer, or sacrifice","n. 代价, 价值, 费用
vi. 花费
vt. 使失去, 值, 使花费",v:33/n:67,5,1,zk gk ielts,342,550,cost
process,process,'prɒses,"n. (psychology) the performance of some composite cognitive activity; an operation that affects mental contents
n. a mental process that you are not directly aware of
n. a natural prolongation or projection from a part of an organism either animal or plant
n. a sustained phenomenon or one marked by gradual changes through a series of states","n. 程序, 进行, 过程
vt. 加工, 使...接受处理, 对...处置, 对...起诉
a. 经加工的, 有特殊光效的
[计] 进程",v:11/n:89,5,1,gk cet4 cet6 ky toefl ielts,343,391,process
remain,remain,ri'mein,"v. be left; of persons, questions, problems, results, evidence, etc.","vi. 保持, 逗留, 剩余
[法] 停留, 居住, 继续",v:100,5,1,zk gk cet4 cet6 ky,344,426,remain
position,position,pә'ziʃәn,"n. the particular portion of space occupied by something
n. a way of regarding situations or topics etc.
n. the arrangement of the body and its limbs
n. a job in an organization","n. 位置, 地位, 身分, 形势, 姿势, 立场, 职位, 状态, 阵地
vt. 安置, 决定...的位置
[计] 位置",v:8/n:92,5,1,zk gk cet4 cet6 ky ielts,345,512,position
remember,remember,ri'membә,"v. recall knowledge from memory; have a recollection
v. keep in mind for attention or consideration
v. recapture the past; indulge in memories
v. show appreciation to","vt. 记得, 回忆起, 记住, 铭记, 纪念
vi. 记得",v:100,5,1,zk gk,346,379,remember
course,course,kɒ:s,"n. education imparted in a series of lessons or meetings
n. a connected series of events or actions or developments
n. general line of orientation
n. a mode of action","n. 课程, 路线, 过程, 一道菜, 道路
v. 追, (使)跑",r:59/v:2/n:39,5,1,zk gk cet4 cet6 ky ielts,347,418,course
bad,bad,bæd,"n. that which is below standard or expectations as of ethics or decency
a. having undesirable or negative qualities
s. very intense
s. feeling physical discomfort or pain (`tough' is occasionally used colloquially for `bad')","a. 坏的
n. 坏
adv. 坏地",r:3/j:96/n:1,5,1,zk gk,349,282,bad
today,today,tә'dei,"n. the present time or age
n. the day that includes the present moment (as opposed to yesterday or tomorrow)
r. on this day as distinct from yesterday or tomorrow","n. 今天, 当今, 现在
adv. 今天, 当今",r:100,5,1,zk gk,350,214,today
buy,buy,bai,"v. obtain by purchase; acquire by means of a financial transaction
v. be worth or be capable of buying
v. acquire by trade or sacrifice or exchange
v. accept as true","vt. 买, 获得
vi. 买
n. 购买, 买得的东西",n:2/v:98,5,1,zk gk,351,397,buy
speak,speak,spi:k,"v. use language
v. make a characteristic or natural sound","vi. 说, 说话, 演说, 发言
vt. 说, 讲, 说出",v:100,5,1,zk gk,352,335,speak
education,education,.edju'keiʃәn,"n. the activities of educating or instructing; activities that impart knowledge or skill
n. knowledge acquired by learning and instruction
n. the gradual process of acquiring knowledge
n. the profession of teaching (especially at a school or college or university)","n. 教育, 训练, 教育学
[医] 教育, 训练",n:100,5,1,zk gk cet4 ky toefl ielts,353,376,education
actually,actually,'æktʃuәli,"r. in actual fact
r. used to imply that one would expect the fact to be the opposite of that stated; surprisingly
r. at the present moment
r. as a sentence modifier to add slight emphasis","adv. 事实上, 竟然, 如今, 现在",r:100,5,1,cet4 cet6 toefl,354,396,actually
ever,ever,'evә,"r. at any time
r. (intensifier for adjectives) very","adv. 曾经, 究竟, 永远",r:100,5,1,zk gk,355,280,ever
type,type,taip,"n. a subdivision of a particular kind of thing
n. (biology) the taxonomic group whose characteristics are used to define the next higher taxon
n. printed characters
n. all of the tokens of the same symbol","n. 类型, 样式, 典型, 榜样, 标志, 符号, 型, 式
vi. 打字
vt. 作为代表, 测定类型, 用打字机打
[计] 类型; 键入; DOS内部命令:在屏幕上显示指定文件的内容",v:5/n:95,4,1,gk cet4 cet6 ky ielts,356,590,type
research,research,ri'sә:tʃ,"n. systematic investigation to establish facts
v. attempt to find out in a systematically and scientific manner
v. inquire into","n. 研究, 调查, 考察
vi. 研究, 调查",v:7/n:93,5,1,zk gk cet4 cet6 ky ielts,357,362,research
subject,subject,'sʌbdʒekt,"n. the subject matter of a conversation or discussion
n. something (a person or object or scene) selected by an artist or photographer for graphic representation
n. (grammar) one of the two main constituents of a sentence; the grammatical constituent about which something is predicated
n. a person who is subjected to experimental or other observational procedures; someone who is an object of investigation","n. 科目, 主题, 臣民, 主语, 题目, (事物的)经受者, 学科, 受治疗者, 原因, 理由
a. 服从的, 易患...的, 隶属的, 受支配的
adv. 在...条件下
vt. 使隶属, 使受到
[计] 主题, 主体",i:10/v:5/j:3/n:82,4,1,gk ielts gre,358,670,subject
stop,stop,stɒp,"n. the event of something ending
n. the act of stopping something
n. a brief stay in the course of a journey
n. a spot where something halts or pauses","n. 停止, 车站, 逗留, 填塞, 障碍, (风琴的)音栓
vi. 停止, 被塞住
vt. 塞住, 堵塞, 阻止, 击落, 停止, 终止, 断绝",n:11/v:89,5,1,zk gk,359,329,stop
programme,programme,'prәugræm,"n an announcement of the events that will occur as part of a theatrical or sporting event
n an integrated course of academic studies
n a radio or television show
n (computer science) a sequence of instructions that a computer can interpret and execute
n a system of projects or services intended to meet a public need
n a series of steps to be carried out or goals to be accomplished
n a performance (or series of performances) at a public presentation
v write a computer program
v arrange a program of or for","n. 节目, 节目单, 程序, 纲要, 大纲, 计划
vt. 规划, 拟...计划
vi. 安排节目, 编程序",,5,1,zk gk ky,360,0,programme
moment,moment,'mәumәnt,"n. a particular point in time
n. an indefinitely short time
n. a turning force produced by an object acting at a distance (or a measure of that force)
n. the n-th moment of a distribution is the expected value of the n-th power of the deviations from a fixed value","n. 片刻, 瞬间, 重要, 阶段, 力矩
[医] 片刻, 瞬间, 时机, 因素, 矩",n:100,5,1,zk gk toefl gre,361,369,moment
girl,girl,gә:l,"n. a young woman
n. a friendly informal reference to a grown woman","n. 女孩, 少女, 女佣",n:100,5,1,zk gk,362,363,girl
age,age,eidʒ,"n. how long something has existed
n. a time of life (usually defined in years) at which some particular qualification or power arises
v. begin to seem older; get older
v. make older","n. 年龄, 老年, 成年, 寿命, 时代, 时期
v. 变老, 成熟",v:7/n:93,5,1,zk gk toefl ielts,363,386,age
father,father,'fɑ:ðә,"n. a male parent (also used as a term of address to your father)
n. `Father' is a term of address for priests in some churches (especially the Roman Catholic Church or the Orthodox Catholic Church); `Padre' is frequently used in the military
n. a person who holds an important or distinguished position in some organization
n. God when considered as the first person in the Trinity","n. 父亲, 祖先, 长辈, 神父, 创始者
vt. 当...的父亲, 保护, 创作, 发明, 培养",v:1/n:99,5,1,zk gk,364,267,father
send,send,send,"v. cause to go somewhere
v. to cause or order to be taken, directed, or transmitted to another place
v. transfer","vt. 发送, 使进入, 寄, 派遣, 发射, 使陷于
vi. 寄信, 派人, 播送
n. (船的)上升运动
[计] 发送",v:100,5,1,zk gk,366,404,send
value,value,'vælju:,"n. a numerical quantity measured or assigned or computed
n. the quality (positive or negative) that renders something desirable or valuable
n. the amount (of money or goods or services) that is considered to be a fair equivalent for something else
n. relative darkness or lightness of a color","n. 价值, 价格, 购买力, 评价, 估价, 计算结果
vt. 评价, 估价, 重视
[计] 计算结果",v:8/n:92,5,1,zk gk cet4 cet6 ky ielts,367,499,value
order,order,'ɒ:dә,"n. (often plural) a command given by a superior (e.g., a military or law enforcement officer) that must be obeyed
n. a degree in a continuum of size or quantity
n. established customary state (especially of society)
n. a commercial document used to request someone to supply something in return for payment and providing specifications and quantities","n. 次序, 规则, 命令
vi. 命令, 定货
vt. 整理, 命令, 定购
n. 顺序, 阶数
[计] 顺序, 阶数",v:34/n:66,4,1,zk gk ielts,368,684,order
force,force,fɒ:s,"n. a powerful effect or influence
n. (physics) the influence that produces a change in a physical quantity
n. physical energy or intensity
n. group of people willing to obey orders","n. 力量, 武力, 势力, 影响力, 军队, 力, 效力
vt. 强迫, 强夺, 推动, 提高
[计] 人工转移; 强制",v:30/n:70,5,1,zk gk cet4 cet6 ky,369,372,force
matter,matter,'mætә,"n. a vaguely specified concern
n. that which has mass and occupies space
n. a problem
n. (used with negation) having consequence","n. 事件, 物质, 原因, 素材, 实体, 重要
vi. 有关系",v:20/d:8/n:72,5,1,gk,370,528,matter
act,act,ækt,"n. a legal document codifying the result of deliberations of a committee or society or legislative body
n. something that people do or cause to happen
n. a subdivision of a play or opera or ballet
n. a short theatrical performance that is part of a longer program","n. 行动, 行为, 幕, 法案
vi. 行动, 表演, 假装, 见效, 表现, 担当
vt. 扮演, 装作
[计] 先进通信技术, 先进计算机工艺, 自动代码翻译技术",n:43/v:57,5,1,zk gk cet4 ky,371,837,act
receive,receive,ri'si:v,"v. get something; come into possession of
v. receive a specified treatment (abstract)
v. express willingness to have in one's home or environs
v. accept as true or valid","vt. 收到, 接到, 得到, 接待, 迎接, 承受
vi. 收到, 会客
[计] 接收",v:100,5,1,zk gk,372,497,receive
health,health,'helθ,"n. a healthy state of wellbeing free from disease
n. the general condition of body and mind","n. 健康, 卫生, 蓬勃, 健康状态
[医] 健康",n:100,5,1,zk gk ielts,373,344,health
lot,lot,lɒt,"n. a parcel of land having fixed boundaries
n. (Old Testament) nephew of Abraham; God destroyed Sodom and Gomorrah but chose to spare Lot and his family who were told to flee without looking back at the destruction
v. divide into lots, as of land, for example","n. 运气, 签, 抽签, 份额, 许多, 一堆
vt. 划分
vi. 抽签, 抓阄",r:17/n:83,5,0,zk gk gre,374,238,lot
decide,decide,di'said,"v. reach, make, or come to a decision about something
v. bring to an end; settle conclusively
v. cause to decide
v. influence or determine","v. 决定, 判决",v:100,5,1,zk gk toefl,375,456,decide
main,main,mein,"n. any very large body of (salt) water
n. a principal pipe in a system that distributes water or gas or electricity or that collects sewage
s. of force; of the greatest possible intensity","n. 主要部分, 干线, 体力, 力量, 主群组
a. 主要的, 重要的, 全力的
[计] 主群组",r:1/j:98/n:1,5,1,zk gk cet4 cet6 ky ielts,376,888,main
though,though,ðәu,r. (postpositive) however,"adv. 然而, 可是
conj. 虽然, 纵然",c:92/r:8,5,1,zk gk,377,245,though
enough,enough,i'nʌf,"n. an adequate quantity; a quantity that is large enough to achieve a purpose
r. as much as necessary; (`plenty' is nonstandard) ""I've had plenty, thanks""","n. 充足, 够, 很多
a. 充足的, 足够
adv. 足够
interj. 够了",r:70/d:30,5,1,zk gk,378,374,enough
less,less,les,"a. (comparative of `little' usually used with mass nouns) a quantifier meaning not as great in amount or degree
s. (usually preceded by `no') lower in quality
s. (nonstandard in some uses but often idiomatic with measure phrases) fewer
r. used to form the comparative of some adjectives and adverbs","n. 较少, 较小
a. 少的, 小的
adv. 较少, 较小, 较差
[计] 最低成本估算与调度法",r:57/d:43,5,1,gk cet4 ky,379,477,less
street,street,stri:t,"n. a thoroughfare (usually including sidewalks) that is lined with buildings
n. the part of a thoroughfare between the sidewalks; the part of the thoroughfare on which vehicles travel
n. the streets of a city viewed as a depressed environment in which there is poverty and crime and prostitution and dereliction
n. a situation offering opportunities","n. 街道, 马路, 街区
a. 街道的",n:100,5,1,zk gk ielts,380,554,street
decision,decision,di'siʒәn,"n. the act of making up your mind about something
n. a position or opinion or judgment reached after consideration
n. (boxing) a victory won on points when no knockout has occurred
n. the outcome of a game or contest","n. 决定, 决心, 决断
[计] 判定",n:100,5,1,zk gk cet4 cet6 ky ielts,381,479,decision
until,until,әn'til,"prep. To; unto; towards; -- used of material objects.
prep. To; up to; till; before; -- used of time; as, he staid
   until evening; he will not come back until the end of the month.
conj. As far as; to the place or degree that; especially, up to
   the time that; till. See Till, conj.","prep. 直到, 在...以前
conj. 直到...时, 在...以前",i:17/c:83,5,1,zk gk,382,270,until
industry,industry,'indәstri,"n. the people or companies engaged in a particular kind of commercial enterprise
n. the organized action of making of goods and services for sale","n. 勤劳, 工业, 企业, 产业, 有组织的劳动
[经] 工业, 实业",n:100,5,1,zk gk cet4 cet6 ky ielts,383,551,industry
patient,patient,'peiʃәnt,"n. a person who requires medical care
a. enduring trying circumstances with even temper or characterized by such endurance","n. 病人, 承受者
a. 忍耐的, 容忍的, 有耐性的, 坚忍的",j:11/n:89,4,1,zk gk cet4 cet6 ky,384,572,patient
mind,mind,maind,"n. that which is responsible for one's thoughts and feelings; the seat of the faculty of reason
n. recall or remembrance
n. attention
n. your intention; what you intend to do","n. 思想, 愿望, 智力, 记忆, 心理, 情绪, 理智, 主意, 心意
vi. 介意, 注意, 留心
vt. 注意, 留意, 专心于, 照看, 介意",v:18/n:82,3,1,zk gk ielts,385,469,mind
sure,sure,ʃuә,"s. physically secure or dependable
s. (of persons) worthy of trust or confidence
s. infallible or unfailing
s. certain not to fail","a. 确信, 必然的, 必定的
adv. 当然, 确实地, 无疑地",r:12/j:88,5,1,zk gk,386,347,sure
class,class,klɑ:s,"n. a collection of things sharing a common attribute
n. a body of students who are taught together
n. people having the same social, economic, or educational status
n. a league ranked by quality","n. 班级, 阶级, 种类, 课
vt. 分类
[计] 类别; 类; 种类; 类程",v:1/n:99,5,1,zk gk ielts,387,431,class
win,win,win,"n. a victory (as in a race or other competition)
v. be the winner in a contest or competition; be victorious","vt. 赢得, 打胜, 成功
vi. 获胜, 达到, 影响
n. 胜利, 赢, 收益",n:8/v:92,5,1,zk gk cet4 cet6 ky,388,361,win
several,several,'sevәrәl,"s. (used with count nouns) of an indefinite number more than 2 or 3 but not many
s. distinct and individual","a. 几个的, 一些的, 各自的
pron. 几个",d:100,5,1,zk gk ielts,389,310,several
clear,clear,kliә,"n. the state of being free of suspicion
v. make a way or path by removing objects
v. remove
v. be debited and credited to the proper bank accounts","a. 清楚的, 明确的, 澄清的
adv. 清晰地
vt. 澄清, 清除障碍
vi. 放晴, 变清澈
n. 空隙
[计] 清除",r:5/j:75/v:20,5,1,zk gk ielts,390,563,clear
understand,understand,.ʌndә'stænd,"v. know and comprehend the nature or meaning of
v. perceive (an idea or situation) mentally
v. make sense of a language
v. believe to be the case","vt. 理解, 了解, 领会, 听说, 懂
vi. 懂得, 认为",v:100,5,1,zk gk toefl,391,320,understand
major,major,'meidʒә,"n. a commissioned military officer in the United States Army or Air Force or Marines; below lieutenant colonel and above captain
n. British statesman who was prime minister from 1990 until 1997 (born in 1943)
n. a university student who is studying a particular field as the principal subject
n. the principal field of study of a student at a university","n. 主修课, 成年人, 陆军少校
a. 主要的, 较多的, 大部分的, 成年的, 严重的
vi. 主修
[计] 主要, 主要刻度",j:92/v:2/n:6,5,1,gk cet4 cet6 ky toefl ielts,392,444,major
church,church,tʃә:tʃ,"n. one of the groups of Christians who have their own beliefs and forms of worship
n. a place for public (especially Christian) worship
n. the body of people who attend or belong to a particular local church
v. perform a special church rite or service for","n. 教堂, 礼拜, 教会
vt. 使人接受宗教仪式
a. 教堂的",n:100,4,1,zk gk cet4 ky ielts,393,648,church
themselves,themselves,ðәm'selvz,"pron. The plural of himself, herself, and itself. See
   Himself, Herself, Itself.","pron. 他们自己, 她们自己, 它们自己",p:100,5,1,zk gk,394,449,themselves
paper,paper,'peipә,"n. a material made of cellulose pulp derived mainly from wood or rags or certain grasses
n. a medium for written communication
n. a scholarly article describing the results of observations or stating hypotheses
v. cover with paper","n. 纸, 文件, 文章, 报纸, 证券, 证件
vt. 用纸糊, 贴壁纸于, 用纸包装
vi. 贴壁纸
a. 纸做的, 纸上的",v:1/n:99,5,1,zk gk ielts,395,519,paper
itself,itself,it'self,"pron. The neuter reciprocal pronoun of It; as, the thing is
   good in itself; it stands by itself.","pron. 它本身, 它自己",p:100,5,1,zk gk,396,556,itself
around,around,ә'raund,"r. by a circular or circuitous route
r. in a circle or circular motion
r. to a particular destination either specified or understood
r. in circumference","prep. 包围, 在...周围, 四处
adv. 兜着圈子, 在附近, 到处",i:53/r:47,5,1,zk gk,397,264,around
describe,describe,di'skraib,v. give a description of,"vt. 描述, 描绘, 画",v:100,5,1,zk gk cet4 cet6 ky,398,568,describe
condition,condition,kәn'diʃәn,"n. a state at a particular time
n. an assumption on which rests the validity or effect of something else
n. a mode of being or form of existence of a person or thing
n. the state of (good) health (especially in the phrases `in condition' or `in shape' or `out of condition' or `out of shape')","n. 情况, 条件
vt. 使健康, 以...为条件, 决定, 使适应
[计] 条件",v:2/n:98,5,1,zk gk cet4 cet6 ky toefl ielts,399,629,condition
develop,develop,di'velәp,"v. make something new, such as a product or a mental or artistic creation
v. gain through experience
v. be gradually disclosed or unfolded; become manifest; 
v. grow, progress, unfold, or evolve through a process of evolution, natural growth, differentiation, or a conducive environment","vt. 发展, 使发达, 进步, 洗印, 显影
vi. 发展, 生长",v:100,5,1,zk gk toefl,400,484,develop
agree,agree,ә'gri:,"v. be in accord; be in agreement
v. consent or assent to a condition, or agree to do something
v. show grammatical agreement
v. be agreeable or suitable","vi. 同意, 赞成, 应允, 适合
vt. 承认, 认定, 同意",v:100,5,1,zk gk,401,514,agree
economic,economic,.i:kә'nɒmik,"a. of or relating to an economy, the system of production and management of material wealth
a. of or relating to the science of economics
s. using the minimum of time or resources necessary for effectiveness
s. concerned with worldly necessities of life (especially money)","a. 经济上的, 实用的, 节省的
[经] 经济的",j:100,5,1,cet4 cet6 ky toefl ielts,402,453,economic
open,open,'әupәn,"n. a clear or unobstructed space or expanse of land or water
n. a tournament in which both professionals and amateurs may play
n. information that has become public
v. cause to open or to become open","n. 公开, 户外, 空旷
a. 开着的, 开放的, 开阔的, 营业着的, 公开的, 悬而未决的
vt. 打开, 公开, 开放
vi. 展开, 开始, 展现
[计] 打开指令; 打开语句",r:4/j:36/v:60,5,1,zk gk,403,355,open
reach,reach,ri:tʃ,"n. the act of physically reaching or thrusting out
v. reach a destination, either real or abstract
v. reach a point in time, or a certain state or level
v. move forward or upward in order to touch; also in a metaphorical sense","n. 伸出, 延伸, 区域, 范围, 流域, 岬
vt. 到达, 达到, 伸出, 延伸, 影响
vi. 达到, 延伸, 伸出手, 传到",n:8/v:92,5,1,zk gk cet4 cet6 ky,404,422,reach
upon,upon,ә'pɒn,"prep. On; -- used in all the senses of that word, with which it
   is interchangeable.","prep. 在...之上, 迫近, 紧接着",i:100,4,1,zk gk cet4 cet6 ky,405,693,upon
century,century,'sentʃuri,n. a period of 100 years,"n. 世纪, 百年",n:100,5,1,zk gk cet4 cet6 ky ielts,407,605,century
therefore,therefore,'ðєәfɒ:,r. (used to introduce a logical conclusion) from that fact or reason or as a result,"adv. 因此, 所以",r:100,4,1,gk cet4 cet6 ky toefl,408,1161,therefore
section,section,'sekʃәn,"n. a self-contained part of a larger composition (written or musical)
n. a very thin slice (of tissue or mineral or other substance) for examination under a microscope
n. a distinct region or subdivision of a territorial or political area or community or group of people
n. one of several parts or pieces that fit with others to constitute a whole object","n. 区段, 部分, 区域, 节, 截面, 处, 科, 区, 扇区
vt. 把...分段, 把...切片
vi. 被切成片
[计] 扇区",v:1/n:99,4,1,gk cet4 cet6 ky toefl ielts,409,818,section
table,table,'teibl,"n. a set of data arranged in rows and columns
n. a piece of furniture having a smooth flat top that is usually supported by one or more vertical legs
n. a piece of furniture with tableware for a meal laid out on it
n. a company of people assembled at a table for a meal or game","n. 桌子, 餐桌, 工作台, 铭文, 表格, 表, 高原, 平地层
vt. 搁置, 嵌合, 制表, 把...列入议事日程
[计] 表格, 模拟运算表",v:1/n:99,4,1,zk gk ielts gre,410,539,table
activity,activity,æk'tiviti,"n. any specific behavior
n. (chemistry) the capacity of a substance to take part in a chemical reaction","n. 活动, 行动, 活跃, 活力
[计] 活动",n:100,4,1,zk gk cet4 ky ielts,412,537,activity
hundred,hundred,'hʌndrәd,"n. ten 10s
s. being ten more than ninety","n. 百, 百个东西
num. 百, 百个
a. 一百的, 许多的",m:100,5,0,zk gk,413,621,hundred
death,death,deθ,"n. the event of dying or departure from life
n. the permanent end of all life functions in an organism or part of an organism
n. the absence of life or state of being dead
n. the time when something ends","n. 死亡
[医] 死亡",n:100,4,1,zk gk cet4 ky,414,417,death
build,build,bild,"v. build or establish something abstract
v. improve the cleansing action of
v. order, supervise, or finance the construction of
v. give form to, according to a plan","v. 建立, 建筑
n. 构造, 体格",n:2/v:98,5,1,zk gk,415,408,build
including,including,,"v have as a part, be made up out of
v consider as part of something
v add as part of something else; put in as part of a set, group, or category
v allow participation in or the right to be part of; permit to exercise the rights, functions, and responsibilities of","prep. 包含, 包括
[经] 包括, 算入",i:100,5,1,,416,393,including
sense,sense,sens,"n. a general conscious awareness
n. the meaning of a word or expression; the way in which a word or expression or situation can be interpreted
n. the faculty through which the external world is apprehended
n. a natural appreciation or ability","n. 感应, 感觉, 感官, 意识, 观念, 情理, 知觉, 理智
vt. 感觉, 觉察, 检测
[计] 阅读; 检测",v:10/n:90,5,1,zk gk cet4 cet6 ky ielts,417,407,sense
among,among,ә'mʌŋ,prep. Alt. of Amongst,prep. 在...之中,i:100,5,1,zk gk,418,279,among
involve,involve,in'vɒlv,"v. connect closely and often incriminatingly
v. engage as a participant
v. contain as a part
v. occupy or engage the interest of","vt. 包括, 使陷于, 潜心于, 包围
[医] 累及, 牵涉, 包含",v:100,4,1,cet4 cet6 ky toefl ielts,419,656,involve
building,building,'bildiŋ,"n. a structure that has a roof and walls and stands more or less permanently in one place
n. the occupants of a building","n. 建筑物, 建筑
[法] 营造, 建筑, 建筑物",n:100,5,1,zk gk ielts,420,501,building
sort,sort,sɒ:t,"n. an approximate definition or example
n. a person of a particular character or nature
n. an operation that segregates items into groups according to a specified criterion","n. 种类, 方式, 品质, 态度, 举止
vt. 分类, 排序, 挑选
vi. 交往, 协调
[计] 排序; DOS外部命令:从标准输入设备接收数据, 整个数据输入完后
对它以行为单位进行排序, 然后在标准输出设备上输出",v:11/n:89,5,1,zk gk cet4 cet6 ky toefl ielts,421,835,sort
likely,likely,'laikli,"a. has a good chance of being the case or of coming about
s. expected to become or be; in prospect
s. within the realm of credibility","a. 有可能的, 合适的, 前途有望的
adv. 或许, 可能",r:16/j:84,5,1,gk cet4 cet6 ky,422,624,likely
staff,staff,stɑ:f,"n. personnel who assist their superior in carrying out an assigned task
n. a strong rod or stick with a specialized utilitarian purpose
n. the body of teachers and administrators at a school
n. building material consisting of plaster and hair; used to cover external surfaces of temporary structure (as at an exposition) or for decoration","n. 全体人员, 工作班子, 棍棒, 杆, 拐杖, 支柱, 权杖
a. 职员的, 雇员的, 参谋的
vt. 为...配备人员",v:8/n:92,5,1,gk cet4 cet6 ky toefl ielts,423,784,staff
spend,spend,spend,"v. pass time in a specific way
v. pay out
v. spend completely","vt. 花费, 浪费, 度过, 消耗, 消磨
vi. 花费, 用尽",v:100,5,1,zk gk,424,342,spend
real,real,'riәl,"n. the basic unit of money in Brazil; equal to 100 centavos
n. an old small silver Spanish coin
a. being or occurring in fact or actuality; having verified existence; not illusory; not ghosts""
a. no less than what is stated; worthy of the name","a. 真的, 真实的, 实际的, 实在的, 不动(产)的, 实数的
n. 实数, 现实
adv. 真正地",r:1/j:99,5,1,zk gk cet4 cet6 ky,425,305,real
black,black,blæk,"n. the quality or state of the achromatic color of least lightness (bearing the least resemblance to white)
n. British chemist who identified carbon dioxide and who formulated the concepts of specific heat and latent heat (1728-1799)
n. popular child actress of the 1930's (born in 1928)
n. a person with dark skin who comes from Africa (or whose ancestors came from Africa)","n. 黑色, 黑颜料
a. 黑色的",j:88/v:2/n:10,5,1,zk gk ielts,426,253,black
team,team,ti:m,"n. a cooperative unit (especially in sports)
n. two or more draft animals that work together to pull something
v. form a team","n. 队, 组
vt. 把马(牛)套在同一辆车上, 把...编成一组
vi. 驾驶卡车, 协作",v:3/n:97,5,1,zk gk cet4 cet6 ky toefl ielts,427,307,team
return,return,ri'tә:n,"n. a coming to or returning home
n. the occurrence of a change in direction back in the opposite direction
n. the act of going back to a prior location
n. the income or profit arising from such transactions as the sale of land or other property","n. 回来, 返回, 来回票, 归还, 报答, 利润率, 报告书
a. 返回的, 回程的, 报答的, 反向的, 重现的, 复原的
vi. 返回, 归还, 回来
vt. 归还, 还, 回报, 产生, 反射, 报告, 申报, 退回
[计] 返回",n:27/j:1/v:72,5,1,zk gk ielts,428,472,return
draw,draw,drɒ:,"n. a gully that is shallower than a ravine
n. the finish of a contest in which the score is tied and the winner is undecided
n. anything (straws or pebbles etc.) taken or chosen at random
n. a playing card or cards dealt or taken from the pack","vi. 拉, 拖, 拔剑
vt. 拖拉, 挨近, 领取, 打成平局, 引导, 抽签决定, 画, 描写, 制订, 草拟, 吸引
n. 拉, 拖, 拔出, 抽签, 平局
[计] 翻牌, 绘图",n:5/v:95,5,1,zk gk toefl,429,592,draw
experience,experience,ik'spiәriәns,"n. the accumulation of knowledge or skill that results from direct participation in events or activities
n. the content of direct observation or participation in an event
n. an event as apprehended
v. go or live through","n. 经历, 经验, 体验
vt. 经历, 经验, 体验",v:26/n:74,5,1,zk gk cet4 cet6 ky ielts,430,420,experience
particular,particular,pә'tikjulә,"n. a fact about some part (as opposed to general)
n. (logic) a proposition that asserts something about some (but not all) members of a class
s. unique or specific to a person or thing or category
s. separate and distinct from others of the same group or category","n. 一项(或条、点), 个别项目, 详细说明
a. 特别的, 独有的, 挑剔的, 详尽的",r:24/j:76,4,1,gk cet4 cet6 ky gre,431,948,particular
student,student,'stju:dnt,n. a learner who is enrolled in an educational institution,"n. 学生, 研究者, 学者",n:100,5,1,zk gk ielts,432,157,student
town,town,taun,"n. an urban area with a fixed boundary that is smaller than a city
n. the people living in a municipality smaller than a city
n. United States architect who was noted for his design and construction of truss bridges (1784-1844)","n. 城镇, 市, 镇
[法] 城镇, 城市, 闹市",n:100,5,1,zk gk ielts,433,488,town
Mrs,mrs,'misiz,n. a form of address for a married woman,太太,,5,1,,434,932,mrs
international,international,.intә'næʃәnәl,"n. any of several international socialist organizations
a. concerning or belonging to all or at least two or more nations","a. 国际的
n. 国别设定
[计] 国别设定",j:99/n:1,5,1,zk gk cet4 cet6 ky ielts,435,500,international
language,language,'læŋgwidʒ,"n. a systematic means of communicating by the use of sounds or conventional symbols
n. the mental faculty or power of vocal communication","n. 语言, 文字, 措辞
[计] 语言",n:100,4,1,zk gk ielts,436,722,language
either,either,'i:ðә,r. after a negative statement used as an intensive meaning something like `likewise' or `also',"a. (两者之中)任一的, (两者之中)各一的
pron. (两者之中)任一
conj. 或, 要么",r:80/d:20,5,1,zk gk,437,558,either
special,special,'speʃәl,"n. a special offering (usually temporary and at a reduced price) that is featured in advertising
n. a dish or meal given prominence in e.g. a restaurant
n. a television production that features a particular person or work or topic
s. for a special service or occasion","n. 专辑, 专车, 号外, 特别的东西, 负有特别任务的人员
a. 特别的, 专门的, 特殊的, 额外的, 附加的, 特别亲密的",j:98/n:2,5,1,zk gk cet4 cet6 ky ielts,438,520,special
difficult,difficult,'difikәlt,a. not easy; requiring great physical or mental effort to accomplish or comprehend or endure,a. 困难的,j:100,5,1,zk gk ielts,439,608,difficult
certain,certain,'sә:tәn,"s. definite but not specified or identified
a. having or feeling no doubt or uncertainty; confident and assured
a. established beyond doubt or question; definitely known
a. certain to occur; destined or inevitable","a. 确定的, 某一个的, 必然的
[法] 确凿的, 无疑的, 可靠的",r:2/j:98,3,1,zk gk cet4 ky,440,577,certain
particularly,particularly,pә'tikjjlәli,"r. to a distinctly greater extent or degree than is common
r. specifically or especially distinguished from others","adv. 特别, 格外, 尤其, 详细地, 细致地",r:100,4,1,cet4 cet6,441,781,particularly
plan,plan,plæn,"n. a series of steps to be carried out or goals to be accomplished
n. scale drawing of a structure
v. have the will and intention to carry out some action
v. make plans for something","n. 计划, 方案, 策略, 方法, 进度表, 程序表, 平面图, 设计图, 轮廓, 示意图
vt. 计划, 设计, 意欲
vi. 订计划",v:37/n:63,5,1,zk gk ielts,442,413,plan
die,die,dai,"n. a small cube with 1 to 6 spots on the six faces; used in gambling to generate random numbers
n. a device used for shaping metal
n. a cutting tool that is fitted into a diestock and used for cutting male (external) screw threads on screws or bolts or pipes or rods
v. pass from physical life and lose all bodily attributes and functions necessary to sustain life","vi. 死亡, 消逝, 平息, 熄灭, 漠然, 渴望
vt. 死
n. 骰子, 冲模",v:100,5,1,zk gk gre,443,403,die
hope,hope,hәup,"n. a specific instance of feeling hopeful
n. the general feeling that some desire will be fulfilled
n. someone (or something) on which expectations are centered
n. United States comedian (born in England) who appeared in films with Bing Crosby (1903-2003)","n. 希望, 信心, 期待
v. 希望, 期望, 信赖",n:29/v:71,5,1,zk gk,444,482,hope
morning,morning,'mɒ:niŋ,n. the time period between dawn and noon,"n. 早晨, 早上, 初期",n:100,5,1,zk gk,445,357,morning
management,management,'mænidʒmәnt,"n. the act of managing something
n. those in charge of running a business","n. 经营, 支配, 管理
[化] 管理处",n:100,4,1,cet4 cet6 ky ielts,446,906,management
department,department,di'pɑ:tmәnt,"n. a specialized division of a large organization
n. the territorial and administrative division of some countries (such as France)
n. a specialized sphere of knowledge","n. 部门, 系, 机关
[医] 部, 科",n:100,5,1,gk cet4 cet6 ky ielts,447,1198,department
across,across,ә'krɒs,"r. to the opposite side
r. transversely","prep. 越过, 穿过, 与...相交叉, 在...的对面
adv. 交叉, 到另一边, 在对面, 成十字",i:91/r:9,5,1,zk gk,448,377,across
create,create,kri:'eit,"v. bring into existence
v. pursue a creative activity; be engaged in a creative activity
v. invest with a new title, office, or rank
v. create by artistic means","vt. 创造, 建造, 引起, 任命",v:100,5,1,zk gk cet4 cet6 ky ielts,449,332,create
committee,committee,kә'miti,"n. a special group delegated to consider some matter
n. a self-constituted organization to promote something","n. 委员会
[经] 委员会",n:100,5,1,gk cet4 cet6 ky toefl ielts,450,1428,committee
product,product,'prɒdʌkt,"n. an artifact that has been created by someone or some process
n. a quantity obtained by multiplication
n. a chemical substance formed as a result of a chemical reaction
n. a consequence of someone's efforts or of a particular set of circumstances","n. 产品, 结果, 乘积
[化] 生产物",n:100,5,1,gk cet4 cet6 ky ielts,451,569,product
whole,whole,hәul,"n. all of something including all its component elements or parts
n. an assemblage of parts that is regarded as a single entity
a. including all components without exception; being one unit or constituting the full amount or extent or duration; complete
a. (of siblings) having the same parents","n. 全部, 全体, 整体, 完全之体系
a. 所有的, 完整的, 完全的, 纯粹的",j:84/n:16,5,1,zk gk cet4 cet6 ky,452,467,whole
practice,practice,'præktis,"n. a customary way of operation or behavior
n. translating an idea into action
n. the exercise of a profession
n. knowledge of how something is usually done","n. 实践, 练习, 实行, 惯例, 习惯, 开业
v. 实践, 实行, 练习, 实习, 业务",v:13/n:87,4,1,zk gk ielts,453,564,practice
letter,letter,'letә,"n. a written message addressed to a person or organization
n. the conventional characters of the alphabet used to represent speech
n. owner who lets another person use something (housing usually) for hire
n. a strictly literal interpretation (as distinct from the intention)","n. 信, 字母, 证书, 字面意义, 铅字, 学问, 出租人
vt. 写字母于, 在...上刻字母, 用字母标明
vi. 写印刷体字
[计] 字母",v:1/n:99,5,1,zk gk ielts,454,628,letter
ground,ground,graund,"n. a position to be won or defended in battle (or as if in battle)
n. a relatively homogeneous percept extending back of the figure on which attention is focused
n. a connection between an electrical device and a large conducting body, such as the earth (which is taken to be at zero voltage)
n. (art) the surface (as a wall or canvas) prepared to take the paint for a painting","n. 土地, 战场, 场地, 地面, 范围
a. 土地的, 地面上的
vt. 放在地上, 使搁浅, 打基础, 给...以训练
vi. 搁浅, 落地, 根据, 基于
a. 磨过的
grind的过去式和过去分词",v:4/j:4/n:92,5,1,zk gk ielts,455,522,ground
evidence,evidence,'evidәns,"n. your basis for belief or disbelief; knowledge on which to base belief
n. an indication that makes something evident
n. (law) all the means by which any alleged matter of fact whose truth is investigated at judicial trial is established or disproved","n. 根据, 证据, 迹象
[经] 证据, 凭证",v:3/n:97,4,1,gk cet4 cet6 ky toefl ielts,456,606,evidence
meeting,meeting,'mi:tiŋ,"n. a formally arranged gathering
n. a small informal social gathering
n. a casual or unexpected convergence
n. the social act of assembling for some common purpose","n. 会议, 会面
[法] 会议, 会谈, 集会",n:100,5,1,zk gk ielts,457,772,meeting
walk,walk,wɒ:k,"n. the act of traveling by foot
n. manner of walking
n. the act of walking somewhere
n. a path set aside for walking","n. 走, 散步, 步行, 行走的路程, 竞走, 散步场所
vi. 走路, 步行, 处世
vt. 走过, 遛, 使走, 护送...走",n:13/v:87,5,1,zk gk,458,358,walk
foot,foot,fut,"n. the part of the leg of a human being below the ankle joint
n. a linear unit of length equal to 12 inches or a third of a yard
n. the lower part of anything
n. any of various organs of locomotion or attachment in invertebrates","n. 脚, 步调, 英尺, 底部, 末尾, 步兵
vt. 走在...上, 给...换底, 支付
vi. 跳舞, 步行, 总计",v:1/n:99,5,1,zk gk ielts,459,380,foot
rather,rather,'ræðә,"r. on the contrary; rather (or instead), he wrote her a letter""
r. to some (great or small) extent","adv. 宁可, 稍微, 相当",i:41/c:15/r:44,5,1,zk gk cet4 cet6 ky,460,860,rather
sell,sell,sel,"n. the activity of persuading someone to buy
v. exchange or deliver for money or its equivalent
v. be sold at a certain price or in a certain way
v. persuade somebody to accept something","vt. 卖, 背叛, 销售, 出卖
vi. 卖, 销售
n. 卖, 推销术, 失望",n:1/v:99,5,1,zk gk,461,443,sell
boy,boy,bɒi,"n. a friendly informal reference to a grown man
n. (ethnic slur) offensive and disparaging term for Black man","n. 男孩
[法] 男孩, 少年, 儿子",n:100,5,1,zk gk,462,382,boy
wait,wait,weit,"n. the act of waiting (remaining inactive in one place while expecting something)
v. stay in one place and anticipate or expect something
v. wait before acting
v. serve as a waiter or waitress in a restaurant","n. 等待, 等候
vt. 等候, 期待, 延缓, 伺候, 推迟
vi. 等, 等候, 耽搁, 伺候用餐
[计] 等待",n:4/v:96,5,1,zk gk,463,400,wait
game,game,geim,"n. a contest with rules to determine a winner
n. a single play of a sport or other contest
n. an amusement or pastime
n. animal hunted for food or sport","n. 比赛, 玩耍, 比分, 得胜, 比赛规则, 策略, 游戏, 野味
vi. 赌博
a. 勇敢的, 有胆量的, 关于野味的, 跛的
[计] 博弈; 对策",v:1/n:99,5,1,zk gk,464,273,game
third,third,θә:d,"n. following the second position in an ordering or series
n. the musical interval between one note and another three notes away from it
s. coming next after the second and just before the fourth in position
r. in the third place","num. 第三, 三分之一
[机] 第三; 第三的",m:100,4,0,zk gk ielts,465,584,third
food,food,fu:d,"n. any substance that can be metabolized by an animal to give energy and build tissue
n. any solid substance (as opposed to liquid) that is used as a source of nourishment
n. anything that provides mental stimulus for thinking","n. 食物, 养料
[医] 食物, 食品",n:100,5,1,zk gk ielts,466,366,food
union,union,'ju:njәn,"n. an organization of employees formed to bargain with the employer
n. the United States (especially the northern states during the American Civil War)
n. the state of being joined or united or linked
n. healing process involving the growing together of the edges of a wound or the growing together of broken bones","n. 联盟, 联合, 结合, 工会
[化] 联合; 联管节; 活接头",n:100,5,1,gk cet4 cet6 ky toefl ielts,467,1658,union
role,role,rәul,n. normal or customary activity of a person in a particular social setting,"n. 角色, 职责, 任务
[医] 作用, 功用",n:100,5,1,zk gk cet4 cet6 ky toefl ielts,468,451,role
ten,ten,ten,"n. the cardinal number that is the sum of nine and one; the base of the decimal system
s. being one more than nine","num. 十, 十个",m:100,5,0,zk gk,469,838,ten
half,half,hɑ:f,"n. one of two divisions into which some games or performances are divided: the two divisions are separated by an interval
s. consisting of one of two equivalent parts in value or quantity
s. partial
a. (of siblings) related through one parent only","n. 一半, 半场, 不完全
a. 一半的, 不完全的, 部分的, 半场的
adv. 一半地, 部分地, 在某种程度上地, 几乎",r:5/d:73/n:22,5,1,zk gk,470,547,half
else,else,els,"a. & pron. Other; one or something beside; as, Who else is
   coming? What else shall I give? Do you expect anything else?
adv. & conj. Besides; except that mentioned; in addition; as,
   nowhere else; no one else.
adv. & conj. Otherwise; in the other, or the contrary, case; if
   the facts were different.","a. 别的, 其他的
adv. 另外, 否则, 不然",r:100,5,1,zk gk,471,440,else
land,land,lænd,"n. the land on which real estate is located
n. material in the top layer of the surface of the earth in which plants can grow (especially with reference to its quality or use)
n. the solid part of the earth's surface
n. United States inventor who incorporated Polaroid film into lenses and invented the one step photographic process (1909-1991)","n. 陆地, 地面, 地界, 地产, 国土, 土地
vi. 登陆, 登岸, 到达
vt. 使上岸, 使登陆, 使到达
[计] 连接盘; 焊盘",v:20/n:80,5,1,zk gk toefl ielts,472,566,land
event,event,i'vent,"n. something that happens at a given place and time
n. a special set of circumstances
n. a phenomenon located at a single point in space-time; the fundamental observational entity in relativity theory","n. 事件, 结果, 事情的进程, 竞赛项目
[计] 事件",n:100,5,1,gk cet4 ky ielts,473,525,event
shall,shall,ʃæl,"v. i. & auxiliary. To owe; to be under obligation for.
v. i. & auxiliary. To be obliged; must.
v. i. & auxiliary. As an auxiliary, shall indicates a duty or
   necessity whose obligation is derived from the person speaking; as, you
   shall go; he shall go; that is, I order or promise your going. It thus
   ordinarily expresses, in the second and third persons, a command, a
   threat, or a promise. If the auxillary be emphasized, the command is
   made more imperative, the promise or that more positive and sure. It is
   also employed in the language of prophecy; as, ""the day shall come when
   . . . , "" since a promise or threat and an authoritative prophecy
   nearly coincide in significance. In shall with the first person, the
   necessity of the action is sometimes implied as residing elsewhere than
   in the speaker; as, I shall suffer; we shall see; and there is always a
   less distinct and positive assertion of his volition than is indicated
   by will. ""I shall go"" implies nearly a simple futurity; more exactly, a
   foretelling or an expectation of my going, in which, naturally enough,
   a certain degree of plan or intention may be included; emphasize the
   shall, and the event is described as certain to occur, and the
   expression approximates in meaning to our emphatic ""I will go."" In a
   question, the relation of speaker and source of obligation is of course
   transferred to the person addressed; as, ""Shall you go?"" (answer, ""I
   shall go""); ""Shall he go?"" i. e., ""Do you require or promise his
   going?"" (answer, ""He shall go"".) The same relation is transferred to
   either second or third person in such phrases as ""You say, or think,
   you shall go;"" ""He says, or thinks, he shall go."" After a conditional
   conjunction (as if, whether) shall is used in all persons to express
   futurity simply; as, if I, you, or he shall say they are right. Should
   is everywhere used in the same connection and the same senses as shall,
   as its imperfect. It also expresses duty or moral obligation; as, he
   should do it whether he will or not. In the early English, and hence in
   our English Bible, shall is the auxiliary mainly used, in all the
   persons, to express simple futurity. (Cf. Will, v. t.) Shall may be
   used elliptically; thus, with an adverb or other word expressive of
   motion go may be omitted.",aux. 将,v:100,4,1,zk gk,474,2197,shall
white,white,hwait,"n. a member of the Caucasoid race
n. the quality or state of the achromatic color of greatest lightness (bearing the least resemblance to black)
n. United States jurist appointed chief justice of the United States Supreme Court in 1910 by President Taft; noted for his work on antitrust legislation (1845-1921)
n. Australian writer (1912-1990)","n. 白色, 洁白, 眼白, 白种人, 蛋白
a. 白色的, 纯洁的, 白种的, 苍白的, 空白的, 幸运的",j:91/n:9,5,1,zk gk,475,301,white
cause,cause,kɒ:z,"n. events that provide the generative force that is the origin of something
n. a justification for something existing or happening
v. give rise to; cause to happen or occur, not always intentionally","n. 原因, 目标
vt. 引起, 使产生, 使遭受",n:38/v:62,5,1,zk gk cet4 cet6 ky toefl ielts,476,601,cause
art,art,ɑ:t,"n. the products of human creativity; works of art collectively
n. the creation of beautiful or significant things
n. a superior skill that you can learn by study and practice and observation","n. 艺术, 人文科学, 技术, 巧妙, 诡计, 美术
[计] 实际保持时间, 特许权和资源表, 平均检索时间, 平均运行时间",n:100,5,1,zk gk cet4 ky ielts,477,346,art
sometimes,sometimes,'sʌmtaimz,"r. on certain occasions or in certain cases but not always; at other times for six months""","adv. 有时, 时常, 往往",r:100,4,1,zk gk,478,445,sometimes
thus,thus,ðʌs,r. in the way indicated; (`thusly' is a nonstandard variant),"adv. 如此, 因此, 到如此程度
[医] 乳香",r:100,4,1,gk cet4 cet6 ky,479,744,thus
pass,pass,pæs,"n. (military) a written leave of absence
n. (American football) a play that involves one player throwing the ball to a teammate
n. the location in a range of mountains of a geological formation that is lower than the surrounding peaks
n. any authorization to pass or go somewhere","n. 经过, 要隘, 途径, 通行, 护照, 及格
vt. 经过, 越过, 通过, 批准, 度过, 传递, 忽略
vi. 经过, 变化, 流通, 及格, 宣判, 终止, 消逝, 被忽略, 不叫牌, 传递
[计] 遍",n:16/v:84,5,1,zk gk ielts,480,441,pass
support,support,sә'pɒ:t,"n. the activity of providing for or maintaining by supplying with money or necessities
n. aiding the cause or policy or interests of
n. something providing immaterial assistance to a person or cause or interest
n. a military operation (often involving new supplies of men and materiel) to strengthen a military force or aid in the performance of its mission","n. 支持, 支撑, 援助, 供养, 支撑物
vt. 支援, 支撑, 帮助, 支持, 忍受, 供养, 证实
[计] 后援; 支持",n:48/v:52,5,1,gk cet4 cet6 ky ielts,481,524,support
stage,stage,steidʒ,"n. a large platform on which people can stand and can be seen by an audience
n. the theater as a profession (usually `the stage')
n. a section or portion of a journey or course
n. any scene regarded as a setting for exhibiting or doing something","n. 阶段, 舞台, 场所, 戏剧, 站, 驿站, 级, 层, 脚手架
vt. 上演, 表演, 筹划
vi. 适于上演, 乘驿车旅行",v:8/n:92,5,1,gk cet4 cet6 ky ielts,482,829,stage
lie,lie,lai,"n. a statement that deviates from or perverts the truth
n. Norwegian diplomat who was the first Secretary General of the United Nations (1896-1968)
n. position or manner in which something is situated
v. be located or situated somewhere; occupy a certain position","n. 谎言, 假象, 位置
vi. 躺着, 说谎, 位于, 展现, 存在, 停泊
vt. 谎骗",n:18/v:82,3,1,zk gk,483,751,lie
range,range,'reindʒ,"n. the limits within which something can be effective
n. a large tract of grassy open land on which livestock can graze
n. a series of hills or mountains
n. a place for shooting (firing or driving) projectiles of various kinds","n. 排, 行, 山脉, 范围, 行列, 射程
vt. 排列, 归类于, 使并列, 放牧
vi. 平行, 延伸, 漫游
[计] 量程; 范围; 域; 距离",v:33/n:67,4,1,gk cet4 cet6 ky toefl ielts,484,972,range
trade,trade,treid,"n. the commercial exchange (buying and selling on domestic or international markets) of goods and services
n. the skilled practice of a practical occupation
n. the business given to a commercial establishment by its customers
v. engage in the trade of","n. 贸易, 商业, 交易, 生意, 职业, 顾客, 信风
vi. 进行交易, 做买卖, 经商, 对换, 购物
vt. 用...进行交换",v:23/n:77,5,1,zk gk cet4 cet6 ky ielts,485,800,trade
voice,voice,vɒis,"n. the distinctive quality or pitch or condition of a person's speech
n. the sound made by the vibration of vocal folds modified by the resonance of the vocal tract
n. a sound suggestive of a vocal utterance
n. a means or agency by which something is expressed or communicated","n. 声音, 嗓音, 嗓子, 愿望, 发言权, 表达, 喉舌, 语态
vt. 表达, 吐露, 调音",v:5/n:95,4,1,zk gk cet4 cet6 ky,487,465,voice
accept,accept,әk'sept,"v. consider or hold as true
v. receive willingly something given or offered
v. give an affirmative reply to; respond favorably to
v. react favorably to; consider right and proper","vt. 接受, 承认, 同意, 相信, 赞成, 承担, 承兑, 采纳, 接纳, 容忍
vi. 同意",v:100,5,1,zk gk cet4 ky,488,766,accept
behind,behind,bi'haind,"s. having the lower score or lagging position in a contest
r. in or to or toward the rear
r. remaining in a place or condition that has been left or departed from
r. of timepieces","adv. 在后地
prep. 在...背后",i:84/r:15/n:1,5,1,zk gk,489,421,behind
watch,watch,wɒtʃ,"n. a small portable timepiece
n. a period of time (4 or 2 hours) during which some of a ship's crew are on duty
n. a purposeful surveillance to guard or observe
n. the period during which someone (especially a guard) is on duty","n. 观察, 手表, 看守, 守护, 监视, 值班人
vt. 看, 注视, 照顾, 看守, 守护, 监视
vi. 观看, 注视, 守侯",n:11/v:89,3,1,zk gk toefl,490,323,watch
arm,arm,ɑ:m,"n. a human limb; technically the part of the superior limb between the shoulder and the elbow but commonly used to refer to the whole superior limb
n. any projection that is thought to resemble a human arm
n. the part of an armchair or sofa that supports the elbow and forearm of a seated person
v. prepare oneself for a military confrontation","n. 手臂, 袖子, 狭长港湾, 武器
vt. 武装, 装备
vi. 武装起来
[计] ARM 处理器；异步应答方式; 自动货品销路管理",v:6/n:94,5,1,zk gk,491,491,arm
God,god,^ɔd,"n. the supernatural being conceived as the perfect and omnipotent and omniscient originator and ruler of the universe; the object of worship in monotheistic religions
n. a man of such superior qualities that he seems like a deity to other people","n. 上帝, 神像, 偶像
vt. 使神化",n:100,4,1,zk gk cet4 ky,492,2809,god
club,club,klʌb,"n. a formal association of people with similar interests
n. stout stick that is larger at one end
n. a playing card in the minor suit that has one or more black trefoils on it
v. unite with a common purpose","n. 俱乐部, 木棍, 球棒
vt. 用棍棒打, 缴纳
vi. 联合起来
a. 俱乐部的",v:2/n:98,5,1,zk gk cet4 ky ielts,493,1257,club
parent,parent,'perәnt,"n. a father or mother; one who begets or one who gives birth to or nurtures and raises a child; a relative who plays the role of guardian
n. an organism (plant or animal) from which younger ones are obtained","n. 父母, 父母亲, 根源
[法] 父亲, 母亲, 根源",v:1/n:99,5,1,zk gk ielts,494,327,parent
field,field,fi:ld,"n. a piece of land cleared of trees and usually enclosed
n. somewhere (away from a studio or office or library or laboratory) where practical work is done or data is collected
n. the space around a radiating body within which its electromagnetic oscillations can exert force on another similar body not in contact with it
n. a particular kind of commercial enterprise","n. 领域, 田地, 场地, 战场, 场, 域
vt. 使...晒在场上, 使上场
a. 田间的, 野生的, 野外的, 田赛的
[计] 域, 字段",v:3/n:97,4,1,zk gk ielts,495,439,field
history,history,'histәri,"n. the aggregate of past events
n. a record or narrative description of past events
n. the discipline that records and interprets past events involving human beings
n. the continuum of events occurring in succession leading from the past to the present and even into the future","n. 历史, 过去, 经历, 发展过程, 历史学, 过去的事, 历史记录
[计] 历史记录",n:100,5,1,zk gk cet4 cet6 ky ielts,496,350,history
free,free,fri:,"n. people who are free
v. grant freedom to; free from confinement
v. make (information) available for publication
v. free from obligations or duties","a. 自由的, 享受政治权力的, 允许的, 免费的, 丰富的
vt. 释放, 解放, 使自由
adv. 自由地, 免费",j:88/v:12,5,1,zk gk,497,473,free
account,account,ә'kaunt,"n. a formal contractual relationship established to provide for regular banking or brokerage or business services
n. importance or value
n. a statement of recent transactions and the resulting balance
n. the quality of taking advantage","n. 报告, 解释, 估价, 理由, 利润, 算账, 帐目
vi. 报帐, 解释, 导致, 报偿, 占, 杀死
vt. 认为
[计] 帐户, 帐号",v:35/n:65,5,1,gk cet4 ky toefl ielts,498,1071,account
material,material,mә'tiәriәl,"n. the tangible substance that goes into the makeup of a physical object
n. information (data or ideas or observations) that can be used or reworked into a finished form
n. things needed for doing or making something
n. a person judged suitable for admission or employment","n. 材料, 物资, 素材, 布料, 资料
a. 物质的, 肉体的, 重要的",j:2/n:98,4,1,gk cet4 cet6 ky ielts,499,641,material
whose,whose,hu:z,"pron. The possessive case of who or which. See Who, and Which.",pron. 谁的,d:100,5,1,zk gk,501,527,whose
easy,easy,'i:zi,"a. posing no difficulty; requiring little effort
s. not hurried or forced
a. free from worry or anxiety
s. affording pleasure","a. 容易的, 缓缓的, 舒适的, 从容的, 宽容的, 流畅的, 随便的, 自在的, 疲软的
adv. 容易地, 慢慢地",r:14/j:86,5,1,zk gk,502,549,easy
situation,situation,.sitju'eiʃәn,"n. the general state of things; the combination of circumstances at a given time
n. a condition or position in which you find yourself
n. a complex or critical or unusual difficulty","n. 情形, 境遇, 位置
[医] 情境, 处境",n:100,5,1,zk gk cet4 cet6 ky,503,548,situation
ago,ago,ә'gәu,"s. gone by; or in the past
r. in the past",adv. 以前,r:100,5,1,zk gk,504,316,ago
care,care,kєә,"n. the work of providing treatment for or attending to someone or something
n. a cause for feeling concern
n. attention and management implying responsibility for safety
n. activity involved in maintaining something in good working order","n. 小心, 照料, 忧虑
vi. 关心, 介意
vt. 在意, 喜欢",v:33/n:67,5,1,zk gk ielts,505,434,care
strong,strong,strɒŋ,"a. having strength or power greater than average or expected
s. not faint or feeble
s. of verbs not having standard (or regular) inflection
s. freshly made or left","a. 强壮的, 坚固的, 坚强的, 强烈的, 有力的, 优良的
adv. 强劲地, 有力地, 猛烈地",r:1/j:99,5,1,zk gk,506,458,strong
record,record,ri'kɒ:d,"n. anything (such as a document or a phonograph record or a photograph) providing permanent evidence of or information about past events
n. the number of wins versus losses and ties a team has had
n. the sum of recognized accomplishments
n. a compilation of the known facts regarding something or someone","n. 记录, 履历, 档案, 审判记录, 最高纪录, 唱片
vt. 记录, 记载, 标明, 将...录音
vi. 记录, 录音, 可被录音
a. 创纪录的
[计] 录制, 记录",v:21/j:2/n:77,5,1,zk gk cet4 cet6 ky ielts,507,516,record
manager,manager,'mænidʒә,"n someone who controls resources and expenditures
n (sports) someone in charge of training an athlete or a team","n. 经理, 管理员, 管理器
[计] 管理器",n:100,4,1,zk gk ielts,508,877,manager
project,project,'prɒdʒekt,"n. a planned undertaking
v. communicate vividly
v. transfer (ideas or principles) from one domain into another
v. project on a screen","n. 计划, 设计, 事业
vt. 计划, 设计, 投掷, 发射, 使凸出, 放映
vi. 凸出",v:10/n:90,4,1,gk cet4 cet6 ky toefl ielts,509,534,project
raise,raise,reiz,"n. the amount a salary is increased
n. increasing the size of a bet (as in poker)
v. raise the level or amount of something
v. raise from a lower to a higher position","n. 上升, 高地, 增高
vt. 升起, 举起, 唤起, 提高, 使出现, 使复活, 提出, 筹集, 饲养",n:3/v:97,5,1,zk gk toefl,510,433,raise
example,example,ig'zæmpl,"n. an item of information that is typical of a class or group
n. punishment intended as a warning to others","n. 例子, 样本, 实例
[化] 实例",n:100,5,1,zk gk ielts,511,852,example
yesterday,yesterday,'jestәdi,"n. the day immediately before today
n. the recent past
r. on the day preceding today
r. in the recent past; only a short time ago","n. 昨天
adv. 昨天",r:100,5,1,zk gk,513,1505,yesterday
base,base,beis,"n. installation from which a military force initiates operations
n. a place that the runner must touch before scoring
n. the bottom or lowest part
n. (anatomy) the part of an organ nearest its point of attachment","n. 底部, 垒, 基础, 基地
vt. 以...作基础
a. 卑鄙的, 低劣的
[计] 基准",n:35/j:1/v:64,5,1,gk cet4 ky gre,514,536,base
window,window,'windәu,"n. a framework of wood or metal that contains a glass windowpane and is built into a wall or roof to admit light or air
n. a transparent opening in a vehicle that allow vision out of the sides or back; usually is capable of being opened
n. a transparent panel (as of an envelope) inserted in an otherwise opaque material
n. an opening that resembles a window in appearance or function","n. 窗户, 窗子, 窗口
vt. 给...开窗
[计] 窗口",n:100,4,1,zk gk ielts,517,607,window
explain,explain,ik'splein,"v. make plain and comprehensible
v. define","v. 解释, 说明",v:100,4,1,zk gk cet4 cet6 ky,518,480,explain
break,break,breik,"n. an unexpected piece of good luck
n. the occurrence of breaking
n. an abrupt change in the tone or register of the voice (as at puberty or due to emotion)
n. the opening shot that scatters the balls in billiards or pool","n. 休息, 中断, 破裂处, 绝交, 破晓, 突变
vt. 打破, 弄破, 弄坏, 破坏, 违反, 打断, 削弱, 放弃
vi. 破碎, 决裂, 破晓, 突变, 变弱, 暂停
n. 分隔符
[计] 分隔符; 中断; DOS内部命令:设定扫描中断按键的时机",n:34/v:66,5,1,zk gk ielts,519,494,break
learn,learn,lә:n,"v. gain knowledge or skills
v. get to know or become aware of, usually accidentally
v. be a student of a certain subject",vt. 学习；认识到；得知,v:100,5,1,zk gk ielts,520,304,learn
central,central,'sentrәl,"n. a workplace that serves as a telecommunications facility where lines from telephones can be connected together to permit communication
a. in or near a center or constituting a center; the inner area","a. 中央的, 重要的
[医] 中央的, 中心的, 中枢的",j:100,5,1,gk cet4 cet6 ky ielts,521,743,central
apply,apply,ә'plai,"v. be pertinent or relevant or applicable
v. ask (for something)
v. refer (a word or name) to a person or thing
v. apply oneself to","vt. 涂, 应用
vi. 申请, 适用",v:100,4,1,gk cet4 cet6 ky toefl ielts,522,938,apply
increase,increase,in'kri:s,"n. a change resulting in an increase
n. a process of becoming larger or longer or more numerous or more important
n. the amount by which something increases
n. the act of increasing something","n. 增加, 增进, 利益
vt. 增加, 加大
vi. 增加, 繁殖",n:35/v:65,5,1,zk gk cet4 cet6 ky,523,660,increase
grow,grow,grәu,"v. become larger, greater, or bigger; expand or gain
v. increase in size by natural process
v. cause to grow or develop
v. cultivate by growing, often involving improvements by means of agricultural techniques","vt. 种植, 使长满
vi. 生长, 变成, 发展",v:100,5,1,zk gk,524,353,grow
cover,cover,'kʌvә,"n. the act of concealing the existence of something by obstructing the view of it
n. fire that makes it difficult for the enemy to fire on your own individuals or formations
n. a recording of a song that was first recorded or made popular by somebody else
n. a false identity and background (especially one created for an undercover agent)","n. 盖子, 封面, 藉口
vt. 覆盖, 掩饰, 保护, 掩护, 包括
vi. 覆盖",n:25/v:75,5,1,zk gk toefl ielts,525,560,cover
usually,usually,'ju:ʒuәli,r under normal conditions,"adv. 通常, 大抵",r:100,4,1,gk,526,724,usually
air,air,єә,"n. a mixture of gases (especially oxygen) required for breathing; the stuff that the wind consists of
n. the region above the ground
n. a distinctive but intangible quality surrounding a person or thing
n. once thought to be one of four elements composing the universe (Empedocles)","n. 空气, 旋律, 态度
vt. 晾, 使通风, 夸耀",v:3/n:97,5,1,zk gk toefl ielts,527,370,air
difference,difference,'difәrәns,"n. the quality of being unlike or dissimilar
n. a significant change","n. 不同, 差异
[计] 差分",n:100,4,1,zk gk cet4 ky ielts,528,496,difference
light,light,lait,"n. (physics) electromagnetic radiation that can produce a visual sensation
n. any device serving as a source of illumination
n. a particular perspective or aspect of a situation
n. an illuminated area","n. 光, 光亮, 灯, 日光, 发光体, 光源, 杰出人物, 火花, 眼光
a. 轻的, 少量的, 轻微的, 轻快的, 轻浮的, 明亮的, 淡色的, 容易的
vt. 点燃, 照亮
vi. 点着, 变亮, 突降, 偶然碰到
adv. 轻地",i:3/r:3/j:21/v:10/n:63,3,1,zk gk ielts,529,464,light
university,university,.ju:ni'vә:siti,"n. the body of faculty and students at a university
n. establishment where a seat of higher learning is housed, including administrative and living quarters as well as facilities for research and teaching
n. a large and diverse institution of higher learning created to educate for life and for a profession and to grant degrees",n. 大学,n:100,5,1,zk gk cet4 cet6 ky,530,1106,university
wife,wife,waif,n. a married woman; a man's partner in marriage,"n. 妻子, 太太, 夫人
[法] 妻子, 已婚妇女",n:100,5,1,zk gk,531,466,wife
relationship,relationship,ri'leiʃәnʃip,"n. a relation between people; (`relationship' is often used where `relation' would serve, as in `the relationship between inflation and unemployment', but the preferred usage of `relationship' is for human relations or states of relatedness)
n. a state of connectedness between people (especially an emotional connection)
n. a state involving mutual dealings between people or parties or countries","n. 关系, 关联
[医] 关系",n:100,4,1,gk cet4 cet6 ky ielts,532,486,relationship
claim,claim,kleim,"n. an assertion of a right (as to money or property)
n. an assertion that something is true or factual
n. demand for something as rightful or due
n. an informal right to something","n. 要求, 要求权, 断言, 权利
vt. 要求, 认领, 主张
vi. 提出要求, 主张, 断言",n:40/v:60,5,1,cet4 cet6 ky toefl ielts gre,533,874,claim
sir,sir,sә:,"n. term of address for a man
n. a title used before the name of knight or baronet","n. 先生, 阁下",n:100,5,1,zk gk,534,2108,sir
indeed,indeed,in'di:d,"r. in truth (often tends to intensify)
r. (used as an interjection) an expression of surprise or skepticism or irony etc.","adv. 的确, 实在, 真正地, 甚至",r:100,4,1,gk cet4 cet6 ky,535,848,indeed
quality,quality,'kwɒlәti,"n. an essential and distinguishing attribute of something or someone
n. a degree or grade of excellence or worth
n. a characteristic property that defines the apparent individual nature of something
n. high social status","n. 品质, 特性, 才能, 质量
a. 优质的
[计] 品质",n:100,4,1,gk cet4 cet6 ky toefl ielts,536,764,quality
someone,someone,'sʌmwʌn,n a human being,"pron. 有人, 某人",p:100,4,0,zk gk,537,419,someone
everything,everything,'evriθiŋ,"n. Whatever pertains to the subject under consideration;
   all things.","pron. 每件事物, 所有事物",p:100,5,1,zk gk,538,389,everything
rule,rule,ru:l,"n. a principle or condition that customarily governs behavior
n. prescribed guide for conduct or action
n. (linguistics) a rule describing (or prescribing) a linguistic practice
n. the duration of a monarch's or government's power","n. 规则, 统治, 控制, 支配, 规律, 标准, 章程, 破折号, 铅线
vt. 规定, 统治, 管理, 控制, 支配, 裁决
vi. 统治, 管辖, 裁定
[计] 规则, 水线",v:21/n:79,5,1,zk gk cet4 cet6 ky toefl ielts,539,633,rule
certainly,certainly,'sә:tәnli,r definitely or positively (`sure' is sometimes used informally for `surely'),adv. 确定地,r:100,4,1,gk,540,664,certainly
cut,cut,kʌt,"n. a share of the profits
n. (film) an immediate transition from one shot to the next
n. a trench resembling a furrow that was made by erosion or excavation
n. a step on some scale","n. 切口, 割伤, 降低, 切, 割, 砍, 削, 伤口, 削减, 缩短, 删节, 通路
a. 经切割的, 缩减的
vt. 切, 割, 减少, 刺痛, 开辟, 雕刻, 删节, 缩短, 停止, 排斥, 切断, 关, 显出
vi. 切, 割, 砍, 刺痛, 相交, 抄近路, 剪辑
[计] 剪切",n:20/j:2/v:78,5,1,zk gk ielts,541,414,cut
story,story,'stɒ:ri,n. a piece of fiction that narrates a chain of related events,"n. 故事, 小说, 传奇, 描述, 阅历, 经历, 层",n:100,5,1,zk gk ielts,542,233,story
similar,similar,'similә,"a. marked by correspondence or resemblance
s. (of words) expressing closely related meanings","a. 相似的, 类似的
n. 相似的东西",j:100,4,1,zk gk ielts,543,720,similar
worker,worker,'wә:kә,"n. a person who works at a specific occupation
n. sterile member of a colony of social insects that forages for food and cares for the larvae","n. 工人, 劳动者
[经] 工人, 劳工, 劳动者",n:100,5,1,zk gk ielts,544,573,worker
tax,tax,tæks,"n. charge against a citizen's person or property or activity for the support of government
v. levy a tax on
v. set or determine the amount of (a payment such as a fine)
v. use to the limit","n. 税, 税款, 重负, 会费
vt. 课以税, 使负重荷, 斥责",v:6/n:94,5,1,gk cet4 cet6 ky toefl,545,509,tax
pound,pound,paund,"n. 16 ounces avoirdupois
n. a unit of apothecary weight equal to 12 ounces troy
n. a nontechnical unit of force equal to the mass of 1 pound with an acceleration of free fall equal to 32 feet/sec/sec
n. United States writer who lived in Europe; strongly influenced the development of modern literature (1885-1972)","n. 磅, 英镑, 重击, 鱼塘, 拘留所, 兽栏
vt. 强烈打击, 捣烂, 监禁, 关入栏内
vi. 连续重击, 苦干",v:16/n:84,5,1,zk gk cet4 cet6 ky toefl,546,1306,pound
true,true,tru:,"n. proper alignment; the property possessed by something that is in correct or proper alignment
v. make level, square, balanced, or concentric
a. consistent with fact or reality; not false
s. accurately placed or thrown","a. 真实的, 正确的, 忠诚的, 可靠的, 纯粹的, 正式的
n. 真实, 准确
adv. 真实地, 准确地",r:1/j:99,4,1,zk gk,547,492,true
once,once,wʌns,"r. on one occasion
r. as soon as
r. at a previous time;","adv. 一次, 曾经, 一旦
conj. 一旦, 一经
n. 一次
a. 从前的",c:21/r:79,5,1,zk gk ielts,548,300,once
stay,stay,stei,"n. continuing or remaining in a place or state
n. a judicial order forbidding some action until an event occurs or the order is lifted
n. a thin strip of metal or bone that is used to stiffen a garment (e.g. a corset)
n. (nautical) brace consisting of a heavy rope or wire cable used as a support for a mast or spar","n. 停留, 逗留, 制止, 延缓, 停止, 支柱, 支撑物, 支索
vt. 制止, 延缓, 坚持, 支持, 支撑, 用支索固定
vi. 停留, 逗留, 暂停, 坚持, 中止",n:6/v:94,5,1,zk gk,549,409,stay
human,human,'hju:mәn,"a. characteristic of humanity
a. relating to a person
a. having human form or attributes as opposed to those of animals or divine beings","n. 人, 人类
a. 人类的, 似人类的, 人性的, 有同情心的",j:82/n:18,5,1,zk gk cet4 ky toefl ielts,550,399,human
model,model,'mɒdәl,"n. a hypothetical description of a complex entity or process
n. a type of product
n. a person who poses for a photographer or painter or sculptor
n. representation of something (sometimes on a smaller scale)","n. 模型, 模范, 模特儿
a. 模范的, 作模型用的
vi. 做模型, 做模特儿
vt. 使模仿, 塑造
[计] 模型",v:6/j:1/n:93,4,1,zk gk cet4 ky ielts,551,504,model
data,data,'deitә,n. a collection of facts from which conclusions may be drawn,"pl. 资料, 数据
[计] 数据; DOS内部命令:用于显示或设定系统的日期",n:100,4,1,gk cet4 ky ielts,552,559,data
nature,nature,'neitʃә,"n. the essential qualities or characteristics by which something is recognized
n. a causal agent creating and controlling things in the universe
n. the natural physical world including plants and animals and landscapes etc.
n. the complex of emotional and intellectual attributes that determine a person's characteristic actions and reactions","n. 自然, 大自然, 本性, 性格, 性质
[医] 自然, 大自然; 本性, 性能",n:100,4,1,zk gk cet4 cet6 ky ielts,553,696,nature
necessary,necessary,'nesisәri,"a. absolutely essential
s. unavoidably determined by prior circumstances",a. 必要的；必然的；必需的,j:99/n:1,4,1,zk gk,555,982,necessary
officer,officer,'ɒfisә,"n. a person authorized to serve in a position of authority on a vessel
v. direct or command as an officer","n. 军官, 主管, 官员, 公务员
vt. 指挥",n:100,5,1,zk gk cet4 cet6 ky ielts,556,671,officer
structure,structure,'strʌktʃә,"n. a thing constructed; a complex entity constructed of many parts
n. the manner of construction of something and the arrangement of its parts
n. the complex composition of knowledge as elements and their combinations
n. a particular complex anatomical part of a living thing","n. 结构, 构造, 建筑物
vt. 构成, 组织",v:6/n:94,4,1,cet4 cet6 ky,557,950,structure
contain,contain,kәn'tein,"v. be divisible by
v. be capable of holding or containing","vt. 包含, 容纳, 控制
vi. 自制",v:100,4,1,gk cet4 cet6 ky toefl gre,559,931,contain
unit,unit,'ju:nit,"n. an individual or group or structure or other entity regarded as a structural or functional constituent of a whole
n. an organization regarded as part of a larger social group
n. a single undivided whole
n. a single undivided natural thing occurring in the composition of something else","n. 单位, 分队, 部队, 单元, 部件, 装置
a. 单位的, 单元的
[计] 单元常数; 部件",n:100,4,1,zk gk cet4 cet6 ky,560,966,unit
method,method,'meθәd,"n. a way of doing something, especially a systematic way; implies an orderly logical arrangement (usually in steps)","n. 方法, 办法, 条理, 秩序
[医] [方]法",n:100,4,1,zk gk cet4 cet6 ky ielts,561,998,method
hospital,hospital,'hɒspitәl,"n. a health facility where patients receive treatment
n. a medical institution where sick or injured people are given medical or surgical care","n. 医院
[医] 医院",n:100,5,1,zk gk ielts,562,647,hospital
bed,bed,bed,"n. a piece of furniture that provides a place to sleep
n. a plot of ground in which plants are growing
n. a depression forming the ground under a body of water
n. (geology) a stratum of rock (especially sedimentary rock)","n. 床, 睡眠处, 河床, 底座, 路基, 一层
vt. 提供宿处, 栽种, 安装
vi. 睡, 形成坚实的一层",v:1/n:99,4,1,zk gk,563,683,bed
movement,movement,'mu:vmәnt,"n. a natural event that involves a change in the position or location of something
n. a group of people with a common ideology who try together to achieve certain general goals
n. a major self-contained part of a symphony or sonata
n. the driving and regulating parts of a mechanism (as of a watch or clock)","n. 运动, 动作, 运转, 移动, 倾向, 变化, 活动, 乐章
[医] 运动",n:100,4,1,gk cet4 cet6 ky gre,564,707,movement
detail,detail,'di:teil,"n. an isolated fact that is considered separately from the whole
n. a small part that can be considered separately from the whole
n. extended treatment of particulars
n. a crew of workers selected for a particular task","n. 细节, 详情
vt. 详述, 选派
vi. 画详图
[计] 详细数据",v:9/n:91,4,1,cet4 cet6 ky ielts,566,997,detail
reduce,reduce,ri'dju:s,"v. cut down on; make a reduction in
v. make less complex
v. bring to humbler or weaker state or condition
v. simplify the form of a mathematical equation of expression by substituting one term for another","vt. 减少, 分解, 降低, 使衰退, 把...分解, 把...归纳
vi. 减少, 减肥, 缩小
[计] 缩小",v:100,4,1,gk cet4 cet6 ky toefl,567,701,reduce
simply,simply,'simpli,r. absolutely; altogether; really,"adv. 简单地, 只是, 简直, 简朴地, 坦白地",r:100,4,1,gk,568,583,simply
single,single,'siŋgl,"n. a base hit on which the batter stops safely at first base
v. hit a single
a. used of flowers having usually only one row or whorl of petals
a. existing alone or consisting of one entity or part or aspect or individual","a. 单身的, 单程的, 单一的, 个别的, 孤独的, 专一的
n. 一个, 单打, 单程票
vt. 选出
vi. 击出一垒打
[计] 单精度型",j:90/v:5/n:5,5,1,zk gk ielts,569,632,single
especially,especially,i'speʃәli,"r to a distinctly greater extent or degree than is common
r in a special manner","adv. 尤其, 特别, 格外",r:100,4,1,zk gk cet4 cet6 ky,570,515,especially
date,date,deit,"n. the specified day of the month
n. a participant in a date
n. a meeting arranged in advance
n. a particular but unspecified point in time","n. 日期, 约会, 枣椰树
vt. 约会, 定日期
vi. 注明日期, 过时",v:30/n:70,4,1,zk gk toefl ielts,571,1201,date
hard,hard,hɑ:d,"a. dispassionate; 
a. resisting weight or pressure
s. very strong or vigorous
a. (of light) transmitted directly from a pointed light source","a. 坚硬的, 硬的, 难的, 艰苦的, 困难的, 坚固的, 猛烈的, 艰难的, 结实的, 确实的
adv. 坚硬地, 努力地, 辛苦地, 接近地, 猛烈地, 牢固地",r:37/j:63,5,1,zk gk ielts,573,438,hard
personal,personal,'pә:snl,"n. a short newspaper article about a particular person or group
a. concerning or affecting a particular person or his or her private life and personality
s. particular to a given individual
a. of or arising from personality","a. 私人的, 涉及隐私的, 有人性的, 人称的, 亲自的, 身体的
[医] 人的; 个人的, 自身的",j:99/n:1,4,1,zk gk cet4 cet6 ky ielts,574,580,personal
seven,seven,'sevn,"n. the cardinal number that is the sum of six and one
s. being one more than six","num. 七, 七个",m:100,5,0,zk gk,575,734,seven
establish,establish,i'stæbliʃ,"v. set up or found
v. set up or lay the groundwork for
v. bring about
v. use as a basis for; found on","vt. 建立, 确立, 制定
vi. 移植生长",v:100,4,1,cet4 cet6 ky ielts,576,896,establish
wall,wall,wɒ:l,"n. an architectural partition with a height and length greater than its thickness; used to divide or enclose an area or to support another structure
n. anything that suggests a wall in structure or function or effect
n. (anatomy) a layer (a lining or membrane) that encloses a structure
n. a difficult or awkward situation","n. 墙, 墙壁, 垣, 内壁, 分界物, 屏障
a. 墙的
vt. 给...建墙, 禁闭, 用墙围住
[计] 背景墙",v:1/n:99,5,1,zk gk ielts,577,571,wall
join,join,dʒɒin,"v. become part of; become a member of a group or organization
v. cause to become joined or linked
v. come into the company of
v. make contact or come together","vi. 参加, 结合, 加入
vt. 连接, 结合, 参加, 加入
n. 连接, 结合, 接合点
[计] 连接; 汇合指令",n:1/v:99,5,1,zk gk toefl,578,505,join
eight,eight,eit,"n. the cardinal number that is the sum of seven and one
s. being one more than seven","num. 八, 八个",m:100,5,0,zk gk,579,739,eight
computer,computer,kәm'pju:tә,n. a machine for performing calculations automatically,"n. 电脑, 电子计算机
[计] 计算机",n:100,4,1,zk gk ielts,580,589,computer
private,private,'praivit,"n. an enlisted man of the lowest rank in the Army or Marines
a. confined to particular persons or groups or providing privacy
s. concerning things deeply private and personal","a. 私人的, 秘密的, 私立的, 隐蔽的
n. 士兵, 隐士, 阴部
[计] 私人的",r:3/j:95/n:2,4,1,zk gk cet4 cet6 ky toefl ielts,581,672,private
herself,herself,hә:'self,"pron. An emphasized form of the third person feminine
   pronoun; -- used as a subject with she; as, she herself will bear the
   blame; also used alone in the predicate, either in the nominative or
   objective case; as, it is herself; she blames herself.
pron. Her own proper, true, or real character; hence, her
   right, or sane, mind; as, the woman was deranged, but she is now
   herself again; she has come to herself.","pron. 她自己, 她亲自",p:100,5,1,zk gk,582,792,herself
approach,approach,ә'prәutʃ,"n. ideas or actions intended to deal with a problem or situation
n. the act of drawing spatially closer to something
n. the event of one object coming closer to another
n. the temporal property of becoming nearer in time","n. 接近, 入门
vt. 接近, 近似, 找...商量
vi. 靠近",v:34/n:66,4,1,gk cet4 cet6 ky toefl ielts gre,583,750,approach
amount,amount,ә'maunt,"n. the relative magnitude of something with reference to a criterion
v. be tantamount or equivalent to","n. 总数, 总额
vi. 总计, 等同",v:8/n:92,4,1,gk cet4 ky toefl ielts,584,782,amount
bit,bit,bit,"n. a small fragment of something broken off from the whole
n. piece of metal held in horse's mouth by reins and used to control the horse while riding
n. a unit of measurement of information (from binary + digit); the amount of information in a system having two equiprobable states
n. the part of a key that enters a lock and lifts the tumblers","n. 少量, 马嚼子, 辅币
vt. 给马上嚼子, 控制
bite的过去式和过去分词
[计] 比特, 二进制数位, 机内测试",r:44/n:56,5,1,zk gk gre,585,952,bit
wish,wish,wiʃ,"n. a specific feeling of desire
n. an expression of some desire or inclination
n. the particular preference that you have
v. hope for; have a wish","n. 希望, 愿望, 祝愿, 命令, 请求
vt. 愿, 想要, 希望, 祝愿
vi. 希望",n:18/v:82,4,1,zk gk,586,1055,wish
scheme,scheme,ski:m,"n. an elaborate and systematic plan of action
v. form intrigues (for) in an underhand manner
v. devise a system or form a scheme for","n. 方案, 计划, 组合, 系统, 图解, 诡计, 阴谋
v. 计划, 设计, 图谋, 策划
[计] Scheme 程序设计语言",v:5/n:95,4,1,cet4 cet6 ky toefl ielts gre,587,3007,scheme
former,former,'fɒ:mә,"n. the first of two or the first mentioned of two
a. referring to the first of two things or persons mentioned (or the earlier one or ones of several); I prefer the former version to the latter one""
s. (used especially of persons) of the immediate past","a. 从前的, 前者的
n. 起形成作用的人(或物), 模型, 样板",d:99/n:1,5,1,gk cet4 ky toefl ielts,588,442,former
president,president,'prezidәnt,"n. an executive officer of a firm or corporation
n. the chief executive of a republic
n. the officer who presides at the meetings of an organization
n. the head administrative officer of a college or university","n. 总统, 总裁, 董事长, (学院)院长, (大学)校长, 主管人, 主持人
[经] 总经理, 董事长, 总裁",n:100,5,1,zk gk cet4 cet6 ky,589,303,president
award,award,ә'wɒ:d,"n. a grant made by a law court
n. a tangible symbol signifying approval or distinction
v. give, especially as an honor or reward
v. give as judged due or on the basis of merit","n. 奖品, 裁定, 判决
vt. 授予, 给予",v:38/n:62,4,1,gk cet4 cet6 ky ielts,590,2573,award
seek,seek,si:k,"n. the movement of a read/write head to a specific data track on a disk
v. try to get or reach
v. go to or towards
v. inquire for","vt. 寻求, 寻找, 探索, 追求, 搜索, 请求
vi. 寻找, 搜索
[计] 查找",v:100,5,1,gk cet4 cet6 ky,591,668,seek
achieve,achieve,ә'tʃi:v,v. to gain with effort,"vt. 完成, 达到
vi. 如愿以偿",v:100,4,1,zk gk cet4 cet6 ky toefl ielts,592,1152,achieve
chapter,chapter,'tʃæptә,"n. a subdivision of a written work; usually numbered and titled
n. any distinct period in history or in a person's life
n. a local branch of some fraternity or association
n. an ecclesiastical assembly of the monks in a monastery or even of the canons of a church","n. 章, 篇, 重要章节
[计] 章; 段",n:100,4,1,gk cet4 cet6 ky ielts,593,2976,chapter
choose,choose,tʃu:z,"v. pick out, select, or choose from a number of alternatives
v. select as an alternative over another
v. see fit or proper to act in a certain way; decide to act in a certain way","vt. 选择, 宁愿, 欲
vi. 作出选择, 愿意
[计] 选取",v:100,4,1,zk gk cet4 ky toefl,594,600,choose
deal,deal,di:l,"n. a particular instance of buying or selling
n. a plank of softwood (fir or pine board)
n. the type of treatment received (especially as the result of an agreement)
n. the act of distributing playing cards","n. 交易, 协定, 数量, 买卖, 松木板
vi. 处理, 应付, 做生意
vt. 分配, 发牌, 给予
[计] 发牌",n:47/v:53,3,1,zk gk cet4 cet6 ky toefl,595,674,deal
theory,theory,'θiәri,"n. a well-substantiated explanation of some aspect of the natural world; an organized system of accepted knowledge that applies in a variety of circumstances to explain a specific set of phenomena
n. a belief that can guide behavior","n. 理论, 学说, 原理, 意见, 推测
[化] 理论",n:100,4,1,gk cet4 cet6 ky ielts,596,918,theory
property,property,'prɒpәti,"n. something owned; any tangible or intangible possession that is owned by someone; 
n. a basic or essential attribute shared by all members of a class
n. a construct whereby objects or individuals can be distinguished
n. any movable articles or objects used on the set of a play or movie","n. 财产, 所有权, 性质, 属性
[计] 属性",n:100,4,1,cet4 cet6 ky toefl ielts,597,993,property
poor,poor,puә. pɒ:,"a. having little money or few possessions
a. characterized by or indicating poverty
a. lacking in specific resources, qualities or substances
s. unsatisfactory","a. 贫穷的, 贫乏的, 不幸的, 可怜的, 拙劣的, 卑鄙的
[经] 低劣的, 不良的",j:100,4,1,zk gk,598,713,poor
son,son,sʌn,"n. a male human offspring
n. the divine word of God; the second person in the Trinity (incarnate in Jesus)","n. 儿子, 女婿, 子孙
[法] 儿子, 女婿, 养子",n:100,5,1,zk gk,599,481,son
wide,wide,waid,"a. having great (or a certain) extent from one side to the other
a. great in degree
s. having ample fabric
s. not on target","a. 宽的, 广阔的, 普遍的, 宽阔的, 广泛的, 一般的
adv. 广阔地, 遍及各处地, 广泛地
n. 大千世界",r:7/j:92/n:1,5,1,zk gk ielts,600,940,wide
south,south,sauθ,"n. the region of the United States lying to the south of the Mason-Dixon line
n. the cardinal compass point that is at 180 degrees
n. a location in the southern part of a country, region, or city
n. the direction corresponding to the southward cardinal compass point","n. 南方, 南
a. 南的, 向南的
adv. 在南方
vi. 转向南方",n:100,4,1,zk gk,601,636,south
financial,financial,fai'nænʃәl,a involving financial matters,"a. 财政的, 金融的
[经] 财政的, 金融的, 财务的",j:100,5,1,cet4 cet6 ky toefl ielts,602,827,financial
director,director,di'rektә,"n. someone who controls resources and expenditures
n. member of a board of directors
n. someone who supervises the actors and directs the action in the production of a show","n. 主管, 导演, 董事
[计] 寻向偶极子; 指挥仪",n:100,5,1,zk gk cet4 cet6 ky ielts,603,510,director
leader,leader,'li:dә,n. a person who rules or guides or inspires others,"n. 领导者, 社论, 指挥, 领袖, 领唱者, 前导字符
[计] 前导字符",n:100,5,1,zk gk cet4 cet6,604,463,leader
twenty,twenty,'twenti,"n. the cardinal number that is the sum of nineteen and one
s. denoting a quantity consisting of 20 items or units","num. 二十, 二十个",m:100,5,0,zk gk,605,2086,twenty
firm,firm,fә:m,"n. the members of a business organization that owns or operates one or more establishments
s. marked by firm determination or resolution; not shakable
s. not soft or yielding to pressure
s. strong and sure","n. 公司, 商号
a. 坚定的, 坚强的, 牢固的, 结实的, 坚硬的, 坚挺的, 严格的, 确定的
vt. 使牢固, 使坚定
vi. 变稳固, 变坚实
adv. 稳固地",j:16/v:2/n:82,5,1,gk cet4 cet6 ky toefl ielts,607,902,firm
application,application,.æpli'keiʃәn,"n. the act of bringing something to bear; using it for a particular purpose
n. a verbal or written request for assistance or employment or admission to a school
n. the work of applying something; 
n. a program that gives a computer instructions that provide the user with tools to accomplish a task","n. 应用, 申请, 志愿书, 应用程序
[计] 应用, 应用程序",n:100,3,1,gk cet4 cet6 ky toefl ielts gre,608,1519,application
production,production,prә'dʌkʃәn,"n. the act or process of producing something
n. a presentation for the stage or screen or radio or television
n. (law) the act of exhibiting in a court of law
n. a display that is exaggerated or unduly complicated","n. 制造, 生产, 产物
[医] 产生, 生成",n:100,4,1,gk cet4 cet6 ky ielts,610,959,production
board,board,bɒ:d,"n. a committee having supervisory powers
n. a stout length of sawn timber; made in a wide variety of sizes and used for many purposes
n. a flat piece of material designed for a special purpose
n. food or meals in general","n. 木板, 甲板, 膳食, 会议桌
vt. 乘船, 供膳食, 用板覆盖
vi. 搭伙
[计] 板",v:8/n:92,4,1,zk gk cet4 cet6 ky toefl ielts,611,667,board
king,king,kiŋ,"n. a male sovereign; ruler of a kingdom
n. a competitor who holds a preeminent position
n. preeminence in a particular category or group or field
n. United States woman tennis player (born in 1943)","n. 国王, 君主
vt. 使...成为君主
vi. 君临, 统治",n:100,4,1,zk gk cet4 ky ielts,612,2080,king
secretary,secretary,'sekrәtәri,"n. a person who is head of an administrative department of government
n. an assistant who handles correspondence and clerical work for a boss or an organization
n. a desk used for writing","n. 秘书, 书记, 大臣
[经] 秘书",n:100,3,1,zk gk ielts,613,2009,secretary
us,us,ʌs,"n North American republic containing 50 states - 48 conterminous states in North America plus Alaska in northwest North America and the Hawaiian Islands in the Pacific Ocean; achieved independence in 1776
n a base containing nitrogen that is found in RNA (but not in DNA) and derived from pyrimidine; pairs with adenine
n a heavy toxic silvery-white radioactive metallic element; occurs in many isotopes; used for nuclear fuels and nuclear weapons
n the 21st letter of the Roman alphabet","pron. 我们
[经] 美国",p:100,5,1,zk,614,113,us
soon,soon,su:n,r. in the near future,"adv. 不久, 早, 快, 宁可",c:18/r:82,5,1,zk gk,615,610,soon
fail,fail,feil,"v. fail to do something; leave something undone
v. be unsuccessful
v. disappoint, prove undependable to; abandon, forsake
v. stop operating or functioning","vi. 失败, 缺乏, 中断, 衰退, 失灵
vt. 忘记, 使...失望, 缺乏, 不及格
n. 不及格",n:1/v:99,5,1,zk gk,616,808,fail
chance,chance,tʃæns. tʃɑ:ns,"n. a risk involving danger
v. be the case by chance","n. 机会, 意外, 可能性
vi. 偶然发生
vt. 冒险",v:1/n:99,5,1,zk gk cet4 ky toefl ielts,617,613,chance
opportunity,opportunity,.ɒpә'tju:niti,n. a possibility due to a favorable combination of circumstances,"n. 机会, 时机",n:100,4,1,cet4 cet6 ky toefl ielts,618,625,opportunity
operation,operation,.ɒpә'reiʃәn,"n. the state of being in effect or being operative
n. a business especially one run on a large scale
n. a planned activity involving many people performing various actions
n. (computer science) data processing in which the result is completely specified by a rule (especially the processing that results from a single instruction)","n. 操作, 动作, 手术, 运算, 作用, 业务
[计] 运算",n:100,5,1,zk gk cet4 cet6 ky,619,826,operation
share,share,ʃєә,"n. assets belonging to or due to or contributed by an individual person or group
n. any of the equal portions into which the capital stock of a corporation is divided and ownership of which is evidenced by a stock certificate
v. have in common
v. use jointly or in common","n. 部分, 参与, 一份, 参股, 份额
vt. 均分, 分担, 分享, 分配, 共有
vi. 分享
[计] 共享; DOS外部命令:在网络或多工系统中提供文件共享
文件锁定及检测磁盘更动和对超过32MB硬盘分区的支持",n:37/v:63,5,1,zk gk cet4 cet6 ky,620,711,share
lord,lord,lɒ:d,"n. a titled peer of the realm
v. make a lord of someone","n. 统治者, 阁下, 上帝
vi. 称王, 作威作福
vt. 使成贵族",v:3/n:97,4,1,cet4 cet6 ky,622,31607,lord
agreement,agreement,ә'gri:mәnt,"n. the statement (oral or written) of an exchange of promises
n. compatibility of observations
n. harmony of people's opinions or actions or characters
n. the thing arranged or agreed to","n. 同意, 合约, 协议
[经] 契约, 协议, 协定",n:100,4,1,zk gk ielts,623,1059,agreement
simple,simple,'simpl,"n. any herbaceous plant having medicinal properties
a. having few parts; not complex or complicated or involved
a. (botany) of leaf shapes; of leaves having no divisions or subdivisions
s. unornamented","a. 简单的, 普通的, 朴素的, 单纯的, 绝对的, 初级的, 原始的, 迟钝的
n. 出身低微者, 傻子",j:99/n:1,4,1,zk gk ielts,624,763,simple
serve,serve,sә:v,"n. (sports) a stroke that puts the ball in play
v. serve a purpose, role, or function
v. do duty or hold offices; serve in a specific function
v. contribute or conduce to","vt. 可作...用, 服务, 经历, 招待, 供应, 送交, 对待
vi. 服务, 服役, 侍应, 适合, 有用, 开球
n. 发球, 轮到发球",n:1/v:99,4,1,zk gk,625,401,serve
picture,picture,'piktʃә,"n. a visual representation (of an object or scene or person or abstraction) produced on a surface
n. a situation treated as an observable object
n. illustrations used to decorate or explain a text
n. a typical example of some state or quality","n. 图画, 照片, 景色, 美丽如画的人(或物), 化身, 生动的描述, 想像, 形象思维
vt. 画, 拍摄, 用图说明, 描写, 想像
[计] 图象; 形象; 字形",v:10/n:90,4,1,zk gk ielts,626,562,picture
test,test,test,"n. any standardized procedure for measuring sensitivity or memory or intelligence or aptitude or personality etc
n. the act of undergoing testing
n. the act of testing something
n. a hard outer covering as of some amoebas and sea urchins","n. 测试, 试验, 化验, 检验, 考验, 甲壳
vt. 测试, 试验, 化验
vi. 接受测验, 进行测试",v:36/n:64,5,1,zk gk cet4 cet6 ky ielts,627,575,test
contract,contract,'kɒntrækt,"n. a binding agreement between two or more persons that is enforceable by law
n. (contract bridge) the highest bid becomes the contract setting the number of tricks that the bidder must make
n. a variety of bridge in which the bidder receives points toward game only for the number of tricks he bid
v. enter into a contractual arrangement","n. 合约, 婚约, 契约
vt. 使皱缩, 使缩短, 感染, 订约, 缔结
vi. 皱缩, 订约, 收缩",v:14/n:86,4,1,cet4 cet6 ky toefl ielts gre,628,1269,contract
concerned,concerned,kәn'sә:nd,"a. feeling or showing worry or solicitude
s. involved in or affected by or having a claim to or share in","a. 关心的, 有关的, 参与的, 担心的",j:100,3,1,toefl,629,1128,concerned
recent,recent,'ri:snt,s. new,"a. 最近的, 近代的, 最新的
[经] 最近的, 新进的",j:100,5,1,zk gk cet4 cet6 ky toefl,630,567,recent
thousand,thousand,'θauznd,"n. the cardinal number that is the product of 10 and 100
s. denoting a quantity consisting of 1,000 items or units","num. 千
a. 成千的, 许多的
n. 许许多多",m:100,5,0,zk gk ielts,631,651,thousand
security,security,si'kjuriti,"n. the state of being free from danger or injury
n. defense against financial failure; financial independence
n. freedom from anxiety or fear
n. a formal declaration that documents a fact of relevance to finance and investment; the holder has a right to receive interest or dividends","n. 安全, 安全性, 防护物, 保安, 可靠性, 担保人, 抵押品, 保证金
[计] 安全性, 保密性, 安全检查程序",n:100,5,1,gk cet4 cet6 ky toefl,632,661,security
source,source,sɒ:s,"n. a document (or organization) from which information is obtained
n. anything that provides inspiration for later work
n. a facility where something is available
n. (technology) a process by which energy or a substance enters a system","n. 来源, 水源, 根源, 原始资料, 源
[计] 来源, 源程序",v:1/n:99,4,1,cet4 cet6 ky ielts,633,597,source
occur,occur,ә'kә:,"v. come to one's mind; suggest itself
v. to be found to exist","vi. 发生, 被想到, 存在",v:100,4,1,gk cet4 cet6 ky toefl ielts,634,756,occur
kill,kill,kil,"n. the destruction of an enemy plane or ship or tank or missile
v. cause to die; put to death, usually intentionally or knowingly
v. thwart the passage of
v. be fatal","n. 杀, 杀戮, 小河
vt. 杀, 破坏, 消灭, 使终止, 抵消, 否决
vi. 杀死
[计] 删除",n:2/v:98,5,1,zk gk cet4 ky,635,425,kill
election,election,i'lekʃәn,"n. a vote to select the winner of a position or political office
n. the act of selecting someone or something; the exercise of deliberate choice
n. the status or fact of being elected
n. the predestination of some individuals as objects of divine mercy (especially as conceived by Calvinists)","n. 选举, 当选, 选择权
[法] 选举, 当选",n:100,5,1,cet4 cet6 toefl,638,801,election
future,future,'fju:tʃә,"n. the time yet to come
n. a verb tense that expresses actions or states in the future
n. bulk commodities bought or sold at an agreed price for delivery at a specified future date
a. yet to be or coming","n. 未来, 将来
a. 将来的, 未来的",j:36/n:64,5,1,zk gk ielts,639,654,future
drive,drive,draiv,"n. the act of applying force to propel something
n. a mechanism by which force or power is transmitted in a machine
n. the trait of being highly motivated
n. hitting a golf ball off of a tee with a driver","n. 驾车, 快车道, 推进力, 驱动, 动力, 击球, 驱动器
vt. 开车, 驱使, 推动, 驾驶
vi. 开车, 猛击, 飞跑
[计] 驱动器",n:25/v:75,5,1,zk gk,640,490,drive
colour,colour,'kʌlә,"n any material used for its color
n a race with skin pigmentation different from the white race (especially Blacks)
n (physics) the characteristic of quarks that determines their role in the strong interaction
n interest and variety and intensity
n the timbre of a musical sound
n a visual attribute of things that results from the light they emit or transmit or reflect
n an outward or token appearance or form that is deliberately misleading
n the appearance of objects (or light sources) described in terms of a person's perception of their hue and lightness (or brightness) and saturation
v modify or bias
v decorate with colors
v give a deceptive explanation or excuse for
v affect as in thought or feeling
v add color to
v change color, often in an undesired manner
a having or capable of producing colors","n. 颜色, 面色, 颜料, 外貌
vt. 把...涂上颜色, 粉饰, 使脸红, 歪曲
vi. 变色",,5,1,zk gk,642,0,colour
various,various,'vєәriәs,"s of many different kinds purposefully arranged but lacking any uniformity
s considered individually
s distinctly dissimilar or unlike
s having great diversity or variety","a. 不同的, 各种的, 多方面的, 许多的, 个别的, 杂色的
[法] 不同的, 种种的, 各式各样的",j:100,4,1,gk cet4 cet6 ky toefl ielts,643,859,various
rise,rise,raiz,"n. a growth in strength or number or importance
n. the act of changing location in an upward direction
n. a movement upward
n. an increase in cost","n. 上升, 增加, 上涨, 高地, 升高, 出现
vi. 升起, 起身, 起立, 上升, 上涨, 增长, 高耸, 起义, 浮现
vt. 使飞起",n:26/v:74,5,1,zk gk cet4 cet6 ky,644,727,rise
represent,represent,.repri'zent,"v. take the place of or be parallel or equivalent to
v. be representative or typical for
v. be a delegate or spokesperson for; represent somebody's interest or be a proxy or substitute for, as of politicians and office holders representing their constituents, or of a tenant representing other tenants in a housing dispute
v. serve as a means of expressing something","vt. 表现, 表示, 描绘, 讲述, 代表, 象征, 回忆, 再赠送, 再上演
vi. 提出异议",v:100,4,1,gk cet4 cet6 ky toefl ielts,645,687,represent
site,site,sait,"n. the piece of land on which something is located (or is to be located)
n. physical position in relation to the surroundings","n. 位置, 场所, 地点
vt. 给...择址",v:1/n:99,4,1,cet4 cet6 ky toefl ielts,646,532,site
close,close,klәuz,"v. move so that an opening or passage is obstructed; make shut
v. become closed
v. finish or terminate (meetings, speeches, etc.)
v. complete a business deal, negotiation, or an agreement","n. 结束, 完结
a. 靠近的, 亲近的, 亲密的, 严密的, 关闭的, 狭窄的, 秘密的
vt. 关, 结束, 使靠近, 封闭, 使接近
vi. 关闭, 结束, 靠近
adv. 接近地, 紧密地
[计] 关闭",n:3/r:28/j:29/v:40,3,1,zk gk toefl,647,649,close
shop,shop,ʃɒp,"n. a mercantile establishment for the retail sale of goods or services
v. do one's shopping
v. shop around; not necessarily buying","n. 商店, 工厂, 车间
vi. 购物, 到处寻找
vt. 选购",v:23/n:77,4,1,zk gk ielts,648,1338,shop
loss,loss,lɒs,"n. something that is lost
n. gradual decline in amount or activity
n. the act of losing someone or something
n. the disadvantage that results from losing something","n. 损失, 遗失, 失败, 输, 错过, 伤亡
[化] 损失; 损耗",n:100,4,1,gk cet4 cet6 ky ielts,649,788,loss
evening,evening,'i:vniŋ,"n. the latter part of the day (the period of decreasing daylight from late afternoon until nightfall)
n. a later concluding time period
n. the early part of night (from dinner until bedtime) spent in a special way","n. 傍晚, 晚间, 末期",n:100,4,1,zk gk ielts,651,961,evening
animal,animal,'ænimәl,"n. a living organism characterized by voluntary movement
s. marked by the appetites and passions of the body","n. 动物
[医] 动物",j:1/n:99,4,1,zk gk ielts,652,728,animal
standard,standard,'stændәd,"n. a basis for comparison; a reference point against which other things can be evaluated
n. a board measure = 1980 board feet
n. the value behind the money in a monetary system
n. an upright pole or beam (especially one used as a support)","n. 标准, 规格, 旗, 军旗, 本位
a. 标准的, 合规格的
[计] 标准",j:30/n:70,4,1,zk gk cet4 cet6 ky toefl ielts,653,806,standard
heart,heart,hɑ:t,"n. the locus of feelings and intuitions
n. the hollow muscular organ located behind the sternum and between the lungs; its rhythmic contractions move the blood through the body
n. the courage to carry on
n. an inclination or tendency of a certain kind","n. 心, 心脏, 中心, 内心, 感情, 精神, 心情, 宝贝儿
vt. 鼓励",n:100,4,1,zk gk ielts,654,460,heart
purpose,purpose,'pә:pәs,"n. an anticipated outcome that is intended or that guides your planned actions
v. reach a decision","n. 目的, 意向, 决心, 用途, 效果, 论题
vt. 意欲, 企图, 计划",v:1/n:99,4,1,zk gk cet4 cet6 ky ielts,655,1014,purpose
benefit,benefit,'benifit,"n. financial assistance in time of need
n. something that aids or promotes well-being
n. a performance to raise money for a charitable cause
v. be beneficial for","n. 利益
vt. 有益于
vi. 受益",v:25/n:75,4,1,gk cet4 cet6 ky toefl ielts,656,812,benefit
page,page,peidʒ,"n. one side of one leaf (of a book or magazine or newspaper or letter etc.) or the written or pictorial matter it contains
n. English industrialist who pioneered in the design and manufacture of aircraft (1885-1962)
n. United States diplomat and writer about the Old South (1853-1922)
n. a boy who is employed to run errands","n. 页, 记录, 事件, 专栏, 男侍
vt. 标明...的页数, 翻...的书页, 分页排版, 呼叫, 侍候
vi. 翻书页, 侍侯
[计] 页; 页面",v:1/n:99,5,1,zk gk,658,708,page
fine,fine,fain,"n. money extracted as a penalty
s. minutely precise especially in differences in meaning
s. thin in thickness or diameter
s. characterized by elegance or refinement or accomplishment","n. 罚款, 罚金, 晴天, 精细
a. 好的, 晴朗的, 健康的, 细小的, 精细的
vt. 罚款, 精炼, 澄清
vi. 变清, 变细
adv. 很好
[计] 精细",r:1/j:96/v:3,3,1,zk gk toefl ielts,660,704,fine
discuss,discuss,dis'kʌs,"n an athletic competition in which a disk-shaped object is thrown as far as possible
n a disk used in throwing competitions
v to consider or examine in speech or writing
v speak with others about (something); talk (something) over in detail; have a discussion","vt. 讨论, 论述
[医] 讨论, 辩论",v:100,4,1,zk gk,661,847,discuss
anyone,anyone,'eniwʌn,"n. One taken at random rather than by selection; anybody.
   [Commonly written as two words.]",pron. 任何人,p:100,4,1,zk gk cet4 ky,662,659,anyone
pick,pick,pik,"n. a small thin device (of metal or plastic or ivory) used to pluck a stringed instrument
n. a thin sharp implement used for removing unwanted material
n. a heavy iron tool with a wooden handle and a curved head that is pointed on both ends
n. a basketball maneuver; obstructing an opponent with one's body","n. 精选, 选择, 掘, 精华, 牙签, 鹤嘴锄
v. 摘, 掘, 凿, 挖, 挑选
[计] 拾取",n:6/v:94,3,1,zk gk ielts,664,517,pick
doctor,doctor,'dɒktә,"n. a licensed medical practitioner
n. children take the roles of physician or patient or nurse and pretend they are at the physician's office
n. a person who holds Ph.D. degree (or the equivalent) from an academic institution
v. give medical treatment to","n. 医生, 博士
vt. 授以博士学位, 诊断, 修改
vi. 行医",v:1/n:99,4,1,zk gk ielts,665,570,doctor
factor,factor,'fæktә,"n. anything that contributes causally to a result
n. any of the numbers (or symbols) that form a product when multiplied together
n. an independent variable in statistics
v. resolve into factors","n. 因素, 因数, 系数, 基因, 代理人
[计] 因式",v:2/n:98,4,1,cet4 ky toefl ielts,666,729,factor
music,music,'mju:zik,"n. an artistic form of auditory communication incorporating instrumental or vocal tones in a structured and continuous manner
n. any agreeable (pleasing and harmonious) sounds
n. musical activity (singing or whistling etc.)
n. (music) the sounds produced by singers or musical instruments (or reproductions of such sounds)","n. 音乐, 乐曲",n:100,5,1,zk gk ielts,667,392,music
hair,hair,hєә,"n. a covering for the body (or parts of it) consisting of a dense growth of threadlike structures (as on the human head); helps to prevent heat loss
n. filamentous hairlike growth on a plant
n. any of the cylindrical filaments characteristically growing from the epidermis of a mammal
n. a filamentous projection or process on an organism","n. 头发, 毛发, 些微
[医] 毛, 发",n:100,4,1,zk gk,668,602,hair
love,love,lʌv,"n. a strong positive emotion of regard and affection
n. any object of warm affection or devotion; 
n. a deep feeling of sexual desire and attraction
n. a score of zero in tennis or squash","n. 爱, 恋爱, 爱情, 爱好, 性爱
vt. 爱, 爱好, 爱慕
vi. 爱",n:40/v:60,5,1,zk gk,670,390,love
prove,prove,pru:v,"v. be shown or be found to be
v. establish the validity of something, as by an example, explanation or experiment
v. prove formally; demonstrate by a mathematical, formal proof
v. take a trial impression of","vt. 证明, 查验, 检验, 勘探, 显示
vi. 证明是",v:100,4,1,zk gk cet4 cet6 ky,671,866,prove
wrong,wrong,rɒŋ,"n. that which is contrary to the principles of justice or law
n. any harm or injury resulting from a violation of a legal right
v. treat unjustly; do wrong to
a. contrary to conscience or morality or law","a. 错误的, 不正当的, 失常的
adv. 错误地",r:10/j:86/v:2/n:2,4,1,zk gk,672,655,wrong
wear,wear,wєә,"n. impairment resulting from long use
n. the act of having on your person as a covering or adornment
v. be dressed in
v. have on one's person","n. 穿着, 戴, 使用, 耗损, 服装, 耐久性
vt. 穿着, 戴, 留(须、发等), 呈现, 磨损, 磨成, 耗损, 使疲乏, 消磨
vi. 磨损, 变旧, 耐久, 渐变, 渐渐消失",n:3/v:97,4,1,zk gk toefl ielts,673,518,wear
argue,argue,'ɑ:gju,"v. present reasons and arguments
v. have an argument about something
v. give evidence of","vi. 提出理由, 争论, 辩论
vt. 主张, 辩论, 证明, 说服",v:100,4,1,gk cet4 cet6 ky ielts,674,778,argue
charge,charge,tʃɑ:dʒ,"n. an impetuous rush toward someone or something
n. (criminal law) a pleading describing some wrong or offense
n. the price charged for some article or service
n. the quantity of unbalanced electricity in a body (either positive or negative) and construed as an excess or deficiency of electrons","n. 指控, 费用, 冲锋, 电荷, 炸药, 主管, 被托管人, 命令
vt. 控诉, 加罪于, 使充满, 使充电, 使承担
vi. 冲锋, 要价, 收费",i:9/v:35/n:56,5,1,gk cet4 cet6 ky toefl ielts,675,923,charge
pattern,pattern,'pætәn,"n. a model considered worthy of imitation
v. form a pattern","n. 模范, 典型, 式样, 样品, 图案, 格调, 模式
vt. 模仿, 仿造, 以图案装饰
vi. 形成图案
[计] 模式, 图案",v:1/n:99,4,1,gk cet4 cet6 ky ielts,676,1017,pattern
piece,piece,pi:s,"n. a separate part of a whole
n. an item that is an instance of some type; 
n. an instance of some kind
n. an artistic or literary composition","n. 块, 片, 篇, 碎片, 部分, 部件, 标准量
vt. 修补, 修理, 拼合, 接线头
vi. 吃零食",v:2/n:98,4,1,zk gk,677,565,piece
design,design,di'zain,"n. the act of working out the form of something (as by making a sketch or outline or plan)
n. an arrangement scheme
n. a decorative or artistic work
n. a preliminary sketch indicating the plan for something","n. 设计, 图样, 方案, 企图
v. 设计, 计划",v:49/n:51,5,1,gk cet4 cet6 ky toefl ielts,679,834,design
tree,tree,tri:,"n. a tall perennial woody plant having a main trunk and branches forming a distinct elevated crown; includes both gymnosperms and angiosperms
n. a figure that branches from a single root
n. English actor and theatrical producer noted for his lavish productions of Shakespeare (1853-1917)
v. plant with trees","n. 树, 木料, 树状物
vt. 把...赶上树
[计] 树; DOS外部命令:显示指定磁盘驱动器的目录结构",n:100,4,1,zk gk ielts,680,596,tree
catch,catch,kætʃ,"n. a drawback or difficulty that is not readily evident
n. the quantity that was caught
n. a person regarded as a good matrimonial prospect
n. anything that is caught (especially if it is worth catching)","n. 捕捉, 陷阱, 捕捉之物, 抓, 拉手
vt. 捕捉, 赶上, 感染, 听清楚
vi. 抓住, 燃着",n:9/v:91,4,1,zk gk ielts,681,586,catch
royal,royal,'rɒiәl,"n. a sail set next above the topgallant on a royal mast
n. stag with antlers of 12 or more branches
a. of or relating to or indicative of or issued or performed by a king or queen or other monarch
a. established or chartered or authorized by royalty","n. 王室, 皇族
a. 王室的, 皇家的, 盛大的, 庄严的",j:94/n:6,4,1,gk cet4 cet6 ky ielts,682,4306,royal
population,population,.pɒpju'leiʃәn,"n. the people who inhabit a territory or state
n. a group of organisms of the same species inhabiting a given area
n. (statistics) the entire aggregation of items from which samples can be drawn
n. the number of inhabitants (either the total number or the number of a particular race or class) in a given place (country or city etc.)","n. 人口, 人口数
[化] 群体; 总体",n:100,4,1,zk gk cet4 cet6 ky ielts,683,642,population
April,april,'eiprәl,n. the month following March and preceding May,n. 四月,,4,1,zk gk ielts,684,0,april
enjoy,enjoy,in'dʒɒi,"v. derive or receive pleasure from; get enjoyment from; take pleasure in
v. have benefit from
v. have for one's benefit","vt. 享受, 喜欢, 欣赏
[法] 享受, 享有, 获得某种利益",v:100,4,1,zk gk,685,881,enjoy
despite,despite,di'spait,n. contemptuous disregard,"n. 轻视, 憎恨
prep. 虽然, 尽管",i:100,4,1,cet4 cet6 ky,686,742,despite
pressure,pressure,'preʃә,"n. the force applied to a unit area of surface; measured in pascals (SI unit) or in dynes (cgs unit)
n. a force that compels
n. the somatic sensation that results from applying force to an area of skin
n. an oppressive condition of physical or mental or social or economic distress","n. 压, 榨, 按, 强制, 压力, 压迫, 压强
vt. 迫使, 使增压, 密封",v:5/n:95,5,1,gk cet4 cet6 ky toefl ielts,687,765,pressure
performance,performance,pә'fɒ:mәns,"n. a dramatic or musical entertainment
n. the act of presenting a play or a piece of music or other entertainment
n. the act of performing; of doing something successfully; using knowledge as distinguished from merely possessing it
n. any recognized accomplishment","n. 施行, 工作情况, 成绩, 行为, 表现, 演出
[电] 绩效, 性能",n:100,4,1,gk cet4 cet6 ky toefl ielts,688,675,performance
knowledge,knowledge,'nɒlidʒ,n the psychological result of perception and learning and reasoning,"n. 知识, 学问, 认识, 知道",n:100,4,1,zk gk cet4 cet6 ky ielts,689,839,knowledge
plant,plant,plænt. plɑ:nt,"n. buildings for carrying on industrial labor
n. (botany) a living organism lacking the power of locomotion
n. an actor situated in the audience whose acting is rehearsed but seems spontaneous to the audience
n. something planted secretly for discovery by another","n. 植物, 作物, 工厂, 树枝, 生长, 设施, 成套设备
vt. 种植, 栽培, 播种, 培养, 安置, 殖民于, 使位于
vi. 种植",v:18/n:82,5,1,zk gk ielts,690,623,plant
June,june,dʒu:n,n. the month following May and preceding July,n. 六月,,4,1,zk gk ielts,691,0,june
news,news,nju:z,"n. information about recent and important events
n. information reported in a newspaper or news magazine
n. informal information of any kind that is not previously known to someone","n. 新闻, 消息, 报导
[法] 新闻, 消息, 新闻报导",n:100,5,1,zk gk,692,574,news
basis,basis,'beisis,"n. the fundamental assumptions from which something is begun or developed or calculated or explained
n. the most important or necessary part of something","n. 基础, 主要成分
[化] 基底",n:100,4,1,gk cet4 ky ielts,694,1307,basis
march,march,mɑ:tʃ,"n. the month following February and preceding April
n. the act of marching; walking with regular steps (especially in a procession of some kind)
n. a steady advance
n. a procession of people walking together","n. 三月, 进行, 行军, 步伐, 长途跋涉, 进行曲, 边界
vi. 进军, 前进, 交界
vt. 使行军, 使行进",n:37/v:63,3,1,zk gk toefl ielts,695,3483,march
further,further,'fә:ðә,"s. more distant in especially degree
r. to or at a greater extent or degree or a more advanced stage (`further' is used more often than `farther' in this abstract sense)
r. in addition or furthermore; further, they should be here already""","a. 更远的, 此外的, 更多的
vt. 促进, 增进, 助长
adv. 更进一步地, 更远地, 此外",v:100,5,1,cet4 cet6 ky toefl ielts,696,11239,further
size,size,saiz,"n. the physical magnitude of something (how big it is)
n. the property resulting from being one of a series of graduated measurements (as of clothing)
n. any glutinous material used to fill pores in surfaces or to stiffen fabrics
n. the actual state of affairs","n. 大小, 尺寸, 规模, 尺码, 能力, 浆料
vt. 上浆, 依大小排列
vi. 可比拟
a. 一定大小的, 一定尺寸的",v:3/n:97,4,1,zk gk ielts,697,752,size
introduce,introduce,.intrә'dju:s,"v. cause to come to know personally
v. bring something new to an environment
v. bring in or establish in a new place or environment
v. bring before the public for the first time, as of an actor, song, etc.","vt. 介绍, 引入, 采用, 输入
[法] 引进, 输入, 介绍",v:100,4,1,zk gk cet4 cet6 ky,698,1225,introduce
series,series,'siәri:z,"n. similar things placed in order or happening one after another
n. a periodical that appears at scheduled times
n. (sports) several contests played successively by the same teams
n. (electronics) connection of components in such a manner that current flows first through one and then through the other","n. 串联, 序列, 连续, 系列, 丛书, 套, 级数, 组
[计] 系列",n:100,4,1,cet4 cet6 ky ielts,699,718,series
garden,garden,'gɑ:dn,"n. a plot of ground where plants are cultivated
n. the flowers or vegetables or fruits or herbs that are cultivated in a garden
n. a yard or lawn adjoining a house
v. work in the garden","n. 花园, 果园, 菜园
vi. 栽培花木
vt. 造园
a. 花园的, 普通的",v:1/n:99,4,1,zk gk ielts,700,1043,garden
eat,eat,i:t,"v. take in solid food
v. eat a meal; take a meal
v. worry or cause anxiety in a persistent way","v. 吃, 腐蚀",v:100,4,1,zk gk,701,543,eat
environment,environment,in'vairәnmәnt,"n. the totality of surrounding conditions
n. the area in which something exists or lives","n. 环境, 外界, 围绕
[计] 环境",n:100,4,1,zk gk cet4 cet6 ky ielts,702,855,environment
rest,rest,rest,"n. freedom from activity (work or strain or responsibility)
n. a state of inaction
n. euphemisms for death (based on an analogy between lying in a bed and in a tomb)
n. a support on which things can be put","n. 休息, 睡眠, 安息, 稍息, 静止, 支架, 休息处, 其余者, 剩余部分
vi. 休息, 睡, 长眠, 安心, 静止, 停止, 安置, 依赖
vt. 使休息, 使支撑, 把...寄托于",v:26/n:74,4,1,zk gk,703,673,rest
better,better,'betә,"n. something superior in quality or condition or effect
n. a superior person having claim to precedence
n. the superior one of two alternatives
v. surpass in excellence","a. 较好的
adv. 比较好",r:47/j:51/v:1/n:1,5,1,gk ielts,704,452,better
success,success,sәk'ses,"n. an event that accomplishes its intended purpose
n. an attainment that is successful
n. a state of prosperity or fame","n. 成功, 成就, 胜利",n:100,4,1,zk gk cet4 cet6 ky,705,777,success
enter,enter,'entә,"v. to come or go into
v. become a participant; be involved in
v. come on stage","vt. 进入, 参加, 开始, 输入, 回车
vi. 进去, 参加
[计] 输入, 回车",v:100,4,1,zk gk cet4 ky,706,709,enter
analysis,analysis,ә'nælәsis,"n. an investigation of the component parts of a whole and their relations in making up the whole
n. the abstract separation of a whole into its constituent parts in order to study the parts and their relations
n. a form of literary criticism in which the structure of a piece of writing is analyzed
n. the use of closed-class words instead of inflections: e.g., `the father of the bride' instead of `the bride's father'","n. 分析
[计] 分析机; 分析员; 分析; 分析程序",n:100,3,1,gk cet4 cet6 ky toefl ielts,707,811,analysis
arrive,arrive,ә'raiv,"v. reach a destination; arrive by movement or progress
v. succeed in a big way; get to the top","vi. 到达, 抵达",v:100,4,1,zk gk,708,810,arrive
natural,natural,'nætʃәrәl,"n. someone regarded as certain to succeed
n. a notation cancelling a previous sharp or flat
n. (craps) a first roll of 7 or 11 that immediately wins the stake
a. in accordance with nature; relating to or concerning nature","n. 白痴
a. 自然的, 自然界的, 本能的, 天然的, 物质的, 正常的, 原始的, 自然数的",r:1/j:99,4,1,zk gk cet4 cet6 ky toefl ielts,709,715,natural
thought,thought,θɒ:t,n. the organized beliefs of a period or group or individual,"n. 想法, 思想, 思维, 关心, 挂念
think的过去式和过去分词",n:100,5,1,zk gk cet4 cet6 ky toefl ielts,710,760,thought
ensure,ensure,in'ʃuә,"v make certain of
v be careful or certain to do something; make certain of something","vt. 确定, 保证, 担保, 保护
[经] 确保, 确定",v:100,4,1,cet4 cet6 ky gre,712,1754,ensure
region,region,'ri:dʒәn,"n. the extended spatial location of something
n. a large indefinite location on the surface of the Earth
n. the approximate amount of something (usually used prepositionally as in `in the region of')
n. a knowledge domain that you are interested in or are communicating about","n. 区域, 地带, 地区, 领域, 范围, 区
[计] 区, 区域",n:100,4,1,cet4 cet6 ky ielts,713,793,region
attention,attention,ә'tenʃәn,"n. the process whereby a person concentrates on some features of the environment to the (relative) exclusion of others
n. a general interest that leads people to want to know more
n. a courteous act indicating affection
n. the faculty or power of mental concentration","n. 注意, 注意力
[计] 引起注意信号",n:100,4,1,zk gk cet4 ky toefl ielts,714,591,attention
space,space,speis,"n. the unlimited expanse in which everything is located
n. an empty area (usually bounded in some way between things)
n. an area reserved for some particular purpose
n. a blank character used to separate successive words in writing or printing","n. 位置, 空间, 距离, 太空, 空白, 间隔, (期刊等的)篇幅
vt. 隔开, 分隔
vi. 留间隔
[计] 空白, 空格校验",v:4/n:96,4,1,zk gk cet4 cet6 ky ielts,715,521,space
list,list,list,"n. a database containing an ordered array of items (names or topics)
v. give or make a list of; name individually; give the names of
v. include in a list
v. cause to lean to the side","n. 目录, 名单, 明细表, 布条, 条纹, 列表, 序列, 数据清单
vt. 列出, 列于表上, 记入名单内, 装布条
vi. 列于表上
[计] 列表, 序列, 数据清单",v:26/n:74,5,1,zk gk cet4 cet6 ky ielts gre,716,761,list
statement,statement,'steitmәnt,"n. a message that is stated or declared; a communication (oral or written) setting forth particulars or facts etc
n. (music) the presentation of a musical theme
n. a nonverbal message
n. a document showing credits and debits","n. 陈述, 指令, 声明
[计] 程序语句; 语句",n:100,4,1,gk cet4 cet6 ky ielts,717,921,statement
pull,pull,pul,"n. the act of pulling; applying force to move something toward or with you
n. the force used in pulling
n. special advantage or influence
n. a device used for pulling something","vt. 拉, 拖, 拔, 牵, 撕开, 吸引
vi. 拉, 拖, 拔, 有吸引力
n. 拉, 拖, 拔, 拉力, 牵引力, 划船, 吸引",n:3/v:97,4,1,zk gk toefl ielts,718,471,pull
relation,relation,ri'leiʃәn,"n. an abstraction belonging to or characteristic of two entities or parts together
n. an act of narration
n. (usually plural) mutual dealings or connections among persons or groups","n. 关系, 联系, 叙述, 故事, 家属, 亲戚
[计] 关系",n:100,4,1,zk gk cet4 cet6 ky,719,1118,relation
step,step,step,"n. the act of changing location by raising the foot and setting it down
n. support consisting of a place to rest the foot while ascending or descending a stairway
n. a short distance
n. a solid block joined to the beams in which the heel of a ship's mast or capstan is fixed","n. 步骤, 步, 步幅, 脚步声, 踏级, 步伐, 短距离, 步态, 手段, 等级
vt. 踏, 以步测量, 跨步, 使成阶梯状
vi. 跨步, 轻快地走, 跳舞, 踩, 踏上, 行走
[计] 步骤",v:38/n:62,5,1,zk gk cet4 cet6 ky,720,587,step
sea,sea,si:,"n. a division of an ocean or a large body of salt water partially enclosed by land
n. turbulent water with swells of considerable size","n. 海, 海洋, 海浪, 大量
[法] 海, 海洋",n:100,4,1,zk gk,721,989,sea
principle,principle,'prinsipl,"n. a basic generalization that is accepted as true and that can be used as a basis for reasoning or conduct
n. a rule or standard especially of good behavior
n. a basic truth or law or assumption
n. a rule or law concerning a natural phenomenon or the function of a complex system","n. 原则, 原理, 主义
[化] 原理",n:100,4,1,gk cet4 cet6 ky gre,722,1341,principle
demand,demand,di'mɑ:nd,"n. an urgent or peremptory request
n. the ability and desire to purchase goods and services
n. the act of demanding
v. request urgently and forcefully","n. 要求, 需求, 需要
v. 要求, 查询",v:46/n:54,5,1,gk cet4 cet6 ky gre,723,1287,demand
labour,labour,'leibә,"n a social class comprising those who do manual labor or work for wages
n concluding state of pregnancy; from the onset of contractions to the birth of a child
n a political party formed in Great Britain in 1900; characterized by the promotion of labor's interests and formerly the socialization of key industries
n productive work (especially physical work done for wages)
v work hard
v strive and make an effort to reach a goal
v undergo the efforts of childbirth","n. 劳动, 努力, 工作, 劳工, 分娩
vi. 劳动, 努力, 苦干
vt. 详细分析, 使厌烦",j:100,5,1,zk gk cet4 cet6,724,16348,labour
choice,choice,tʃɒis,"n. the person or thing chosen or selected
n. the act of choosing or selecting
s. of superior grade
s. appealing to refined taste","n. 选择, 精选品, 选择权
a. 精选的, 挑三拣四的, 上等的
[计] DOS内部命令:在批处理文件中
该命令用于提示用户作出选择, 决定批处理文件的流程",j:1/n:99,4,1,zk gk cet4 cet6 ky toefl ielts gre,725,630,choice
near,near,niә,"a. not far distant in time or space or degree or circumstances
s. being on the left side
s. closely resembling the genuine article
r. near in time or place or relationship","a. 近的, 近亲的, 近似的
adv. 接近, 亲近
prep. 靠近, 近似于
v. 接近, 走近",i:77/r:8/v:7/j:8,5,1,zk gk,726,706,near
couple,couple,'kʌpl,"n. a pair who associate with one another
n. a pair of people who live together
n. a small indefinite number
n. two items of the same kind","n. 对, 夫妇, 数个
vt. 使成双, 连接, 使成婚, 把...联系起来
vi. 结合, 成婚",v:6/n:94,4,1,zk gk cet4 ky toefl,727,531,couple
refer,refer,ri'fә:,"v. be relevant to
v. think of, regard, or classify under a subsuming principle or with a general group or in relation to another
v. send or direct for treatment, information, or a decision
v. use a name to designate","vt. 提交, 归诸于, 把...提交, 使求助于
vi. 提到, 涉及, 查阅, 查询, 咨询",v:100,4,0,gk cet4 cet6 ky toefl,728,1156,refer
capital,capital,'kæpitәl,"n. assets available for use in the production of further assets
n. wealth in the form of money or property owned by a person or business and human resources of economic value
n. a seat of government
n. one of the large alphabetic characters used as the first letter in writing or printing proper names and sometimes for emphasis; capitals were kept in the upper half of the type case and so became known as upper-case letters""","n. 首都, 大写字母, 资本
a. 首都的, 重要的",j:2/n:98,5,1,zk gk cet4 cet6 ky ielts,729,1061,capital
hotel,hotel,hәu'tel,n. a building where travelers can pay for lodging and meals and other services,"n. 旅馆, 客栈",n:100,4,1,zk gk ielts,731,1002,hotel
player,player,'pleiә,"n. a person who participates in or is skilled at some game
n. a person who pursues a number of different social and sexual partners simultaneously
n. an important participant (as in a business deal)","n. 竞赛者, 上场队员, 游戏者, 演员
[经] 交易者",n:100,5,1,gk cet4 cet6 ielts,732,513,player
above,above,ә'bʌv,"n. an earlier section of a written text
s. appearing earlier in the same text
r. at an earlier place
r. in or to a place that is higher","prep. 在上方, 超出
adv. 在上面
a. 上述的, 上面的",i:61/r:33/j:6,4,1,zk gk,733,893,above
forward,forward,'fɒ:wәd,"n. the person who plays the position of forward in certain games, such as basketball, soccer, or hockey
n. a position on a basketball, soccer, or hockey team
v. send or ship onward from an intermediate post or station in transit
a. at or near or directed toward the front","a. 向前的, 早的, 迅速的, 在前的, 进步的
vt. 促进...的生长, 转寄, 运送
adv. 向前地
[计] 前推, 转信",n:2/r:91/v:2/j:5,4,1,zk gk gre,734,815,forward
village,village,'vilidʒ,"n. a community of people smaller than a town
n. a settlement smaller than a town","n. 村庄
a. 乡村的, 村庄的",n:100,4,1,zk gk ielts,735,1245,village
station,station,'steiʃәn,"n. a facility equipped with special equipment and personnel for a particular purpose
n. (nautical) the location to which a ship or fleet is assigned for duty
n. the frequency assigned to a broadcasting station
v. assign to a station","n. 车站, 站, 局, 驻地, 位置, 身分, 地位
vt. 安置, 配置, 驻扎
[计] 站",v:6/n:94,4,1,zk gk ielts,736,841,station
nine,nine,nain,"n. the cardinal number that is the sum of eight and one
s. denoting a quantity consisting of one more than eight and one less than ten","num. 九, 九个",m:100,5,0,zk gk,737,1154,nine
individual,individual,.indi'vidʒuәl,"n. a single organism
a. being or characteristic of a single thing or person
s. separate and distinct from others of the same kind
s. characteristic of or meant for a single person or thing","n. 人, 个人, 个体
a. 个别的, 个人的, 独特的",j:44/n:56,4,1,cet4 cet6 ky ielts gre,738,762,individual
film,film,film,"n. a medium that disseminates moving pictures
n. photographic material consisting of a base of celluloid covered with a photographic emulsion; used to make negatives or transparencies
n. a thin coating or layer
n. a thin sheet of (usually plastic and usually transparent) material used to wrap or cover things","n. 软片, 薄膜, 胶卷, 电影
vt. 覆以薄膜, 拍摄
vi. 生薄膜, 拍电影",v:6/n:94,5,1,zk gk ielts,739,593,film
attempt,attempt,ә'tempt,n. earnest and conscientious activity intended to do or accomplish something,"n. 尝试, 企图
vt. 尝试, 企图",v:42/n:58,5,1,gk cet4 cet6 ky toefl ielts,740,1227,attempt
feature,feature,'fi:tʃә,"n. a prominent attribute or aspect of something
n. the characteristic parts of a person's face: eyes and nose and mouth and chin
n. the principal (full-length) film in a program at a movie theater
n. a special or prominent article in a newspaper or magazine","n. 面孔的一部分(如眼、口等), 特征, 容貌, 特色, 特写
vt. 是...的特色, 特写, 放映
vi. 起重要作用
[计] 特性",v:40/n:60,4,1,cet4 cet6 ky ielts gre,741,1190,feature
association,association,ә.sәuʃә'eiʃәn,"n. a formal organization of people or groups of people
n. the act of consorting with or joining with others
n. the state of being connected together as in memory or imagination
n. the process of bringing ideas or events together in memory or imagination","n. 协会
[计] 关联",n:100,4,1,gk cet4 cet6 ky toefl ielts,742,1859,association
income,income,'inkʌm,n. the financial gain (earned or unearned) accruing over a given period of time,"n. 收入, 收益, 流入
[经] 收益",n:100,4,1,gk cet4 cet6 ky,744,1138,income
effort,effort,'efәt,n. use of physical or mental energy; hard work,"n. 努力, 成就",n:100,5,1,zk gk cet4 cet6 ky,745,454,effort
relate,relate,ri'leit,"v. give an account of
v. be in a relationship with
v. have or establish a relationship to","vt. 讲, 叙述, 使互相关联
vi. 有关, 符合, 相处得好",v:100,3,1,gk cet4 cet6 ky gre,747,1080,relate
following,following,'fɒlәuiŋ,"n. a group of followers or enthusiasts
s. about to be mentioned or specified
s. immediately following in time or order
a. going or proceeding or coming after in the same direction","n. 下列各项, 部下, 追随者
a. 下列的, 其次的",i:6/r:5/j:84/n:5,4,1,gk cet4 cet6 ky,748,1471,following
cup,cup,kʌp,"n. a small open container usually used for drinking; usually has a handle
n. the quantity a cup will hold
n. any cup-shaped concavity
n. a United States liquid unit equal to 8 fluid ounces","n. 杯子, 茶杯, 优胜杯
vt. 使成杯状, 为...拔火罐",n:100,5,1,zk gk ielts,749,780,cup
nice,nice,nais,"n. a city in southeastern France on the Mediterranean; the leading resort on the French Riviera
a. pleasant or pleasing or agreeable in nature or appearance
s. done with delicacy and skill","a. 美好的, 和蔼的, 正派的, 做得好的, 精密的, 细微的, 挑剔的, 谨慎的",r:3/j:97,4,1,zk gk gre,750,897,nice
manage,manage,'mænidʒ,"v. be in charge of, act on, or dispose of","vi. 处理
vt. 管理, 控制, 维持, 达成, 经营, 运用",v:100,4,1,zk gk cet4 cet6 ky,752,945,manage
everyone,everyone,'evriwʌn,"n. Everybody; -- commonly separated, every one.","pron. 每个人, 人人
[计] 系统中的一个组名",p:100,4,1,zk gk,753,529,everyone
affect,affect,ә'fekt,"n. the conscious subjective aspect of feeling or emotion
v. have an effect upon
v. act physically on; have an effect upon
v. have an emotional or cognitive impact upon","vt. 影响, 感动, 假装, 模仿, 爱好, 倾向于
n. 自觉感情",n:7/v:93,4,1,gk cet4 cet6 ky toefl ielts,754,963,affect
current,current,'kʌrәnt,"n. a flow of electricity through a conductor
n. a steady flow of a fluid (usually from natural causes)
a. occurring in or belonging to the present time","n. 涌流, 趋势, 流
a. 流通的, 现在的, 当前的, 流行的
[计] 当前的",j:93/n:7,5,1,cet4 cet6 ky toefl ielts,755,652,current
technology,technology,tek'nɒlәdʒi,n. the practical application of science to commerce or industry,"n. 技术, 工业技术, 术语
[医] 技术学, 工艺学",n:100,4,1,zk gk cet4 cet6 ky ielts,756,585,technology
identify,identify,ai'dentifai,"v. recognize as being; establish the identity of someone or something
v. consider (oneself) as similar to somebody else
v. conceive of as united or associated
v. identify as in botany or biology, for example","vt. 识别, 认为...等同于, 确定, 使参与
vi. 一致, 认同",v:100,4,1,cet4 cet6 ky toefl ielts,757,770,identify
please,please,pli:z,"v. give pleasure to or be pleasing to
v. be the will of or have the will (to)
v. give satisfaction
r. used in polite request","adv. 请
vt. 使高兴, 合...的心意, 取悦
vi. 使人满意, 讨好, 愿意, 敬请",r:84/v:16,4,1,zk gk,758,1167,please
whatever,whatever,hwɒt'evә,s one or some or every or all without specification,pron. 无论什么,d:100,4,1,zk gk cet4 cet6 ky ielts,759,776,whatever
difficulty,difficulty,'difikәlti,"n. a factor causing trouble in achieving a positive result or tending to produce a negative result
n. a condition or state of affairs almost beyond one's ability to deal with and requiring great effort to bear or overcome
n. the quality of being difficult","n. 困难, 难点",n:100,4,1,zk gk cet4 ky ielts,760,1686,difficulty
machine,machine,mә'ʃi:n,"n. any mechanical or electrical device that transmits or modifies energy to perform or assist in the performance of human tasks
n. an efficient person
n. an intricate organization that accomplishes its goals efficiently
n. a device for overcoming resistance at one point by applying force at some other point","n. 机器, 机械装置, 机构, 自动售货机, 机械般工作的人
vt. 以机器制造",v:5/n:95,4,1,zk gk ielts,761,1022,machine
modern,modern,'mɒdәn,"n. a contemporary person
n. a typeface (based on an 18th century design by Gianbattista Bodoni) distinguished by regular shape and hairline serifs and heavy downstrokes
a. belonging to the modern era; since the Middle Ages
s. characteristic of present-day art and music and literature and architecture","n. 现代人, 有思想的人
a. 现代的, 时髦的",j:99/n:1,4,1,zk gk ielts,762,1046,modern
degree,degree,di'gri:,"n. a position on a scale of intensity or amount or quality
n. a specific identifiable position in a continuum or series or especially in a process
n. a measure for arcs and angles
n. the highest power of a term or variable","n. 程度, 度数, 学位, 度
[医] 度, 程度",n:100,4,1,zk gk cet4 cet6 ky ielts,763,789,degree
legal,legal,'li:gәl,"a. established by or founded upon law or official or accepted rules
a. of or relating to jurisprudence
s. having legal efficacy or force
a. relating to or characteristic of the profession of law","a. 法律的, 法定的, 合法的
[经] 法定权利; 法律(上)的, 合法的",j:100,4,1,gk cet4 cet6 ky toefl ielts,764,883,legal
energy,energy,'enәdʒi,"n. (physics) a thermodynamic quantity equivalent to the capacity of a physical system to do work; the units of energy are joules or ergs
n. forceful exertion
n. enterprising or ambitious drive
n. an imaginative lively style (especially style of writing)","n. 精力, 精神, 活力, 能量
[化] 能; 能量",n:100,4,1,zk cet4 cet6 ky ielts,765,615,energy
treatment,treatment,'tri:tmәnt,"n. care provided to improve a situation (especially medical procedures or applications that are intended to relieve illness or injury)
n. the management of someone or something
n. a manner of dealing with something artistically","n. 治疗, 待遇, 处理
[医] 疗法, 治疗; 处理",n:100,4,1,zk gk cet4 cet6 toefl ielts,766,745,treatment
thank,thank,θæŋk,v. express gratitude or show appreciation to,"n. 谢意, 感谢
vt. 谢谢, 感谢",v:100,5,1,zk gk,768,498,thank
cell,cell,sel,"n. any small compartment
n. (biology) the basic structural and functional unit of all organisms; they may exist as independent units of life (as in monads) or may form colonies or tissues as in higher plants and animals
n. a device that delivers an electric current as the result of a chemical reaction
n. a small unit serving as part of or as the nucleus of a larger political movement","n. 单元, 细胞, 电池
[计] 单元",n:100,4,1,gk cet4 cet6 ky toefl,769,895,cell
growth,growth,grәuθ,"n. (biology) the process of an individual organism growing organically; a purely biological unfolding of events involved in an organism changing gradually from a simple to a more complex level
n. a progression from simpler to more complex forms
n. vegetation that has grown
n. (pathology) an abnormal proliferation of tissue (as in a tumor)","n. 生长, 栽培, 增长
[计] 等比级数",n:100,4,1,gk cet4 cet6 ky ielts,770,787,growth
finally,finally,'fainәli,r. after an unspecified period of time or an especially long delay,"adv. 最后, 终于",r:100,4,1,cet4 ky,771,470,finally
mile,mile,mail,"n. a unit of length equal to 1,760 yards or 5,280 feet; exactly 1609.344 meters
n. a large distance
n. an ancient Roman unit of length equivalent to 1620 yards
n. a Swedish unit of length equivalent to 10 km","n. 英里, 很大距离
[机] 英里, 哩",,4,1,zk gk cet4 cet6 ky,772,0,mile
compare,compare,kәm'pєә,"v. examine and note the similarities or differences of
v. be comparable
v. consider or describe as similar, equal, or analogous
v. to form the comparative or superlative form on an adjective or adverb","vt. 比较, 比喻, 对照
vi. 相比
n. 比较
[计] 比较",v:100,3,1,zk gk cet4 cet6 ky toefl ielts,773,831,compare
lady,lady,'leidi,"n. a polite name for any woman
n. a woman of the peerage in Britain","n. 淑女, 夫人, 女士, 贵妇",n:100,4,1,zk gk cet4 ky,774,1517,lady
whom,whom,hu:m,pron. The objective case of who. See Who.,pron. 谁,p:100,4,1,zk gk,775,1018,whom
top,top,tɒp,"n. the upper part of anything
n. the highest or uppermost side of anything
n. the first half of an inning; while the visiting team is at bat
n. the greatest possible intensity","n. 顶部, 顶端, 极点, 上面, 上部, 顶篷, 最高地位, 首位, 陀螺
a. 最高的, 顶上的, 头等的
vt. 盖, 加以顶, 高达, 超越
vi. 结束, 达到顶点, 高出
[计] TOP协议",i:9/j:34/v:9/n:48,5,1,zk gk cet4 cet6 ky ielts,776,678,top
happy,happy,'hæpi,"a. enjoying or showing or marked by joy or pleasure
s. well expressed and to the point","a. 快乐的, 幸福的, 愉快的, 恰当的",j:100,4,1,zk gk,777,747,happy
final,final,'fainl,"n. the final match between the winners of all previous matches in an elimination tournament
s. conclusive in a process or progression
s. not to be altered or undone","n. 期末考试, 结局, 决赛
a. 最后的, 终极的, 决定性的",j:82/n:18,5,1,zk gk cet4 ky toefl ielts,778,887,final
task,task,tɑ:sk,v. assign a task to,"n. 工作, 任务, 作业, 困难的工作
vt. 派给...工作, 使辛劳
[计] 任务",v:1/n:99,4,1,zk gk cet4 cet6 ky,779,1047,task
risk,risk,risk,"n. a venture undertaken without regard to possible loss or injury
n. the probability of becoming infected given that exposure to an infectious agent has occurred
n. the probability of being exposed to an infectious agent
v. expose to a chance of loss or damage","n. 冒险, 危险, 保险额
vt. 冒...的危险, 冒险干",v:14/n:86,4,1,zk gk cet4 cet6 ky toefl,781,650,risk
function,function,'fʌŋkʃәn,"n. (mathematics) a mathematical relation such that each element of a given set (the domain of the function) is associated with an element of another set (the range of the function)
n. what something is used for
n. the actions and activities assigned to or required or expected of a person or group
n. a relation such that one thing is dependent on another","n. 官能, 职务, 功能, 函数
vi. 活动, 运行, 行使职责
[计] 功能, 函数",v:26/n:74,4,1,gk cet4 cet6 ky ielts,782,1442,function
provision,provision,prә'viʒәn,"n. a stipulated condition
n. the activity of supplying or providing something
n. a store or supply of something (especially of food or clothing or arms)
v. supply with provisions","n. (政府提供的)钱和设备, 准备, 供应品, 规定, 条款
vt. 供给...食物及必需品",v:1/n:99,3,0,cet4 cet6 ky toefl ielts gre,783,2612,provision
county,county,'kaunti,"n. (United Kingdom) a region created by territorial division for the purpose of local government
n. (United States) the largest administrative district within a state","n. 县, 郡",n:100,4,1,cet4 cet6 ky,784,1516,county
east,east,i:st,"n. the cardinal compass point that is at 90 degrees
n. the countries of Asia
n. the region of the United States lying to the north of the Ohio River and to the east of the Mississippi River
n. the direction corresponding to the eastward cardinal compass point","n. 东方, 东
a. 东方的, 向东的
adv. 向东方, 朝东方",n:100,5,1,zk gk,785,733,east
resource,resource,ri'sɒ:s,"n. available source of wealth; a new or reserve supply that can be drawn upon when needed
n. a source of aid or support that may be drawn upon when needed
n. the ability to deal resourcefully with unusual problems","n. 资源, 财力, 办法, 策略, 急智, 消遣
[计] 资源",n:100,4,1,cet4 cet6 ky toefl ielts,786,769,resource
behaviour,behaviour,bi'heivjә,"n the action or reaction of something (as a machine or substance) under specified circumstances
n (behavioral attributes) the way a person behaves toward other people
n (psychology) the aggregate of the responses or reactions or movements made by an organism in any situation
n manner of acting or controlling yourself","n. 行为, 举止
[计] 特性, 性能, 特点, 行为, 动作, 状态",,4,1,zk gk toefl,787,10352,behaviour
defence,defence,di'fens,"n (psychiatry) an unconscious process that tries to reduce the anxiety associated with instinctive desires
n (sports) the team that is trying to prevent the other team from scoring
n the defendant and his legal advisors collectively
n an organization of defenders that provides resistance against attack
n the speech act of answering an attack on your assertions
n the justification for some act or belief
n a structure used to defend against attack
n a defendant's answer or plea denying the truth of the charges against him
n (military) military action or resources protecting a country against potential enemies
n protection from harm
n the act of defending someone or something against attack or injury","n. 防卫, 防卫设备
[经] (诉讼程序中的)辩护",n:100,4,1,gk cet4 cet6 ky ielts,788,21674,defence
west,west,west,"n. the countries of (originally) Europe and (now including) North America and South America
n. the cardinal compass point that is a 270 degrees
n. the region of the United States lying to the west of the Mississippi River
n. the direction corresponding to the westward cardinal compass point","n. 西方, 西部
a. 西方的, 向西的
adv. 向西, 自西方, 在西方",n:100,5,1,zk gk ielts,789,665,west
style,style,stail,"n. a particular kind (as to appearance)
n. (botany) the narrow elongated part of the pistil between the ovary and the stigma
n. editorial directions to be followed in spelling and punctuation and capitalization and typographical display
n. a slender bristlelike or tubular process","n. 风格, 时尚, 文体, 风度, 字体, 类型
vt. 称呼, (根据新款式)设计, 使合潮流
n. 风格, 样式
[计] 风格, 样式",v:3/n:97,4,1,gk cet4 cet6 ky ielts,790,968,style
floor,floor,flɒ:,"n. the inside lower horizontal surface (as of a room, hallway, tent, or other structure)
n. a structure consisting of a room or set of rooms at a single position along a vertical scale
n. a lower limit
n. the ground on which people and animals move about","n. 地板, 楼层, 底部, 底价
vt. 铺地板, 打倒
n. 地面, 地板, 基底
[计] 基底",v:1/n:99,4,1,zk gk,791,639,floor
obtain,obtain,әb'tein,v. come into possession of,"vt. 获得, 达到
vi. 流行, 得到公认",v:100,3,1,gk cet4 cet6 ky toefl,793,1595,obtain
science,science,'saiәns,n. a particular branch of scientific knowledge,"n. 科学, 学科, 学问, 自然科学
[医] 科学",n:100,4,1,zk gk ielts,794,889,science
announce,announce,ә'nauns,"v. make known; make an announcement
v. announce publicly or officially
v. give the names of
v. foreshadow or presage","vt. 宣布, 声称, 显示, 预告
vi. 当报幕员, 宣布参加竞选",v:100,5,1,gk cet4 cet6 ky toefl gre,795,1163,announce
red,red,red,"n. red color or pigment; the chromatic color resembling the hue of blood
n. a tributary of the Mississippi River that flows eastward from Texas along the southern boundary of Oklahoma and through Louisiana
s. of a color at the end of the color spectrum (next to orange); resembling the color of blood or cherries or tomatoes or rubies","a. 红的, 红色的, 红肿的, 流血的
n. 红色, 红颜料, 赤字
[计] 简化, 减少",j:100,5,1,zk gk,796,598,red
feeling,feeling,'fi:liŋ,"n. the experiencing of affective and emotional states
n. a physical sensation that you experience
n. an intuitive understanding of something","n. 摸, 触觉, 知觉, 感觉, 情绪, 同情
a. 有同情心的, 有感觉的, 仁慈的, 动人的",n:100,4,1,zk gk cet4 ky,797,805,feeling
response,response,ri'spɒns,"n. a result
n. a phrase recited or sung by the congregation following a versicle by the priest or minister
n. the manner in which an electrical or mechanical device responds to an input signal or a range of input signals","n. 反应, 回答, 响应
[计] 应答",i:13/n:87,4,1,cet4 cet6 ky ielts gre,798,725,response
note,note,nәut,"n. a brief written record
n. a short personal letter
n. a notation representing the pitch and duration of a musical sound
n. a tone of voice that shows what the speaker is feeling","n. 笔记, 记录, 注解, 票据, 符号, 显要, 注重, 便笺, 照会
vt. 记录, 注解, 注意",n:44/v:56,4,1,zk gk toefl,799,703,note
hall,hall,hɒ:l,"n. a large room for gatherings or entertainment
n. English writer whose novel about a lesbian relationship was banned in Britain for many years (1883-1943)
n. United States child psychologist whose theories of child psychology strongly influenced educational psychology (1844-1924)
n. United States chemist who developed an economical method of producing aluminum from bauxite (1863-1914)","n. 门厅, 走廊, 会堂",n:100,3,1,zk gk cet4 cet6 ky toefl ielts,800,1839,hall
skill,skill,'skil,"n. an ability that has been acquired by training
n. ability to produce solutions in some problem domain","n. 技术, 技巧, 技能, 熟练, 熟练工人
[化] 技能",n:100,4,1,zk gk cet4 cet6 ky ielts,801,821,skill
college,college,'kɒlidʒ,"n. the body of faculty and students of a college
n. an institution of higher education created to educate and grant degrees; often a part of a university
n. a complex of buildings in which an institution of higher education is housed","n. 学院, 大学, 学会",n:100,4,1,zk gk ielts,802,415,college
horse,horse,hɒ:s,"n. solid-hoofed herbivorous quadruped domesticated since prehistoric times
n. a padded gymnastic apparatus on legs
v. provide with a horse or horses","n. 马, 骑兵, 脚架
vi. 骑马, 取笑
vt. 使骑马, 系马于",v:1/n:99,4,1,zk gk ielts,803,1279,horse
myself,myself,mai'self,"pron. I or me in person; -- used for emphasis, my own self or
   person; as I myself will do it; I have done it myself; -- used also
   instead of me, as the object of the first person of a reflexive verb,
   without emphasis; as, I will defend myself.","pron. 我自己, 我亲自, 我独自",p:100,4,1,zk gk,804,662,myself
character,character,'kærәktә,"n. the inherent complex of attributes that determines a persons moral and ethical actions and reactions
n. an actor's portrayal of someone in a play
n. a person of a specified kind (usually with many eccentricities)
n. good repute","n. 个性, 字符, 人物, 性质, 品格, 资格
[计] 字符",n:100,4,1,gk cet4 cet6 ky toefl,805,786,character
user,user,'ju:zә,n. a person who makes use of a thing; someone who uses or employs something,"n. 使用者
[计] 用户",n:100,3,1,gk cet4 cet6,806,1813,user
serious,serious,'siәriәs,"a. concerned with work or important matters rather than play or trivialities
s. of great consequence
s. requiring effort or concentration; complex and not easy to answer or solve","a. 严肃的, 认真的, 重要的, 严重的
[电] 严重的",j:100,5,1,zk gk cet4 cet6 ky toefl ielts,807,755,serious
answer,answer,'ɑ:nsә,"n. a statement (either spoken or written) that is made to reply to a question or request or criticism or accusation
n. the speech act of replying to a question
n. the principal pleading by the defendant in response to plaintiff's complaint; in criminal law it consists of the defendant's plea of `guilty' or `not guilty' (or nolo contendere); in civil law it must contain denials of all allegations in the plaintiff's complaint that the defendant hopes to controvert and it can contain affirmative defenses or counterclaims
n. a nonverbal reaction","n. 答案, 回答, 回报, 答辩
vt. 回答, 反驳, 适应, 响应, 符合
vi. 回答, 答应, 负责, 符合, 成功
[计] 用户问题及答案新闻组",i:2/v:48/n:50,5,1,zk gk,808,767,answer
nor,nor,nɒ:,"conj. A negative connective or particle, introducing the second
   member or clause of a negative proposition, following neither, or not,
   in the first member or clause (as or in affirmative propositions
   follows either). Nor is also used sometimes in the first member for
   neither, and sometimes the neither is omitted and implied by the use of
   nor.","conj. 也不, 也没有
[计] 或非",c:100,4,1,zk gk,810,1062,nor
normal,normal,'nɒ:ml,"a. conforming with or constituting a norm or standard or level or type or social norm; not abnormal
a. in accordance with scientific laws
a. being approximately average or within certain limits in e.g. intelligence and development
s. forming a right angle","n. 常态, 标准, 正常, 普通
a. 正常的, 正规的, 标准的, 师范的, 正态的
[计] 标准, 普通",j:99/n:1,4,1,zk gk cet4 cet6 ky toefl ielts,811,1217,normal
indicate,indicate,'indikeit,"v. indicate a place, direction, person, or thing; either spatially or figuratively
v. to state or express briefly
v. suggest the necessity of an intervention; in medicine","vt. 显示, 象征, 指示, 指出
[医] 指示",v:100,4,1,gk cet4 cet6 ky toefl gre,812,785,indicate
forget,forget,fә'get,"v. dismiss from the mind; stop remembering
v. be unable to remember
v. forget to do something
v. leave behind unintentionally","vt. 忘记, 忽略, 忘
vi. 忘记",v:100,4,1,zk gk,813,872,forget
wonder,wonder,'wʌndә,"n. the feeling aroused by something strange and surprising
n. something that causes feelings of wonder
v. have a wish or desire to know something
v. place in doubt or express doubtful speculation","n. 奇迹, 惊奇, 惊愕
vt. 惊奇, 想知道
vi. 惊讶, 怀疑",n:19/j:1/v:80,4,1,zk gk cet4 cet6 ky toefl,815,790,wonder
investment,investment,in'vestmәnt,"n. money that is invested with an expectation of profit
n. the commitment of something other than money (time, energy, or effort) to a project with the expectation of some worthwhile result
n. outer layer or covering of an organ or part or organism
n. the act of putting on robes or vestments","n. 投资
[医] 包埋料, 围模料, 包埋法, 围模法",n:100,4,1,cet4 cet6 ky ielts,816,1040,investment
economy,economy,i'kɒnәmi,"n. the system of production and distribution and consumption
n. the efficient use of resources
n. frugality in the expenditure of money or resources
n. an act of economizing; reduction in cost","n. 经济, 理财, 节约
[医] 经济, 整体",n:100,5,1,cet4 cet6 ky ielts,817,645,economy
army,army,'ɑ:mi,"n. a permanent organization of the military land forces of a nation or state
n. a large number of people united for some specific purpose","n. 军队, 陆军",n:100,5,1,zk gk cet4 ky ielts,818,1539,army
dog,dog,dɒg,"n. a member of the genus Canis (probably descended from the common wolf) that has been domesticated by man since prehistoric times; occurs in many breeds
n. informal term for a man","n. 狗, 坏蛋
vt. 跟踪, 尾随",v:2/n:98,4,1,zk gk,819,753,dog
suffer,suffer,'sʌfә,"v. undergo or be subjected to
v. undergo (as of injuries and illnesses)
v. experience (emotional) pain
v. get worse","vt. 遭受, 经历, 忍受
vi. 受痛苦, 受损害",v:100,4,1,gk cet4 cet6 ky toefl,821,1099,suffer
recently,recently,'ri:sntli,r. in the recent past,adv. 最近,r:100,4,1,cet4 cet6 toefl,822,699,recently
along,along,ә'lɒŋ,"r. with a forward motion
r. in accompaniment or as a companion
r. to a more advanced state
r. in addition (usually followed by `with')","adv. 平行地, 向前
prep. 沿着",i:72/r:28,5,1,zk gk,823,447,along
previous,previous,'pri:viәs,"s. just preceding something else in time or order
s. too soon or too hasty","a. 早先的, 前面的, 过急的
[法] 以前的, 生前的, 前述的",j:100,4,1,cet4 cet6 ky toefl ielts gre,824,1276,previous
maintain,maintain,mein'tein,v. state or assert,"vt. 维持, 维修, 保持, 坚持, 供养, 主张
[化] 维修",v:100,4,1,cet4 cet6 ky toefl ielts,825,922,maintain
husband,husband,'hʌzbәnd,n. a married man; a woman's partner in marriage,"n. 丈夫, 管理人, 节俭的人
vt. 节俭, 使成丈夫, 持有",v:1/n:99,4,1,zk gk gre,826,637,husband
brother,brother,'brʌðә,"n. a male with the same parents as someone else
n. a male person who is a fellow member (of a fraternity or religion or other group)
n. used as a term of address for those male persons engaged in the same movement
n. (Roman Catholic Church) a title given to a monk and used as form of address",n. 兄弟,n:100,5,1,zk gk,827,614,brother
publish,publish,'pʌbliʃ,"v. prepare and issue for public distribution or sale
v. have (one's written work) issued for publication","vt. 出版, 发行, 公开, 发表, 宣传, 公布
vi. 出版, 发行",v:100,4,1,gk cet4 cet6 ky,828,1116,publish
responsibility,responsibility,ri.spɒnsә'biliti,n. a form of trustworthiness; the trait of being answerable to someone for something or being responsible for one's conduct,"n. 责任, 职责, 负担, 可靠性
[化] 职责",n:100,4,1,gk cet4 cet6 ky toefl ielts,830,1067,responsibility
total,total,'tәutl,"v. add up in number or quantity
v. determine the sum of
v. damage beyond the point of repair","a. 全体的, 总的, 全然的
vt. 计算...的总和, 共计为
vi. 合计
n. 总数, 全体, 合计
adv. 统统",j:67/v:8/n:25,5,1,zk gk cet4 cet6 ky ielts,831,1038,total
argument,argument,'ɑ:gjumәnt,"n. a fact or assertion offered as evidence that something is true
n. a discussion in which reasons are advanced for and against some proposition or proposal
n. a summary of the subject or plot of a literary work or play or movie
n. (computer science) a reference or value that is passed to a function, procedure, subroutine, command, or program","n. 争论, 论证, 论据, 自变量
[计] 参数",n:100,4,1,gk cet4 ky ielts,832,1185,argument
season,season,'si:zn,"n. a period of the year marked by special events or activities in some field
n. one of the natural periods into which the year is divided by the equinoxes and solstices or atmospheric conditions
n. a recurrent time marked by major holidays
v. lend flavor to","n. 季节, 时节, 当令期, 时期
vt. 给...调味, 使成熟, 使老练, 缓和
vi. 变干燥",v:1/n:99,5,1,zk gk toefl ielts,833,506,season
anyway,anyway,'eniwei,"r used to indicate that a statement explains or supports a previous statement; anyhow, they're quiet""; anyway, it's gone""; in any case, there was a brief scuffle""
r in any way whatsoever","adv. 无论如何, 至少",r:100,4,1,zk cet4 ky,834,1393,anyway
avoid,avoid,ә'vɒid,"v. stay clear from; keep away from; keep out of the way of someone or something
v. refrain from doing something","vt. 避免, 防止, 撤消
[法] 避免, 回避, 躲开",v:100,4,1,zk gk cet4 ky toefl ielts gre,835,908,avoid
concern,concern,kәn'sә:n,"n. something that interests you because it is important or affects you
n. an anxious feeling
n. a feeling of sympathy for someone or something
n. something or someone that causes anxiety; a source of unhappiness","n. 关心, 忧虑
vt. 与...有关, 使担心, 使挂念",v:14/n:86,5,1,gk cet4 cet6 ky ielts,836,717,concern
bill,bill,bil,"n. a statute in draft before it becomes law
n. an itemized statement of money owed for goods shipped or services rendered
n. a piece of paper money (especially one issued by a central bank)
n. the entertainment offered at a public presentation","n. 帐单, 清单, 钞票, 鸟嘴, 广告, 法案, 票据
vt. 开帐单, (用招贴)宣布",v:5/n:95,4,1,zk gk cet4 ky toefl ielts,837,8026,bill
prime,prime,praim,"n. a number that has no factor but itself and 1
n. the second canonical hour; about 6 a.m.
n. the time of maturity when power and vigor are greatest
v. insert a primer into (a gun, mine, or charge) preparatory to detonation or firing","n. 最佳部分, 初期, 全盛期
a. 主要的, 最初的, 根本的
v. 加油启动, 灌注, 填装",n:1/j:95/v:4,3,0,cet4 cet6 ky toefl ielts gre,838,1667,prime
express,express,ik'spres,"n. mail that is distributed by a rapid and efficient system
n. public transport consisting of a fast train or bus that makes only a few scheduled stops
n. rapid transport of goods
v. give expression to","n. 快车, 快递, 专使
a. 明确的, 丝毫不差的, 专门的, 快的
vt. 表达, 表示, 表露",j:4/v:96,4,1,zk gk cet4 cet6 ky,839,1272,express
suppose,suppose,sә'pәuz,v. express a supposition,"vt. 推想, 假设, 以为, 想像, 假定
vi. 料想",v:100,4,1,zk gk cet4 cet6 ky toefl,840,2161,suppose
significant,significant,sig'nifikәnt,"a. important in effect or meaning
s. fairly large
a. too closely correlated to be attributed to chance and therefore indicating a systematic relation","a. 重要的, 有效的, 有含义的, 暗示的, 值得注意的",j:100,4,1,cet4 cet6 ky toefl ielts gre,841,719,significant
finish,finish,'finiʃ,"n. the place designated as the end (as of a race or journey)
n. designated event that concludes a contest (especially a race)
n. the downfall of someone (as of persons on one side of a conflict)
n. (wine tasting) the taste of a wine on the back of the tongue (as it is swallowed)","n. 完成, 结束, 末道漆, 磨光, 完美
vt. 完成, 结束, 用完, 毁掉
vi. 结束
[计] 完成",n:15/v:85,4,1,zk gk toefl,842,916,finish
element,element,'elimәnt,"n. the most favorable environment for a plant or animal
n. one of four substances thought in ancient and medieval cosmology to constitute the physical universe
n. the situation in which you are happiest and most effective
n. a straight line that generates a cylinder or cone","n. 元件, 元素, 要素
[计] 部分; 成分; 单元; 码元; 元件; 元素; 单元",n:100,4,1,cet4 cet6 ky toefl,843,1214,element
glass,glass,glɑ:s,"n. a brittle transparent solid with irregular atomic structure
n. a container for holding liquids while drinking
n. the quantity a glass will hold
n. glassware collectively","n. 玻璃, 玻璃杯, 透镜
vt. 装玻璃于, 反射, 反映
vi. 成玻璃状",v:1/n:99,4,1,zk gk ielts,844,820,glass
determine,determine,di'tә:min,"v. establish after a calculation, investigation, experiment, survey, or study
v. shape or influence; give direction to
v. fix conclusively or authoritatively
v. fix in scope; fix the boundaries of","v. 决定, 决心",v:100,4,1,gk cet4 cet6 ky toefl,845,773,determine
duty,duty,'dju:ti,"n. the social force that binds you to the courses of action demanded by that force; every opportunity, an obligation; every possession, a duty""- John D.Rockefeller Jr
n. work that you are obliged to perform for moral or legal reasons
n. a government tax on imports or exports","n. 责任, 关税, 职务, 尊敬
[化] 职责",n:100,4,1,zk gk cet4 cet6 ky ielts,846,1752,duty
July,july,dʒu:'lai,n. the month following June and preceding August,n. 七月,,4,1,zk gk ielts,847,0,july
save,save,seiv,"n. (sports) the act of preventing the opposition from scoring
v. to keep up and reserve for personal or special use
v. bring into safety
v. spend less; buy at a reduced price","n. 救球
vt. 解救, 挽救, 储蓄, 保存, 节省, 保留
vi. 挽救, 节省, 救球
prep. 除...之外
[计] 保存",i:4/c:1/n:1/v:94,5,1,zk gk cet4 cet6 ky toefl,848,735,save
tend,tend,tend,"v. have a tendency or disposition to do or be something; be inclined
v. have care of or look after
v. manage or run","vi. 走向, 有某种的倾向, 易于, 照顾, 注意
vt. 照料, 护理",v:100,4,1,gk cet4 cet6 ky gre,849,1039,tend
listen,listen,'lisn,"v. hear with intention
v. listen and pay attention","vi. 听, 倾听, 听从
n. 听, 倾听",n:1/v:99,4,1,zk gk,850,609,listen
leg,leg,leg,"n. a human limb; commonly used to refer to a whole limb but technically only the part of the limb between the knee and ankle
n. a structure in animals that is similar to a human leg and used for locomotion
n. one of the supports for a piece of furniture
n. the limb of an animal used for food","n. 腿, 假腿, 路程
vi. 走, 跑",n:100,4,1,zk gk,851,856,leg
fund,fund,fʌnd,"n. a reserve of money set aside for some purpose
v. convert (short-term floating debt) into long-term debt that bears fixed interest and is represented by bonds
v. place or store up in a fund for accumulation
v. provide a fund for the redemption of principal or payment of interest","n. 基金, 资金, 存款, 财源, 贮藏
vt. 提供资金, 积累",v:16/n:84,5,1,cet4 cet6 ky toefl,852,754,fund
park,park,pɑ:k,"n. a large area of land preserved in its natural state as public property
n. a piece of open land for recreational use in an urban area
n. Scottish explorer in Africa (1771-1806)
n. a gear position that acts as a parking brake","n. 公园, 停车处
vt. 停车, 置于
vi. 停车",v:22/n:78,4,1,zk gk ielts,853,3467,park
suddenly,suddenly,'sʌdәnli,r. happening unexpectedly,"adv. 突然, 意外, 忽然, 迅速, 即席作成, 即刻, 急速",r:100,4,1,cet4 cet6,854,955,suddenly
title,title,'taitl,"n. a heading that names a statute or legislative bill; may give a brief summary of the matters it deals with
n. the name of a work of art or literary composition etc.
n. a general or descriptive heading for a section of a written work
n. an identifying appellation signifying status or function: e.g. `Mr.' or `General'","n. 头衔, 名称, 标题, 书名, 扉页, 权利, 资格, 冠军, 字幕
vt. 授予头衔, 加标题于
[计] 标题",v:13/n:87,4,1,gk cet4 cet6 ky toefl ielts,855,1323,title
treat,treat,tri:t,"n. an occurrence that causes special pleasure or delight
v. interact in a certain way
v. provide treatment for
v. provide with a gift or entertainment","n. 宴请, 款待
vt. 视为, 对待, 论述, 治疗, 款待
vi. 讨论, 谈判, 作东",n:9/v:91,4,1,gk cet4 cet6 ky toefl,856,960,treat
outside,outside,'aut'said,"n. the region that is outside of something
n. the outer side or surface of something
a. relating to or being on or near the outer side or limit
s. originating or belonging beyond some bounds:""the outside world""","n. 外面, 外表, 外界
a. 外面的, 外表的, 外界的
adv. 外面, 外表, 外界",i:54/n:2/r:25/j:19,5,1,zk gk,857,809,outside
summer,summer,'sʌmә,"n. the warmest season of the year; in the northern hemisphere it extends from the summer solstice to the autumnal equinox
n. the period of finest development, happiness, or beauty
v. spend the summer","n. 夏季, 全盛时期
vi. 避暑, 过夏天
[计] 加法器",v:1/n:99,4,1,zk gk ielts,858,619,summer
throughout,throughout,θru:'aut,r. from first to last,"adv. 到处, 贯穿全部地, 自始至终
prep. 遍及, 在各处
[计] 吞吐量",i:96/r:4,4,1,gk cet4 cet6 ky ielts,859,983,throughout
discussion,discussion,dis'kʌʃәn,"n. an extended communication (often interactive) dealing with some particular topic
n. an exchange of views on some topic",n. 讨论,n:100,4,1,zk gk cet4 cet6 ielts,860,1041,discussion
generally,generally,'dʒenәrәli,r. without distinction of one from others,"adv. 通常, 逐渐地, 普遍地",r:100,4,1,cet4 cet6 toefl,861,1202,generally
aspect,aspect,'æspekt,"n. a distinct feature or element in a problem
n. a characteristic to be considered
n. the beginning or duration or completion or repetition of the action of a verb","n. 外观, 方面, 面貌, 方向
[医] 方面, 局面; 外观",n:100,4,1,gk cet4 cet6 ky toefl gre,862,1357,aspect
industrial,industrial,in'dʌstriәl,"a. of or relating to or resulting from industry
a. having highly developed industries
s. employed in industry
s. suitable to stand up to hard wear","a. 工业的, 供工业用的, 工业高度发展的, 产业的
n. 工业工人, 工业股票",j:100,4,1,cet4 cet6 ky toefl ielts,863,1913,industrial
chairman,chairman,'tʃєәmәn,"n the officer who presides at the meetings of an organization
v act or preside as chair, as of an academic department in a university","n. 主席, 会长
[经] 主席",n:100,4,1,zk gk cet4 cet6 ky,864,1372,chairman
nearly,nearly,'niәli,"r (of actions or states) slightly short of or not quite accomplished; all but
r in a close manner","adv. 几乎, 密切地",r:100,4,1,zk gk toefl,865,599,nearly
remove,remove,ri'mu:v,"n. degree of figurative distance or separation; 
v. remove something concrete, as by lifting, pushing, or taking off, or remove something abstract
v. remove from a position or an office
v. shift the position or location of, as for business, legal, educational, or military purposes","vt. 移动, 调动, 除去, 迁移, 开除, 移交
vi. 迁移, 移动, 搬家
n. 班级, 升级, 移动, 搬家, 间距
[计] 删除",n:1/v:99,4,1,gk cet4 cet6 ky toefl gre,866,876,remove
visit,visit,'vizit,"n. the act of going to see some person or place or thing for a short time
n. a meeting arranged by the visitor to see someone (such as a doctor or lawyer) for treatment or advice
n. the act of visiting in an official capacity (as for an inspection)
n. the act of going to see some person in a professional capacity","n. 拜访, 访问, 游览, 视察
vt. 拜访, 访问, 参观, 视察, 降临
vi. 访问, 参观, 闲谈",n:37/v:63,5,1,zk gk,867,905,visit
throw,throw,θrәu,"n. the act of throwing (propelling something with a rapid movement of the arm and wrist)
n. a single chance or instance
n. the maximum movement available to a pivoted or reciprocating piece by a cam
n. bedclothes consisting of a lightweight cloth covering (an afghan or bedspread) that is casually thrown over something","vt. 投, 掷, 抛, 发射, 摔下, 匆匆穿上(或脱下), 抛弃, 摆脱
vi. 丢, 掷, 抛
n. 投掷, 掷骰子, 冒险",n:6/v:94,4,1,zk gk toefl,868,677,throw
baby,baby,'beibi,"n. a very young child (birth to 1 year) who has not yet begun to walk or talk
n. the youngest member of a group (not necessarily young)
n. an unborn child; a human fetus
n. (slang) sometimes used as a term of address for attractive young women","n. 婴孩
[医] 婴儿",v:1/n:99,4,1,zk gk,869,588,baby
sorry,sorry,'sɒri,"a feeling or expressing regret or sorrow or a sense of loss over something done or undone
s bad; unfortunate
s without merit
s causing dejection","a. 难过的, 悲哀的, 遗憾的",j:100,4,1,zk gk,870,1205,sorry
daughter,daughter,'dɒ:tә,n. a female human offspring,"n. 女儿
a. 女儿的",n:100,5,1,zk gk,871,634,daughter
united,united,ju:'naitid,a. characterized by unity; being or joined into a single entity,"a. 联合的, 团结的, 一致的, 和睦的
[法] 联合的, 统一的, 一致的",j:100,3,1,ielts,873,1460,united
box,box,bɒks,"n. a (usually rectangular) container; may have a lid
n. private area in a theater or grandstand where a small group can watch the performance
n. the quantity contained in a box
n. a rectangular drawing","n. 盒子, 箱, 方框, 一巴掌
vt. 装...入盒中, 装箱, 打耳光
vi. 拳击
[计] 方框",v:4/n:96,4,1,zk gk,874,795,box
exist,exist,ig'zist,"v. have an existence, be extant
v. support oneself","vi. 存在, 生存, 发生",v:100,4,1,gk cet4 cet6 ky toefl,875,1016,exist
river,river,'rivә,n. a large natural stream of water (larger than a creek),"n. 河, 江
[法] 河流, 江河, 内河",n:100,4,1,zk gk,876,1327,river
dead,dead,ded,"n. people who are no longer living
n. a time when coldness (or some other quality associated with death) is intense
a. no longer having or seeming to have or expecting to have life
a. not showing characteristics of life especially the capacity to sustain life; no longer exerting force or having energy or heat","a. 死的, 不活泼的, 麻木的, 熄灭的
n. 死者
adv. 完全地, 直接地",r:8/j:92,4,1,zk gk toefl,877,726,dead
customer,customer,'kʌstәmә,n. someone who pays for goods or services,"n. 消费者
[化] 顾客",n:100,4,1,gk cet4 cet6 ky toefl ielts,879,1098,customer
institution,institution,.insti'tju:ʃәn,"n. an organization founded and united for a specific purpose
n. an establishment consisting of a building or complex of buildings where an organization for the promotion of some cause is situated
n. a custom that for a long time has been an important feature of some group or society","n. 机构, 惯例, 制度
[医] 机关, 机构, 设施",n:100,4,1,gk cet4 cet6 ky toefl ielts gre,880,987,institution
encourage,encourage,in'kʌridʒ,"v. inspire with confidence; give hope or courage to
v. spur on","vt. 鼓励, 支持, 激励
[法] 怂恿, 煽动, 助长",v:100,4,1,zk gk cet4 cet6 ky toefl,881,1184,encourage
specific,specific,spi'sifik,"n. a medicine that has a mitigating effect on a specific disease
a. (sometimes followed by `to') applying to or characterized by or distinguishing something particular or special or unique
s. stated explicitly or in detail
a. relating to or distinguishing or constituting a taxonomic species","n. 特效药, 特性
a. 特殊的, 明确的, 具有特效的, 特定地, 具体地",j:95/n:5,4,1,gk cet4 cet6 ky toefl ielts,882,979,specific
appropriate,appropriate,ә'prәupriәt,"v. take possession of by force, as after an invasion
a. suitable for a particular person or place or condition etc","a. 适当的
[经] 适当的, 拨出, 占用",j:90/v:10,3,1,gk cet4 cet6 ky toefl ielts gre,883,1493,appropriate
profit,profit,'prɒfit,"n. the advantageous quality of being beneficial
v. derive a benefit from
v. make a profit; gain money or materially","n. 利润, 赢利, 利益
vi. 有益, 获利, 赚钱
vt. 有益于",v:10/n:90,4,1,gk cet4 cet6 ky toefl ielts,884,1704,profit
reflect,reflect,ri'flekt,"v. manifest or bring back
v. to throw or bend back (from a surface)
v. be bright by reflecting or casting light
v. show an image of","vt. 反射, 反映, 招致, 深思
vi. 被反射, 映出, 深思, 考虑, 指责",v:100,4,1,gk cet4 cet6 ky gre,885,1004,reflect
assume,assume,ә'sju:m,"v. take to be the case or to be true; accept without verification or proof
v. take on titles, offices, duties, responsibilities
v. take on a certain form, attribute, or aspect
v. occupy or take on","vt. 假定, 承担, 呈现
vi. 装腔作势, 僭越",v:100,4,1,gk cet4 cet6 ky toefl ielts gre,886,1091,assume
admit,admit,әd'mit,"v. declare to be true or admit the existence or reality or truth of
v. allow to enter; grant entry to
v. allow participation in or the right to be part of; permit to exercise the rights, functions, and responsibilities of
v. afford possibility","vt. 承认, 接受, 允许进入, 容许
vi. 开向, 容许, 承认",v:100,4,1,gk cet4 ky toefl,887,1089,admit
stone,stone,stәun,"n. building material consisting of a piece of rock hewn in a definite shape for a special purpose
n. an avoirdupois unit used to measure the weight of a human body; equal to 14 pounds
n. the hard inner (usually woody) layer of the pericarp of some fruits (as peaches or plums or cherries or olives) that contains the seed
n. United States jurist who was named chief justice of the United States Supreme Court in 1941 by Franklin D. Roosevelt (1872-1946)","n. 石头, 宝石, 果核, 纪念碑, 结石
vt. 投扔石子, 铺石头
a. 石的, 石制的, 完全的",v:2/n:98,4,1,zk gk cet4 cet6 ky ielts,888,1220,stone
measure,measure,'meʒә,"n. any maneuver made as part of progress toward a goal
n. how much there is or how many there are of something that you can quantify
n. musical notation for a repeating pattern of musical beats
n. a container of some standard capacity that is used to obtain fixed amounts of a substance","n. 尺寸, 量度器, 量度标准, 测量, 量具, 程度, 范围, 限度, 分寸, 措施, 方法
vt. 测量, 测度, 估量, 权衡, 调节, 拿(自己或自己的力量等)作较量
vi. 度量",v:40/n:60,4,1,gk cet4 cet6 ky ielts,889,941,measure
conference,conference,'kɒnfәrәns,"n. a prearranged meeting for consultation or exchange of information or discussion (especially one with a formal agenda)
n. a discussion among participants who have an agreed (serious) topic","n. 会议
[经] 会议, 讨论会, 协商会",n:100,5,1,zk gk cet4 cet6 ky toefl ielts gre,890,965,conference
division,division,di'viʒәn,"n. an army unit large enough to sustain combat
n. the act or process of dividing
n. an administrative unit in government or business
n. discord that splits a group","n. 分, 分开, 除法, 部门(如部、处、系等), 师
[计] 部分",n:100,4,1,gk cet4 cet6 ky toefl,891,1849,division
smile,smile,smail,"n. a facial expression characterized by turning up the corners of the mouth; usually shows pleasure or amusement
v. change one's facial expression by spreading the lips, often to signal pleasure
v. express with a smile","n. 微笑, 喜色, 笑容
vi. 微笑, 觉得好笑
vt. 微笑着表示",n:41/v:59,4,1,zk gk,892,1068,smile
prepare,prepare,pri'pєә,"v. to prepare verbally, either for written or spoken delivery
v. educate for a future role or function
v. lead up to and soften by sounding the dissonant note in it as a consonant note in the preceding chord","vt. 准备, 筹备, 使在思想上有准备, 制造, 调制
vi. 预备",v:100,4,1,zk gk cet4 cet6 ky ielts,893,774,prepare
replace,replace,ri'pleis,"v. substitute a person or thing for (another that is broken or inefficient or lost or no longer working or yielding what is expected)
v. put something back where it belongs","vt. 代替, 替换, 放回, 归还
[计] 替换; DOS外部命令:取代或更新文件",v:100,4,1,gk cet4 cet6 ky toefl,894,1182,replace
procedure,procedure,prә'si:dʒә,"n. a particular course of action intended to achieve a result
n. a mode of conducting legal and parliamentary proceedings","n. 程序, 过程, 手续
[计] 规程; 过程",n:100,3,1,gk cet4 cet6 ky toefl ielts,897,1369,procedure
commission,commission,kә'miʃәn,"n. a fee for services rendered based on a percentage of an amount received or collected or agreed to be paid (as distinguished from a salary)
n. the act of granting authority to undertake certain functions
n. the state of being in good working order and ready for operation
n. a formal statement of a command or injunction to do something","n. 委任状, 任官令, 所委职责, 佣金, 犯, 委托, 所托之事
vt. 委任, 委托制作, 使服役",v:19/n:81,4,1,cet4 cet6 ky toefl ielts gre,898,2379,commission
proposal,proposal,prә'pәuzl,"n. something proposed (such as a plan or assumption)
n. the act of making a proposal","n. 提议, 计划, 求婚
[经] 提案, 申请, 投标",n:100,4,1,cet4 cet6 ky toefl gre,899,1625,proposal
fill,fill,fil,"n. a quantity sufficient to satisfy
v. make full, also in a metaphorical sense
v. become full
v. assume, as of positions or roles","vt. 装满, 填充, 弥漫, 供给, 满足, 供应
vi. 充满, 变得沉重
n. 满足, 装满, 充分, 填方
vt. 填充
vi. 填充
[计] 填充",n:2/v:98,4,1,zk gk,900,686,fill
unless,unless,.ʌn'les,"conj. Upon any less condition than (the fact or thing stated
   in the sentence or clause which follows); if not; supposing that not;
   if it be not; were it not that; except; as, we shall fail unless we are
   industrious.","conj. 除非
prep. 除...之外",c:100,4,1,zk gk cet4 cet6 ky toefl,901,1332,unless
mention,mention,'menʃәn,"n. a remark that calls attention to something or someone
n. an official recognition of merit
v. make reference to
v. commend","n. 提到, 言及, 陈述
vt. 提到, 提及",n:12/v:88,4,1,zk gk toefl,902,971,mention
improve,improve,im'pru:v,"v to make better
v get better","vt. 改良, 提高...的价值, 改善, 利用
vi. 变得更好, 增加",v:100,4,1,zk gk cet4 cet6 ky,903,995,improve
image,image,'imidʒ,"n. an iconic mental representation
n. (mathematics) the set of values of the dependent variable for which a function is defined
n. the general impression that something (a person or organization or product) presents to the public
v. render visible, as by means of MRI","n. 影像, 肖像, 想象, 图像, 形象, 翻版
vt. 作...的像, 反映, 想象, 象征
n. 图像
[计] 图象",v:2/n:98,4,1,cet4 cet6 ky toefl ielts,904,555,image
circumstance,circumstance,'sә:kәmstәns,"n. a condition that accompanies or influences some event or activity
n. information that should be kept in mind when making a decision
n. formal ceremony about important occasions","n. 环境, 状况, 事件",n:100,3,1,gk cet4 cet6 toefl ielts,905,1780,circumstance
oil,oil,ɒil,"n. a slippery or viscous liquid or liquefiable substance not miscible with water
n. oil paint containing pigment that is used by an artist
v. cover with oil, as if by rubbing","n. 油, 石油, 油画颜料
vt. 涂油于, 使融化成油状, 加油于
vi. 加燃油, 融化",v:1/n:99,5,1,zk gk cet4 ky ielts,906,546,oil
client,client,'klaiәnt,n. a person who seeks the advice of a lawyer,"n. 客户, 顾客, 委托人
[计] 客户, 客户机, 客户机程序",n:100,3,1,cet6 ky ielts,907,1157,client
obviously,obviously,'ɔbviәsli,r. unmistakably (`plain' is often used informally for `plainly'),"adv. 显而易见地, 明显地",r:100,4,1,cet4 cet6,908,1278,obviously
sector,sector,'sektә,"n. a plane figure bounded by two radii and the included arc of a circle
n. a social group that forms part of the society or the economy
n. a particular aspect of life or activity
n. the minimum track length that can be assigned to store information; unless otherwise specified a sector of data consists of 512 bytes","n. 扇形, 部门, 部分, 函数尺, 象限仪, 段, 区段
vt. 把...分成扇形
[计] 扇面; 扇区; 段; 区段",n:100,4,1,cet6 ky toefl ielts,909,1974,sector
direction,direction,di'rekʃәn,"n. a line leading to a place or point
n. the spatial relation between something and the course along which it points or moves
n. a general course along which something has a tendency to develop
n. a message describing how something is to be done","n. 方向, 指导, 趋势
[计] 方向; 流向",n:100,4,1,zk gk cet4 cet6 ky,910,928,direction
basic,basic,'beisik,"n. a popular programming language that is relatively easy to learn; an acronym for beginner's all-purpose symbolic instruction code; no longer in general use
n. (usually plural) a necessary commodity for which demand is constant
a. pertaining to or constituting a base or basis
s. reduced to the simplest and most significant form possible without loss of generality","n. 基本原理, 要素, 基本规律
a. 基本的, 碱性的
(计算机)BASIC语言",j:100,4,1,zk gk cet4 ky toefl ielts,911,1144,basic
seat,seat,si:t,"n. a space reserved for sitting (as in a theater or on a train or airplane)
n. furniture that is designed for sitting on
n. any support where you can sit (especially the part of a chair or bench etc. on which you sit)
n. a center of authority (as a city from which authority is exercised)","n. 座, 座位, 位子, 席位, 所在地
vt. 使坐下, 使就座, 为...设座于, 使就职
vi. 安装在底座上",v:13/n:87,4,1,zk gk ielts,912,894,seat
attack,attack,ә'tæk,"n. (military) an offensive against an enemy (using weapons)
n. an offensive move in a sport or game
n. the act of attacking
n. a decisive manner of beginning a musical tone or phrase","n. 攻击, 抨击
vt. 攻击, 抨击, 动手干
vi. 攻击",v:33/n:67,5,1,gk cet4 cet6 ky ielts,913,791,attack
successful,successful,sәk'sesful,a. having succeeded or being marked by a favorable outcome,"a. 成功的, 一帆风顺的, 顺利的
[经] 成功的",j:100,4,1,zk gk cet4 cet6 ky toefl ielts,915,1101,successful
intend,intend,in'tend,"v. have in mind as a purpose
v. design or destine","vt. 计划, 打算, 意思是
[法] 想要, 打算, 意旨",v:100,4,1,gk cet4 cet6 ky,916,1536,intend
fight,fight,fait,"n. the act of fighting; any contest or struggle
n. an intense verbal dispute
n. a boxing or wrestling match
v. fight against or resist strongly","n. 打架, 争吵, 斗志
v. 对抗, 打架",n:29/v:71,5,1,zk gk cet4 cet6 ky,917,676,fight
original,original,ә'ridʒәnl,"n. something that serves as a model or a basis for making copies
s. preceding all others in time or being as first made or performed
s. (of e.g. information) not secondhand or by way of something intermediary
a. being or productive of something fresh and unusual; or being as first made or thought of","a. 最初的, 原始的, 有创意的
n. 原物, 原作",j:96/n:4,4,1,cet4 cet6 ky toefl ielts gre,918,1135,original
miss,miss,mis,"n. a failure to hit (or meet or find etc)
n. a form of address for an unmarried woman
v. fail to perceive or to catch with the senses or the mind
v. feel or suffer from the lack of","n. 失误, 避免, 失败, 小姐
vt. 未得到, 未达到, 未听到, 未觉察, 逃脱, 遗漏, 错过, 思念
vi. 失败, 击不中",n:3/v:97,4,1,zk gk,919,833,miss
attitude,attitude,'ætitju:d,"n. a complex mental state involving beliefs and feelings and values and dispositions to act in certain ways
n. a theatrical pose created for effect
n. position of aircraft or spacecraft relative to a frame of reference (the horizon or direction of motion)","n. 态度, 看法, 姿势
[医] 体态, 姿势, 态度",n:100,4,1,gk cet4 ky,920,1155,attitude
aware,aware,ә'wєә,a. (sometimes followed by `of') having or showing knowledge or understanding or realization or perception,"a. 知道的, 有觉悟的",j:100,4,1,gk cet4 ky toefl ielts,921,1439,aware
military,military,'militәri,"n. the military forces of a nation
a. of or relating to the study of the principles of warfare
a. characteristic of or associated with soldiers or the military
a. associated with or performed by members of the armed services as contrasted with civilians","n. 军队
a. 军事的, 军人的, 适于战争的",j:90/n:10,5,1,cet4 cet6 ky toefl,922,474,military
discover,discover,dis'kʌvә,"v. make a discovery, make a new finding
v. make a discovery
v. see for the first time; make a discovery","vt. 发现, 找到, 暴露
vi. 发现",v:100,4,1,zk gk cet4 cet6 ky,923,956,discover
exactly,exactly,i^'zæktli,"r indicating exactness or preciseness
r just as it should be
r in a precise manner","adv. 确切地, 精确地, 恰好, 完全地, 确实, 恰恰正是, 确实如此",r:100,3,1,gk cet4,924,748,exactly
drop,drop,drɒp,"n. a shape that is spherical and small
n. a small indefinite quantity (especially of a liquid)
n. a sudden sharp decrease in some quantity
n. a predetermined hiding place for the deposit and distribution of illicit goods (such as drugs or stolen property)","n. 滴, 微量, 落下, 空投
vi. 放下, 掉下, 下降
vt. 使滴下, 放下, 丢失, 遗漏
[计] 投入, 投入点, 接入点, 分接点",n:19/v:81,4,1,zk gk cet4 cet6 ky ielts,925,690,drop
push,push,puʃ,"n. the act of applying force in order to move something away
n. the force used in pushing
n. an effort to advance
v. move with force, ""He pushed the table into a corner""","n. 推, 推动, 奋斗, 攻击, 进取心
vt. 推, 推动, 使伸出, 推行, 逼迫, 增加
vi. 推, 推进, 增加, 努力争取",n:7/v:93,4,1,zk gk,926,695,push
hit,hit,hit,"n. (baseball) a successful stroke in an athletic contest (especially in baseball)
n. the act of contacting one thing with another
n. a conspicuous success
n. a dose of a narcotic drug","n. 打击, 打, 冲撞, 讽刺
vt. 打, 打击, 碰撞, 打中, 袭击, 偶然碰上
vi. 打, 打中, 打击, 碰撞, 偶然碰上
[计] 击中; 找到; 瞬时打扰",n:17/j:1/v:82,5,1,zk gk cet4 cet6 ky ielts,927,535,hit
goal,goal,gәul,"n. the state of affairs that a plan is intended to achieve and that (when achieved) terminates behavior intended to achieve it
n. game equipment consisting of the place toward which players of a game try to advance a ball or puck in order to score points
n. a successful attempt at scoring","n. 目标, 终点, 得分, 球门, 守门员
vi. 攻门, 射门得分",n:100,4,1,gk cet4 cet6 ky toefl ielts,930,681,goal
disease,disease,di'zi:z,n. an impairment of health or a condition of abnormal functioning,"n. 疾病, 弊病
[医] [疾]病",n:100,4,1,zk gk cet4 cet6 ky ielts,931,775,disease
yourself,yourself,juә'self,"pron. An emphasized or reflexive form of the pronoun of the
   second person; -- used as a subject commonly with you; as, you yourself
   shall see it; also, alone in the predicate, either in the nominative or
   objective case; as, you have injured yourself.",pron. 你自己,p:100,4,1,zk gk,932,915,yourself
employment,employment,im'plɒimәnt,"n. the state of being employed or having a job
n. the occupation for which you are paid
n. the act of giving someone a job","n. 雇用, 职业, 工作
[经] 职业, 雇用, 职工招请",n:100,3,1,cet4 cet6 ky ielts,933,2534,employment
sign,sign,sain,"n. a perceptible indication of something not immediately apparent (as a visible clue that something has happened)
n. a public display of a message
n. (medicine) any objective evidence of the presence of a disorder or disease
n. a gesture that is part of a sign language","n. 符号, 招牌, 征兆, 正负号, 手势
vt. 签名, 打手势表达
vi. 签名
[计] 正负号; 符号; 符号字符",v:45/n:55,5,1,gk cet4 cet6 ky ielts,935,759,sign
refuse,refuse,ri'fju:z,"v. show unwillingness towards
v. refuse to accept","vt. 拒绝, 谢绝
vi. 拒绝
n. 废物
a. 扔掉的, 无用的",n:3/v:97,4,1,zk gk cet4 cet6 ky toefl,936,1247,refuse
prevent,prevent,pri'vent,"v. keep from happening or arising; make impossible
v. stop (someone or something) from doing something or being in a certain state","v. 预防, 防止, 阻止, 妨碍",v:100,4,1,zk gk cet4 cet6 ky toefl,937,1083,prevent
popular,popular,'pɒpjulә,"a. regarded with great favor, approval, or affection especially by the general public
s. carried on by or for the people (or citizens) at large
s. (of music or art) new and of general appeal (especially among young people)","a. 通俗的, 流行的, 受欢迎的, 大众的, 人民的, 普及的
[经] 大众的, 通俗的, 普及的",j:100,4,1,zk gk cet4 cet6 ky toefl ielts,938,924,popular
October,october,ɒk'tәubә,n. the month following September and preceding November,n. 十月,,4,1,zk gk ielts,940,0,october
affair,affair,ә'fєә,"n. a usually secretive or illicit sexual relationship
n. a vaguely specified social event","n. 事件, 事务, 恋爱事件",n:100,4,1,gk cet4 cet6 ky toefl,941,1364,affair
appeal,appeal,ә'pi:l,"n. attractiveness that interests or pleases or stimulates
n. (law) a legal proceeding in which the appellant resorts to a higher court for the purpose of obtaining a review of a lower court decision and a reversal of the lower court's judgment or the granting of a new trial
v. take a court case to a higher court for review
v. request earnestly (something from somebody); ask for aid or protection","n. 恳求, 诉请, 上诉, 吸引力
vi. 呼吁, 诉请, 要求, 上诉, 有吸引力
vt. 将...上诉",v:36/n:64,4,1,gk cet4 cet6 ky toefl ielts gre,942,1852,appeal
heavy,heavy,'hevi,"n. an actor who plays villainous roles
n. a serious (or tragic) role in a play
a. of comparatively great physical weight or density
a. unusually great in degree or quantity or number","a. 重的, 巨大的, 沉重的, 笨重的, 过度的
adv. 沉重地
n. 重物, 严肃角色",r:1/j:99,4,1,zk gk ielts,943,1005,heavy
beyond,beyond,bi'jɒnd,"r. farther along in space or time or degree
r. on the farther side from the observer
r. in addition","prep. 超过, 在那一边, 迟于
adv. 在远处
n. 更远处",i:90/r:10,4,1,zk gk cet4 ky,944,746,beyond
regard,regard,ri'gɑ:d,"n. (usually plural) a polite expression of desire for someone's welfare
n. a feeling of friendship and esteem
v. look at attentively","n. 关心, 注意, 尊敬, 关系, 问候
vt. 视为, 注意, 考虑, 和...有关, 看待
vi. 注视, 注意",i:23/n:19/v:58,4,1,zk gk cet4 cet6 ky toefl,945,2084,regard
ability,ability,ә'biliti,"n. the quality of being able to perform; a quality that permits or facilitates achievement or accomplishment
n. possession of the qualities (especially mental qualities) required to do something or get something done","n. 能力, 才干
[经] 能力, 才能",n:100,4,1,zk gk cet4 ky toefl ielts,946,783,ability
professional,professional,prә'feʃәnl,"n. a person engaged in one of the learned professions
n. an athlete who plays for pay
a. engaged in a profession or engaging in as a profession or means of livelihood
a. of or relating to or suitable as a profession","n. 专业人才
a. 专业的, 职业的",j:73/n:27,4,1,cet4 cet6 ky toefl ielts,947,1094,professional
holiday,holiday,'hɒlәdi,n. a day on which work is suspended by law or custom,"n. 假日, 假期, 节日
vi. 度假",v:2/n:98,4,1,zk gk ielts,948,1963,holiday
technique,technique,tek'ni:k,n. a practical method or art applied to some particular task,"n. 技巧, 技术, 方法
[化] 工艺方法; 技巧",n:100,4,1,gk cet4 cet6 ky ielts,949,1335,technique
item,item,'aitәm,"n. a distinct part that can be specified separately in a group of things that could be enumerated on a list
n. a whole individual unit; especially when included in a list or collection
r. (used when listing or enumerating items) also","n. 项目, 条款, 一则, 项
[计] 项",r:1/n:99,4,1,cet4 ky ielts,950,1031,item
medium,medium,'mi:diәm,"n. a means or instrumentality for storing or communicating information
n. the surrounding environment
n. an intervening substance through which signals can travel as a means for communication
n. a liquid with which pigment is mixed by a painter","n. 媒体, 方法, 媒介
a. 半生熟的, 中间的
[计] 媒体, 中",j:48/n:52,3,1,gk cet4 cet6 ky toefl ielts gre,951,3241,medium
pupil,pupil,'pju:pl,n. the contractile aperture in the center of the iris of the eye; resembles a large black dot,"n. 学生, 门生, 未成年人, 瞳孔
[医] 瞳孔",n:100,3,1,zk gk toefl ielts,952,5057,pupil
version,version,'vә:ʒәn,"n. an interpretation of a matter from a particular viewpoint
n. something a little different from others of the same type
n. manual turning of a fetus in the uterus (usually to aid delivery)","n. 一种描述, 版本, 译文
[计] 版本",n:100,4,1,gk cet4 cet6 ky toefl ielts,953,1130,version
fish,fish,fiʃ,"n. any of various mostly cold-blooded aquatic vertebrates usually having scales and breathing through gills
n. the flesh of fish used as food
v. seek indirectly
v. catch or try to catch fish or shellfish","n. 鱼, 鱼肉, 鱼类, 接合板
vt. 钓, 钓鱼, 查出, 用接合板连接
vi. 捕鱼, 钓鱼, 用钩捞取, 摸索寻找",v:12/n:88,4,1,zk gk ielts,954,947,fish
maybe,maybe,'meibi:,r by chance,"adv. 也许, 大概
n. 可能性",r:100,4,1,zk gk,955,383,maybe
campaign,campaign,kæm'pein,"n. a series of actions advancing a principle or tending toward a particular end
n. several related operations aimed at achieving a particular goal (usually within geographical and temporal constraints)
n. an overland journey by hunters (especially in Africa)
v. run, stand, or compete for an office or a position","n. 战役, 运动, 竞选运动
vi. 参加运动, 作战",v:8/n:92,5,1,gk cet4 cet6 ky toefl ielts gre,956,640,campaign
okay,okay,әj'kei,r. in a satisfactory or adequate manner; (`alright' is a nonstandard variant of `all right'),"a. 好, 可以, 行, 对, 好吗, 很好
adv. 好, 可以, 行, 对, 好吗, 很好
n. 同意, 签认, 批准, 认可
vt. 同意, 签认, 批准, 认可",r:71/v:1/j:28,4,0,cet4 ky,957,1642,okay
lay,lay,lei,"v. put in a horizontal position
v. prepare or position for action or operation
v. lay eggs
v. impose as a duty, burden, or punishment","vt. 放置, 产, 铺设, 布置, 提出, 平息
vi. 下蛋, 打赌
n. 位置, 层, 隐藏处
a. 世俗的, 外行的
lie的过去式",j:5/v:95,4,1,zk gk cet4 cet6 ky toefl ielts,958,803,lay
teach,teach,ti:tʃ,"n. an English pirate who operated in the Caribbean and off the Atlantic coast of North America (died in 1718)
v. impart skills or knowledge to
v. accustom gradually to some action or attitude","vt. 教, 讲授, 教导, 教育
vi. 教书, 教学, 可以教",v:100,4,1,zk gk,959,545,teach
direct,direct,di'rekt,"v. command with authority
v. guide the actors in (plays and films)
v. be in charge of
v. give directions to; point somebody into a certain direction","a. 直接的, 坦白的
vt. 指示, 指挥, 命令, 导演
vi. 指导, 指挥
adv. 直接地",r:2/j:52/v:46,5,1,zk gk cet4 cet6 ky toefl ielts,960,1478,direct
press,press,pres,"n. the print media responsible for gathering and publishing news in the form of newspapers or magazines
n. a machine used for printing
n. clamp to prevent wooden rackets from warping when not in use
n. any machine that exerts pressure to form or shape or cut materials or extract liquids or compress solids","n. 压, 揿, 按, 人群, 印刷机, 压力, 出版社, 记者, 报刊, 新闻舆论, 紧迫
vt. 压, 压榨, 紧抱, 逼迫, 推进, 强迫征募, 催逼
vi. 压, 重压, 催促, 拥挤, 奋力前进, 受压",v:43/n:57,5,1,gk cet4 cet6 ky gre,961,1178,press
advice,advice,әd'vais,n. a proposal for an appropriate course of action,"n. 忠告, 劝告, 意见, 报道, 通知
[经] 通知书, 通知, 建议",n:100,4,1,zk gk cet4 cet6 ky toefl ielts,962,1641,advice
drug,drug,drʌg,"n. a substance that is used as a medicine or narcotic
v. administer a drug to
v. use recreational drugs","n. 药, 麻药, 麻醉药
vi. 吸毒
vt. 使服麻醉药, 使麻木",v:1/n:99,5,1,zk gk cet4 cet6 ky,963,461,drug
September,september,sep'tembә,n. the month following August and preceding October,n. 九月,,4,1,zk gk ielts,964,0,september
dark,dark,dɑ:k,"n. absence of light or illumination
n. an unenlightened state
a. devoid of or deficient in light or brightness; shadowed or black
a. (used of color) having a dark hue","n. 黑暗, 夜, 黄昏, 模糊
a. 黑暗的, 暗的, 深色的, 隐密的, 模糊的, 无知的",j:73/n:27,4,1,zk gk ielts,966,857,dark
library,library,'laibrәri,"n. a room where books are kept
n. a collection of literary documents or records kept for reference or borrowing
n. a depository built to contain books and other materials for reading and study
n. (computing) a collection of standard programs and subroutines that are stored and available for immediate use","n. 图书馆, 藏书, 库
[计] 库",n:100,3,1,zk gk ielts,967,2129,library
reveal,reveal,ri'vi:l,v. disclose directly or through prophets,"vt. 露出, 显示, 透露, 揭露, 泄露, (神)启示
n. 窗侧, 门侧",n:1/v:99,4,1,cet4 cet6 ky toefl,968,927,reveal
advantage,advantage,әd'vɑ:ntidʒ,"n. the quality of having a superior or more favorable position
n. (tennis) first point scored after deuce
n. benefit resulting from some event or action
v. give an advantage to","n. 优点, 便利, 好处, 优势
vt. 有助于",v:1/n:99,4,1,zk gk cet4 ky,969,1301,advantage
operate,operate,'ɒpәreit,"v. direct or control; projects, businesses, etc.
v. handle and cause to function
v. happen","v. 操作, 运转, 动手术, 活动",v:100,5,1,gk cet4 cet6 ky toefl,970,1309,operate
surface,surface,'sә:fis,"n. the outer boundary of an artifact or a material layer constituting or resembling such a boundary
n. the extended two-dimensional outer boundary of a three-dimensional object
n. the outermost level of the land or sea
n. a superficial aspect as opposed to the real nature of something","n. 面, 表面, 水面, 外表, 平面
a. 表面的, 外观的, 肤浅的, 水面上的
vt. 使成平面, 使浮出水面
vi. 浮出水面, 呈现, 在地面上工作",v:7/n:93,4,1,zk gk toefl ielts,971,1015,surface
cold,cold,kәuld,"n. a mild viral infection involving the nose and respiratory passages (but not the lungs)
n. the sensation produced by low temperatures
a. having a low or inadequate temperature or feeling a sensation of coldness or having been made cold by e.g. ice or refrigeration
a. extended meanings; especially of psychological coldness; without human warmth or emotion","n. 感冒, 寒冷
a. 寒冷的, 冷淡的, 冷静的
adv. 完全地",r:1/j:83/n:16,4,1,zk gk cet4 ky,972,885,cold
immediately,immediately,i'mi:diәtli,"r. without delay or hesitation; with no time intervening
r. near or close by
r. bearing an immediate relation","adv. 直接地, 立刻, 立即",r:100,4,1,zk gk cet4 cet6 toefl,974,1142,immediately
worth,worth,wә:θ,"n. an indefinite quantity of something having a specified value
n. the quality that renders something desirable or valuable or useful
n. French couturier (born in England) regarded as the founder of Parisian haute couture; noted for introducing the bustle (1825-1895)
s. having a specified value","n. 价值, 财产
a. 值...的, 值得的",i:71/n:29,4,1,zk gk,975,1353,worth
ready,ready,'redi,"n. poised for action
a. completely prepared or in condition for immediate action or use or progress
s. (of especially money) immediately available
s. mentally disposed","n. 预备好的状态, 现款
a. 准备好的, 备用的, 可以使用的
adv. 预先, 迅速
vt. 使准备好",n:1/r:2/j:94/v:3,4,1,zk gk toefl gre,976,758,ready
variety,variety,vә'raiәti,"n. (biology) a taxonomic category consisting of members of a species that differ from others of the same species in minor but heritable characteristics
n. a difference that is usually pleasant","n. 多样, 种类, 变种, 杂耍
[化] 变种",n:100,4,1,gk cet4 cet6 ky toefl ielts,977,1171,variety
television,television,'teli.viʒәn,"n. broadcasting visual images of stationary or moving objects
n. a telecommunication system that transmits images of objects (stationary or moving) between distant points","n. 电视
[电] 电视",n:100,4,1,zk gk ielts,978,794,television
memory,memory,'memәri,"n. something that is remembered
n. the cognitive processes whereby past experience is remembered
n. the power of retaining and recalling past experience
n. an electronic memory device","n. 记忆, 记忆力, 回忆, 纪念, 存储
n. 内存
[计] 存储器, 内存, 查看内存实用程序",n:100,4,1,zk gk cet4 cet6 ky toefl,979,891,memory
blood,blood,blʌd,"n. the fluid (red in vertebrates) that is pumped through the body by the heart and contains plasma, blood cells, and platelets
n. temperament or disposition
n. people viewed as members of a group
v. smear with blood, as in a hunting initiation rite, where the face of a person is smeared with the blood of the kill","n. 血, 血统, 流血, 气质, 生命
vt. 使出血, 用血涂",v:1/n:99,4,1,zk gk cet4 ky ielts,980,692,blood
island,island,'ailәnd,"n. a land mass (smaller than a continent) that is surrounded by water
n. a zone or area resembling an island","n. 岛, 岛屿, 孤立地区, 安全岛
vt. 使成岛状, 孤立",n:100,4,1,zk gk cet4 cet6 ky ielts,982,1512,island
culture,culture,'kʌltʃә,"n. a particular society at a particular time and place
n. the tastes in art and manners that are favored by a social group
n. (biology) the growing of microorganisms in a nutrient medium (such as gelatin or agar)
n. the attitudes and behavior that are characteristic of a particular social group or organization","n. 文化, 修养, 耕种
vt. 耕种, 培养",n:100,4,1,zk gk cet4 cet6 ky toefl ielts,983,611,culture
January,january,'dʒænjuәri,n. the first month of the year; begins 10 days after the winter solstice,n. 一月,,4,1,zk gk ielts,984,0,january
green,green,gri:n,"n. green color or pigment; resembling the color of growing grass
n. United States labor leader who was president of the American Federation of Labor from 1924 to 1952 and who led the struggle with the Congress of Industrial Organizations (1873-1952)
n. an environmentalist who belongs to the Green Party
n. a river that rises in western Wyoming and flows southward through Utah to become a tributary of the Colorado River","n. 绿色, 绿色颜料
a. 绿色的, 未成熟的, 新鲜的, 青春的, 无经验的, 脸色发青的",j:72/v:1/n:27,5,1,zk gk ielts gre,985,890,green
useful,useful,'ju:sful,a. being of use or service,"a. 有用的, 有益的
[机] 有用的, 有效的",j:100,4,1,zk gk cet4 cet6 ky ielts,986,2026,useful
depend,depend,di'pend,v. be contingent upon (something that is elided),"vi. 靠, 视...而定, 信赖",v:100,4,1,zk gk cet4 cet6 ky,987,1475,depend
Sunday,sunday,'sʌndi,"n. first day of the week; observed as a day of rest and worship by most Christians
n. United States evangelist (1862-1935)","n. 星期日
a. 星期日的, 业余的
vi. 度星期日",,4,1,zk gk ielts,988,0,sunday
majority,majority,mә'dʒɒriti,"n. the property resulting from being or relating to the greater in number of two parts; the main part
n. (elections) more than half of the votes
n. the age at which persons are considered competent to manage their own affairs","n. 多数, 大半
[计] 多数逻辑",n:100,4,1,gk cet4 cet6 ky toefl ielts,989,1085,majority
extent,extent,ik'stent,"n. the point or degree to which something extends
n. the distance or area or volume over which something extends","n. 范围, 程度, 区域
[计] 范围",n:100,3,1,cet4 cet6 ky toefl ielts,990,1758,extent
enable,enable,i'neibl,v. render capable or able for some task,"vt. 使能够
[计] 允许, 使能, 打开",v:100,3,1,cet4 cet6 ky toefl,991,2192,enable
competition,competition,.kɒmpi'tiʃәn,"n. a business relation in which two parties compete to gain customers
n. the act of competing as for profit or a prize","n. 竞争, 竞赛
[经] 竞争, 竞销, 比赛",n:100,4,1,zk gk cet4 cet6 ky toefl ielts,992,1345,competition
bar,bar,bɑ:,"n. a counter where you can obtain food or drink
n. a rigid piece of metal or wood; usually used as a fastening or obstruction or weapon
n. an obstruction (usually metal) placed at the top of a goal
n. (meteorology) a unit of pressure equal to a million dynes per square centimeter","n. 条, 棒, 酒吧, 栅, 障碍物
vt. 禁止, 阻挡, 妨碍
[计] 棒形图",v:11/n:89,4,1,gk cet4 ky toefl ielts gre,993,991,bar
parliament,parliament,'pɑ:lәmәnt,n. a legislative assembly in certain countries,"n. 国会, 议会
[法] 会议, 国会, 议院",n:100,4,1,cet4 cet6 ky ielts,994,5169,parliament
goods,goods,guds,"n benefit
n moral excellence or admirableness
n that which is pleasing or valuable or useful
n articles of commerce","n. 货物
[经] 货物, 商品, 动产",,4,1,gk cet4 cet6 ky ielts,995,0,goods
speaker,speaker,'spi:kә,"n. someone who expresses in language; someone who talks (especially someone who delivers a public speech or someone especially garrulous)
n. the presiding officer of a deliberative assembly","n. 说话人, 讲演者, 发言人, 喇叭, 扬声器
[计] 扬声器",n:100,3,1,zk gk cet4 cet6 ky ielts,996,2535,speaker
check,check,tʃek,"n. a written order directing a bank to pay money
n. the bill in a restaurant
n. the act of inspecting or verifying
n. a mark left after a small piece has been chopped or broken off of something","n. 检查, 支票, 阻止物, 寄物牌, 象棋中将军
vt. 检查, 阻止, 核对, 寄存, 托运
vi. 逐项相符, 开支票
[计] 复选",n:30/v:70,4,1,zk gk toefl ielts gre,997,854,check
complete,complete,kәm'pli:t,"v. come or bring to a finish or an end; others finished in over 4 hours""
v. bring to a whole, with all the necessary parts or elements
v. complete a pass
v. write all the required information onto a form","a. 完全的, 十足的, 完成的
vt. 完成, 完工, 使圆满",j:44/v:56,5,1,zk gk cet4 cet6 ky toefl ielts,998,1207,complete
access,access,'ækses,"n. the right to obtain or make use of or take advantage of something (as services or membership)
n. a way of entering or leaving
n. a code (a series of characters or digits) that must be entered in some way (typed or dialed or spoken) to get the use of something (a telephone line or a computer or a local area network etc.)
n. (computer science) the operation of reading or writing stored information","n. 通路, 入口, 接近, 进入, 使用权, 发作
vt. 访问, 存取, 接近, 使用
[计] 访问, 存取",v:15/n:85,3,1,gk cet4 cet6 ky toefl ielts gre,999,1113,access
star,star,stɑ:,"n. (astronomy) a celestial body of hot gases that radiates energy derived from thermonuclear reactions in the interior
n. any celestial body visible (as a point of light) from the Earth at night
n. an actor who plays a principal role
n. a plane figure with 5 or more points; often used as an emblem","n. 星, 恒星, 星形物, 运气, 明星
vt. 以星状物装饰, 用星号标, 使成为明星
vi. 变成明星",v:7/j:3/n:90,5,1,zk gk ielts,1001,538,star
text,text,tekst,"n. the words of something written
n. a passage from the Bible that is used as the subject of a sermon
n. the main body of a written work (as distinct from illustrations or footnotes etc.)","n. 文本, 正文, 课文, 主题, 圣经文句, 乐谱
[计] 电文; 文本; 正文",n:100,3,1,zk gk ielts,1002,1289,text
thirty,thirty,'θә:ti,"n. the cardinal number that is the product of ten and three
s. being ten more than twenty","num. 三十, 三十个",m:100,5,0,zk gk,1003,2833,thirty
easily,easily,'i:zili,"r. with ease (`easy' is sometimes used informally for `easily')
r. without question","adv. 容易地, 轻易地, 流利地",r:100,3,1,gk cet4,1004,1211,easily
trouble,trouble,'trʌbl,"n. a source of difficulty
n. an event causing distress or pain
n. an effort that is inconvenient
n. an unwanted pregnancy","n. 烦恼, 麻烦, 困难, 动乱, 故障
vt. 困扰, 麻烦, 使烦恼, 折磨
vi. 烦恼, 费心",v:12/n:88,4,1,zk gk toefl ielts,1005,981,trouble
traditional,traditional,trә'diʃәnl,"a. consisting of or derived from tradition
s. pertaining to time-honored orthodox doctrines","a. 传统的, 惯例的
[经] 传统的, 惯例的",j:100,4,1,zk gk cet4 cet6 ielts,1006,925,traditional
effective,effective,i'fektiv,"a. producing or capable of producing an intended result or having a striking effect
s. able to accomplish a purpose; functioning effectively
s. works well as a means or remedy
s. exerting force or influence","a. 有效的, 有力的, 实际的
n. 有生力量",j:100,4,1,cet4 cet6 ky toefl ielts,1007,1133,effective
payment,payment,'peimәnt,"n. a sum of money paid or a claim discharged
n. the act of paying money","n. 付款, 支付的款项(或实物), 偿还, 报应, 惩罚
[经] 支付, 缴纳, 支付款额",n:100,4,1,cet4 cet6 ky toefl ielts,1009,2106,payment
mouth,mouth,mauθ,"n. the opening through which food is taken in and vocalizations emerge
n. the externally visible part of the oral cavity on the face and the system of organs surrounding the opening
n. an opening that resembles a mouth (as of a cave or a gorge)
n. the point where a stream issues into a larger body of water","n. 嘴, 口, 口腔, 口状物
vi. 装腔作势说话, 做鬼脸
vt. 说出, 做作地说",v:3/n:97,4,1,zk gk toefl,1011,1060,mouth
independent,independent,.indi'pendәnt,"a. free from external control and constraint
a. (of a clause) capable of standing syntactically alone as a complete sentence
s. not controlled by a party or interest group","n. 独立自主者, 无党派者
a. 独立的, 有主见的, 不须依赖的, 不受约束的",j:93/n:7,5,1,gk cet4 cet6 ky toefl,1013,1265,independent
facility,facility,fә'siliti,"n. a building or place that provides a particular service or is used for a particular industry
n. a natural effortlessness
n. something designed and created to serve a particular function and to afford a particular convenience or service
n. a service that an organization or a piece of equipment offers you","n. 容易, 灵巧, 设备
[计] 设施; 设备; 装备",n:100,4,1,cet4 cet6 ky toefl ielts,1014,1297,facility
survey,survey,sә'vei,"n. a detailed critical inspection
v. consider in a comprehensive way
v. look over carefully or inspect
v. make a survey of; for statistical purposes","n. 纵览, 视察, 测量, 俯瞰, 调查
vt. 审视, 视察, 俯瞰, 通盘考虑
vi. 测量土地",v:19/n:81,4,1,cet4 cet6 ky toefl ielts,1015,1241,survey
reference,reference,'refәrәns,"n. the most direct or specific meaning of a word or expression; the class of objects that an expression refers to
n. the act of referring or consulting
n. a publication (or a passage from a publication) that is referred to
n. the relation between a word or phrase and the object or idea it refers to","n. 参考, 索引, 参照
vt. 给...加上参考资料
vt. 引用
vi. 引用
[计] 引用",v:7/n:93,3,1,gk cet4 cet6 ky ielts,1016,1904,reference
context,context,'kɒntekst,"n. discourse that surrounds a language unit and helps to determine its interpretation
n. the set of facts or circumstances that surround a situation or event","n. 上下文, 背景, 来龙去脉
n. 上下文
[计] 上下文",n:100,3,1,cet6 ky toefl ielts gre,1019,1427,context
laugh,laugh,lɑ:f,"n. the sound of laughing
n. a facial expression characteristic of a person laughing
v. produce laughter","n. 笑, 笑声
vi. 笑, 大笑
vt. 以笑表示",n:15/v:85,5,1,zk gk,1021,861,laugh
earlier,earlier,,"s. (comparative and superlative of `early') more early than; most early
r. earlier in time; previously",a. 早的；初期的,,4,0,,1022,0,earlier
extend,extend,ik'stend,"v. make available; provide
v. reach outward in space
v. expand the influence of
v. open or straighten out; unbend","v. 扩充, 延伸, 伸展, 扩大
[计] 扩展",v:100,4,1,cet4 cet6 ky toefl ielts gre,1023,1445,extend
deep,deep,di:p,"n. the central and most intense or profound part
n. literary term for an ocean
a. relatively deep or strong; affecting one deeply
s. marked by depth of thinking","a. 深的
adv. 深入地
n. 深渊, 深处",r:34/j:64/n:2,4,1,zk gk,1024,975,deep
earth,earth,ә:θ,"n. the 3rd planet from the sun; the planet we live on
n. the loose soft material that makes up a large part of the land surface
n. the abode of mortals (as contrasted with Heaven or Hell)
n. once thought to be one of four elements composing the universe (Empedocles)","n. 地球, 泥土, 世界, 尘世
vt. 埋入土中, 赶入洞内
vi. 躲入洞内",n:100,4,1,zk gk,1026,1547,earth
article,article,'ɑ:tikl,"n. nonfictional prose forming an independent part of a publication
n. one of a class of artifacts
n. a separate section of a legal document (as a statute or contract or will)
n. (grammar) a determiner that may indicate the specificity of reference of a noun phrase","n. 文章, 冠词, 物品, 物件, 条款, 契约
[计] 信件",n:100,4,1,zk gk cet4 ky toefl ielts,1027,731,article
object,object,'ɒbdʒekt,"n. a tangible and visible entity; an entity that can cast a shadow
n. (grammar) a constituent that is acted upon
n. the focus of cognitions or feelings
n. (computing) a discrete item that provides a description of virtually anything known to a computer","n. 物体, 目标, 目的, 对象, 宾语, 客体
vi. 反对, 抱反感
vt. 提出...来反对
[计] 对象",v:15/n:85,4,1,zk gk cet4 cet6 ky ielts,1028,1153,object
chair,chair,tʃєә,"n. a seat for one person, with a support for the back
n. a particular seat in an orchestra
v. act or preside as chair, as of an academic department in a university","n. 椅子, 显要的席位, 主席
vt. 使入座, 使就任要职",v:5/n:95,4,1,zk gk ielts,1029,946,chair
possibility,possibility,.pɒsә'biliti,"n. a future prospect or potential
n. capability of existing or happening or being true
n. a possible alternative","n. 可能性, 可能的事
[法] 可能性, 可能发生的事, 不确定权",n:100,4,1,gk cet4 cet6 ky,1030,1195,possibility
involved,involved,in'vɔlvd,"a. connected by participation or association or use
s. entangled or hindered as if e.g. in mire
s. emotionally involved
s. enveloped","a. 难懂的, 复杂的, 不易懂的, 卷入...之中的, 累及..., 与...有关, 被纠缠的
[计] 包含, 涉及",j:100,4,0,toefl,1031,1174,involved
interesting,interesting,'intristiŋ,a. arousing or holding the attention,a. 有趣的,j:100,3,1,zk gk,1032,1072,interesting
means,means,mi:nz,"n. how a result is obtained or an end is achieved
n. an instrumentality for accomplishing some end
n. considerable capital (wealth or income)","n. 方法, 手段, 工具, 财产, 收入
[经] 方法, 手段, 工具; 意谓",,4,1,gk cet4 cet6 ky toefl ielts,1033,0,means
notice,notice,'nәutis,"n. an announcement containing information about an event
n. the act of noticing or paying attention
n. advance notification (usually written) of the intention to withdraw from an arrangement of contract
n. polite or favorable attention","n. 注意, 布告, 通知, 预告, 短评
vt. 注意, 通知, 评论, 提及, 关注
vi. 注意",n:17/v:83,4,1,zk gk cet4 cet6 ky toefl ielts,1034,1044,notice
card,card,kɑ:d,"n. one of a set of small pieces of stiff paper marked in various ways and used for playing games or for telling fortunes
n. a card certifying the identity of the bearer
n. a rectangular piece of stiff paper used to send messages (may have printed greetings or pictures)
n. thin cardboard, usually rectangular","n. 卡片, 纸牌, 节目单, 明信片, 梳棉机
vt. 备置卡片, 记于卡片上, 梳理
[计] 卡片, 卡",v:1/n:99,4,1,zk gk ielts,1035,892,card
agency,agency,'eidʒәnsi,"n. an administrative unit of government
n. a business that serves other businesses
n. the state of being in action or exerting power","n. 代理机构, 经销商, 中介
[化] 办事处",n:100,4,1,gk cet4 ky ielts,1036,694,agency
collection,collection,kә'lekʃәn,"n. several things grouped together or considered as a whole
n. a publication containing a variety of works
n. the act of gathering something together","n. 收集, 采集, (一批)收藏品, 募捐
[医] 收集; 收集品, 标本",n:100,4,1,gk cet4 cet6 ky ielts gre,1038,1045,collection
communication,communication,kә.mju:ni'keiʃәn,"n. the activity of communicating; the activity of conveying information
n. something that is communicated by or to or between people or groups
n. a connection allowing access between persons or places","n. 交流, 交通, 通讯
[计] 通信",n:100,3,1,zk gk cet4 cet6 ky toefl ielts,1039,1250,communication
fifty,fifty,'fifti,"n. the cardinal number that is the product of ten and five
s. being ten more than forty","num. 五十, 五十个",m:100,5,0,zk gk,1041,3038,fifty
considerable,considerable,kәn'sidәrәbl,a. large or relatively large in number or amount or extent or degree,"a. 相当的, 可观的, 重要的",j:100,4,1,cet4 cet6 ky toefl ielts gre,1042,2855,considerable
arise,arise,ә'raiz,"v. originate or come into being
v. rise to one's feet
v. result or issue","vi. 站立, 出现, 起来",v:100,3,1,gk cet4 cet6 ky toefl ielts,1043,2581,arise
species,species,'spi:ʃiz,"n. (biology) taxonomic group whose members can interbreed
n. a specific kind of something","n. 种, 类, 外形
[医] 茶剂; 种",n:100,3,0,cet4 cet6 ky toefl ielts,1044,1141,species
left,left,left,"n. location near or direction toward the left side; i.e. the side to the north when a person or object faces east
n. those who support varying degrees of social or political or economic change designed to promote the public welfare
n. the hand that is on the left side of the body
n. a turn toward the side of the body that is on the north when the person is facing east","a. 左边的, 左倾的, 左侧的, 左派的
adv. 在左面
n. 左, 左面, 左派
leave的过去式和过去分词",r:3/j:89/n:8,3,1,zk gk,1045,771,left
physical,physical,'fizikl,"a. involving the body as distinguished from the mind or spirit
a. relating to the sciences dealing with matter and energy; especially physics
s. having substance or material existence; perceptible to the senses
s. according with material things or natural laws (other than those peculiar to living matter)","a. 身体的, 物质的, 自然的, 物理学的, 好色的
n. 体格检查",j:99/n:1,4,1,gk cet4 cet6 ky ielts,1047,802,physical
supply,supply,sә'plai,"n. an amount of something available for use
n. offering goods and services for sale
v. give something useful or necessary to","n. 补给, 供给, 供应品
vt. 补给, 供给, 提供, 补充
vi. 替代",v:35/n:65,4,1,zk gk cet4 cet6 ky ielts,1048,1494,supply
sister,sister,'sistә,"n. a female person who has the same parents as another person
n. (Roman Catholic Church) a title given to a nun (and used as a form of address)
n. a female person who is a fellow member of a sorority or labor union or other group","n. 姐妹, 姐, 妹, 护士, 修女
vt. 姐妹般对待",n:100,5,1,zk gk,1049,823,sister
examine,examine,ig'zæmin,"v. observe, check out, and look over carefully or inspect
v. question closely","v. 检查, 调查, 考试",v:100,4,1,zk gk cet4 cet6 ky,1050,1165,examine
document,document,'dɒkjumәnt,"n. writing that provides information (especially information of an official nature)
n. anything serving as a representation of a person's thinking by means of symbolic marks
n. a written account of ownership or obligation
v. record in detail","n. 文件, 公文, 文档
vt. 证明, 为...引证
[计] 文档",v:24/n:76,4,1,gk cet4 cet6 ky toefl gre,1052,1389,document
define,define,di'fain,"v. give a definition for the meaning of a word
v. determine the nature of
v. show the form or outline of","vt. 定义, 规定, 使明确
[计] 定义",v:100,3,1,cet4 cet6 ky,1053,1210,define
responsible,responsible,ri'spɒnsәbl,"a. worthy of or requiring responsibility or trust; or held accountable
s. being the agent or cause","a. 有责任的, 负责的, 责任重大的
[法] 应负责任的, 有责任的, 能履行责任的",j:100,4,1,cet4 cet6 ky toefl,1054,1365,responsible
hot,hot,hɒt,"a. used of physical heat; having a high or higher than desirable temperature or giving off heat or feeling or causing a sensation of heat or burning
s. characterized by violent and forceful activity or movement; very intense
a. extended meanings; especially of psychological heat; marked by intensity or vehemence especially of passion or enthusiasm
s. (color) bold and intense","a. 热的, 热心的, 辣的, 热情的, 激动的, 猛烈的, 紧迫的
adv. 热, 紧迫地",r:1/j:99,4,1,zk gk,1055,721,hot
weight,weight,weit,"n. the vertical force exerted by a mass as a result of gravity
n. sports equipment used in calisthenic exercises and weightlifting; it is not attached to anything and is raised and lowered by use of the hands and arms
n. the relative importance granted to something
n. an artifact that is heavy","n. 重, 重量, 体重, 砝码, 重大, 影响, 力量
vt. 加重量于, 压迫, 使加权, 称重量
[计] 粗细",v:3/n:97,4,1,zk gk ielts,1056,954,weight
career,career,kә'riә,"n. the particular occupation for which you are trained
n. the general progression of your working or professional life
v. move headlong at high speed","n. 事业, 生涯, 成功
[法] 职业, 专业, 履历",v:1/n:99,4,1,cet4 ky toefl ielts,1057,741,career
solution,solution,sә'lu:ʃәn,"n. a homogeneous mixture of two or more substances; frequently (but not necessarily) a liquid solution
n. a statement that solves a problem or explains how to solve the problem
n. a method for solving a problem
n. the set of values that give a true statement when substituted into an equation","n. 解决, 解答, 溶液
[化] 溶液",n:100,4,1,cet4 cet6 ky toefl ielts,1058,1221,solution
November,november,nәu'vembә,n. the month following October and preceding December,n. 十一月,,4,1,zk gk ielts,1059,0,november
December,december,di'sembә,n. the last (12th) month of the year,n. 十二月,,4,1,zk gk ielts,1060,0,december
influence,influence,'influәns,"n. a power to affect persons or events especially power based on prestige etc
n. causing something without any direct or apparent effort
n. a cognitive factor that tends to have an effect on what you do
n. the effect of one thing (or person) on another","n. 影响力, 权力, 势力
vt. 影响, 改变",v:44/n:56,4,1,zk gk cet4 cet6 ky ielts,1061,1392,influence
budget,budget,'bʌdʒit,"n. a sum of money allocated for a particular purpose
n. a summary of intended expenditures along with proposals for how to meet them
v. make a budget","n. 预算
vi. 编预算
vt. 编入预算, 安排
a. 廉价的",v:3/n:97,4,1,gk cet4 cet6 ky toefl ielts gre,1062,1054,budget
existing,existing,i^'zistiŋ,"s. presently existing
s. existing in something specified","a. 存在的, 目前的, 现存的, 现有的
[计] 现成的, 已有的, 现存的",j:100,3,0,ielts,1063,2150,existing
software,software,'sɒftwєә,n. (computer science) written programs or procedures or rules and associated documentation pertaining to the operation of a computer system and that are stored in read/write memory,"n. 软件
[计] 软设备",n:100,3,1,gk cet4 cet6 ky,1064,1577,software
fear,fear,fiә,"n. an emotion experienced in anticipation of some specific pain or danger (usually accompanied by a desire to flee or fight)
n. a feeling of profound respect for someone or something
v. be afraid or feel anxious or apprehensive about a possible or probable situation or event
v. be afraid or scared of; be frightened of","n. 恐怖, 害怕, 担心
v. 害怕, 恐惧, 为...担心, 敬畏",v:36/n:64,5,1,zk gk cet4 cet6 ky,1066,985,fear
opinion,opinion,ә'pinjәn,"n. a personal belief or judgment that is not founded on proof or certainty
n. a message expressing a belief about something; the expression of a belief that is held with confidence but not substantiated by positive knowledge or proof
n. the legal document stating the reasons for a judicial decision
n. the reason for a court's judgment (as opposed to the decision itself)","n. 意见, 评价, 主张
[经] 意见",n:100,4,1,gk cet4 cet6 ky toefl ielts,1067,1124,opinion
medical,medical,'medikl,"a. relating to the study or practice of medicine
a. requiring or amenable to treatment by medicine especially as opposed to surgery","n. 医生, 体格检查
a. 医学的, 内科的, 药的",j:99/n:1,4,1,zk gk cet4 cet6 ky ielts,1068,646,medical
hang,hang,hæŋ,"n. the way a garment hangs
n. a gymnastic exercise performed on the rings or horizontal bar or parallel bars when the gymnast's weight is supported by the arms
v. be suspended or hanging
v. cause to be hanging or suspended","n. 悬挂, 诀窍, 意义
vt. 悬挂, 附着, 装饰, 垂下, 踌躇, 绞死, 使悬而未决
vi. 悬着, 垂下, 被绞死, 悬而不决",n:2/v:98,4,1,zk gk cet4 cet6 ky toefl ielts,1069,867,hang
rock,rock,rɒk,"n. a lump or mass of hard consolidated mineral matter
n. material consisting of the aggregate of minerals like those making up the Earth's crust
n. United States gynecologist and devout Catholic who conducted the first clinical trials of the oral contraceptive pill (1890-1984)
n. (figurative) someone who is strong and stable and dependable","n. 岩石, 岩礁, 石头, 基石, 暗礁, 摇动, 摇滚乐
vt. 摇摆, 摇动, 使摇晃, 使动摇
vi. 摇, 摇动",v:13/n:87,4,1,zk gk cet4 cet6 ky ielts,1070,869,rock
district,district,'distrikt,n. a region marked off for administrative or other purposes,"n. 区域, 地方
[医] 地区, 地段",n:100,4,1,gk cet4 cet6 ky toefl gre,1071,1266,district
bird,bird,bә:d,"n. warm-blooded egg-laying vertebrates characterized by feathers and forelimbs modified as wings
n. the flesh of a bird or fowl (wild or domestic) used as food
v. watch and study birds in their natural habitat","n. 鸟, 羽毛球
vi. 打鸟",n:100,4,1,zk gk,1072,1122,bird
damage,damage,'dæmidʒ,"n. the occurrence of a change for the worse
n. loss of military equipment
n. the act of damaging something or someone
v. inflict damage upon","n. 损害, 伤害
v. 损害",v:30/n:70,4,1,gk cet4 cet6 ky ielts,1074,1522,damage
tomorrow,tomorrow,tә'mɒ:rәu,"n. the day after today
n. the near future
r. the next day, the day after, following the present day","n. 明天, 未来
adv. 明天, 未来地",r:99/n:1,4,1,zk gk,1075,1334,tomorrow
shake,shake,ʃeik,"v. move or cause to move back and forth
v. move with or as if with a tremor
v. undermine or cause to waver
v. get rid of","n. 摇动, 震动
vt. 摇动, 动摇, 使震动, 挥舞
vi. 震动, 发抖, 动摇",n:5/v:95,4,1,zk gk cet4 cet6 ky toefl,1076,942,shake
requirement,requirement,ri'kwaiәmәnt,n. required activity,"n. 需求, 必要条件, 要求
[化] 要求; 合同要求",n:100,3,1,gk cet4 cet6 ky toefl ielts,1078,1885,requirement
organization,organization,.ɒ:gәnai'zeiʃәn,"n. a group of people who work together
n. the act of organizing a business or an activity related to a business
n. an ordered manner; orderliness by virtue of being methodical and well organized
n. the activity or result of distributing or disposing persons or things properly or methodically","n. 组织, 结构, 团体, 体制
[医] 组织, 机构, 机化(血栓或坏死组织)",n:100,4,1,gk cet4 cet6 ky ielts,1079,595,organization
extra,extra,'ekstrә,"n. an additional edition of a newspaper (usually to report a crisis)
n. something additional of the same kind
s. added to a regular schedule
s. further or added","n. 额外的事物, 另外的收费
a. 额外的, 特别的
adv. 额外地, 特别地, 非常地",r:4/j:91/n:5,4,1,gk cet4 cet6 ky ielts,1080,1543,extra
edge,edge,edʒ,"n. the boundary of a surface
n. a sharp side formed by the intersection of two surfaces of an object
n. the attribute of urgency in tone of voice
n. a slight competitive advantage","n. 边缘, 尖锐, 刀刃, 优势
vt. 使锐利, 挤进, 镶边
vi. 缓缓移动",v:6/n:94,4,1,zk gk cet4 cet6 ky toefl ielts,1081,977,edge
stock,stock,stɒk,"n. the capital raised by a corporation through the issue of shares entitling holders to an ownership interest (equity)
n. the merchandise that a shop has on hand
n. the handle of a handgun or the butt end of a rifle or shotgun or part of the support of a machine gun or artillery gun
n. the reputation and popularity a person has","n. 树干, 祖先, 血统, 原料, 备料, 库存, 牲畜, 股票, 股份, 保留剧目
a. 存货的, 常备的, 平凡的, 普通的, 股票的, 保留剧目的, 繁殖用的
vt. 装把手于, 进货, 备有, 放牧
vi. 出新芽, 备货, 囤积",v:4/j:2/n:94,5,1,cet4 cet6 ky toefl ielts gre,1082,740,stock
blue,blue,blu:,"n. blue color or pigment; resembling the color of the clear sky in the daytime
n. blue clothing
n. any organization or party whose uniforms or badges are blue
n. any of numerous small butterflies of the family Lycaenidae","n. 蓝色
a. 蓝色的, 下流的, 忧郁的
vt. 染成蓝色
vi. 变蓝",j:86/v:1/n:13,5,1,gk gre,1083,842,blue
exchange,exchange,iks'tʃeindʒ,"n. chemical process in which one atom or ion or group changes places with another
n. a mutual expression of views (especially an unpleasant one)
n. the act of changing one thing for another thing
n. the act of giving something in return for something received","n. 交换, (电话)交换局, 交换机, 汇兑, 交易所
v. 交换, 交易, 兑换
[计] 交换; 电话局",v:21/n:79,4,1,gk cet4 cet6 ky toefl ielts,1084,1513,exchange
quarter,quarter,'kwɒ:tә,"n. a district of a city having some distinguishing character
n. (football, professional basketball) one of four divisions into which some games are divided
n. a unit of time equal to 15 minutes or a quarter of an hour
n. one of four periods into which the school year is divided","n. 四分之一, 一刻钟, 季度, 地区
vt. 四等分, 肢解
vi. 驻扎, 住宿",v:3/n:97,4,1,zk gk toefl ielts,1085,1401,quarter
option,option,'ɒpʃәn,"n. the right to buy or sell property at an agreed price; the right is purchased and if it is not exercised by a stated date the money is forfeited
n. one of a number of things from which only one can be chosen","n. 选择权, 挑选, 选项
[计] 选项",n:100,4,1,cet4 cet6 ky toefl ielts,1086,1102,option
opposition,opposition,.ɒpә'ziʃәn,"n. the relation between opposed entities
n. a contestant that you are matched against
n. a body of people united in opposing something
n. a direction opposite to another","n. 反对, 敌对, 相反, 在野党
[医] 对生, 对向, 反抗, 反对症",n:100,4,1,toefl,1088,1876,opposition
eventually,eventually,i'ventʃuәli,r after an unspecified period of time or an especially long delay,"adv. 最后, 终于",r:100,4,1,gk cet4 cet6 ky toefl ielts,1089,1106,eventually
occasion,occasion,ә'keiʒәn,"n. reason
n. the time of a particular event
n. an opportunity to do something
v. give occasion to","n. 场合, 时机, 机会, 诱因, 理由
vt. 惹起, 引起",v:3/n:97,4,1,cet4 cet6 ky toefl ielts,1090,2262,occasion
highly,highly,'haili,"r. to a high degree or extent; favorably or with much respect
r. at a high rate or wage
r. in a high position or level or rank","adv. 非常, 非常赞许地
[电] 大大地",r:100,4,1,cet4 cet6 ky,1091,1320,highly
arrangement,arrangement,ә'reindʒmәnt,"n. an orderly grouping (of things or persons) considered as a unit; the result of arranging
n. an organized structure for arranging or classifying
n. the act of arranging and adapting a piece of music","n. 排列, 整齐, 安排
[计] 排列",n:100,3,1,gk cet4 toefl,1092,2357,arrangement
radio,radio,'reidiәu,"n. medium for communication
n. a communication system based on broadcasting electromagnetic waves
v. transmit messages via radio waves
a. indicating radiation or radioactivity","n. 无线电, 收音机, 无线电报, 无线电广播, 无线电台
v. 用无线电发送",v:2/n:98,5,1,zk gk ielts,1093,904,radio
executive,executive,ig'zekjutiv,"n. a person responsible for the administration of a business
n. persons who administer the law
a. having the function of carrying out plans or orders etc.","n. 执行部门, 执行委员会, 执行者, 经理主管人员
a. 执行的, 善于执行的, 善于经营的
[计] 执行程序",j:5/n:95,4,1,cet4 cet6 ky toefl ielts,1094,863,executive
target,target,'tɑ:git,"n. a reference point to shoot at
n. the location of the target that is to be hit
n. sports equipment consisting of an object set up for a marksman or archer to aim at
v. intend (something) to move towards a certain goal","n. 目标, 靶子, 指标
vt. 对准, 订指标",v:27/n:73,4,1,gk cet4 cet6 ky toefl ielts,1095,1281,target
aid,aid,eid,"n. a resource
n. the activity of contributing to the fulfillment of a need or furtherance of an effort or purpose
n. money to support a worthy person or cause","n. 帮助, 外援, 助手
vt. 援助, 帮助, 有助于
vi. 帮助
[计] 自动内部诊断",v:21/n:79,5,1,gk cet4 cet6 ky,1096,1640,aid
match,match,mætʃ,"n. lighter consisting of a thin piece of wood or cardboard tipped with combustible chemical; ignites with friction
n. a formal contest in which two or more persons or teams compete
n. a burning piece of wood or cardboard
n. an exact duplicate","n. 比赛, 火柴, 对手
vt. 使相配, 使比赛, 与...竞争
vi. 结婚, 相配
[计] 比较",n:41/v:59,5,1,zk gk toefl ielts,1097,1972,match
railway,railway,'reilwei,n. line that is the commercial organization responsible for operating a system of transportation for trains that pull passengers or freight,"n. 铁路, 轨道
[经] 铁路",n:100,3,1,zk gk ielts,1099,8369,railway
attend,attend,ә'tend,"v. be present at (meetings, church services, university), etc.
v. take charge of or deal with
v. to accompany as a circumstance or follow as a result
v. give heed (to)","vt. 参加, 照料, 伴随
vi. 专心于, 照顾, 服侍, 出席",v:100,4,1,gk cet4 ky toefl ielts,1100,1168,attend
concept,concept,'kɒnsept,n. an abstract or general idea inferred or derived from specific instances,"n. 观念, 概念
[医] 概念",n:100,3,1,gk cet4 cet6 ky toefl,1101,1158,concept
network,network,'netwә:k,"n. an interconnected system of things or people
n. (broadcasting) a communication system consisting of a group of broadcasting stations that all transmit the same programs
n. a system of intersecting lines or channels
n. (electronics) a system of interconnected electronic components or circuits","n. 网络, 广播网, 网状物
[计] 网络",v:2/n:98,4,1,gk cet4 cet6 ky ielts,1102,882,network
lack,lack,læk,n. the state of needing something that is absent or unavailable,"n. 缺乏, 无, 不足
vt. 缺乏, 短少, 不足, 需要
vi. 缺乏",v:37/n:63,4,1,gk cet4 ky ielts,1103,1229,lack
corner,corner,'kɒ:nә,"n. a place off to the side of an area
n. the point where two lines meet or intersect
n. an interior angle formed by two meeting walls
n. the intersection of two streets","n. 角落, 转角, 窘境
vt. 迫至一隅, 垄断, 使陷入绝境
vi. 相交成角, 垄断
[计] 边角",v:3/n:97,4,1,zk gk,1104,1127,corner
sex,sex,seks,"n. either of the two categories (male or female) into which most organisms are divided
n. all of the feelings resulting from the urge to gratify sexual impulses
n. the properties that distinguish organisms on the basis of their reproductive roles
v. tell the sex (of young chickens)","n. 性别, 性欲
vt. 区别...的性别, 引起...的性欲",v:1/n:99,4,1,gk cet4 cet6 ky ielts,1105,814,sex
fly,fly,flai,"n. two-winged insects characterized by active flight
n. an opening in a garment that is closed by a zipper or by buttons concealed under a fold of cloth
n. (baseball) a hit that flies up in the air
n. fisherman's lure consisting of a fishhook decorated to look like an insect","n. 苍蝇, 两翼昆虫, 飞行
vi. 飞, 飞翔, 飘扬, 逃走
vt. 飞, 飞越, 使飘扬, 逃出
a. 敏捷的",n:18/j:2/v:80,5,1,zk gk ielts,1106,943,fly
race,race,reis,"n. any competition
n. a contest of speed
n. people who are believed to belong to the same genetic stock
v. compete in a race","n. 种族, 人种, 赛跑, 比赛, 急流, 人类, 同道, 姜根
vi. 赛跑, 竞赛, 疾走
vt. 与...赛跑, 使疾走, 使猛转
[计] 竞争; 追赶; 欧州高级通信研究开发计划",v:21/n:79,5,1,zk gk cet4 cet6 ky toefl,1107,716,race
forest,forest,'fɒrist,"n. the trees and other plants in a large densely wooded area
n. land that is covered with trees and shrubs","n. 森林, 林区
vt. 植树于",v:1/n:99,3,1,zk gk cet4 cet6 ky ielts,1108,1108,forest
finger,finger,'fiŋgә,"n. any of the terminal members of the hand (sometimes excepting the thumb)
n. the length of breadth of a finger used as a linear measure
n. one of the parts of a glove that provides covering for a finger or thumb
v. feel or handle with the fingers","n. 手指, 指状物, (手套的)手指部分, 指针
v. 用手指拨弄, 伸出
[计] 网络命令",v:4/n:96,4,1,zk gk cet4 cet6 ky,1109,1042,finger
mum,mum,mʌm,"n. secrecy
s. failing to speak or communicate etc when expected to","n. 菊花, 沉默
a. 沉默的
vi. 演哑剧
interj. 别说话",n:100,3,1,,1110,14080,mum
slightly,slightly,'slaitli,r. to a small degree or extent,"adv. 些微地, 苗条地",r:100,4,1,cet4 cet6 toefl,1111,1408,slightly
scene,scene,si:n,"n. the place where some action occurs
n. an incident (real or imaginary)
n. a consecutive series of pictures that constitutes a unit of action in a film
n. a subdivision of an act of a play","n. 场, 情景, 镜头, 发生地点, 道具, 布景, 景色
[化] 现场",n:100,4,1,gk cet4 cet6 ky toefl,1112,738,scene
gain,gain,gein,"n. the amount by which the revenue of a business exceeds its cost of operating
v. obtain advantages, such as points, etc.
v. increase or develop
v. earn on some commercial or business transaction; earn as salary or wages","n. 增益, 获得, 利润, 收获, 增加
vt. 得到, 增进, 赚到
vi. 获利, 增加
[计] 增益",n:35/v:65,4,1,gk cet4 cet6 ky,1113,1253,gain
fully,fully,'fuli,r. to the greatest degree or extent; completely or entirely; (`full' in this sense is used as a combining form),"adv. 十分地, 完全地, 充分地",r:100,4,1,,1114,1495,fully
scale,scale,skeil,"n. an ordered reference standard
n. relative magnitude
n. the ratio between the size of something and a representation of it
n. a specialized leaf or bract that protects a bud or catkin","n. 刻度, 衡量, 比例, 比例尺, 数值范围, 等级, 规模, 天平, 秤, 鳞, 积垢
vt. 依比例决定, 攀登, 测量, 绘制, 刮鳞, 使生垢, 过秤
vi. 剥落, 生水垢, 重量为, 攀登, 衡量
[计] 刻度",v:9/n:91,4,1,cet4 cet6 ky toefl ielts gre,1115,1223,scale
past,past,pɑ:st,"n. the time that has elapsed
n. a earlier period in someone's life (especially one that they have reason to keep secret)
n. a verb tense that expresses actions or states in the past
a. earlier than the present time; no longer current","n. 过去, 昔时, 往事, 早年经历, 过去时
a. 过去的, 结束的, 卸任的, 过去时的
prep. 越过, 晚于, 超越, 超出...的可能性(能力、范围等)
pass的过去分词",i:21/r:8/j:42/n:29,5,1,zk gk,1116,680,past
equipment,equipment,i'kwipmәnt,n. an instrumentality needed for an undertaking or to perform a service,"n. 装备, 设备, 才能
[化] 设备; 装备; 装置",n:100,4,1,gk cet4 cet6 ky toefl ielts,1117,1352,equipment
afternoon,afternoon,'ɑ:ftә'nu:n,n. the part of the day between noon and evening,"n. 午后, 下午",n:100,4,1,zk gk,1118,1191,afternoon
speech,speech,spi:tʃ,"n. (language) communication by word of mouth
n. something spoken
n. the exchange of spoken words","n. 演讲, 说话, 谈话, 言语, 引语, 民族语言
[医] 言语, 语言",n:100,4,1,zk gk cet4 cet6 ky ielts,1119,1100,speech
message,message,'mesidʒ,"n. a communication (usually brief) that is written or spoken or signaled
n. what a communication that is about something is about
v. send a message to
v. send as a message","n. 消息, 通讯, 讯息, 教训, 预言, 广告词
vt. 通知
vi. 通报, 报告, 报信
[计] 报文; 消息; 信息",v:1/n:99,4,1,zk gk cet4 cet6 ky,1120,807,message
ball,ball,bɒ:l,"n. round object that is hit or thrown or kicked in games
n. an object with a spherical shape
n. the people assembled at a lavish formal dance
n. a spherical object used as a plaything","n. 球, 舞会, 球状物
v. 捏成球形",v:1/n:99,4,1,zk gk,1121,912,ball
sport,sport,spɒ:t,"n. an active diversion requiring physical exertion and competition
n. the occupation of athletes who compete for pay
n. (Maine colloquial) a temporary summer resident of Maine
n. a person known for the way she (or he) behaves when teased or defeated or subjected to trying circumstances","n. 运动, 游戏, 娱乐, 消遣, 玩笑
a. 运动的, 户外穿戴的
vi. 游戏, 参加体育运动, 戏弄, 产生变种
vt. 炫耀, 使产生变种",v:4/n:96,4,1,zk gk ielts gre,1122,666,sport
peace,peace,pi:s,"n. the state prevailing during the absence of war
n. harmonious relations; freedom from disputes
n. the absence of mental stress or anxiety
n. the general security of public places","n. 和平, 和约, 治安, 和睦, 安宁, 静寂
vi. 安静下来, 不作声",n:100,5,1,zk gk cet4 ky,1123,933,peace
kitchen,kitchen,'kitʃin,n. a room equipped for preparing meals,"n. 厨房, 全套炊具
[医] 厨房",n:100,4,1,zk gk toefl ielts,1124,1051,kitchen
crime,crime,kraim,"n. (criminal law) an act punishable by law; usually considered an evil act
n. an evil act not necessarily punishable by law","n. 犯罪, 罪行, 罪恶
[法] 犯罪, 罪, 罪恶",n:100,4,1,gk cet4 cet6 ky ielts,1125,828,crime
male,male,meil,"n. an animal that produces gametes (spermatozoa) that can fertilize female gametes (ova)
n. a person who belongs to the sex that cannot have babies
n. the capital of Maldives in the center of the islands
a. being the sex (of plant or animal) that produces gametes (spermatozoa) that perform the fertilizing function in generation","n. 男人, 雄性动物
a. 男性的, 雄性的, 有力的",j:52/n:48,4,1,gk cet4 ky ielts,1126,1530,male
strategy,strategy,'strætidʒi,n. the branch of military science dealing with military command and the planning and conduct of a war,"n. 战略, 策略
[经] 战略, 策略",n:100,4,1,cet4 cet6 ky toefl ielts,1127,844,strategy
review,review,ri'vju:,"n. an essay or article that gives a critical evaluation (as of a book or play)
n. (accounting) a service (less exhaustive than an audit) that provides some assurance to interested parties as to the reliability of financial data
n. a periodical that publishes critical essays on current affairs or literature or art
n. (law) a judicial reexamination of the proceedings of a court (especially by an appellate court)","n. 检讨, 复习, 回顾, 检阅, 评论
vt. 温习, 检讨, 评论, 再检察, 复审
vi. 复习功课, 写评论",v:38/n:62,4,1,zk gk cet4 cet6 ky toefl ielts,1128,1384,review
employee,employee,.emplɒi'i:,n. a worker who is hired to perform a job,"n. 职员, 员工, 受雇人员
[化] 职工; 雇员",n:100,4,1,cet4 cet6 ky toefl ielts,1129,930,employee
interested,interested,'intristid,a. having or showing interest; especially curiosity or fascination or concern,"a. 感兴趣的
[法] 有利害关系的, 有股份的, 偏私的",j:100,4,1,,1131,1280,interested
travel,travel,'trævl,"n. the act of going from one place to another
v. change location; move, travel, or proceed, also metaphorically
v. undertake a journey or trip
v. make a trip for pleasure","n. 旅行, 游历, 行进
vi. 旅行, 行进, 移动, 被传播
vt. 旅行, 通过, 使移动",n:35/v:65,4,1,zk gk ielts,1132,1081,travel
otherwise,otherwise,'ʌðәwaiz,"s. other than as supposed or expected
r. in other respects or ways","adv. 否则, 不同地, 别的方式",r:100,4,1,gk cet4 cet6 ky ielts,1133,1527,otherwise
hill,hill,hil,"n. a local and well-defined elevation of the land
n. United States railroad tycoon (1838-1916)
n. risque English comedian (1925-1992)
v. form into a hill","n. 小山, 丘陵, 小土堆
vt. 作成土堆, 堆成小丘",n:100,3,1,zk gk,1134,1800,hill
hardly,hardly,'hɑ:dli,r. almost not,"adv. 刚刚, 几乎不, 勉强是",r:100,4,1,zk gk cet4 cet6 ky toefl,1135,1741,hardly
below,below,bi'lәu,"r. in or to a place that is lower
r. at a later place
r. (in writing) see below","prep. 在下面
adv. 在下面",i:41/r:59,4,1,zk gk toefl,1136,1450,below
status,status,'steitәs,n. the relative position or standing of things or especially persons in a society,"n. 状态, 情形, 地位, 要人身份
[计] 状态",n:100,4,1,gk cet4 cet6 ky toefl ielts gre,1137,1215,status
perform,perform,pә'fɒ:m,"v. carry out or perform an action
v. perform a function
v. give a performance (of something)","vt. 进行, 履行, 完成, 执行, 表演
vi. 行动, 工作, 执行, 演出",v:100,4,1,gk cet4 cet6 ky toefl,1138,953,perform
expression,expression,ik'spreʃәn,"n. the feelings expressed on a person's face
n. expression without words
n. the communication (in speech or writing) of your beliefs or opinions
n. (genetics) the process of expressing a gene","n. 表达, 表现, 词语, 措辞
[计] 表达式",n:100,3,1,gk cet4 cet6 ky,1139,1533,expression
tea,tea,ti:,"n. a beverage made by steeping tea leaves in water
n. a light midafternoon meal of tea and sandwiches or cakes
n. a tropical evergreen shrub or small tree extensively cultivated in e.g. China and Japan and India; source of tea leaves
n. a reception or party at which tea is served","n. 茶, 茶叶
[医] 茶, 茶剂, 浸剂",n:100,4,1,zk gk ielts,1140,2164,tea
Christmas,christmas,'krismәs,"n. period extending from Dec. 24 to Jan. 6
n. a Christian holiday celebrating the birth of Christ; a quarter day in England, Wales, and Ireland",n. 圣诞节,,4,0,zk gk cet4 ky,1142,1232,christmas
sale,sale,seil,"n. a particular instance of selling
n. the general activity of selling
n. an occasion (usually brief) for buying at specially reduced prices
n. the state of being purchasable; offered or exhibited for selling","n. 出售, 卖, 拍卖, 销售额, 廉价出售
[经] 卖, 出售; 销售(货)",n:100,5,1,zk gk cet4 cet6 ky toefl ielts,1143,2234,sale
partner,partner,'pɑ:tnә,"n. a person who is a member of a partnership
v. provide with a partner
v. act as a partner","n. 合伙人, 股东, 伙伴, 伴侣
vt. 与...合伙, 组成一对
vi. 做伙伴, 当助手",v:4/n:96,4,1,gk cet4 cet6 ky,1144,1048,partner
band,band,bænd,"n. instrumentalists not including string players
n. a stripe or stripes of contrasting color
n. an adornment consisting of a strip of a contrasting color or material
n. a range of frequencies between two limits","n. 带子, 队, 乐队
v. 联合, 结合
[计] 频带; 波段; 区",v:5/n:95,4,1,gk cet4 ky toefl ielts gre,1145,1277,band
failure,failure,'feiljә,"n. an act that fails
n. an event that does not accomplish its intended purpose
n. lack of success
n. a person with a record of failing; someone who loses consistently","n. 失败, 失败者, 不足, 缺乏, 破产
[计] 故障; 失效",n:100,4,1,gk cet4 ky ielts,1147,1360,failure
reader,reader,'ri:dә,"n. a person who enjoys reading
n. a person who can read; a literate person
n. one of a series of texts for students learning to read","n. 读者, 读物, 文选, 校对人, 讲师
[计] 阅读程序; 阅读器",n:100,4,1,cet4 cet6 ky,1148,1268,reader
shoulder,shoulder,'ʃәuldә,"n. the part of the body between the neck and the upper arm
n. a cut of meat including the upper joint of the foreleg
n. a ball-and-socket joint between the head of the humerus and a cavity of the scapula
n. the part of a garment that covers or fits over the shoulder","n. 肩, 肩膀, 衣肩
vt. 肩负, 负担, 担任
vi. 用肩推挤",v:4/n:96,4,1,zk gk cet4 cet6 ky gre,1149,986,shoulder
fair,fair,fєә,"n. gathering of producers to promote business
n. a competitive exhibition of farm products
v. join so that the external surfaces blend smoothly
a. free from favoritism or self-interest or bias or deception; conforming with established standards or rules","n. 展览会, 市集, 美好的事物
a. 公平的, 按规则进行的, 不好不坏的, 晴朗的, 美丽的
adv. 公平地, 正面地, 有教养地, 清楚地
vi. 转晴",r:4/j:91/v:2/n:3,4,1,zk gk cet4 cet6 ky toefl,1150,1484,fair
protect,protect,prә'tekt,"v. shield from danger, injury, destruction, or damage
v. use tariffs to favor domestic industry","vt. 防卫, 保护, 警戒
[法] 庇护, 保护, 警戒",v:100,4,1,zk gk cet4 cet6 ky,1151,749,protect
truth,truth,tru:θ,"n. a fact that has been verified
n. conformity to reality or actuality
n. a true statement
n. United States abolitionist and feminist who was freed from slavery and became a leading advocate of the abolition of slavery and for the rights of women (1797-1883)","n. 事实, 实情
[法] 真实, 真相, 事实",n:100,4,1,zk gk cet4 cet6 ky toefl,1152,850,truth
owner,owner,'әunә,"n. (law) someone who owns (is legal possessor of) a business
n. a person who owns something","n. 拥有者, 物主, 所有人
[经] 所有者, 物主, 业主",n:100,4,1,zk gk cet4 cet6 ky,1153,1021,owner
marriage,marriage,'mæridʒ,"n. the state of being a married couple voluntarily joined for life (or until divorce)
n. two people who are married to each other
n. the act of marrying; the nuptial ceremony
n. a close and intimate union","n. 婚姻, 结婚, 婚礼, 合并
[医] 婚姻, 结婚",n:100,4,1,zk gk cet4 cet6 ky,1154,1011,marriage
essential,essential,i'senʃәl,"s. absolutely necessary; vitally necessary
a. basic and fundamental
a. being or relating to or containing the essence of a plant etc","n. 要素, 要点, 本质
a. 必要的, 重要的, 本质的
[计] 本质冒险",j:94/n:6,4,1,cet4 cet6 ky toefl ielts gre,1155,1949,essential
confirm,confirm,kәn'fә:m,"v. establish or strengthen as with new evidence or facts
v. strengthen or make more firm
v. make more firm
v. support a person for a position","vt. 证实, 确定, 批准, 使巩固
[计] 确认",v:100,4,1,gk cet4 cet6 ky toefl ielts gre,1156,1851,confirm
adopt,adopt,ә'dɒpt,"v. choose and follow; as of theories, ideas, policies, strategies or plans
v. take up and practice as one's own
v. take into one's family","vt. 采用, 正式通过, 收养, 接受
[医] 采取",v:100,4,1,gk cet4 cet6 ky toefl ielts gre,1157,1632,adopt
civil,civil,'sivәl,"s. applying to ordinary citizens as contrasted with the military
a. not rude; marked by satisfactory (or especially minimal) adherence to social usages and sufficient but not noteworthy consideration for others
a. of or occurring within the state or between or among citizens of the state
a. of or relating to or befitting citizens as individuals","a. 市民的, 公民的, 有礼貌的
[法] 公民的, 国民的, 民用的",j:100,4,1,gk cet4 cet6 ky toefl gre,1158,1050,civil
Saturday,saturday,'sætәdi,n. the seventh and last day of the week; observed as the Sabbath by Jews and some Christians,n. 星期六,,4,1,zk gk ielts,1159,0,saturday
trust,trust,trʌst,"n. something (as property) held by one party (the trustee) for the benefit of another (the beneficiary)
n. the trait of believing in the honesty and reliability of others
n. a consortium of independent organizations formed to limit competition by controlling the production and distribution of a product or service
v. have confidence or faith in","n. 信任, 信赖, 相信, 受托, 职责, 信心, 托拉斯
a. 信托的, 托拉斯的
vt. 信赖, 信任, 相信, 盼望, 赊卖给
vi. 相信, 信赖, 依靠
[计] 委托, 信任",n:44/v:56,4,1,zk gk cet4 cet6 ky,1160,1841,trust
beautiful,beautiful,'bju:tiful,"a. delighting the senses or exciting intellectual or emotional admiration
s. (of weather) highly enjoyable",a. 美丽的,j:100,4,1,zk gk ielts,1161,992,beautiful
newspaper,newspaper,'nju:z.peipә,"n. a daily or weekly publication on folded sheets; contains news and articles and advertisements
n. a business firm that publishes newspapers
n. the physical object that is the product of a newspaper publisher
n. cheap paper made from wood pulp and used for printing newspapers",n. 报纸,n:100,4,1,zk gk ielts,1164,1064,newspaper
safety,safety,'seifti,"n. the state of being certain that adverse effects will not be caused by some agent under defined conditions
n. a safe place
n. a score in American football; a player is tackled behind his own goal line","n. 安全, 保险, 平安, 保安设备
vt. 保护, 防护",n:100,4,1,zk gk cet4 cet6 ky ielts,1165,1132,safety
trial,trial,'traiәl,"n. trying something to find out about it
n. (law) the determination of a person's innocence or guilt by due process of law
n. (sports) a preliminary competition to determine qualifications
n. an annoying or frustrating or catastrophic event","n. 审判, 试验, 艰苦, 麻烦事, 考验
a. 审讯的, 试验性的",v:1/n:99,4,1,gk cet4 cet6 ky toefl ielts,1166,898,trial
farm,farm,fɑ:m,"n. workplace consisting of farm buildings and cultivated land as a unit
v. be a farmer; work as a farmer
v. collect fees or profits","n. 农场, 农田
vt. 耕种
vi. 种田",v:4/n:96,4,1,zk gk ielts,1167,1258,farm
sentence,sentence,'sentәns,"n. a string of words satisfying the grammatical rules of a language
v. pronounce a sentence on (somebody) in a court of law","n. 句子, 命题, 宣判
vt. 宣判, 判决
[计] 句子",v:21/n:79,4,1,zk gk cet4 cet6 ky toefl,1168,2036,sentence
file,file,fail,"n. a set of related records (either written or electronic) kept together
n. a line of persons or things ranged one behind the other
n. office furniture consisting of a container for keeping papers in order
n. a steel hand tool with small sharp teeth on some or all of its surfaces; used for smoothing wood or metal","n. 档案, 公文箱, 文件夹, 文件, 卷宗, 锉刀
vi. 列队行进, 用锉刀做
vt. 归档, 申请, 锉, 琢磨
[计] 文件",v:49/n:51,4,1,gk cet4 ky toefl ielts gre,1170,1745,file
primary,primary,'praimәri,"n. a preliminary election where delegates or nominees are chosen
n. one of the main flight feathers projecting along the outer edge of a bird's wing
n. (astronomy) a celestial body (especially a star) relative to other objects in orbit around it
a. of first rank or importance or value; direct and immediate rather than secondary","n. 最主要者, 原色
a. 主要的, 初期的, 根本的, 原始的, 首要的, 基本的
[计] 初等量; 主要的; 一次的",j:76/n:24,3,1,zk gk cet4 cet6 ky toefl ielts,1172,1504,primary
obvious,obvious,'ɒbviәs,a. easily perceived by the senses or grasped by the mind,"a. 明显的, 明白的, 显然的, 平淡无奇的",j:100,4,1,gk cet4 cet6 ky toefl ielts gre,1173,1689,obvious
length,length,leŋθ,"n. the linear extent in space from one end to the other; the longest dimension of something that is fixed in place
n. the property of being the extent of something from beginning to end
n. a section of something that is long and narrow","n. 长度, 长, 期间, 一段
[计] 记录长度; 块长; 字长",n:100,4,1,gk cet4 cet6 ky ielts,1174,1855,length
copy,copy,'kɒpi,"n. a thing made to be similar or identical to another thing
n. matter to be printed; exclusive of graphical materials
n. material suitable for a journalistic account
v. copy down as is","n. 副本, 摹仿, 一册
v. 复印, 抄袭, 复制
[计] 副本; 复制; DOS内部命令:复制文件
将几个文件合并成一个文件, 以及将文件传至外设或在设备之间传送",v:22/n:78,4,1,zk gk toefl ielts,1175,1927,copy
balance,balance,'bælәns,"n. a state of equilibrium
n. equality between the totals of the credit and debit sides of an account
n. equality of distribution
n. the difference between the totals of the credit and debit sides of an account","n. 平衡, 差额
vi. 平衡, 相等
vt. 称, 权衡, 比较, 使平衡, 结算, 抵消",v:35/n:65,4,1,gk cet4 ky toefl ielts,1176,1631,balance
nation,nation,'neiʃәn,"n. the people who live in a nation or country
n. United States prohibitionist who raided saloons and destroyed bottles of liquor with a hatchet (1846-1911)
n. a federation of tribes (especially Native American tribes)","n. 国家, 民族
[法] 民族, 国家",n:100,5,1,gk cet4 cet6 ky,1177,412,nation
branch,branch,bræntʃ,"n. a division of some larger or more complex organization
n. a division of a stem, or secondary stem arising from the main stem of a plant
n. a part of a forked or branching shape
n. a stream or river connected to a larger one","n. 树枝, 支店, 支流, 分部
vi. 分支, 出枝
vt. 分割, 用枝状叶脉刺绣花纹装饰
[计] 分支, 目录分支",v:6/n:94,3,1,gk cet4 ky ielts,1178,1807,branch
wind,wind,wind,"n. air moving (sometimes with considerable force) from an area of high pressure to an area of low pressure
n. a tendency or force that influences events
n. breath
n. empty rhetoric or insincere or exaggerated talk","n. 风, 气息, 气味, 呼吸, 风声, 趋势, 空谈, 卷绕, 弯曲
vt. 使通风, 嗅出, 使喘气, 吹号角, 上发条, 缠绕, 包, 绞起, 吊起, 使弯曲, 使迂回
vi. 嗅出猎物, 吹响号角, 卷曲, 蜿蜒, 迂回, 缠绕",v:25/n:75,4,1,zk gk ielts,1179,1092,wind
league,league,li:g,"n. an association of sports teams that organizes matches for its members
n. an association of states or organizations or individuals for common action
n. an obsolete unit of distance of variable length (usually 3 miles)
v. unite to form a league","n. 同盟, 联盟, 盟约
v. 组联盟, (使)加盟",n:100,4,1,gk toefl,1181,1951,league
none,none,nʌn,"n. a canonical hour that is the ninth hour of the day counting from sunrise
n. a service in the Roman Catholic Church formerly read or chanted at 3 PM (the ninth hour counting from sunrise) but now somewhat earlier
s. not any
r. not at all or in no way","adv. 一点也不, 毫不
pron. 没有人, 无一物, 并无一个
a. 没有的",p:99/r:1,4,1,zk gk,1182,1086,none
doubt,doubt,daut,"n. the state of being unsure of something
n. uncertainty about the truth or factuality or existence of something
v. consider unlikely or have doubts about
v. lack confidence in or have doubts about","n. 怀疑, 疑惑
v. 怀疑, 不信",v:36/n:64,4,1,zk gk cet4 cet6 ky toefl,1183,1906,doubt
pain,pain,pein,"n. a symptom of some physical hurt or disorder
n. emotional distress; a fundamental feeling that people try to avoid
n. a somatic sensation of acute discomfort
n. a bothersome annoying person","n. 痛苦, 疼痛, 辛苦
vt. 使痛苦, 痛苦
vi. 作痛, 疼",v:2/n:98,4,1,gk cet4 cet6 ky,1184,937,pain
front,front,frʌnt,"n. the side that is forward or prominent
n. the outward appearance of a person
n. the side that is seen or that goes first
n. a sphere of activity involving effort","n. 前面, 开头, 前线, 阵线, 态度
vt. 面对, 朝向, 对抗
vi. 朝向",i:38/r:2/j:33/v:2/n:25,5,1,zk gk,1185,1087,front
train,train,trein,"n. public transport provided by a line of railway cars coupled together and drawn by a locomotive
n. a series of consequences wrought by an event
n. piece of cloth forming the long back section of a gown that is drawn along the floor
v. create by training and teaching","n. 火车, 列车, 行列, 长队, 一连串的后果, 顺序
vt. 训练, 教育, 对准
vi. 受训练, 锻炼",n:48/v:52,4,1,zk gk ielts,1186,1516,train
accident,accident,'æksidәnt,"n. an unfortunate mishap; especially one causing damage or injury
n. anything that happens suddenly or by chance without an apparent cause","n. 意外事件, 机遇, 事故, 次要方面
[化] 意外事故; 事故",n:100,3,1,zk gk cet4 ky toefl,1187,1707,accident
February,february,'februәri,n. the month following January and preceding March,n. 二月,,4,1,zk gk,1188,0,february
spirit,spirit,'spirit,"n. the vital principle or animating force within living things
n. the general atmosphere of a place or situation and the effect that it has on people
n. a fundamental emotional and activating principle determining one's character
n. any incorporeal supernatural being that can become visible (or audible) to human beings","n. 精神, 心灵, 灵魂, 态度, 志气, 人格, 情绪, 心情, 烈酒
vt. 诱拐, 鼓励, 鼓舞",v:2/n:98,4,1,zk gk cet4 cet6 ky toefl,1189,1180,spirit
studio,studio,'stju:diәu,"n. workplace for the teaching or practice of an art
n. workplace consisting of a room or building where movies or television shows or radio programs are produced and recorded","n. 工作室, 画室, 演播室, 电影制片厂",n:100,4,1,gk cet6 ky toefl ielts gre,1191,1515,studio
stare,stare,stєә,"n. a fixed look with eyes open wide
v. fixate one's eyes","vi. 注视, 凝视, 瞪视, 显眼
vt. 盯
n. 凝视",n:7/v:93,3,1,gk cet4 cet6 ky toefl,1192,1131,stare
environmental,environmental,in.vaiәrәn'mentәl,"a. of or relating to the external conditions or surroundings
a. concerned with the ecological effects of altering the environment","a. 周围的, 环境的
[经] 环境的, 环保的",j:100,4,1,cet6 ielts,1193,819,environmental
strength,strength,streŋθ,"n. the property of being physically or mentally strong
n. the condition of financial success","n. 力量, 实力, 强度, 浓度, 人数, 抵抗力
[化] 强度",n:100,4,1,gk cet4 cet6 ky toefl ielts,1194,1275,strength
normally,normally,'nɒ:mәli,r. under normal conditions,"adv. 正规地, 合规则, 正常地",r:100,3,1,cet4 cet6 toefl,1195,2588,normally
contact,contact,'kɒntækt,"n. close interaction
n. the act of touching physically
n. the state or condition of touching or of being in immediate proximity
n. the physical coming together of two or more things","n. 联系, 交际, 熟人, 接触
vi. 接触, 联系
vt. 使接触",v:38/n:62,4,1,cet4 cet6 ky toefl ielts gre,1196,1480,contact
imagine,imagine,i'mædʒin,v. form a mental image of something that is not present or that is not the case,"vt. 想像, 设想, 猜测
vi. 想像起来",v:100,4,1,zk gk cet4 cet6 ky toefl,1197,909,imagine
positive,positive,'pɒzitiv,"n. the primary form of an adjective or adverb; denotes a quality without qualification, comparison, or relation to increase or diminution
n. a film showing a photographic image whose tones correspond to those of the original subject
a. characterized by or displaying affirmation or acceptance or certainty etc.
a. indicating existence or presence of a suspected condition or pathogen","a. 肯定的, 积极的, 有把握的
[医] 正的, 阳性的",j:98/n:2,4,1,cet4 cet6 ky toefl ielts,1198,1049,positive
official,official,ә'fiʃәl,"n. a worker who holds or is invested with an office
n. someone who administers the rules of a game or sport
a. having official authority or sanction
a. of or relating to an office","n. 官员, 公务员, 职员
a. 公务的, 官方的, 正式的",j:20/n:80,5,1,gk cet4 cet6 ky toefl,1199,526,official
shape,shape,ʃeip,"n. any spatial attributes (especially as defined by outline)
n. the spatial arrangement of something as distinct from its substance
n. a concrete representation of an otherwise nebulous concept
v. make something, usually for a specific function","n. 形状, 形态, 外形, 形式, 身材
vt. 定形, 使成形, 塑造, 计划, 使符合
vi. 成形, 形成, 成长
[计] 形状",v:32/n:68,4,1,zk gk cet4 cet6 ky,1200,1267,shape
transport,transport,træns'pɒ:t,"n. an exchange of molecules (and their kinetic energy and momentum) across the boundary between adjacent layers of a fluid or across cell membranes
v. move something or somebody around; usually over long distances
v. move while supporting, either in a vehicle or in one's hands or on one's body
v. transport commercially","n. 运输, 运输工具, 激动, 狂喜, 流放犯
vt. 传送, 运输, 流放
[计] 传送",n:50/v:50,4,1,gk cet4 cet6 ky ielts gre,1202,4640,transport
cash,cash,kæʃ,"n. money in the form of bills or coins
n. prompt payment for goods or services in currency or by check
n. United States country music singer and songwriter (1932-2003)
v. exchange for cash","n. 现金
vt. 兑现",v:11/n:89,4,1,gk cet4 ky ielts,1204,1722,cash
gas,gas,gæs,"n. the state of matter distinguished from the solid and liquid states by: relatively low density and viscosity; relatively great expansion and contraction with changes in pressure and temperature; the ability to diffuse readily; and the spontaneous tendency to become distributed uniformly throughout any container
n. a fluid in the gaseous state having neither independent shape nor volume and being able to expand indefinitely
v. attack with gas; subject to gas fumes","n. 气体, 汽油, 瓦斯
[化] 气体; 煤气; 瓦斯; 毒气",v:1/n:99,4,1,gk cet4 ky,1205,1023,gas
born,born,bɒ:n,"n. British nuclear physicist (born in Germany) honored for his contributions to quantum mechanics (1882-1970)
a. brought into existence","a. 天生的
bear的过去分词",j:4/v:96,4,0,zk gk cet4 ky,1206,1088,born
beat,beat,bi:t,"n. a regular route for a sentry or policeman
n. a single pulsation of an oscillation produced by adding two waves of different frequencies; has a frequency equal to the difference between the two oscillations
n. the sound of stroke or blow
n. a regular rate of repetition","n. 心跳(声), 打, 敲打声, 拍子
v. 打, 拍打, 打败
a. 疲乏的, 颓废的
beat的过去式
[计] 拍; 节拍",n:26/v:74,5,1,zk gk toefl ielts gre,1207,1036,beat
museum,museum,mju:'ziәm,n. a depository for collecting and displaying objects having scientific or historical or artistic value,n. 博物馆,n:100,4,1,zk gk cet4 cet6 ky ielts,1209,1723,museum
debate,debate,di'beit,"n. the formal presentation of a stated proposition and the opposition to it (usually followed by a vote)
v. argue with one another
v. discuss the pros and cons of an issue","n. 辩论, 讨论
v. 争论, 辩论",v:16/n:84,4,1,gk cet4 cet6 ky toefl gre,1210,1082,debate
reform,reform,ri'fɒ:m,"n. a change for the better as a result of correcting abuses
n. a campaign aimed to correct abuses or malpractices
n. self-improvement in behavior or morals by abandoning some vice
v. make changes for improvement in order to remove abuse and injustices","n. 改革, 改正, 改造
vt. 改革, 改过, 革新, 重整
vi. 革新, 改过",v:11/n:89,4,1,gk cet4 cet6 ky toefl ielts,1211,1112,reform
pair,pair,pєә,"n. a set of two similar things considered as a unit
n. two people considered as a unit
n. a poker hand with 2 cards of the same value
v. form a pair or pairs","n. 一双, 一对, 一副
v. (使)成对",v:9/n:91,4,1,zk gk ielts,1213,1485,pair
agent,agent,'eidʒәnt,"n. an active and efficient cause; capable of producing a certain effect
n. a representative who acts on behalf of other persons or organizations
n. a substance that exerts some force or effect
n. a businessman who buys or sells for another in exchange for a commission","n. 代理商, 政府代表, 动原, 媒介
[计] 代理程序",n:100,4,1,gk cet4 ky toefl,1214,1020,agent
annual,annual,'ænjuәl,"n. (botany) a plant that completes its entire life cycle within the space of a year
n. a reference book that is published regularly once every year
a. completing its life cycle within a year
s. occurring or payable every year","n. 年刊, 年报
a. 每年的, 一年一次的, 全年的, 一年生的",j:97/n:3,4,1,gk cet4 ky toefl ielts,1215,1361,annual
associate,associate,ә'sәuʃieit,"n. a person who joins with others in some activity or endeavor
n. a person with subordinate membership in a society, institution, or commercial enterprise
n. any event that usually accompanies or is closely connected with another
v. make a logical or causal connection","n. 同伴, 伙伴, 关联的事物
vt. 使联合, 使发生联系
vi. 交往
[计] 关联",n:14/j:14/v:72,3,1,gk cet4 cet6 ky toefl ielts gre,1216,1354,associate
marry,marry,'mæri,"v. take in marriage
v. perform a marriage ceremony","vt. 与...结婚, 娶, 嫁
vi. 结婚",v:100,4,1,zk gk cet4 ky,1217,1333,marry
artist,artist,'ɑ:tist,n. a person whose creative work shows sensitivity and imagination,"n. 艺术家, 画家",n:100,4,1,gk cet4 ky,1218,736,artist
presence,presence,'prezns,"n. the state of being present; current existence
n. the immediate proximity of someone or something
n. an invisible spiritual being felt to be nearby
n. the impression that something is present","n. 出席, 面前, 存在, 仪态, 风度
[电] 出现",n:100,4,1,cet4 cet6 ky toefl ielts,1219,1264,presence
protection,protection,prә'tekʃәn,"n. the activity of protecting someone or something
n. the condition of being protected
n. the imposition of duties or quotas on imports in order to protect domestic industry against foreign competition
n. payment extorted by gangsters on threat of violence","n. 保护, 防卫, 贸易保护制度
[计] 保护",n:100,4,1,gk cet4 cet6 toefl,1220,1315,protection
nuclear,nuclear,'nju:kliә,"a. (weapons) deriving destructive energy from the release of atomic energy
a. of or relating to or constituting the nucleus of an atom
a. of or relating to or constituting the nucleus of a cell
s. constituting or like a nucleus","a. 核子的, 原子能的, 核的, 中心的
[医] 核的",j:100,4,1,gk cet4 cet6 ky toefl,1221,1176,nuclear
collect,collect,kә'lekt,"n. a short prayer generally preceding the lesson in the Church of Rome or the Church of England
v. call for and obtain payment of
v. get or bring together
v. gather or collect","v. 收集, 聚集, 集中, 搜集
a. 由收到者付款的
adv. 由收到者付款地",n:1/v:99,4,1,zk gk cet4 cet6 ky,1222,1318,collect
queen,queen,'kwi:n,"n. the only fertile female in a colony of social insects such as bees and ants and termites; its function is to lay eggs
n. a female sovereign ruler
n. the wife or widow of a king
n. something personified as a woman who is considered the best or most important of her kind","n. 王后, 女王
vt. 立为女王
vi. 做女王",v:1/n:99,4,1,zk gk cet4 cet6 ky,1223,43081,queen
master,master,'mɑ:stә. 'mæstә,"n. directs the work of others
n. an original creation (i.e., an audio recording) from which copies can be made
n. an officer who is licensed to command a merchant ship
n. someone who holds a master's degree from academic institution","n. 主人, 硕士, 大师, 母机
a. 主人的, 主要的
vt. 征服, 控制, 精通",v:20/n:80,4,1,zk gk cet4 cet6 ky ielts,1224,1883,master
meaning,meaning,'mi:niŋ,"n. the message that is intended or expressed or signified
n. the idea that is intended
s. rich in significance or implication","n. 意义, 含义, 目的, 意图
a. 意味深长的",n:100,3,1,zk gk,1226,1608,meaning
candidate,candidate,'kændideit,n. someone who is considered for something (for an office or prize or honor etc.),"n. 候选人, 投考者
[法] 候选, 候补者",n:100,4,1,gk cet4 cet6 ky toefl ielts gre,1227,957,candidate
vote,vote,vәut,"n. a choice that is made by counting the number of people in favor of each alternative
n. the opinion of a group as determined by voting
n. a body of voters who have the same interests
n. the total number of voters who participated","n. 投票, 选举, 选票, 表决, 选举权, 得票数
vi. 投票, 选举
vt. 投票选举, 投票决定, 公认, 使投票",v:48/n:52,5,1,gk cet4 cet6 ky toefl,1228,1078,vote
rich,rich,ri:tʃ,"a. possessing material wealth
a. having an abundant supply of desirable qualities or substances (especially natural resources)
s. of great worth or quality
s. very productive","a. 富裕的, 富饶的, 浓厚的, 贵重的",j:100,4,1,zk gk,1229,1075,rich
huge,huge,hju:dʒ,s. unusually great in size or amount or degree or especially extent or scope,"a. 极大的, 巨大的, 无限的",j:100,4,1,zk gk cet4 ky,1230,911,huge
employ,employ,im'plɒi,"n the state of being employed or having a job
v put into service; make work or employ for a particular purpose or for its inherent or natural purpose
v engage or hire for work","n. 雇用
vt. 雇用, 使用, 使从事于",n:1/v:99,3,1,gk cet4 cet6 ky toefl,1231,1962,employ
release,release,ri'li:s,"n. merchandise issued for sale or public showing (especially a record or film)
n. a process that liberates or discharges something
n. a device that when pressed will release part of a mechanism
n. activity that frees or expresses creative energy or emotion","n. 释放, 发泄, 豁免, 发行, 释放证书
vt. 释放, 解除, 放松, 豁免, 免除, 发布, 放弃, 让与
n. 发布
[计] 版本, 发布",n:32/v:68,5,1,cet4 cet6 ky toefl ielts gre,1232,1120,release
exercise,exercise,'eksәsaiz,"n. the activity of exerting your muscles in various ways to keep fit
n. systematic training by multiple repetitions
n. a task performed or problem solved in order to develop skill or understanding
n. (usually plural) a ceremony that involves processions and speeches","n. 行使, 执行, 运动, 练习, 作业
vt. 运用, 练习, 运动
vi. 练习, 锻炼",v:37/n:63,4,1,zk gk ielts,1233,1487,exercise
consequence,consequence,'kɒnsikwәns,"n. a phenomenon that follows and is caused by some previous phenomenon
n. the outcome of an event especially as relative to an individual
n. having important effects or influence","n. 结果, 重要性
[法] 结果, 后果, 推断",n:100,3,1,gk cet4 cet6 ky toefl ielts gre,1234,1626,consequence
commercial,commercial,kә'mә:ʃәl,"n. a commercially sponsored ad on radio or television
a. connected with or engaged in or sponsored by or used in commerce or commercial enterprises
a. of or relating to commercialism
s. of the kind or quality used in commerce; average or inferior","a. 商业的, 商用的, 商品化的
n. 商业广告节目",j:89/n:11,4,1,cet4 cet6 ky toefl ielts,1235,1027,commercial
adult,adult,'ædʌlt,"n. a fully developed person from maturity onward
n. any mature animal
s. (of animals) fully developed","n. 成人, 成虫
a. 成年的, 成熟的",j:6/n:94,4,1,gk cet4 ky ielts,1236,969,adult
august,august,ɒ:'gʌst. 'ɒ:gәst,"n. the month following July and preceding September
s. of or befitting a lord
s. profoundly honored","n. 八月
a. 威严的, 令人敬畏的",j:100,4,1,zk gk ielts gre,1239,22206,august
relevant,relevant,'relivәnt,a. having a bearing on or connection with the subject at issue,"a. 有关联的, 有关系的, 适当的, 相应的
[法] 有关的, 相关的",j:100,3,1,gk cet4 cet6 ky toefl ielts,1241,2814,relevant
beginning,beginning,bi'giniŋ,"n. the event consisting of the start of something
n. the time at which something is supposed to begin
n. the first part or section of something
n. the place where something begins, where it springs into being",n. 开始,n:100,3,1,gk cet4 cet6 ky ielts,1242,1200,beginning
apparently,apparently,ә'pærәntli,r. from appearances alone,"adv. 表面上, 清楚地, 显然地",r:100,4,1,,1243,1407,apparently
safe,safe,seif,"n. strongbox where valuables can be safely kept
n. a ventilated or refrigerated cupboard for securing provisions from pests
a. free from danger or the risk of harm
s. (of an undertaking) secure from risk","n. 保险箱, 冷藏室
a. 安全的, 可靠的, 平安的, 稳健的, 有把握的",r:1/j:96/n:3,4,1,zk gk cet4 cet6 ky ielts gre,1244,1058,safe
speed,speed,spi:d,"n. distance travelled per unit time
n. a rate (usually rapid) at which something happens
n. changing location rapidly
v. travel at an excessive or illegal velocity","n. 速率, 速度, 迅速
vi. 加速, 超速, 快进
vt. 快速传送, 促进, 使加速
[计] 中央处理机速度设置程序",v:23/n:77,4,1,zk gk cet4 cet6 ky ielts,1245,1390,speed
route,route,ru:t,"v. send documents or materials to appropriate destinations
v. send via a specific route
v. divert in a specified direction","n. 路径, 途径, 路线
vt. 确定路线, 按规定路线发送
[计] 传递, 路由设定程序",v:1/n:99,4,1,cet4 cet6 ky ielts,1246,1946,route
proportion,proportion,prә'pɒ:ʃәn,"n. the quotient obtained when the magnitude of a part is divided by the magnitude of the whole
n. magnitude or extent
n. the relation between things (or parts of things) with respect to their comparative quantity, magnitude, or degree
n. harmonious arrangement or relation of parts or elements within a whole (as in a design)","n. 比例, 比率, 均衡, 部分, 面积
vt. 使成比例, 使均衡",i:3/v:3/n:94,3,1,cet4 cet6 ky toefl ielts,1247,3063,proportion
latter,latter,'lætә,"n. the second of two or the second mentioned of two
a. referring to the second of two things or persons mentioned (or the last one or ones of several)","a. 后者的, 较后的, 近来的",d:100,3,1,gk cet4 cet6 ky toefl,1251,2725,latter
emerge,emerge,i'mә:dʒ,"v. come out into view, as from concealment
v. become known or apparent
v. come up to the surface of or rise","vi. 浮现, 形成, 出现, (事实)显露",v:100,4,1,cet4 cet6 ky toefl ielts,1252,1300,emerge
regional,regional,'ri:dʒәnәl,"a. characteristic of a region
s. related or limited to a particular region","a. 地方的, 地域性的
[医] 区的, 部位的",j:99/n:1,4,1,toefl ielts,1253,1645,regional
mark,mark,mɑ:k,"n. a number or letter indicating quality (especially of a student's performance)
n. a visible indication made on a surface
n. the impression created by doing something unusual or extraordinary that people notice and remember
n. a symbol of disgrace or infamy","n. 标志, 分数, 马克, 痕迹, 斑点, 靶子, 刻度, 记号, 符号, 戳记, 标准, 起跑线
vt. 做标记于, 留意, 打分数, 表明, 标志, 记录
vi. 作记号, 记得分
[计] 标志; 标记; 传号",n:43/v:57,4,1,zk gk cet4 ky,1255,1683,mark
separate,separate,'sepәreit,"n. a garment that can be purchased separately and worn in combinations with other garments
v. act as a barrier between; stand between
v. force, take, or pull apart
v. divide into components or constituents","n. 独立件, 抽印本
a. 分开的, 各别的, 单独的, 分隔的
vi. 分开, 隔开, 分居
vt. 使分离, 使分开, 区分, 使分居",n:2/j:50/v:48,4,1,zk gk cet4 cet6 ky gre,1256,1892,separate
shoot,shoot,ʃu:t,"n. a new branch
n. the act of shooting at targets
v. hit with a missile from a weapon
v. kill by firing a missile","n. 射击, 狩猎, 芽, 射伤, 发射, 发芽, 急流, 推力, 摄影, 急送, 滑运道, 浪费
vt. 射击, 射中, 损毁, 拍摄, 喷出, 投射, 挥出, 飞速行进, 挥霍, 给...注射
vi. 射出, 射击, 发出, 拍电影, 射门, 发芽",n:5/v:95,4,1,gk cet4 cet6 ky gre,1257,732,shoot
deny,deny,di'nai,"v. declare untrue; contradict
v. refuse to accept or believe
v. refuse to grant, as of a petition or request
v. refuse to let have","v. 否认, 拒绝",v:100,4,1,cet4 cet6 ky toefl ielts,1258,1406,deny
practical,practical,'præktikl,"a. concerned with actual use or practice
s. having or put to a practical purpose or use","a. 实际的, 现实的, 实用性的
[法] 事实上的, 实际上的, 接近...的",j:99/n:1,3,1,gk cet4 cet6 ky toefl ielts,1259,2281,practical
understanding,understanding,.ʌndә'stændiŋ,"n. the cognitive condition of someone who understands
s. characterized by understanding based on comprehension and discernment and empathy","n. 理解, 谅解
[法] 协商, 协议, 谅解",j:1/n:99,3,1,gk cet4 cet6 ky ielts,1260,1298,understanding
aim,aim,eim,"n. the goal intended to be attained (and which is believed to be attainable)
n. the action of directing something at an object
v. point or cause to go (blows, weapons, or objects such as photographic equipment) towards
v. propose or intend","n. 目标, 瞄准, 击中目标的能力
vi. 对准目标, 致力, 打算
vt. 瞄准
[计] 医学文摘索引, 存取隔离机构, 高级信息管理程序, 先进接口模块
应用接口模块, 医学人工智能, 相联索引法, 异步接口模块
自动化信息管理, 自动化综合制造, 自动化库存管理",n:31/v:69,4,1,gk cet4 cet6 ky toefl ielts,1261,1931,aim
credit,credit,'kredit,"n. money available for a client to borrow
n. an accounting entry acknowledging income or capital items
n. used in the phrase `to your credit' in order to indicate an achievement deserving praise; 
n. arrangement for deferred payment for goods and services","n. 信用, 信任, 荣誉, 贷款, 学分
vt. 归功于, 赞颂, 信任, 相信
[计] 信用量",v:17/n:83,4,1,gk toefl ielts gre,1262,1125,credit
impact,impact,'impækt,"n. the striking of one body against another
n. a forceful consequence; a strong effect
v. press or wedge together; pack together","n. 冲击, 冲突, 影响, 效果
vt. 挤入, 撞击, 压紧, 对...发生影响",v:6/n:94,4,1,cet4 cet6 ky toefl ielts gre,1263,919,impact
danger,danger,'deindʒә,"n. the condition of being susceptible to harm or injury
n. a cause of pain or injury or loss
n. a dangerous place","n. 危险, 威胁
[法] 危险, 危险物, 危机",n:100,4,1,zk gk cet4 ky ielts,1264,1546,danger
progress,progress,'prәugres,"n. the act of moving forward (as toward a goal)
n. a movement forward
v. develop in a positive way","n. 进步, 发展, 前进
vi. 进步, 进行",v:17/n:83,4,1,zk gk cet4 cet6 ky toefl,1265,1508,progress
path,path,pɑ:θ,"n. a way especially designed for a particular use
n. an established line of travel or access
n. a line or route along which something travels or moves","n. 路径, 小路, 道路, 途径, 路线, 轨道
[计] 路径; DOS内部命令:设定DOS读取程序的路径",n:100,3,1,zk gk cet4 cet6 ky toefl,1266,1336,path
key,key,ki:,"n. metal device shaped in such a way that when it is inserted into the appropriate lock the lock's mechanism can be rotated
n. something crucial for explaining
n. pitch of the voice
n. any of 24 major or minor diatonic scales that provide the tonal framework for a piece of music","n. 钥匙, 键, 解答, 关键, 要害, 基调, 线索, 答案, 暗礁
vt. 调音, 锁上, 提供线索
vi. 使用钥匙
[计] 键, 密钥",j:57/v:3/n:40,4,1,zk gk ielts,1267,1093,key
track,track,træk,"n. a pair of parallel rails providing a runway for wheels
n. an endless metal belt on which tracked vehicles move over the ground
n. (computer science) one of the circular magnetic paths on a magnetic disk that serve as a guide for writing and reading data
n. a groove on a phonograph recording","n. 轨迹, 足迹, 径迹, 小道, 轨道, 磁轨, 途径
vt. 循路而行, 追踪, 通过, 用纤拉
vi. 追踪, 留下足迹, 沿轨道运行
[计] 跟踪",v:26/n:74,4,1,gk cet4 cet6 ky toefl ielts gre,1268,1143,track
reaction,reaction,ri'ækʃәn,"n. an idea evoked by some experience
n. a bodily process occurring due to the effect of some antecedent stimulus or agent
n. (mechanics) the equal and opposite force that is produced when any force is applied to a body
n. a response that reveals a person's feelings or attitude","n. 反应, 反作用, 反动
[医] 反应",n:100,4,1,cet4 cet6,1269,1409,reaction
flower,flower,'flauә,"n. a plant cultivated for its blooms or blossoms
n. reproductive organ of angiosperm plants especially one having showy or colorful parts
n. the period of greatest prosperity or productivity","n. 花, 开花植物, 精华, 盛时
vi. 开花, 发育, 旺盛, 成熟
vt. 用花装饰, 使开花",v:5/n:95,4,1,zk gk ielts,1270,1489,flower
video,video,'vidiәu,"n. the visible part of a television transmission
n. (computer science) the appearance of text and graphics on a video display","n. 影像, 电视
a. 图像的, 电视的",v:2/n:98,4,1,zk gk cet4 cet6 ky ielts,1271,1109,video
appoint,appoint,ә'pɒint,"v. create and charge with a task or function
v. assign a duty, responsibility or obligation to
v. furnish","vt. 任命, 指定, 下令
[法] 派, 派任, 任命",v:100,3,1,gk cet4 cet6 ky toefl gre,1272,3172,appoint
merely,merely,'miәli,r. and nothing more,adv. 只,r:100,3,1,gk cet4 cet6 ky,1273,1988,merely
instead,instead,in'sted,"r in place of, or as an alternative to
r on the contrary; rather (or instead), he wrote her a letter""","adv. 作为替代, 反而",i:49/r:51,4,1,zk gk,1274,994,instead
distance,distance,'distәns,"n. the property created by the space between two objects or points
n. a distant region
n. size of the gap between two places
n. indifference by personal withdrawal","n. 距离, 远方, 遥远
[计] 位距",v:4/n:96,4,1,gk cet4 cet6 ky toefl ielts,1275,1235,distance
regular,regular,'regjulә,"n. a regular patron
n. a soldier in the regular army
n. a dependable follower (especially in party politics)
n. a garment size for persons of average height and weight","a. 规则的, 常例的, 有秩序的, 整齐的, 等边的, 定期的, 经常的, 合格的, 常备军的
n. 正规军, 正式队员
adv. 经常地
n. 正常体
[计] 正常体",j:95/n:5,4,1,gk cet4 cet6 ky toefl ielts,1276,1370,regular
link,link,liŋk,"n. the means of connection between things linked in series
n. a fastener that serves to join or connect
n. a unit of length equal to 1/100 of a chain
n. (computing) an instruction that connects one part of a program or an element on a list to another program or list","n. 环, 连结物, 链接, 火把
vt. 连结, 联合, 挽住
vi. 连接起来
[计] 连接, 链路",n:43/v:57,4,1,gk cet4 cet6 ky ielts,1277,1730,link
gold,gold,gәuld,"n. coins made of gold
n. a soft yellow malleable ductile (trivalent and univalent) metallic element; occurs mainly as nuggets in rocks and alluvial deposits; does not react with most chemicals but is attacked by chlorine and aqua regia
n. great wealth
n. something likened to the metal in brightness or preciousness or superiority etc.","n. 黄金, 钱财, 金块, 金色, 宝贵
a. 金的, 似金的, 金色的, 金制的",j:7/n:93,4,1,zk gk cet4 ky ielts,1278,1256,gold
comment,comment,'kɒment,"n. a written explanation or criticism or illustration that is added to a book or other textual material
v. make or write a comment on
v. explain or interpret something","n. 注解, 批评, 评论, 备注
vi. 评论, 注解
[计] 备注",v:32/n:68,4,1,gk cet4 cet6 ky toefl ielts,1279,1363,comment
due,due,dju:,"n. that which is deserved or owed
n. a payment that is due (e.g., as the price of membership)
a. owed and payable immediately or on demand
s. scheduled to arrive","n. 应得的东西, 应付款
a. 到期的, 应得的, 应付的, 约定的",i:61/r:1/j:38,4,1,gk cet4 cet6 ky toefl ielts,1280,1796,due
conclusion,conclusion,kәn'klu:ʒәn,"n. an intuitive assumption
n. the proposition arrived at by logical reasoning (such as the proposition that must follow from the major and minor premises of a syllogism)
n. a final settlement
n. the last section of a communication","n. 结论, 结尾, 推论
[法] 缔结, 结论, 推论",n:100,3,1,gk cet4 cet6 ky ielts,1282,1666,conclusion
chief,chief,tʃi:f,s. most important element,"n. 领袖, 酋长, 长官, 主要部分
a. 主要的, 首位的",j:56/n:44,5,1,gk cet4 ky toefl ielts,1283,1446,chief
drink,drink,driŋk,"n. a single serving of a beverage
n. the act of drinking alcoholic beverages to excess
n. any large deep body of water
v. take in liquids","n. 饮料, 酒
v. 喝, 喝酒",n:37/v:63,4,1,zk gk,1284,1232,drink
politics,politics,'pɒlitiks,"n. social relations involving intrigue to gain authority or power
n. the study of government of states and other political units
n. the profession devoted to governing and to political affairs
n. the opinion you hold with respect to political questions","n. 政治, 政治学, 政见, 政治活动
[法] 政治, 政治学, 政纲",n:100,4,1,gk cet4 cet6 ky toefl,1285,951,politics
reply,reply,ri'plai,n. the speech act of continuing a conversational exchange,"n. 答复, 回答, 答辩
vi. 答复, 回答, 回击, 反响, 答辩
vt. 回答
[计] 答复",n:21/v:79,4,1,zk gk cet4 cet6 ky,1286,2219,reply
justice,justice,'dʒʌstis,"n. the quality of being just or fair
n. judgment involved in the determination of rights and the assignment of rewards and punishments","n. 正义, 公平, 公正, 正确, 司法, 审判",n:100,4,1,gk cet4 cet6 ky toefl,1287,1481,justice
observe,observe,әb'zә:v,"v. watch attentively
v. behave as expected during of holidays or rites
v. stick to correctly or closely
v. conform one's action or practice to","vt. 觉察到, 遵守, 注意到, 庆祝
vi. 注意, 评论",v:100,3,1,gk cet4 cet6 ky toefl ielts,1288,1294,observe
skin,skin,skin,"n. a natural protective body covering and site of the sense of touch
n. an outer surface (usually thin)
n. a person's skin regarded as their life
n. a bag serving as a container for liquids; it is made from the hide of an animal","n. 皮肤, 皮
vt. 剥皮, 在...植皮
vi. 长皮, 愈合, 蜕皮",v:4/n:96,4,1,gk cet4 cet6 ky ielts,1289,1019,skin
etc,etc,,,"及其他, 等等",r:100,3,0,,1290,3079,etc
belief,belief,bi'li:f,n. any cognitive content held as true,"n. 信念, 相信, 信仰",n:100,3,1,gk cet4 ky toefl,1291,1378,belief
bag,bag,bæg,"n. a flexible container with a single opening
n. the quantity of game taken in a particular period (usually by one person)
n. a container used for carrying money and small personal items or accessories (especially by women)
n. the quantity that a bag will hold","n. 袋子, 袋状物
vt. 使膨大, 装袋, 猎获",v:3/n:97,4,1,zk gk,1292,1008,bag
strike,strike,straik,"n. a group's refusal to work in protest against low pay or bad work conditions
n. an attack that is intended to seize or inflict damage on or destroy an objective
n. a score in tenpins: knocking down all ten with the first ball
n. (baseball) a pitch that the batter swings at and misses, or that the batter hits into foul territory, or that the batter does not swing at but the umpire judges to be in the area over home plate and between the batter's knees and shoulders","n. 罢工, 打击, 殴打
vt. 打, 撞击, 冲击, 侵袭, 取消, 结算, 打掉, 罢工, 刺透, 使生根, 遇见
vi. 打, 打击, 抓, 罢工, 搏动, 触礁, 敲, 响, 穿透, 打动",n:30/v:70,4,1,gk cet4 cet6 ky toefl ielts,1294,1145,strike
settle,settle,'setl,"n. a long wooden bench with a back
v. settle into a position, usually on a surface or ground
v. settle conclusively; come to terms
v. take up residence and become established","n. 有背长椅
vt. 决定, 整理, 安放, 使定居, 使平静, 支付, 安排, 解决, 结算
vi. 停留, 下陷, 沉淀, 澄清, 安下心来, 结清, 定居, 安家",n:1/v:99,4,1,gk cet4 cet6 ky ielts gre,1295,1316,settle
ignore,ignore,ig'nɒ:,"v. refuse to acknowledge
v. fail to notice
v. be ignorant of or in the dark about","vt. 不理睬, 忽视, 驳回, 忽略
[计] 忽略",v:100,4,1,gk cet4 cet6 ky toefl,1296,1375,ignore
alone,alone,ә'lәun,"s. isolated from others
s. lacking companions or companionship
s. exclusive of anyone or anything else
s. radically distinctive and without equal","a. 孤独的, 单独的, 独自的
adv. 独自地",r:60/j:40,4,1,zk gk cet4 ky toefl ielts,1297,1097,alone
sight,sight,sait,"n. an instance of visual perception
n. anything that is seen
n. the ability to see; the visual faculty
n. a range of mental vision","n. 景观, 视力, 眼界, 阅读, 见解, 意见
vt. 看见, 瞄准
vi. 瞄准, 观看
a. 即席的, 见票即付的",v:7/n:93,4,1,zk gk cet4 cet6 ky toefl ielts,1298,1629,sight
reality,reality,ri'æliti,"n. the state of being actual or real
n. the state of the world as it really is rather than as you might want it to be
n. the quality possessed by something that is real","n. 实在, 事实, 实体, 逼真
[法] 现实, 实在存在的事物, 实在性",n:100,4,1,gk cet4 cet6 ky,1299,1032,reality
winter,winter,'wintә,"n. the coldest season of the year; in the northern hemisphere it extends from the winter solstice to the vernal equinox
v. spend the winter","n. 冬季, 萧条期, 衰退期
a. 冬天的
vt. 使度过冬天
vi. 过冬",v:2/n:98,3,1,zk gk,1300,1244,winter
inside,inside,'in'said,"n. the region that is inside of something
n. the inner or enclosed surface of something
a. relating to or being on the side closer to the center or within a defined space
s. being or applying to the inside of a building","n. 内部, 内脏, 内幕
a. 内部的, 秘密的, 户内的
adv. 在里面
prep. 在...之内",i:49/r:37/j:6/n:8,4,1,zk gk cet4 cet6 ky,1301,964,inside
boat,boat,bәut,"n. a small vessel for travel on water
v. ride in a boat on water","n. 船
vi. 乘船
vt. 以船运",v:2/n:98,4,1,zk gk ielts,1303,1231,boat
wine,wine,wain,"n. fermented juice (of grapes especially)
n. a red as dark as red wine
v. drink wine
v. treat to wine","n. 葡萄酒, 果酒, 暗红色
v. (请)喝酒",v:1/n:99,4,1,zk gk cet4 cet6 ky,1304,1449,wine
ring,ring,riŋ,"n. a characteristic sound
n. a toroidal shape
n. the sound of a bell ringing
n. a platform usually marked off by ropes in which contestants box or wrestle","n. 环, 环形物, 拳击场, 戒指, 角逐, 小集团, 铃声, 钟声, 声调
vt. 包围, 套住, 按铃, 敲钟
vi. 成环形, 响, 鸣, 按铃, 敲钟, 回响",v:41/n:59,3,1,zk gk toefl,1305,1678,ring
prison,prison,'prizn,"n. a correctional institution where persons are confined while on trial or for punishment
n. a prisonlike situation; a place of seeming confinement","n. 监狱, 监禁, 拘留所
vt. 监禁",n:100,4,1,zk gk cet4 cet6 ky toefl,1307,1282,prison
propose,propose,prә'pәuz,"v. make a proposal, declare a plan for something
v. ask (someone) to marry you","vt. 计划, 打算, 建议, 提议, 求(婚)
vi. 打算, 求婚",v:100,4,1,cet4 cet6 ky toefl ielts,1309,1694,propose
dad,dad,dæd,n. an informal term for a father; probably derived from baby talk,"n. 爸爸, 爹爹",n:100,3,1,zk,1311,1814,dad
possibly,possibly,'pɒsәbli,"r. by chance
r. to a degree possible of achievement or by possible means","adv. 可能, 也许",r:100,4,1,cet4 cet6 ky,1312,1696,possibly
respond,respond,ri'spɒnd,v. respond favorably or as hoped,"vt. 以...回答
vi. 回答, 响应, 回报, 有反应, 承担责任",v:100,4,1,gk cet4 cet6 ky toefl,1313,920,respond
clothes,clothes,klәuðz,"n clothing in general
v provide with clothes or put clothes on
v furnish with power or authority; of kings or emperors
v cover as if with clothing",n. 衣服,n:100,4,1,zk gk ielts,1315,1434,clothes
active,active,'æktiv,"n. a person who is a participating member of an organization
a. tending to become more severe or wider in scope
s. engaged in or ready for military or naval operations
a. disposed to take action or effectuate change","a. 活跃的, 起作用的, 积极的, 有效的, 主动的, 活性的, 现行的, 现役的
n. 主动语态, 积极分子",j:99/n:1,4,1,zk gk cet4 ky toefl,1316,1444,active
weekend,weekend,'wi:kend,"n. a time period usually extending from Friday night through Sunday; more loosely defined as any period of successive days including one and only one Sunday
v. spend the weekend","n. 周末, 周末休假",n:100,4,1,zk gk ielts,1317,1193,weekend
employer,employer,im'plɒiә,n. a person or firm that employs workers,"n. 雇主, 老板
[经] 雇主, 业主",n:100,3,1,cet4 cet6 ky toefl ielts,1318,2297,employer
vehicle,vehicle,'vi:ikl,"n. a conveyance that transports people or objects
n. a medium for the expression or achievement of something
n. any substance that facilitates the use of a drug or pigment or other material that is mixed with it","n. 交通工具, 车辆, 传播媒介
[化] 载体; 运载体; 漆料",n:100,4,1,zk gk cet4 cet6 ky toefl ielts gre,1319,1293,vehicle
debt,debt,det,"n. the state of owing something (especially money)
n. money or goods or services owed by one person to another
n. an obligation to pay or do something","n. 债务, 罪过
[经] 借款, 欠款, 债务",n:100,4,1,gk cet4 cet6 ky toefl ielts,1320,1871,debt
somebody,somebody,'sʌmbɒdi,n a human being,"n. 了不起的人, 大人物
pron. 有人, 某人",p:99/n:1,4,1,zk gk,1321,1000,somebody
objective,objective,әb'dʒektiv,"n. the lens or system of lenses in a telescope or microscope that is nearest the object being viewed
a. undistorted by emotion or personal bias; based on observable phenomena
a. serving as or indicating the object of a verb or of certain prepositions and used for certain other purposes
s. emphasizing or expressing things as perceived without distortion of personal feelings, insertion of fictional matter, or interpretation","n. 目的, 目标, 宗旨, 宾格, 实物
a. 客观的, 如实的, 无偏见的, 宾格的",j:26/n:74,3,1,cet4 cet6 ky toefl ielts gre,1322,2406,objective
largely,largely,'lɑ:dʒli,"r. in large part; mainly or chiefly
r. on a large scale","adv. 大量地, 很多地, 大半地",r:100,4,1,cet4 cet6 ky toefl,1323,1679,largely
arrange,arrange,ә'reindʒ,"v. put into a proper or systematic order
v. make arrangements for
v. adapt for performance in a different way
v. arrange thoughts, ideas, temporal events","v. 安排, 排列, 达成协议
[计] 重排",v:100,4,1,gk cet4 ky toefl,1324,2216,arrange
survive,survive,sә'vaiv,"v. continue to live through hardship or adversity
v. continue in existence after (an adversity, etc.)","vt. 比...活得长, 生存, 生还, 幸免于
vi. 活下来, 幸存",v:100,4,1,gk cet4 cet6 ky toefl gre,1325,1342,survive
powerful,powerful,'pauәful,a. having great power or force or potency or effect,"a. 有力的, 有权力的, 强大的
[机] 强力的",j:100,4,1,gk cet4 cet6 ky,1326,1159,powerful
telephone,telephone,'telifәun,"n. electronic equipment that converts sound into electrical signals that can be transmitted over distances and then converts received signals back into sounds
n. transmitting speech at a distance","n. 电话, 电话机
v. 打电话",v:12/n:88,4,1,zk gk ielts,1327,1865,telephone
hole,hole,hәul,"n. an opening into or through something
n. an opening deliberately made in or through something
n. one playing period (from tee to green) on a golf course
n. an unoccupied space","n. 孔, 洞, 穴, 漏洞
vt. 挖洞, 掘坑
vi. 进洞, 凿洞",v:3/n:97,4,1,zk gk cet4 cet6 ky,1329,1213,hole
battle,battle,'bætl,"n. a hostile meeting of opposing military forces in the course of a war
v. battle or contend against in or as if in a battle","n. 战役
v. 战斗",v:15/n:85,4,1,gk cet4 cet6 ky toefl,1330,1199,battle
farmer,farmer,'fɑ:mә,"n. a person who operates a farm
n. United States civil rights leader who in 1942 founded the Congress of Racial Equality (born in 1920)
n. an expert on cooking whose cookbook has undergone many editions (1857-1915)","n. 农夫, 农场主
[法] 农民, 农场主, 承包者",n:100,4,1,zk gk cet4 cet6 ky,1333,1589,farmer
injury,injury,'indʒәri,"n. any physical damage to the body caused by violence or accident or fracture etc.
n. an accident that results in physical damage or hurt
n. an act that causes someone or something to receive physical damage
n. wrongdoing that violates another's rights and is unjustly inflicted","n. 伤害, 侮辱
[医] 伤, 损伤",n:100,4,1,gk cet4 cet6 ky toefl ielts,1334,1553,injury
expert,expert,'ekspә:t,n. a person with special knowledge or ability who performs skillfully,"n. 专家, 行家
a. 老练的, 内行的, 专门的
[计] 高级",j:2/n:98,4,1,gk cet4 ky ielts,1335,899,expert
package,package,'pækidʒ,"n. a collection of things wrapped or boxed together
n. a wrapped container","n. 包裹, 套装软件, 包, 包装用物, 程序包
vt. 包装, 打包
a. 一揽子的
[计] 包, 软件包, 包装",v:9/n:91,4,1,zk gk cet4 cet6 ky toefl ielts,1336,1685,package
nevertheless,nevertheless,.nevәðә'les,r despite anything to the contrary (usually following a concession),"adv. 然而, 虽然如此
conj. 然而",r:100,3,1,cet4 cet6 ky ielts,1337,2582,nevertheless
colleague,colleague,'kɒli:g,"n. an associate that one works with
n. a person who is member of one's class or profession","n. 同事, 同僚",n:100,4,1,gk cet4 cet6 ky toefl,1338,1518,colleague
complex,complex,kәm'pleks,"n. a conceptual whole made up of complicated and related parts
n. a compound described in terms of the central atom to which other atoms are bound or coordinated
n. (psychoanalysis) a combination of emotions and impulses that have been rejected from awareness but still influence a person's behavior
a. complicated in structure; consisting of interconnected parts","n. 综合体, 情结, 络合物
a. 复杂的, 组合的",j:71/n:29,4,1,gk cet4 cet6 ky toefl ielts,1339,1598,complex
impossible,impossible,im'pɒsәbl,"n. something that cannot be done
a. not capable of occurring or being accomplished or dealt with
s. totally unlikely
s. used of persons or their behavior","a. 不可能的, 难以置信的, 令人无法忍受的",j:100,4,1,zk gk cet4 cet6 ky ielts,1340,1606,impossible
concentrate,concentrate,'kɒnsәntreit,"n. a concentrated form of a foodstuff; the bulk is reduced by removing water
n. a concentrated example of something
v. make denser, stronger, or purer
v. direct one's attention on something","n. 浓缩, 精选
v. 集中, 专心",n:3/v:97,3,1,gk cet4 cet6 ky ielts gre,1341,2358,concentrate
confidence,confidence,'kɒnfidәns,"n. a feeling of trust (in someone or something)
n. a state of confident hopefulness that events will be favorable
n. a trustful relationship
n. a secret that is confided or entrusted to another","n. 信心
[电] 可靠",n:100,4,1,cet4 cet6 ky toefl ielts gre,1342,1870,confidence
mainly,mainly,'meinli,r for the most part,"adv. 主要地, 大抵",r:100,4,1,cet4 cet6,1343,2805,mainly
generation,generation,.dʒenә'reiʃәn,"n. group of genetically related organisms constituting a single step in the line of descent
n. the normal time between successive generations
n. a stage of technological development or innovation
n. the production of heat or electricity","n. 一代, 一世, 产生
[医] 生殖, 世代",n:100,4,1,gk cet4 cet6 ky gre,1344,1026,generation
lift,lift,lift,"n. the act of giving temporary assistance
n. a wave that lifts the surface of the water or ground
n. a device worn in a shoe or boot to make the wearer look taller or to correct a shortened leg
n. one of the layers forming the heel of a shoe or boot","n. 举起, 帮助, 昂扬, 电梯
vt. 升高, 提高, 鼓舞, 清偿, 空运, 举起, 剽窃
vi. 升起, 消散, 耸立",n:15/v:85,4,1,zk gk cet4 ky toefl ielts,1345,1343,lift
phone,phone,fәun,n. (phonetics) an individual sound unit of speech without concern as to whether or not it is a phoneme of some language,"n. 电话, 受话器, 耳机
vt. 打电话给
vi. 打电话",v:5/n:95,4,1,zk cet4 ky ielts,1346,557,phone
insurance,insurance,in'ʃurәns,n. promise of reimbursement in the case of loss; paid to people or companies so concerned about hazards that they have made prepayments to an insurance company,"n. 保险, 保险业, 保险费
[医] 保险",n:100,4,1,gk cet4 cet6 ky ielts,1347,1197,insurance
painting,painting,'peintiŋ,"n. graphic art consisting of an artistic composition made by applying paints to a surface
n. creating a picture with paints
n. the act of applying paint to a surface
n. the occupation of a house painter","n. 画, 绘画, 油漆
[化] 涂漆",n:100,4,1,gk cet4 cet6 ky toefl ielts,1348,1056,painting
sample,sample,'sæmpl,"n. a small part of something intended as representative of the whole
n. all or part of a natural object that is collected and preserved as an example of its class
v. take a sample of","n. 样品, 范例, 样本
vt. 抽样, 尝试
[计] 示例, 字样",v:12/n:88,3,1,cet4 cet6 ky toefl ielts,1349,1311,sample
forty,forty,'fɒ:ti,"n. the cardinal number that is the product of ten and four
s. being ten more than thirty","num. 四十, 四十个",m:100,5,0,zk gk,1350,3734,forty
warm,warm,wɒ:m,"v. get warm or warmer
v. make warm or warmer
a. having or producing a comfortable and agreeable degree of heat or imparting or maintaining heat
a. psychologically warm; friendly and responsive","a. 暖和的, 暖的, 温暖的, 热烈的, 兴奋的, 激烈的, 多情的, 色情的
vt. 使温暖, 弄热, 使兴奋, 使充满仇恨
vi. 变暖和, 变温暖, 取暖, 激动, 同情, 爱好
n. 暖, 保暖物",j:78/v:22,4,1,zk gk ielts,1353,1356,warm
visitor,visitor,'vizitә,n. someone who visits,"n. 参观者, 游客, 访客
[法] 视察人, 检视人, 检查员",n:100,3,1,zk gk cet4 cet6 ky,1354,1698,visitor
ship,ship,ʃip,"n. a vessel that carries passengers or freight
v. hire for work on a ship
v. travel by ship
v. place on board a ship","n. 船, 舰
vt. 以船运送, 装船, 运送
vi. 上船, 乘船",v:19/n:81,4,1,zk gk ielts,1356,1219,ship
plus,plus,plʌs,"a. on the positive side or higher end of a scale
s. involving advantage or good","prep. 加上, 加, 外加
a. 正的, 附加的
n. 正号, 加号, 附加额, 正数, 增益
[计] 正差",i:84/c:2/r:2/n:12,4,1,gk cet4 ky ielts,1357,2066,plus
volume,volume,'vɒljum,"n. the amount of 3-dimensional space occupied by an object
n. a publication that is one of a set of several similar publications
n. a relative amount
n. the magnitude of sound (usually in a specified direction)","n. 册, 卷, 体积, 容量, 大量, 许多, 份量, 音量
vi. 成团卷起
vt. 把...收集成卷
a. 大量的
[计] 卷",n:100,4,1,cet4 cet6 ky toefl ielts,1358,1917,volume
somewhere,somewhere,'sʌmhwєә,"n. an indefinite or unknown location
r. in or at or to some place; (`someplace' is used informally for `somewhere')","adv. 到某处, 在某处",r:100,3,1,zk gk,1359,1588,somewhere
middle,middle,'midl,"n. an intermediate part or section
n. the middle area of the human torso (usually in front)
n. time between the beginning and the end of a temporal period
v. put in the middle","n. 中央, 中间, 腰部
a. 中央的, 中庸的, 中间的",j:57/n:43,5,1,zk gk,1360,988,middle
judge,judge,dʒʌdʒ,"n. a public official authorized to decide questions brought before a court of justice
v. determine the result of (a competition)
v. put on trial or hear a case and sit as the judge at the trial of","n. 法官, 裁判员, 审判官, 鉴定人
vt. 审理, 鉴定, 判断, 判决, 裁定
vi. 下判断, 作评价",v:37/n:63,4,1,gk cet4 cet6 ky,1362,1115,judge
threat,threat,θret,"n. a warning that something unpleasant is imminent
n. declaration of an intention or a determination to inflict harm on another","n. 恐吓, 恶兆, 威胁
[经] 威胁",n:100,4,1,cet4 cet6 ky toefl gre,1363,1066,threat
conflict,conflict,'kɒnflikt,"n. an open clash between two opposing groups (or individuals)
n. opposition between two simultaneous but incompatible feelings
n. a state of opposition between persons or ideas or interests
n. an incompatibility of dates or events","n. 战斗, 冲突, 矛盾, 争执
vi. 争执, 战斗, 冲突, 抵触
[计] 冲突",v:5/n:95,4,1,gk cet4 cet6 ky toefl ielts gre,1364,1179,conflict
legislation,legislation,.ledʒis'leiʃәn,"n. law enacted by a legislative body
n. the act of making or enacting laws","n. 立法, 法律
[医] 立法, 法规",n:100,3,0,cet4 cet6 ky toefl ielts gre,1365,2017,legislation
manner,manner,'mænә,"n. how something is done or how it happens
n. a way of acting or behaving
n. a kind","n. 样子, 礼貌, 风格
[法] 方式, 方法, 样式",n:100,3,1,gk cet4 cet6 ky,1366,1818,manner
entirely,entirely,in'taiәli,r. without any others being included or involved,"adv. 完全, 全然, 一概",r:100,3,1,,1367,1858,entirely
fresh,fresh,freʃ,"a. recently made, produced, or harvested
s. (of a cycle) beginning or occurring again
s. original and of a kind not seen before
a. not canned or otherwise preserved","a. 新鲜的, 新奇的, 另外的, 淡的, 精神饱满的, 冒失的
adv. 最新地, 刚刚
n. 开始, 泛滥",j:100,4,1,zk gk cet4 cet6 ky,1368,1107,fresh
background,background,'bækgraund,"n. a person's social heritage: previous experience or training
n. the part of a scene (or picture) that lies behind objects in the foreground
n. information that is essential to understanding a situation or problem
n. extraneous signals that can be confused with the phenomenon to be observed or measured","n. 背景, 背景资料
[计] 背景, 后台",n:100,3,1,zk gk cet4 ky toefl ielts,1369,1402,background
yard,yard,jɑ:d,"n. a unit of length equal to 3 feet; defined as 91.44 centimeters; originally taken to be the average length of a stride
n. the enclosed land around a house or other building
n. a tract of land enclosed for particular activities (sometimes paved and usually associated with buildings)
n. a tract of land where logs are accumulated","n. 码, 庭院, 工场
[化] 堆置场",n:100,4,1,zk gk cet4 cet6 ky ielts,1370,1035,yard
victim,victim,'viktim,"n. an unfortunate person who suffers from some adverse circumstance
n. a person who is tricked or swindled","n. 受害人, 牺牲者, 牺牲品
[法] 受害人, 被害人, 遭难者",n:100,4,1,gk cet4 cet6 ky,1371,1063,victim
touch,touch,tʌtʃ,"n. the event of something coming in contact with the body
n. the faculty by which external objects or forces are perceived through contact with the body (especially the hands)
n. a suggestion of some quality
n. a distinguishing style","n. 触觉, 碰, 触, 机灵, 轻触, 格调, 少许, 缺点, 弹力
vt. 接触, 触摸, 触及, 使接触, 达到, 涉及, 影响到, 使轻度受害, 感动
vi. 触摸, 接近, 涉及, 提到",n:31/v:69,4,1,zk gk cet4 cet6 ky toefl,1372,1166,touch
entry,entry,'entri,"n. an item inserted in a written record
n. a written record of a commercial transaction","n. 登录, 条目, 进入, 入口, 报关
[计] 登录项, 输入项, 条目",n:100,4,1,gk cet4 cet6 ky toefl ielts gre,1373,2338,entry
engine,engine,'endʒin,"n. motor that converts thermal energy to mechanical work
n. something used to achieve a purpose
n. an instrument or machine that is used in warfare, such as a battering ram, catapult, artillery piece, etc.","n. 引擎, 发动机, 机车
vt. 安装发动机于",n:100,4,1,gk cet4 cet6 ky ielts,1374,1569,engine
stuff,stuff,stʌf,"n. miscellaneous unspecified objects
n. informal terms for personal possessions
n. senseless talk
n. unspecified qualities required to do or be something","n. 原料, 要素, 东西, 材料, 素质, 织品, 废物, 废话
vt. 装填
vi. 狼吞虎咽",v:17/n:83,4,1,cet4 cet6 ky ielts,1375,996,stuff
cabinet,cabinet,'kæbinit,"n. a piece of furniture resembling a cupboard with doors and shelves and drawers; for storage or display
n. persons appointed by a head of state to head executive departments of government and act as official advisers
n. a storage compartment for clothes and valuables; usually it has a lock
n. housing for electronic instruments, as radio or television","n. 橱柜, 内阁
a. 内阁的, 细木工做的
[计] 机柜",n:100,4,1,cet4 cet6 ky toefl ielts gre,1378,2693,cabinet
previously,previously,'pri:vju:sli,r. at an earlier time or formerly,"adv. 先, 先前, 以前, 前, (非正式)过早, 过急, 在前, 在...以前, 在先
[计] 先前地",r:100,3,1,cet4 cet6,1380,2313,previously
domestic,domestic,dәu'mestik,"n. a servant who is paid to perform menial tasks around the household
a. of concern to or concerning the internal affairs of a nation
a. of or relating to the home
a. of or involving the home or family","a. 家庭的, 国内的, 驯养的
[医] 家庭的, 家用的",j:99/n:1,4,1,cet4 cet6 ky toefl ielts,1381,1547,domestic
author,author,'ɒ:θә,v. be the author of,"n. 作家, 作家的著作, 创始人
[法] 作者, 著作人, 本人",v:2/n:98,4,1,gk cet4 cet6 ky ielts,1382,685,author
administration,administration,әd.mini'streiʃәn,"n. a method of tending to or managing the affairs of a some group of people (especially the group's business affairs)
n. the persons (or committees or departments etc.) who make up a body for the purpose of administering something
n. the act of administering medication
n. the act of meting out justice according to the law","n. 行政, 管理, 政府机关
[化] 给药",n:100,4,0,gk cet4 cet6 ky toefl ielts,1383,635,administration
sexual,sexual,'sekʃuәl,"a. of or relating to or characterized by sexuality
a. having or involving sex","a. 性的, 性别的
[医] 性的; 性欲的",j:100,4,1,cet4 cet6,1384,1006,sexual
tonight,tonight,tә'nait,"n. the present or immediately coming night
r. during the night of the present day","n. 今晚, 今夜
adv. 今晚, 今夜",r:100,4,1,zk gk,1385,910,tonight
prefer,prefer,pri'fә:,"v. like better; value more highly
v. promote over another
v. give preference to one creditor over another","vt. 宁可, 较喜欢, 提出
[法] 给予优先权, 优先偿还, 提出",v:100,4,1,gk cet4 cet6 ky,1386,1716,prefer
ordinary,ordinary,'ɒ:dinәri,"n. a judge of a probate court
n. the expected or commonplace condition or situation
n. a clergyman appointed to prepare condemned prisoners for death
n. an early bicycle with a very large front wheel and small back wheel","a. 平常的, 普通的, 平凡的
n. 平常的人(或事)",j:99/n:1,3,1,gk cet4 cet6 ky ielts,1387,2268,ordinary
extremely,extremely,ik'stri:mli,r. to an extreme degree,"adv. 极端地, 非常地",r:100,4,1,gk cet4 cet6,1388,1756,extremely
cheap,cheap,tʃi:p,"a. relatively low in price or charging low prices
s. embarrassingly stingy","a. 便宜的, 不值钱的, 可鄙的
adv. 便宜地",r:1/j:99,4,1,zk gk,1389,1930,cheap
threaten,threaten,'θretn,"v. to utter intentions of injury or punishment against:""He threatened me when I tried to call the police""
v. to be a menacing indication of something:""The clouds threaten rain""","vt. 恐吓, 威胁, 预示...的凶兆
vi. 威胁, 恫吓, 可能来临",v:100,4,1,cet4 cet6 ky toefl,1390,1395,threaten
relief,relief,ri'li:f,"n. the feeling that comes when something burdensome is removed or reduced
n. the condition of being comfortable or relieved (especially after being relieved of distress)
n. (law) redress awarded by a court
n. assistance in time of difficulty","n. 减轻, 解除, 救济, 安慰, 调剂, 浮雕, 换班, (地势的)起伏
[医] 缓减, 减轻, 浮雕(绘画中)",n:100,4,1,gk cet4 cet6 ky toefl ielts,1391,1812,relief
demonstrate,demonstrate,'demәnstreit,v. march in protest; take part in a demonstration,"vt. 示范, 证明
vi. 示威",v:100,3,1,cet4 cet6 ky toefl ielts gre,1392,1379,demonstrate
commit,commit,kә'mit,"v. cause to be admitted; of persons to an institution
v. engage in or perform","vt. 委托(托付), 犯罪, 指派...作战, 使承担义务
[法] 犯, 做, 把...交托给",v:100,4,1,gk cet4 cet6 ky toefl ielts gre,1393,1394,commit
technical,technical,'teknikl,"n. a pickup truck with a gun mounted on it
a. of or relating to technique or proficiency in a practical skill
a. characterizing or showing skill in or specialized knowledge of applied arts and sciences
a. of or relating to a practical subject that is organized according to scientific principles","a. 技术上的, 专门的, 工业的, 严格根据法律的
[化] 技巧",j:99/n:1,3,1,gk cet4 cet6 ky toefl ielts,1394,2064,technical
grant,grant,grænt,"n. any monetary aid
n. the act of providing a subsidy
n. (law) a transfer of property by deed of conveyance
n. Scottish painter; cousin of Lytton Strachey and member of the Bloomsbury Group (1885-1978)","n. 授予, 授予物, 允许
vt. 允许, 承认, 授与
[计] 授权命令",n:34/v:66,4,1,cet4 cet6 ky ielts gre,1395,1907,grant
actual,actual,'æktʃuәl,"a. presently existing in fact and not merely potential or possible
s. taking place in reality; not pretended or imitated
s. being or reflecting the essential or genuine character of something
s. existing in act or fact","a. 真实的, 实际的, 现行的
[医] 实际死亡率",j:100,3,1,gk cet4 ky toefl,1396,1739,actual
strange,strange,streindʒ,"a. being definitely out of the ordinary and unexpected; slightly odd or even a bit weird
s. not known before","a. 奇怪的, 陌生的, 生疏的, 不熟悉的, 不可思议的, 外行的, 外地的, 异乡的",j:100,4,1,zk gk,1397,1580,strange
repeat,repeat,ri'pi:t,"n. an event that repeats
v. to say, state, or perform again
v. to say again or imitate
v. do over","n. 重复, 反复
vt. 重做, 重复, 复述, 使再现, 复制
vi. 重复
[计] 重复",n:7/v:93,4,1,zk gk cet4 cet6 ky toefl,1398,1602,repeat
bus,bus,bʌs,"n. a vehicle carrying many passengers; used for public transport
n. a car that is old and unreliable
v. send or move around by bus
v. ride in a bus","n. 公共汽车
[计] 总线; 汇流条; 母线",v:2/n:98,3,1,zk gk ielts,1399,1453,bus
regulation,regulation,.regju'leiʃәn,"n. an authoritative rule
n. the state of being controlled or governed
n. (embryology) the ability of an early embryo to continue normal development after its structure has been somehow damaged or altered
n. the act of bringing to uniformity; making regular","n. 规则, 管理, 调整
[计] 调整; 规章; 规则; 调节",n:100,3,1,gk cet4 cet6 ky toefl ielts,1400,1675,regulation
mountain,mountain,'mauntin,n. a land mass that projects well above its surroundings; higher than a hill,"n. 山, 山脉, 大堆",n:100,4,1,zk gk ielts,1402,1240,mountain
coffee,coffee,'kɒfi,"n. a beverage consisting of an infusion of ground coffee beans
n. any of several small trees and shrubs native to the tropical Old World yielding coffee beans","n. 咖啡, 咖啡色
[医] 咖啡, 咖啡豆",n:100,3,1,zk gk ielts,1403,1388,coffee
wage,wage,weidʒ,n. something that remunerates,"n. 工资, 报应, 报偿
vt. 开展, 进行
vi. 进行",v:20/n:80,3,1,gk cet4 cet6 ky toefl gre,1404,2586,wage
song,song,sɒŋ,"n. a short musical composition with words
n. a distinctive or characteristic sound
n. the act of singing
n. a very small sum","n. 歌, 曲, 鸣声, 歌唱, 歌曲, 诗歌",n:100,4,1,zk gk,1405,851,song
acquire,acquire,ә'kwaiә,"v. locate (a moving entity) by means of a tracking system such as radar
v. win something through one's efforts","vt. 获得, 学到
[电] 目标锁定",v:100,3,1,gk cet4 cet6 ky toefl ielts,1407,2063,acquire
sleep,sleep,sli:p,"n. a natural and periodic state of rest during which consciousness of the world is suspended
n. a torpid state resembling deep sleep
n. a period of time spent sleeping
v. be asleep","n. 睡眠, 静止, 昏迷, 麻木, 长眠, 冬眠
vi. 睡觉, 睡眠, 静止
vt. 睡",n:34/v:66,4,1,zk gk ielts,1408,1172,sleep
insist,insist,in'sist,"v. be emphatic or resolute and refuse to budge
v. assert to be true","v. 坚持, 坚决主张, 强调",v:100,4,1,zk gk cet4 cet6 ky toefl,1411,1359,insist
feed,feed,fi:d,"n. food for domestic livestock
v. provide as food
v. give food to
v. feed into; supply","n. 饲料, 一餐, 饲养
vt. 喂, 饲养, 放牧, 靠...为生
vi. 吃东西, 用餐, 流入
[计] 送纸",n:11/v:89,4,1,zk gk cet4 cet6 ky toefl,1412,1317,feed
fairly,fairly,'fєәli,"r. without favoring one party, in a fair evenhanded manner
r. in conformity with the rules or laws and without fraud or cheating","adv. 美观地, 公平地, 相当地, 清楚地",r:100,3,1,gk cet4 cet6 ky toefl,1413,2157,fairly
wood,wood,wud,"n. the hard fibrous lignified substance under the bark of trees
n. United States film actress (1938-1981)
n. English conductor (1869-1944)
n. English writer of novels about murders and thefts and forgeries (1814-1887)","n. 木材, 木制品
vt. 植林于, 给...添加木柴
vi. 收集木材",n:100,4,1,zk gk cet4 cet6 ky ielts,1414,1236,wood
meal,meal,mi:l,"n. the food served and eaten at one time
n. any of the occasions for eating food that occur by custom or habit at more or less fixed times
n. coarsely ground foodstuff; especially seeds of various cereal grasses or pulse","n. 一餐, 膳食, 粗粉
vi. 进餐",n:100,3,1,zk gk ielts,1415,1710,meal
excellent,excellent,'ekslәnt,s. very good; of the highest quality,"a. 优良的, 杰出的, 出色的",j:100,4,1,zk gk cet4 cet6 ky toefl,1416,2123,excellent
tradition,tradition,trә'diʃәn,n. an inherited pattern of thought or action,"n. 传说, 传统, 交付
[法] 传统, 惯例, 移交",n:100,3,1,gk cet4 cet6 ky,1417,1243,tradition
internal,internal,in'tә:nәl,"a. happening or arising or located within some limits or especially surface
s. occurring within an institution or community","a. 内在的, 国内的
[医] 内的, 内部的",j:100,3,1,cet4 cet6 ky toefl ielts,1418,1728,internal
category,category,'kætigәri,n. a general concept that marks divisions or coordinations in a conceptual scheme,"n. 种类, 类项
[计] 分类",n:100,3,1,gk cet6 ky toefl ielts gre,1419,1461,category
tour,tour,tuә,"n. a journey or route all the way around a particular place or area
v. make a tour of a certain place","n. 旅游, 观光旅行, 任期
vi. 旅行, 周游, 巡回
vt. 周游, 观光, 游历, 使巡回演出",v:11/n:89,4,1,zk gk cet4 cet6 ky ielts,1420,1474,tour
interview,interview,'intәvju:,"n. the questioning of a person (or a conversation in which information is elicited); often conducted by journalists
v. conduct an interview in television, newspaper, and radio reporting
v. discuss formally with (somebody) for the purpose of an evaluation
v. go for an interview in the hope of being hired","n. 面谈, 访问, 接见, 面试
vt. 接见, 对...进行面谈(试)",v:28/n:72,4,1,zk gk cet4 cet6 ky ielts,1421,944,interview
dinner,dinner,'dinә,"n. the main meal of the day served in the evening or at midday
n. a party of people assembled to have dinner together","n. 晚餐, 正餐, 宴会",n:100,4,1,zk gk ielts,1422,1076,dinner
traffic,traffic,'træfik,"n. the aggregation of things (pedestrians or vehicles) coming and going in a particular locality during a specified period of time
n. buying and selling; especially illicit trade
n. the amount of activity over a communication system during a given period of time
v. deal illegally","n. 交通, 通行, 运输, 交通量, 贸易, 交易, 交往, 通信量
vi. 交易, 做买卖
vt. 用...作交换
[计] 通信量, 传输量",v:4/n:96,3,1,zk gk cet4 cet6 ky toefl ielts,1423,1712,traffic
football,football,'futbɒ:l,"n. any of various games played with a ball (round or oval) in which two teams try to kick or carry or propel the ball into each other's goal
n. the inflated oblong ball used in playing American football","n. 足球, 橄榄球",n:100,4,1,zk gk,1424,1534,football
exhibition,exhibition,.eksi'biʃәn,"n. the act of exhibiting
n. a collection of things (goods or works of art etc.) for public display","n. 表现, 展览会, 展览品
[医] 投药, 展览, 展出",n:100,3,1,gk cet4 cet6 ky toefl ielts,1426,2476,exhibition
launch,launch,lɒ:ntʃ,"n. a motorboat with an open deck or a half deck
v. propel with force
v. launch for the first time; launch on a maiden voyage
v. get going; give impetus to","n. 下水, 汽艇, 发射
vt. 使下水, 发射, 发动
vi. 起飞, 下水, 投入, 开始",n:20/v:80,4,1,cet4 cet6 ky toefl ielts,1427,1743,launch
consumer,consumer,kәn'sju:mә,n. a person who uses goods or services,"n. 消费者
[经] 消费者, 用户",n:100,4,1,cet4 cet6 toefl ielts,1428,1052,consumer
sheet,sheet,ʃi:t,"n. any broad thin expanse or surface
n. paper used for writing or printing
n. bed linen consisting of a large rectangular piece of cotton or linen cloth; used in pairs
n. a flat artifact that is thin relative to its length and width","n. 床单, 张, 纸张, 印刷品, 裹尸布, 薄片
vt. 盖上被单, 遍布
vi. 大片落下
a. 片状的, 成薄片的
[计] 工作表",v:1/n:99,3,1,gk cet4 cet6 ky toefl ielts,1430,1753,sheet
quick,quick,kwik,"n. any area of the body that is highly sensitive to pain (as the flesh underneath the skin or a fingernail or toenail)
s. accomplished rapidly and without delay
s. apprehending and responding with speed and sensitivity
s. easily aroused or excited","a. 快的, 迅速的, 敏捷的, 灵敏的, 急速的
adv. 快
n. 新长出的肉, 要害, 核心, 感觉敏锐部位",r:8/j:92,5,1,zk gk,1431,1303,quick
promote,promote,prәu'mәut,"v. contribute to the progress or growth of
v. give a promotion to or assign to a higher position
v. be changed for a superior chess or checker piece
v. change a pawn for a better piece by advancing it to the eighth row, or change a checker piece for a more valuable piece by moving it to the row closest to your opponent","vt. 促进, 晋升, 创办, 推销
[经] 促进, 推广, 推销",v:100,4,1,gk cet4 cet6 ky toefl ielts gre,1433,1328,promote
bridge,bridge,bridʒ,"n. a structure that allows people or vehicles to cross an obstacle such as a river or canal or railway etc.
n. a circuit consisting of two branches (4 arms arranged in a diamond configuration) across which a meter is connected
n. something resembling a bridge in form or function
n. the hard ridge that forms the upper part of the nose","n. 桥, 舰桥, 桥梁, 桥牌
vt. 架桥于, 跨越
[计] 桥, 网桥, 桥接器",v:10/n:90,4,1,zk gk ielts,1434,1687,bridge
appearance,appearance,ә'piәrәns,"n. outward or visible aspect of a person or thing
n. the event of coming into sight
n. formal attendance (in court or at a hearing) of a party in an action
n. a mental representation","n. 出现, 露面, 外观, 外表, 出版
[计] 外观, 版面",n:100,4,1,gk cet4 ky ielts,1435,1684,appearance
soft,soft,sɒft,"a. yielding readily to pressure or weight
a. compassionate and kind; conciliatory
a. (of sound) relatively low in volume
a. not protected against attack (especially by nuclear weapons)","a. 软的, 温和的, 柔和的, 柔滑的, 温柔的, 软弱的, 坡度小的, 笨的, 纸币的
n. 柔软的东西, 笨人, 纸币
adv. 柔软地, 温和地",j:100,4,1,zk gk cet4 cet6 ky,1436,1374,soft
quiet,quiet,'kwaiәt,"a. characterized by an absence or near absence of agitation or activity
a. free of noise or uproar; or making little if any sound
s. not showy or obtrusive
a. of the sun characterized by a low level of surface phenomena like sunspots e.g.","n. 安静, 闲适, 平静
a. 安静的, 静止的, 寂静的, 朴素的, 从容的, 暗中的
vi. 平静下来
vt. 使平静, 使平息, 使安心, 安慰",j:93/v:3/n:4,4,1,zk gk,1437,1435,quiet
potential,potential,pә'tenʃәl,"n. the inherent capacity for coming into being
a. existing in possibility","n. 潜在性, 可能性, 潜力, 潜能, 势, 位
a. 有潜力的, 可能的, 潜在的",j:64/n:36,4,1,gk cet4 cet6 ky toefl ielts gre,1438,1260,potential
limit,limit,'limit,"n. the greatest possible degree of something
n. as far as something can go
n. the boundary of a specific area
n. the mathematical value toward which a function goes as the independent variable approaches infinity","n. 界限, 边界, 限度, 极限, 限制
vt. 限制, 限定",n:43/v:57,4,1,gk cet4 cet6 ky,1439,1348,limit
improvement,improvement,im'pru:vmәnt,"n. a change for the better; progress in development
n. the act of improving something
n. a condition superior to an earlier condition","n. 进步, 改善, 利用
[医] 改善, 好转, 进步",n:100,3,1,cet4 cet6 ky ielts,1440,1936,improvement
description,description,di'skripʃәn,"n. a statement that represents something in words
n. the act of describing something
n. sort or variety","n. 描述, 说明, 种类
[经] 说明书(物品), 品名种类, 货物名称",n:100,3,1,gk cet4 cet6 ky ielts,1441,2171,description
construction,construction,kәn'strʌkʃәn,"n. the act of constructing something
n. a group of words that form a constituent of a sentence and are considered as a single unit
n. the creation of a construct; the process of combining ideas into a congruous object of thought
n. drawing a figure satisfying certain conditions as part of solving a problem or proving a theorem","n. 建筑, 构造, 建筑物
[化] 施工",n:100,3,1,gk cet4 cet6 ky toefl ielts,1442,1415,construction
session,session,'seʃәn,"n. a meeting for execution of a group's functions
n. a meeting devoted to a particular activity","n. 期间, 开庭期, 会议, 学期
[计] 会话, 对话, 会晤, 通用任务程序",n:100,4,1,gk cet4 cet6 ky toefl ielts,1443,1544,session
religious,religious,ri'lidʒәs,"n. a member of a religious order who is bound by vows of poverty and chastity and obedience
s. concerned with sacred matters or religion or the church
a. having or showing belief in and reverence for a deity
a. of or relating to clergy bound by monastic vows","a. 宗教性的, 虔诚的, 宗教上的, 严谨的
n. 修道士, 出家人",j:100,4,1,gk cet4 cet6 ky toefl,1444,884,religious
housing,housing,'hausiŋ,"n. structures collectively in which people are housed
n. a protective cover designed to contain or support a mechanical component","n. 遮盖, 住房供给, 居留(处), 房屋, 装饰
[化] 外壳",n:100,4,1,ky ielts,1446,2147,housing
twelve,twelve,twelv,"n. the cardinal number that is the sum of eleven and one
s. denoting a quantity consisting of 12 items or units","num. 十二, 十二个",m:100,5,0,zk gk,1447,3218,twelve
flat,flat,flæt,"n. a level tract of land
n. a shallow box in which seedlings are started
n. a musical notation indicating one half step lower than the note named
n. a deflated pneumatic tire","a. 平坦的, 单调的, 无力的, 浅的, 萧条的, 干脆的, 无聊的
adv. 平直地, 断然地
n. 扁平物, 平面, 平地, 平原, 平板车
v. (使)变平",r:7/j:93,4,1,zk gk cet4 cet6 ky toefl ielts,1448,2569,flat
discipline,discipline,'disiplin,"n. a branch of knowledge
n. a system of rules of conduct or method of practice; 
n. the trait of being well behaved
n. training to improve strength or self-control","n. 训练, 纪律
vt. 训练, 惩罚",v:8/n:92,3,1,cet4 cet6 ky toefl ielts gre,1450,2278,discipline
contrast,contrast,kәn'træst,"n. the opposition or dissimilarity of things that are compared
n. the act of distinguishing by comparing differences
n. the perceptual effect of the juxtaposition of very different colors
n. the range of optical density and tone on a photographic negative or print (or the extent to which adjacent areas on a television screen differ in brightness)","n. 差别, 对比, 对照物
vt. 使对比
vi. 成对照
[计] 反差; 对比度",v:15/n:85,3,1,cet4 cet6 ky toefl ielts gre,1451,1762,contrast
lip,lip,lip,"n. either of two fleshy folds of tissue that surround the mouth and play a role in speaking
n. (botany) either of the two parts of a bilabiate corolla or calyx
n. either the outer margin or the inner margin of the aperture of a gastropod's shell","n. 唇, 口缘, 唇状构造
vt. 以嘴唇碰, 轻轻说出
a. 口头上的
[计] 大型互连网信息包",n:100,3,1,gk cet4 cet6 ky toefl,1452,1582,lip
increasingly,increasingly,in'kri:siŋli,r. advancing in amount or intensity,"adv. 逐渐地, 渐增地",r:100,4,1,cet4 cet6 ky,1453,1585,increasingly
gentleman,gentleman,'dʒentlmәn,n. a man of refinement,"n. 绅士, 先生",n:100,3,1,zk gk cet4 cet6 ky,1455,2447,gentleman
distribution,distribution,.distrә'bju:ʃәn,"n. (statistics) an arrangement of values of a variable showing their observed or theoretical frequency of occurrence
n. the spatial or geographic property of being scattered about over a range, area, or volume
n. the act of distributing or spreading or apportioning
n. the commercial activity of transporting and selling goods from a producer to a consumer","n. 分配
[计] 分布",n:100,3,1,cet4 cet6 toefl ielts,1456,2373,distribution
TV,tv,'ti:'vi:,"n broadcasting visual images of stationary or moving objects
n an electronic device that receives television signals and displays them on a screen","电视
[计] 电视, 转移向量",,4,1,zk gk ky ielts,1457,730,tv
proper,proper,'prɒpә,"a. marked by suitability or rightness or appropriateness
s. having all the qualities typical of the thing specified; not just a snack""
s. limited to the thing specified
s. appropriate for a condition or purpose or occasion or a person's character, needs","a. 适当的, 固有的, 高尚的, 专属的
adv. 完全地, 彻底地",j:100,4,1,zk gk cet4 cet6 ky toefl,1458,2058,proper
deliver,deliver,di'livә,"v. deliver (a speech, oration, or idea)
v. bring to a destination, make a delivery
v. utter (an exclamation, noise, etc.)
v. save from sins","vt. 递送, 陈述, 释放, 发表, 引渡, 投递, 交付
[经] 交运",v:100,4,1,gk cet4 ky ielts,1459,1288,deliver
retain,retain,ri'tein,"v. hold back within
v. allow to remain in a place or position or maintain a property or feature
v. secure and keep for possible future use or application
v. keep in one's mind","vt. 保持, 保有, 留住, 记得, 付定金聘请
[经] 保留, 留存",v:100,3,1,cet4 cet6 ky toefl ielts gre,1460,2724,retain
famous,famous,'feimәs,s widely known and esteemed,"a. 出名的, 极好的",j:100,4,1,zk gk ielts,1461,1486,famous
broad,broad,brɒ:d,"n. slang term for a woman
s. not detailed or specific
s. lacking subtlety; obvious
s. being at a peak or culminating point","a. 宽广的, 辽阔的, 广大的, 显著的
adv. 宽阔地
n. 宽阔部分",j:99/n:1,4,1,gk cet4 ky,1462,1404,broad
audience,audience,'ɒ:diәns,"n. a gathering of spectators or listeners at a (usually public) performance
n. the part of the general public interested in a source of information or entertainment","n. 听众, 观众, 读者
[法] 听讼, 观众, 听众",n:100,4,1,gk cet4 cet6 ky toefl ielts gre,1463,1074,audience
theatre,theatre,,"n a building where theatrical performances or motion-picture shows can be presented
n the art of writing and producing plays
n a region in which active military operations are in progress","n. 戏院, 电影院, 剧场, 全体观众, 戏剧, 戏剧效果, 阶梯式讲堂, 场所",,4,1,zk gk cet4 cet6 ielts,1464,0,theatre
conversation,conversation,.kɒnvә'seiʃәn,n. the use of speech for informal exchange of views or ideas or information etc.,"n. 会话, 说话, 交谈
[法] 交谈, 社交, 性交",n:100,3,1,zk gk toefl ielts,1465,1164,conversation
prince,prince,prins,n. a male member of a royal family other than the sovereign (especially the son of a sovereign),"n. 王子, 亲王, 国君, 贵族, 诸侯, 有权势的大人物",n:100,4,1,cet4 cet6 ky,1466,4782,prince
crisis,crisis,'kraisis,"n. an unstable situation of extreme danger or difficulty
n. a crucial stage or turning point in the course of something","n. 危机, 危险期, 紧要关头
[医] 危象; 骤退, 临界, 极期",n:100,4,1,cet4 cet6 ky ielts,1467,1206,crisis
loan,loan,lәun,n. the temporary provision of money (usually at interest),"n. 贷款, 借出
v. 借, 供应货款, 借给",v:4/n:96,4,1,cet4 cet6 ky toefl ielts,1468,1699,loan
code,code,kәud,"n. a set of rules or principles or laws (especially written ones)
n. a coding system used for transmitting messages requiring brevity or secrecy
n. (computer science) the symbolic arrangement of data or instructions in a computer program or the set of such instructions
v. attach a code to","n. 代码, 密码, 法规, 法典
vt. 把...编码
[计] 代码",v:11/n:89,3,1,cet4 ky ielts gre,1469,1648,code
representative,representative,.repri'zentәtiv,"n. a person who represents others
s. serving to represent or typify
a. standing for something else
s. being or characteristic of government by representation in which citizens exercise power through elected officers and representatives","n. 代表, 众议员, 典型
a. 描写的, 表现的, 代理的, 代表的, 代议制的, 典型的",j:28/n:72,4,1,gk cet4 cet6 ky toefl ielts,1470,1976,representative
cultural,cultural,'kʌltʃәrәl,"a. of or relating to the arts and manners that a group favors
s. denoting or deriving from or distinctive of the ways of living built up by a group of people
a. of or relating to the shared knowledge and values of a society
a. relating to the raising of plants or animals","a. 文化的, 教养的, 修养的
[医] 培养的",j:100,3,1,ielts,1472,932,cultural
usual,usual,'ju:ʒuәl,a. occurring or encountered or experienced or observed frequently or in accordance with regular practice or procedure,"a. 平常的, 通常的",r:24/j:76,4,1,zk gk cet4 cet6 ky ielts,1473,2360,usual
unable,unable,ʌn'eibl,"a. (usually followed by `to') not having the necessary means or skill or know-how
s. (usually followed by `to') lacking necessary physical or mental ability","a. 不能的, 不会的
[法] 无能力的, 无资格的, 没有办法的",j:100,3,1,gk cet4 cet6,1474,2136,unable
belong,belong,bi'lɒŋ,"v. be owned by; be in the possession of
v. be suitable or acceptable
v. be in the right place or situation
v. be rightly classified in a class or category","vi. 属于, 合适",v:100,3,1,gk cet4 ky toefl,1475,1639,belong
respect,respect,ri'spekt,"n. (usually preceded by `in') a detail or point
n. an attitude of admiration or esteem
v. regard highly; think much of
v. show respect towards","n. 尊敬, 尊重, 问候
vt. 尊敬, 注意, 遵守",i:17/v:27/n:56,4,1,gk cet4 cet6 ky toefl,1476,1554,respect
attract,attract,ә'trækt,"v. direct toward itself or oneself by means of some psychological power or physical attributes
v. be attractive to
v. exert a force on (a body) causing it to approach or prevent it from moving away","vt. 吸引, 诱惑
vi. 有吸引力",v:100,4,1,gk cet4 ky toefl,1477,1867,attract
promise,promise,'prɒmis,"n. a verbal commitment by one person to another agreeing to do (or not to do) something in the future
n. grounds for feeling hopeful about the future
v. make a promise or commitment
v. promise to undertake or give","n. 诺言, 约定的事情, 有指望
vt. 允诺, 约定, 预示
vi. 允诺, 有前途, 有指望",n:41/v:59,4,1,zk gk cet4 cet6 ky toefl ielts,1478,1438,promise
magazine,magazine,.mægә'zi:n,"n. a periodic publication containing pictures and stories and articles of interest to those who purchase it or subscribe to it
n. product consisting of a paperback periodic publication as a physical object
n. a business firm that publishes magazines
n. a light-tight supply chamber holding the film and supplying it for exposure as required","n. 杂志, 仓库, 弹盒, 胶卷盒
[计] 卡片箱, 介质装卸程序",n:100,4,1,zk gk cet4 cet6 ky ielts,1479,1001,magazine
freedom,freedom,'fri:dәm,n. the condition of being free; the power to act or speak or think without externally imposed restraints,"n. 自由, 坦率, 特权
[法] 自由, 自主, 免除",n:100,4,1,gk cet4 cet6 ky ielts,1480,1148,freedom
limited,limited,'limitid,"a. small in range or scope
s. including only a part
s. mediocre
s. not excessive","a. 有限制的, 有限的, 有限责任的
n. 特别快车",j:100,3,1,cet4 cet6 ky gre,1481,1982,limited
formal,formal,'fɒ:mәl,"a. being in accord with established forms and conventions and requirements (as e.g. of formal dress)
s. characteristic of or befitting a person in authority
a. (of spoken and written language) adhering to traditional standards of correctness and without casual, contracted, and colloquial forms
s. logically deductive","a. 正式的, 形式的, 礼仪的, 拘于礼节的, 拘谨的
n. 正式的社交活动",j:100,4,1,cet4 cet6 ky toefl ielts,1482,2211,formal
contribute,contribute,kәn'tribju:t,"v. contribute to some cause
v. be conducive to","vt. 有助于, 捐助, 投稿
vi. 出力, 捐献, 投稿",v:100,3,1,gk cet4 cet6 ky toefl ielts,1483,1312,contribute
writing,writing,'raitiŋ,"n. the act of creating written works
n. the work of a writer; anything expressed in letters of the alphabet (especially when considered from the point of view of style and effect)
n. (usually plural) the collected work of an author
n. letters or symbols that are written or imprinted on a surface to represent the sounds or words of a language","n. 书写, 著作, 笔迹, 作品
[医] 书写",n:100,4,1,gk cet4 cet6 ky ielts,1484,1528,writing
reject,reject,ri'dʒekt,"v. refuse to accept or acknowledge
v. reject with contempt
v. refuse entrance or membership","n. 被拒之人, 被弃之物, 不合格品, 次品
vt. 拒绝, 抵制, 否决, 驳回, 丢弃, 呕出",n:2/v:98,4,1,gk cet4 cet6 ky toefl,1485,2029,reject
hide,hide,haid,"n. the dressed skin of an animal (especially a large animal)
n. body covering of a living animal
v. prevent from being seen or discovered
v. be or go into hiding; keep out of sight, as for protection and safety","n. 兽皮, 迹象, 躲藏处
vt. 藏, 隐瞒, 遮避, 剥...的皮, 隐藏
vi. 躲藏
[计] 隐藏",n:5/v:95,3,1,zk gk cet4 cet6 ky toefl gre,1486,1255,hide
flight,flight,flait,"n. a formation of aircraft in flight
n. an instance of traveling by air
n. a stairway (set of steps) between one floor or landing and the next
n. an air force unit smaller than a squadron","n. 飞行, 射程, 逃走, 飞跃, 飞机航程, 班机, 迁徙, 飞逝
vi. 迁徙
vt. 射击(飞禽), 为(箭)装上羽毛, 使惊飞",n:100,4,1,gk ielts gre,1487,1295,flight
assess,assess,ә'ses,"v. charge (a person or a property) with a payment, such as a tax or a fine
v. estimate the value of (property) for taxation","vt. 估定, 对...征税, 评定
[经] 估计, 估价, 确定(税款罚款等)的金额",v:100,4,0,gk cet4 cet6 ky toefl ielts gre,1488,2042,assess
joint,joint,dʒɒint,"n. (anatomy) the point of connection between two bones or elements of a skeleton (especially if it allows motion)
n. a disreputable place of entertainment
n. junction by which parts or objects are joined together
n. marijuana leaves rolled into a cigarette for smoking","n. 连接处, 接合, 关节
a. 共同的, 联合的, 连接的, 合办的
vt. 连接, 接合, 使有接头
vi. 贴合, 长节",j:75/v:2/n:23,4,1,cet4 cet6 ky,1489,2218,joint
pension,pension,'penʃәn,"n. a regular payment to a person that is intended to allow them to subsist without working
v. grant a pension to","n. 养老金, 退休金, 津贴, 年金, 抚恤金, 膳宿学校, 膳宿费
vt. 发给退休金, 用津贴拉拢",v:1/n:99,3,1,gk cet4 cet6 ky ielts gre,1490,3785,pension
rain,rain,rein,"n. water falling in drops from vapor condensed in the atmosphere
n. drops of fresh water that fall as precipitation from clouds
n. anything happening rapidly or in quick successive
v. precipitate as rain","n. 雨, 下雨, 雨天
vi. 下雨
vt. 使大量落下",v:19/n:81,4,1,zk gk,1491,1550,rain
explanation,explanation,.eksplә'neiʃәn,"n. a statement that makes something comprehensible by describing the relevant structure or operation or circumstances etc.
n. thought that makes something comprehensible
n. the act of explaining; making something plain or intelligible","n. 解释, 说明, 辩解, 表明
[经] 解释, 注释, 说明",n:100,3,1,gk cet4 cet6 ky,1492,2054,explanation
consist,consist,kәn'sist,"v. have its essential character; be comprised or contained in; be embodied in
v. be consistent in form, tenor, or character; be congruous
v. be composed of","vi. 组成, 存在于, 一致",v:100,3,0,gk cet4 cet6 ky toefl ielts,1493,2190,consist
plate,plate,pleit,"n. a sheet of metal or wood or glass or plastic
n. a full-page illustration (usually on slick paper)
n. dish on which food is served or from which food is eaten
n. the quantity contained in a plate","n. 碟, 盘子, 盆中物, 金属板, 图版, 金银餐具, 印版, 金属牌(照)
vt. 镀金, 电镀, 用金属板固定, 给...装钢板, 为...制印版",v:1/n:99,3,1,zk gk toefl,1494,1525,plate
lovely,lovely,'lʌvli,s. appealing to the emotions as well as the eye,"a. 可爱的, 有趣的",j:99/n:1,3,1,zk gk,1496,3284,lovely
Conservative,conservative,kәn'sә:vәtiv,"n. a person who is reluctant to accept changes and new ideas
n. a member of a Conservative Party
a. resistant to change
s. having social or political views favoring conservatism","a. 保守的, 守旧的, 有保存力的
[化] 防腐剂; 保存剂",j:62/n:38,4,1,gk cet4 cet6 ky toefl ielts gre,1497,1837,conservative
asset,asset,'æset,n. a useful or valuable quality,"n. 资产, 有益的东西",n:100,4,0,cet6 ky toefl ielts gre,1498,2094,asset
twice,twice,twais,r. two times,"adv. 两次, 两倍",r:100,5,1,zk gk,1501,1410,twice
invite,invite,in'vait,"n. a colloquial expression for invitation
v. increase the likelihood of
v. invite someone to one's house
v. ask someone in a friendly way to do something","vt. 邀请, 请求, 引起, 招致
n. 邀请",n:1/v:99,4,1,zk gk cet4 cet6 ky,1502,1601,invite
spring,spring,spriŋ,"n. the season of growth
n. a metal elastic device that returns to its shape or position when pushed or pulled or pressed
n. a natural flow of ground water
n. a point at which water issues forth","n. 春天, 弹簧, 跳跃, 弹性, 活力, 泉, 源泉
a. 春天的
vi. 跳, 弹跳, 涌出, 生长, 裂开, 高耸
vt. 使跳起, 使爆炸, 突然提出",v:14/n:86,4,1,zk gk toefl ielts,1503,901,spring
ahead,ahead,ә'hed,"s. having the leading position or higher score in a contest
r. at or in the front
r. toward the future; forward in time
r. in a forward direction","a. 领先的, 预先的, 向前的
adv. 领先, 预先, 向前, 胜于, 在前面, 在将来",i:24/r:76,4,1,gk,1504,1025,ahead
factory,factory,'fæktәri,n. a plant consisting of one or more buildings with facilities for manufacturing,"n. 工厂, 产生地, 代理店
[经] 工厂, 代理店, 商行在国外的代理处",n:100,4,1,zk gk ielts,1505,2132,factory
challenge,challenge,'tʃælindʒ,"n. a demanding or stimulating situation
n. a call to engage in a contest or fight
n. questioning a statement and demanding an explanation
n. a formal objection to the selection of a particular person as a juror","n. 挑战, 盘问
vt. 向...挑战, 要求, 怀疑
vi. 挑战, 对(证据等)表示异议",v:34/n:66,4,1,gk cet4 cet6 ky toefl ielts,1506,984,challenge
capacity,capacity,kә'pæsiti,"n. capability to perform or produce
n. the amount that can be contained
n. the maximum production possible
n. a specified function","n. 容量, 能力, 才能, 资格
[计] 容量",n:100,3,1,cet4 cet6 ky toefl ielts,1507,1777,capacity
youth,youth,ju:θ,"n. the time of life between childhood and maturity
n. early maturity; the state of being young or immature or inexperienced
n. an early period of development
n. the freshness and vitality characteristic of a young person","n. 年轻, 青年时代, 青年们, 青春
[法] 青年, 青年时期, 青春时期",n:100,4,1,gk cet4 cet6 ky ielts,1508,1397,youth
sing,sing,siŋ,"v. deliver by singing
v. produce tones with the voice
v. to make melodious sounds","vi. 唱, 唱歌, 演唱, 鸣, 啼
vt. 唱, 歌颂
n. 嗖嗖声",v:100,4,1,zk gk,1509,1013,sing
vary,vary,'vєәri,"v. be subject to change in accordance with a variable
v. make something more diverse and varied","vt. 改变, 使多样化
vi. 变化, 有不同, 违反",v:100,3,1,cet4 cet6 ky toefl ielts,1510,2371,vary
selection,selection,si'lekʃәn,n. an assortment of things from which a choice can be made,"n. 选择, 选文, 精选品
[医] 选择, 淘汰",n:100,3,1,cet4 cet6 ky toefl ielts,1511,2133,selection
warn,warn,wɒ:n,"v. notify of danger, potential harm, or risk
v. admonish or counsel in terms of someone's behavior
v. ask to go away
v. notify, usually in advance","vt. 警告, 提醒, 通知
vi. 发出警告",v:100,4,1,zk cet4 cet6 ky toefl,1512,1773,warn
dream,dream,dri:m,"n. a series of mental images and emotions occurring during sleep
n. imaginative thoughts indulged in while awake
n. a state of mind characterized by abstraction and release from reality
n. someone or something wonderful","n. 梦, 空想, 愿望
v. 做梦, 想象, 梦想",v:25/n:75,4,1,zk gk cet4 cet6 ky,1513,990,dream
victory,victory,'viktәri,n. a successful ending of a struggle or contest,"n. 胜利, 战胜, 克服",n:100,4,1,zk gk cet4 cet6 ky toefl,1514,1463,victory
finance,finance,fai'næns,"n. the commercial activity of providing funds and capital
n. the branch of economics that studies the management of money and other assets
n. the management of money and credit and banking and investments
v. obtain or provide money for","n. 财政, 财务
vt. 供给...经费, 负担经费
vi. 筹措资金",v:43/n:57,4,1,gk cet4 cet6 ky toefl ielts,1515,2808,finance
surely,surely,'ʃuәli,r. definitely or positively (`sure' is sometimes used informally for `surely'),"adv. 的确地, 安全地
[经] 保证, 保证人, 保证金",r:100,3,1,cet4 cet6,1516,2410,surely
impose,impose,im'pәuz,"v compel to behave in a certain way
v impose something unpleasant
v impose and collect","vt. 征(税), 把...强加于, 以...欺骗
vi. 利用, 欺骗, 施加影响",v:100,4,1,cet4 cet6 ky toefl ielts gre,1517,2334,impose
cry,cry,krai,"n. a loud utterance; often in protest or opposition
n. a loud utterance of emotion (especially when inarticulate)
n. a fit of weeping
n. the characteristic utterance of an animal","n. 叫声, 哭声, 大叫
vi. 哭, 叫, 喊
vt. 叫喊, 大声说, 哭出",n:23/v:77,4,1,zk gk,1518,1351,cry
rural,rural,'ruәrәl,"a. living in or characteristic of farming or country life
a. of or relating to the countryside as opposed to the city","a. 乡下的, 田园的, 乡村风味的
[法] 农村的, 乡村的, 有关农业的",j:100,3,1,cet4 cet6 ky toefl ielts gre,1519,2006,rural
destroy,destroy,di'strɒi,"v. do away with, cause the destruction or undoing of
v. destroy completely; damage irreparably
v. put (an animal) to death","vt. 破坏, 毁坏, 消灭",v:100,4,1,gk cet4 cet6 ky,1521,1418,destroy
address,address,ә'dres,"n. (computer science) the code that identifies where a piece of information is stored
n. the place where a person or organization can be found or communicated with
n. the act of delivering a formal spoken communication to an audience
n. the manner of speaking to another individual","n. 住址, 演说, 举止, 灵巧, 求爱
vt. 发表(演说或讲话), 对付, 写地址
[计] 地址, 寻址",n:33/v:67,4,1,zk gk cet4 cet6 ky toefl ielts gre,1522,1028,address
intention,intention,in'tenʃәn,"n. (usually plural) the goal with respect to a marriage proposal
n. an act of intending; a volition that you intend to carry out","n. 意图, 目的, 含义
[医] 愈合, 意向",n:100,3,1,zk gk cet4 cet6 ky toefl,1523,2517,intention
whereas,whereas,hwєәr'æz,"adv. At which place; where.
conj. Considering that; it being the case that; since; --
   used to introduce a preamble which is the basis of declarations,
   affirmations, commands, requests, or like, that follow.
conj. When in fact; while on the contrary; the case being in
   truth that; although; -- implying opposition to something that
   precedes; or implying recognition of facts, sometimes followed by a
   different statement, and sometimes by inferences or something
   consequent.","conj. 然而, 鉴于
[法] 考虑到, 鉴于, 就...而论",c:100,3,1,cet4 cet6 ky toefl ielts,1524,2731,whereas
initial,initial,i'niʃәl,"n. the first letter of a word (especially a person's name)
v. mark with one's initials
s. occurring at the beginning","n. 字首, 首字母
a. 开始的, 最初的, 字首的
vt. 用姓名的首字母签名",j:88/v:2/n:10,3,1,gk cet4 cet6 ky toefl ielts gre,1525,1943,initial
bright,bright,brait,"a. emitting or reflecting light readily or in large amounts
s. having striking color
s. characterized by quickness and ease in learning
s. having lots of light either natural or artificial","a. 明亮的, 聪明的, 鲜明的, 欢快的
adv. 明亮地, 欢快地",j:100,4,1,zk gk,1526,1308,bright
average,average,'ævәridʒ,"n. a statistic describing the location of a distribution
n. (sports) the ratio of successful performances to opportunities
n. an intermediate scale value regarded as normal or usual
v. amount to or come to an average, without loss or gain","n. 平均, 平均数, 一般水平, 海损
a. 平均的, 中等的, 平常的
vt. 算出...平均数, 平均做, 均分, 使平衡
vi. 平均为, 呈中间色",j:46/v:13/n:41,4,1,gk cet4 ky toefl ielts,1527,1299,average
nobody,nobody,'nәubɒdi,n a person of no influence,"n. 小人物, 无名小卒
pron. 无人, 没有人",p:99/n:1,4,1,zk gk,1529,1151,nobody
examination,examination,ig.zæmi'neiʃәn,"n. the act of examining something closely (as for mistakes)
n. a set of questions or exercises evaluating skill or knowledge
n. the act of giving students or candidates a test (as by questions) to determine what they know or have learned","n. 考试, 测验, 审查
[医] 检查, 诊察",n:100,3,1,zk cet4 cet6 ielts,1531,3069,examination
egg,egg,eg,"n. animal reproductive body consisting of an ovum or embryo together with nutritive and protective envelopes; especially the thin-shelled reproductive body laid by e.g. female birds
n. oval reproductive body of a fowl (especially a hen) used as food
v. throw eggs at
v. coat with beaten egg","n. 蛋, 卵
vt. 挑唆, 煽动, 调蛋黄",v:1/n:99,4,1,zk gk,1532,1376,egg
definition,definition,.defi'niʃәn,"n. a concise explanation of the meaning of a word or phrase or symbol
n. clarity of outline","n. 定义, 精确度, 清晰度
[计] 清晰度; 清晰度",n:100,3,1,cet4 cet6 ky toefl gre,1533,2110,definition
declare,declare,di'klєә,"v. state emphatically and authoritatively
v. state firmly
v. declare to be
v. authorize payments of","v. 宣布, 声明, 申报, 断言",v:100,4,1,gk cet4 cet6 ky toefl ielts,1534,1736,declare
onto,onto,'ɒntu:,"prep. On the top of; upon; on. See On to, under On, prep.",prep. 在...之上,i:100,3,1,gk cet4 ky,1535,926,onto
substantial,substantial,sәb'stænʃәl,"s. having a firm basis in reality and being therefore important, meaningful, or considerable
a. having substance or capable of being treated as fact; not imaginary","n. 重要材料(或事物), 有实际价值的东西
a. 实质上的, 物质的, 有内容的, 结实的",j:100,3,1,cet4 cet6 ky toefl ielts gre,1536,2544,substantial
worry,worry,'wʌri,"n. a strong feeling of anxiety
v. be worried, concerned, anxious, troubled, or uneasy
v. be concerned with
v. disturb the peace of mind of; afflict with mental agitation or distress","n. 担心, 烦恼, 忧虑, 苦恼, 撕咬
vt. 使烦恼, 使焦虑, 使苦恼, 困扰, 折磨, 撕咬
vi. 烦恼, 担心, 撕咬",n:15/v:85,4,1,zk gk,1537,970,worry
aircraft,aircraft,'єәkræft,n. a vehicle that can fly,"n. 航空器, 飞机
[机] 航空器",n:100,4,1,gk cet4 ky toefl,1538,2803,aircraft
decade,decade,'dekeid,n. a period of 10 years,"n. 十年, 十",n:100,4,1,gk cet4 cet6 ky ielts,1539,730,decade
output,output,'autput,"n. production of a certain amount
n. the quantity of something (as a commodity) that is created (usually within a given period of time)
n. what is produced in a given time period
v. to create or manufacture a specific amount","n. 输出, 产品, 产量
[计] 输出",v:4/n:96,3,1,gk cet4 cet6 ky toefl ielts,1540,4085,output
suitable,suitable,'sju:tәbl,s. meant or adapted for an occasion or use,"a. 适当的, 相配的
[法] 合适的, 适宜的, 适当的",j:100,3,1,gk cet4 cet6 ky toefl ielts,1541,4756,suitable
immediate,immediate,i'mi:diәt,"s. of the present time and place
a. having no intervening medium
s. immediately before or after as in a chain of cause and effect
s. performed with little or no delay","a. 立即的, 直接的, 接近的
[医] 直接的, 立即的",j:100,4,1,gk cet4 cet6 ky toefl,1542,2180,immediate
fourth,fourth,fɒ:θ,"n. following the third position; number four in a countable series
n. the musical interval between one note and another four notes away from it
s. coming next after the third and just before the fifth in position or time or degree or magnitude","num. 第四, 四分之一",m:100,4,0,zk gk,1543,1570,fourth
divide,divide,di'vaid,"n. a serious disagreement between two groups of people (typically producing tension or hostility)
v. separate into parts or portions
v. perform a division","vi. 分开, 分配, 分裂
vt. 分, 分开, 分裂, 除
n. 分配, 分水岭
[计] 除",n:14/v:86,4,1,zk gk cet4 ky toefl,1544,1942,divide
stick,stick,stik,"n. an implement consisting of a length of wood
n. a small thin branch of a tree
n. a lever used by a pilot to control the ailerons and elevators of an airplane
n. a rectangular quarter pound block of butter or margarine","n. 棍, 棒, 刺, 枯枝, 茎, 条状物
vt. 插进, 刺入, 钉住, 伸出, 粘贴, 停止
vi. 粘住, 停留, 坚持, 陷住, 伸出",n:27/v:73,3,1,zk gk cet4 cet6 ky toefl ielts,1545,1209,stick
ought,ought,ɒ:t,"n. & adv. See Aught.
imp., p. p., or auxi Was or were under obligation to pay;
   owed.
imp., p. p., or auxi Owned; possessed.
imp., p. p., or auxi To be bound in duty or by moral
   obligation.
imp., p. p., or auxi To be necessary, fit, becoming, or
   expedient; to behoove; -- in this sense formerly sometimes used
   impersonally or without a subject expressed.
 of Owe","aux. 应该, 大概
n. 责任",v:100,3,0,gk cet4 cet6 ky,1546,1755,ought
equal,equal,'i:kwәl,"v. be identical or equivalent to
v. be equal to in quality or ability
v. make equal, uniform, corresponding, or matching
a. having the same quantity, value, or measure as another","n. 对手, 匹敌, 同辈
a. 相等的, 平等的, 胜任的, 合适的, 平静的, 不相上下的
vt. 等于, 比得上
[计] 等长度编码",n:4/j:85/v:11,4,1,gk cet4 cet6 ky toefl ielts,1547,1830,equal
reasonable,reasonable,'ri:znәbl,"a. showing reason or sound judgment
s. marked by sound judgment","a. 合理的, 明理的, 适当的
[法] 合理的, 公道的, 正当的",r:1/j:99,3,1,gk cet4 cet6 ky ielts,1549,2510,reasonable
offence,offence,ә'fens,"n the action of attacking an enemy
n the team that has the ball (or puck) and is trying to score
n a feeling of anger caused by being offended
n a lack of politeness; a failure to show regard for others; wounding the feelings or others
n (criminal law) an act punishable by law; usually considered an evil act","n. 犯罪, 冒犯, 违反, 罪过, 过错, 攻击
[法] 犯法, 罪过, 过错",n:100,3,1,gk cet6 ky ielts,1550,22003,offence
leading,leading,'li:diŋ,"s. indicating the most important performer or role
s. greatest in importance or degree or significance or achievement
a. going or proceeding or going in advance; showing the way","n. 领导, 指挥, 神示, 铅板
a. 领导的, 主要的, 在前的",j:100,4,1,gk cet4 cet6 ky toefl,1551,2188,leading
everybody,everybody,'evribɒdi,n. Every person.,"pron. 每个人, 人人",p:99/n:1,4,0,zk gk,1552,799,everybody
reduction,reduction,ri'dʌkʃәn,"n. any process in which electrons are added to an atom or ion (as by removing oxygen or adding hydrogen); always occurs accompanied by oxidation of the reducing agent
n. the act of reducing complexity","n. 减少, 缩影, 变化
[化] 还原",n:100,3,1,cet4 cet6 ky toefl,1554,2270,reduction
bottom,bottom,'bɒtәm,"n. the lower side of anything
n. the lowest part of anything
n. the second half of an inning; while the home team is at bat
n. a cargo ship","n. 底部
a. 底部的
vt. 给...装底, 查明真相
vi. 到达底部, 建立基础",j:32/v:3/n:65,4,1,zk gk cet4 ky,1555,1511,bottom
working,working,'wә:kiŋ,"n. a mine or quarry that is being or has been worked
s. actively engaged in paid work
s. adequate for practical use; especially sufficient in strength or numbers to accomplish something
s. adopted as a temporary basis for further work","n. 工作, 运转, 劳动
a. 工作的, 劳动的, 经营的, 抽搐的, 运转的",j:83/n:17,5,1,ielts,1556,2819,working
detailed,detailed,'di:teild,s. developed or executed with care and in minute detail,"a. 详细的, 复杂的
[法] 详细的, 详尽的",j:100,3,1,ielts,1557,3125,detailed
appointment,appointment,ә'pɒintmәnt,"n. the act of putting a person into a non-elective position
n. (usually plural) furnishings and equipment (especially for a ship or hotel)
n. the job to which you are (or hope to be) appointed
n. (law) the act of disposing of property by virtue of the power of appointment","n. 约会, 委任的职位, 委派
[经] 任命, 派, 指定",n:100,3,1,gk cet4 cet6 ky toefl ielts,1558,3021,appointment
weapon,weapon,'wepәn,"n. any instrument or instrumentality used in fighting or hunting
n. a means of persuading or arguing","n. 武器, 兵器
vt. 武装",n:100,4,1,cet4 cet6 ky toefl ielts,1559,929,weapon
murder,murder,'mә:dә,"n. unlawful premeditated killing of a human being by a human being
v. kill intentionally and with premeditation","n. 谋杀
vt. 谋杀, 损毁, 破坏
vi. 犯杀人罪",v:23/n:77,4,1,zk gk cet4 cet6 ky,1560,1381,murder
tape,tape,teip,"n. a long thin piece of cloth or paper as used for binding or fastening
n. a recording made on magnetic tape
n. the finishing line for a foot race
n. measuring instrument consisting of a narrow strip (cloth or metal) marked in inches or centimeters and used for measuring lengths","n. 带子, 录音带, 磁带, 窄带, 卷尺
vt. 以带子绑起, 测量, 录音
[计] 带",v:15/n:85,4,1,zk gk cet4 cet6 ky toefl ielts,1561,1490,tape
afraid,afraid,ә'freid,"a. filled with fear or apprehension
s. filled with regret or concern; used often to soften an unpleasant statement
s. feeling worry or concern or insecurity
s. having feelings of aversion or unwillingness","a. 害怕的, 恐怕的, 遗憾的",j:100,3,1,zk gk,1562,1400,afraid
female,female,'fi:meil,"n. an animal that produces gametes (ova) that can be fertilized by male gametes (spermatozoa)
n. a person who belongs to the sex that can have babies
a. being the sex (of plant or animal) that produces fertilizable gametes (ova) from which offspring develop
s. characteristic of or peculiar to a woman","n. 女性, 女人, 雌性动物
a. 女性的, 女子的",j:59/n:41,4,1,gk cet4 cet6 ky ielts,1563,1396,female
concentration,concentration,.kɒnsәn'treiʃәn,"n. the strength of a solution; number of molecules of a substance in a given volume
n. the spatial property of being crowded together
n. strengthening the concentration (as of a solute in a mixture) by removing diluting material
n. increase in density","n. 集中, 专心
[化] 浓度; 浓缩",n:100,3,1,cet4 cet6 ky,1564,2752,concentration
overall,overall,'әuvәrɒ:l,"n. (usually plural) work clothing consisting of denim trousers (usually with a bib and shoulder straps)
n. a loose protective coverall or smock worn over ordinary clothing for dirty work
s. involving only main features
s. including everything","a. 全部的, 全体的, 从头至尾的, 一切在内的
adv. 从头到尾, 总的说来
n. 罩衫, 工作服",r:24/j:63/n:13,4,1,cet4 cet6 ky toefl ielts,1565,1941,overall
enterprise,enterprise,'entәpraiz,"n. a purposeful or industrious undertaking (especially one that requires effort or boldness)
n. an organization created for business ventures
n. readiness to embark on bold new ventures","n. 企业, 事业心, 进取心, 干事业
[计] 企业",n:100,3,0,gk cet6 ky toefl ielts gre,1566,2499,enterprise
neck,neck,nek,"n. the part of an organism (human or animal) that connects the head to the rest of the body
n. a narrow elongated projecting strip of land
n. a cut of meat from the neck of an animal
n. a narrow part of an artifact that resembles a neck in position or form","n. 脖子, 衣领, 颈
vi. 拥抱, 拥吻, 收缩
vt. 割颈",v:2/n:98,3,1,zk gk cet4 cet6 ky toefl ielts,1569,1521,neck
bedroom,bedroom,'bedrum,n. a room used primarily for sleeping,n. 卧室,n:100,3,1,zk gk ielts,1570,1869,bedroom
recognize,recognize,'rekәgnaiz,"v. be fully aware or cognizant of
v. perceive to be the same
v. exhibit recognition for (an antigen or a substrate)
v. show approval or appreciation of","vt. 认出, 认可, 承认, 公认, 识别, 赏识
vi. 承认, 具结",v:100,4,1,cet4 cet6 ky toefl,1571,779,recognize
kid,kid,kid,"n. soft smooth leather from the hide of a young goat
n. young goat
v. be silly or tease one another","n. 小山羊, 小山羊肉, 小孩, 欺骗
a. 小山羊皮制的
v. 哄骗, 嘲弄",v:4/n:96,4,1,zk gk cet4 ky,1572,312,kid
nod,nod,nɒd,"n. a sign of assent or salutation or command
n. the act of nodding the head
v. express or signify by nodding
v. lower and raise the head, as to indicate assent or agreement or confirmation","n. 点头, 打盹, 晃动
vi. 点头, 打盹
vt. 点头表示, 点(头)",n:16/v:84,3,0,zk gk cet4 cet6 ky toefl,1573,1557,nod
spread,spread,spred,"n. process or result of distributing or extending over a wide expanse of space
n. a tasty mixture to be spread on bread or crackers or used in preparing other dishes
n. two facing pages of a book or other publication
n. the expansion of a person's girth (especially at middle age)","n. 传播, 散布, 伸展
a. 双唇展开的, 伸展的
vt. 展开, 铺开, 传播, 推广, 伸出, 涂, 敷, 延伸
vi. 展开, 扩大, 传开, 延伸
[计] 展开",n:20/v:80,4,1,zk gk cet4 cet6 ky,1575,1371,spread
handle,handle,hændl,"n. the appendage to an object that is designed to be held in order to use or move it
v. touch, lift, or hold with the hands
v. show and train","n. 柄, 把手, 把柄, 柄状物, 手感
vt. 触摸, 运用, 买卖, 处理, 操作
vi. 搬运, 易于操纵
n. 句柄
[计] 句柄",n:19/v:81,4,1,gk cet4 cet6 ky toefl gre,1576,1238,handle
expensive,expensive,ik'spensiv,a. high in price or charging high prices,"a. 贵的, 奢华的, 费用浩大的, 乱化钱的
[经] 高价的, 昂贵的, 浪费的",j:100,4,1,zk gk ielts,1577,1664,expensive
recommend,recommend,.rekә'mend,"v. push for something
v. make attractive or acceptable","vt. 推荐, 介绍, 劝告, 使受欢迎, 托付
[经] 建议, 推荐",v:100,4,1,gk cet4 cet6 ky toefl,1578,1688,recommend
correct,correct,kә'rekt,"v. make right or correct
v. treat a defect
a. free from error; especially conforming to fact or truth
s. socially right or correct","a. 正确的, 合适的
vt. 改正, 订正",j:69/v:31,4,1,zk gk cet4 ky toefl,1580,1794,correct
combine,combine,kәm'bain,"n. harvester that heads and threshes and cleans grain while moving across the field
v. add together from different sources
v. join for a common purpose or in a common action","v. (使)联合, (使)结合
n. (企业的)联合, 联合收割机",n:2/v:98,3,1,gk cet4 cet6 ky toefl ielts,1581,1448,combine
sufficient,sufficient,sә'fiʃәnt,a. of a quantity that can fulfill a need or requirement but without being abundant,"a. 充分的, 足够的
[法] 充分的, 足够的",j:100,3,1,cet4 cet6 ky toefl ielts gre,1582,3099,sufficient
store,store,stɒ:,"n. a supply of something available for future use
v. keep or lay aside for future use
v. find a place for and put away for storage","n. 商店, 贮藏, 仓库, 备用品, 存储器
vt. 储存, 贮藏, 供给
vi. 贮藏
a. 贮藏的, 现成的
[计] 存储器操作; 存储",v:16/n:84,4,1,zk gk ielts,1583,700,store
bottle,bottle,'bɒtl,"n. a glass or plastic vessel used for storing drinks or other liquids; typically cylindrical without handles and with a narrow neck that can be plugged or capped
n. the quantity contained in a bottle
n. a vessel fitted with a flexible teat and filled with milk or formula; used as a substitute for breast feeding infants and very young children
v. store (liquids or gases) in bottles","n. 瓶子, 酒瓶
vt. 装瓶, 抑制, 围困",v:3/n:97,4,1,zk gk,1584,1740,bottle
absence,absence,'æbsәns,"n. the state of being absent
n. failure to be present
n. the time interval during which something or somebody is away
n. the occurrence of an abrupt, transient loss or impairment of consciousness (which is not subsequently remembered), sometimes with light twitching, fluttering eyelids, etc.; common in petit mal epilepsy","n. 缺席, 缺乏, 没有
[医] 失神",n:100,3,1,gk cet4 cet6 ky toefl,1585,2524,absence
wave,wave,weiv,"n. one of a series of ridges that moves across the surface of a liquid (especially across a large body of water)
n. a movement like that of a sudden occurrence or increase in a specified phenomenon
n. (physics) a movement up and down or back and forth
n. something that rises rapidly","n. 波, 波浪, 波动, 起伏, 高潮, 潮涌, 挥手致意, (气压)突变
vi. 波动, 飘动, 挥手示意, 起伏
vt. 使波动, 使飘扬, 挥舞, 使成波浪形",v:34/n:66,4,1,gk cet4 cet6 ky ielts,1586,1398,wave
criticism,criticism,'kritisizm,"n. disapproval expressed by pointing out faults or shortcomings
n. a serious examination and judgment of something
n. a written evaluation of a work of literature","n. 批评, 评论, 非难
[法] 批判, 批评, 评论",n:100,4,1,cet4 cet6 ky,1587,2093,criticism
eastern,eastern,'i:stәn,"s. lying toward or situated in the east
a. of or characteristic of eastern regions of the United States
a. relating to or characteristic of regions of eastern parts of the world","n. 东方人, 东正教徒
a. 东方的, 向东的, 自东的",j:100,4,1,gk cet4 ky ielts,1588,1503,eastern
teaching,teaching,'ti:tʃiŋ,"n. the profession of a teacher
n. a doctrine that is taught","n. 教学, 学说, 教导",n:100,3,1,cet4 cet6 ielts,1589,1638,teaching
birth,birth,bә:θ,"n. the time when something begins (especially life)
n. the event of being born
n. a baby born; an offspring","n. 出生, 起源
[医] 生产, 分娩",v:2/n:98,3,1,zk gk cet4 ky ielts,1590,1499,birth
shout,shout,ʃaut,"v. utter in a loud voice; talk in a loud voice (usually denoting characteristic manner of speaking)
v. utter a sudden loud cry","n. 呼喊, 喊声
vi. 呼喊, 喊叫, 嚷
vt. 高喊",n:14/v:86,3,1,zk gk,1591,2154,shout
transfer,transfer,træns'fә:,"n. someone who transfers or is transferred from one position to another
n. the act of transfering something from one form to another
n. a ticket that allows a passenger to change conveyances
n. application of a skill learned in one situation to a different but similar situation","n. 迁移, 移动, 传递, 转让, 转移, 过户, 汇兑, 换车
vt. 使转移, 调转, 调任, 改变, 传递, 转让
vi. 转移, 转学, 转职, 换车
[计] 传送",n:45/v:55,4,1,cet4 cet6 ky toefl ielts gre,1593,2315,transfer
error,error,'erә,"n. a misconception resulting from incorrect information
n. (baseball) a failure of a defensive player to make an out when normal play would have sufficed
n. departure from what is ethically acceptable
n. (computer science) the occurrence of an incorrect result produced by a computer","n. 错误, 过失, 失误, 误差
[计] 错误",n:100,3,1,gk cet4 cet6 ky toefl,1595,2198,error
assembly,assembly,ә'sembli,"n. a group of machine parts that fit together to form a self-contained unit
n. a group of persons who are gathered together for a common purpose
n. a unit consisting of components that have been fitted together
n. the social act of assembling","n. 与会者, 集会, 装配, 组件
[化] 装配
[计] 汇编语言",n:100,3,0,cet4 ky toefl,1596,3965,assembly
acid,acid,'æsid,"n. any of various water-soluble compounds having a sour taste and capable of turning litmus red and reacting with a base to form a salt
n. street name for lysergic acid diethylamide
s. having the characteristics of an acid","n. 酸, 酸类物质, 尖刻, 迷幻药
a. 酸的, 酸性的, 尖刻的, 敏锐的
[计] 自动文档互参与索引生成程序",j:1/n:99,3,1,gk cet4 cet6 ky toefl ielts,1597,3238,acid
straight,straight,streit,"n. a poker hand with 5 consecutive cards (regardless of suit)
s. successive (without a break)
a. having no deviations
a. (of hair) having no waves or curls","n. 直线, 直
a. 直的, 笔直的, 正直的, 直接的, 连续的, 整齐的
adv. 直接地, 立即, 不断地",n:2/r:62/j:36,4,1,gk toefl,1598,1634,straight
ear,ear,iә,"n. the sense organ for hearing and equilibrium
n. good hearing
n. attention to what is said
n. fruiting spike of a cereal plant especially corn","n. 耳朵, 倾听, 听觉, 穗
vi. 抽穗",n:100,3,1,zk gk,1599,1337,ear
settlement,settlement,'setlmәnt,"n. a conclusive resolution of a matter and disposition of it
n. something settled or resolved; the outcome of decision making
n. an area where a group of families live together","n. 安顿, 解决, 处理, 结算, 殖民, 殖民地, 沉降
[医] 居住区; 沉渣",n:100,4,0,gk cet4 cet6 ky ielts,1600,2167,settlement
scientific,scientific,.saiәn'tifik,"a. of or relating to the practice of science
a. conforming with the principles or methods used in science","a. 科学的, 系统的, 符合科学规律的
[计] 科学记数法",j:100,3,1,gk cet4 cet6 ky ielts,1601,1605,scientific
realize,realize,'riәlaiz,"v. make real or concrete; give reality or substance to
v. convert into cash; of goods and property
v. expand or complete (a part in a piece of baroque music) by supplying the harmonies indicated in the figured bass","vt. 了解, 实现, 使显得逼真, 变卖
vi. 变卖",v:100,4,1,cet4 cet6 toefl,1603,616,realize
democratic,democratic,.demә'krætik,"a. characterized by or advocating or based upon the principles of democracy or social equality
a. belong to or relating to the Democratic Party
s. representing or appealing to or adapted for the benefit of the people at large","a. 民主的
[法] 民主的, 民主政体的, 平民的",j:100,4,0,cet4 cet6 ky,1605,853,democratic
dangerous,dangerous,'deindʒәrәs,"a. involving or causing danger or risk; liable to hurt or harm
s. causing fear or anxiety by threatening great harm","a. 危险的
[法] 危险的, 危害的",j:100,4,1,zk gk cet4 ky toefl ielts,1609,1457,dangerous
weather,weather,'weðә,"n. the atmospheric conditions that comprise the state of the atmosphere in terms of temperature and wind and clouds and precipitation
v. face and withstand with courage
v. cause to slope
v. sail to the windward of","n. 天气, 气象, 处境
a. 迎风的
vt. 使受风吹雨打, 侵蚀, 使风化, 经受住
vi. 风化, 受侵蚀, 经受风雨",v:7/n:93,4,1,zk gk toefl ielts gre,1610,1614,weather
photograph,photograph,'fәutәgrɑ:f,"n. a representation of a person or scene in the form of a print or transparent slide; recorded by a camera on light-sensitive material
v. record on photographic film
v. undergo being photographed in a certain way","n. 相片, 照片, 逼真的描绘
v. 照相, 摄影",v:19/n:81,4,1,zk gk cet4 cet6 toefl ielts,1611,1481,photograph
whilst,whilst,wailst,adv. While.,"conj. 当...的时候, 和...同时, 虽然, 只要, 然而, 而, 尽管",c:100,3,1,cet4 cet6 ielts,1612,18717,whilst
pleasure,pleasure,'pleʒә,"n. a fundamental feeling that is hard to define but that people desire to experience
n. a formal expression
n. an activity that affords enjoyment
n. sexual gratification","n. 快乐, 愉快, 令人高兴的事, 娱乐, 希望
v. (使)高兴",v:1/n:99,3,1,zk gk toefl ielts,1613,1882,pleasure
select,select,si'lekt,"v pick out, select, or choose from a number of alternatives
s of superior grade
s selected or chosen for special qualifications","a. 挑选出来的, 极好的
v. 选择, 挑选
n. 被挑选者, 精萃
[计] 选定",j:21/v:79,3,1,gk cet4 cet6 ky toefl,1614,1733,select
lunch,lunch,lʌntʃ,"n. a midday meal
v. take the midday meal
v. provide a midday meal for",n. 午餐,v:2/n:98,4,1,zk gk ielts,1615,1586,lunch
critical,critical,'kritikәl,"a. marked by a tendency to find and call attention to errors and flaws
a. at or of a point at which a property or phenomenon suffers an abrupt change especially having enough mass to sustain a chain reaction
a. characterized by careful evaluation and judgment
s. urgently needed; absolutely necessary","a. 批评的, 决定性的, 危险的, 临界的
[医] 危象的; 临界的, 极期的",j:100,4,1,cet4 cet6 ky toefl ielts gre,1616,1126,critical
channel,channel,'tʃænәl,"n. a path over which electrical signals can pass
n. a passage for water (or other fluids) to flow through
n. a deep and relatively narrow body of water (as in a river or a harbor or a strait linking two larger bodies) that allows the best passage for vessels
n. (often plural) a means of communication or access","n. 海峡, 航道, 频道
vt. 引导, 在...上挖沟, 形成河道
[计] 信道, 通道",v:15/n:85,4,1,gk cet4 cet6 ky toefl ielts,1617,2518,channel
fee,fee,fi:,"n. a fixed charge for a privilege or for professional services
n. an interest in land capable of being inherited","n. 费用, 小费, 封地, 所有权
vt. 付费给",n:100,4,1,gk cet4 ky ielts,1618,1826,fee
absolutely,absolutely,'æbsәlu:tli,"r. completely and without qualification; used informally as intensifiers
r. totally and definitely; without question","adv. 完全地, 绝对地, 确确实实地",r:100,4,1,cet4 toefl,1619,1149,absolutely
mental,mental,'mentl,"a. involving the mind or an intellectual process
a. of or relating to the mind
a. of or relating to the chin- or liplike structure in insects and certain mollusks
s. affected by a disorder of the mind","a. 心智的, 精神病的, 心理的, 颏的
n. 精神病患者",j:100,3,1,gk cet4 cet6 ky toefl ielts,1620,1584,mental
Friday,friday,'fraidi,n. the sixth day of the week; the fifth working day,n. 星期五,,4,1,zk gk ielts,1621,0,friday
temperature,temperature,'temprәtʃә,"n. the degree of hotness or coldness of a body or environment (corresponding to its molecular activity)
n. the somatic sensation of cold or heat","n. 温度, 发烧, 热度
[化] 温度",n:100,3,1,zk gk cet4 cet6 ky toefl ielts,1622,1622,temperature
beside,beside,bi'said,"n. At the side of; on one side of.
n. Aside from; out of the regular course or order of; in a
   state of deviation from; out of.
n. Over and above; distinct from; in addition to.
adv. On one side.
adv. More than that; over and above; not included in the
   number, or in what has been mentioned; moreover; in addition.",prep. 在旁边,i:99/r:1,3,1,zk gk,1623,1981,beside
waste,waste,weist,"n. any materials unused and rejected as worthless or unwanted
n. useless or profitless activity; using or expending or consuming thoughtlessly or carelessly
n. (law) reduction in the value of an estate caused by act or neglect
v. spend thoughtlessly; throw away","n. 浪费, 废物, 损耗, 消耗, 荒地, 垃圾, 地面风化物
a. 废弃的, 荒芜的, 多余的
vt. 浪费, 消耗, 使荒芜
vi. 浪费, 消耗, 变消瘦",v:33/j:3/n:64,4,1,zk gk cet4 cet6 ky ielts gre,1624,1986,waste
solicitor,solicitor,sә'lisitә,"n. a petitioner who solicits contributions or trade or votes
n. a British lawyer who gives legal advice and prepares legal documents","n. (英)律师, 初级律师, (美)法务官, (美)掮客, 游说者, (美)募捐者
[经] 募损者, 律师",n:100,3,0,toefl,1625,17384,solicitor
implication,implication,.impli'keiʃәn,"n. an accusation that brings into intimate and usually incriminating connection
n. a logical relation between propositions p and q of the form `if p then q'; if p is true then q cannot be false
n. a relation implicated by virtue of involvement or close connection (especially an incriminating involvement)","n. 牵连, 含义, 暗示
[法] 推断, 含蓄之意, 暗示",n:100,3,1,cet4 cet6 ky toefl gre,1627,2434,implication
recognition,recognition,.rekәg'niʃәn,"n. the state or quality of being recognized or acknowledged
n. the process of recognizing something or someone by remembering
n. approval
n. (biology) the ability of one molecule to attach to another molecule that has a complementary shape","n. 赞誉, 认得, 识别, 承认, 认可, 认识
[电] 认识",n:100,3,1,cet4 cet6 ky toefl,1628,2441,recognition
desire,desire,di'zaiә,"n. the feeling that accompanies an unsatisfied state
n. an inclination to want things
n. something that is desired
v. feel or have a desire for; want strongly","n. 欲望, 要求
vt. 想要, 请求
vi. 渴望",v:24/n:76,4,1,gk cet4 cet6 ky toefl ielts,1629,1551,desire
institute,institute,'institju:t,"n. an association organized to promote art or science or education
v. advance or set forth in court","n. 学会, 学院, 协会
vt. 创立, 开始, 制定, 任命",v:37/n:63,4,1,gk cet4 cet6 ky toefl ielts gre,1630,7980,institute
component,component,kәm'pәunәnt,"n. an abstract part of something
n. an artifact that is one of the individual parts of which a composite entity is made up; especially a part that can be separated from or attached to a system","n. 元件, 组件, 成分
a. 组成的, 构成的
[计] 组件",j:1/n:99,3,0,gk cet4 cet6 ky toefl ielts gre,1631,1760,component
republic,republic,ri'pʌblik,n. a form of government whose head of state is not a monarch,"n. 共和国, 共和政体, 团体, 界",n:100,4,0,gk cet4 cet6 ky toefl,1632,3709,republic
seriously,seriously,'siәriәsli,r. in a serious manner,"adv. 严肃地, 认真地, 严重地",r:100,3,1,cet4 cet6 toefl,1633,1908,seriously
familiar,familiar,fә'miljә,"n. a person attached to the household of a high official (as a pope or bishop) who renders service in return for support
n. a spirit (usually in animal form) that acts as an assistant to a witch or wizard
a. well known or easily recognized
a. within normal everyday experience; common and ordinary; not strange","a. 熟悉的, 常见的, 亲密的
n. 熟友, 常客",j:99/n:1,3,1,gk cet4 cet6 ky ielts,1635,1492,familiar
unlikely,unlikely,.ʌn'laikli,a. has little chance of being the case or coming about,a. 不太可能的,j:100,4,1,cet4 cet6 ky toefl ielts,1636,2687,unlikely
recall,recall,ri'kɒ:l,"n. a request by the manufacturer of a defective product to return the product (as for replacement or repair)
n. a call to return
n. a bugle call that signals troops to return
n. the process of remembering (especially the process of recovering information by mental effort)","n. 回忆, 召回, 撤消
vt. 回想, 回忆, 召回, 撤消, 使恢复
[计] 检索",n:8/v:92,4,1,cet4 cet6 ky toefl ielts gre,1637,1129,recall
partly,partly,'pɑ:tli,r in part; in some degree; not wholly,"adv. 部分地, 在一定程度上",r:100,3,1,gk cet4 cet6 ky,1638,2824,partly
elsewhere,elsewhere,'elshwєә,r. in or to another place,adv. 在别处,r:100,3,1,cet4 cet6 ky ielts,1639,2279,elsewhere
double,double,'dʌbl,"n. a base hit on which the batter stops safely at second base
n. a stand-in for movie stars to perform dangerous stunts
n. someone who closely resembles a famous person (especially an actor)
n. a quantity that is twice as great as another","n. 两倍
a. 两倍的, 双重的
vt. 使加倍
vi. 加倍, 代替, 快步走
[计] 双精度型",n:14/r:5/j:47/v:34,4,1,zk gk ielts,1640,2202,double
block,block,blɒk,"n. a solid piece of something (usually having flat rectangular sides)
n. a rectangular area in a city surrounded by streets and usually containing several buildings
n. a three-dimensional shape with six square or rectangular sides
n. a number or quantity of related things dealt with as a unit","n. 街区, 木块, 石块, 块
vt. 阻塞, 封锁, 使成块状
[计] 块, 数据块",v:33/n:67,4,1,gk toefl ielts,1641,1314,block
necessarily,necessarily,'nesisәrili,"r. in an essential manner
r. as a highly likely consequence","adv. 必然地, 必须地, 必要地",r:100,3,1,cet4 cet6,1642,1957,necessarily
brain,brain,brein,"n. that part of the central nervous system that includes all the higher nervous centers; enclosed within the skull; continuous with the spinal cord
n. mental ability
n. the brain of certain animals used as meat
v. hit on the head","n. 脑
vt. 打碎脑部",v:1/n:99,4,1,zk gk cet4 ky toefl,1643,1189,brain
household,household,'haushәuld,n a social unit living together,"n. 一家人, 家庭, 家族, 王室
a. 家庭的, 家常的, 王室的",n:100,3,1,cet4 cet6 ky toefl,1644,1967,household
guide,guide,gaid,"n. someone who shows the way by leading or advising
n. a structure or marking that serves to direct the motion or positioning of something
v. be a guiding or motivating force or drive
v. use as a guide","n. 引导者, 导游, 指南, 路标
vt. 指导, 支配, 管理, 带领, 操纵
vi. 任向导
[计] 辅助线",v:34/n:66,4,1,gk cet4 cet6 ky ielts,1645,1779,guide
climb,climb,klaim,"n. an event that involves rising to a higher point (as in altitude or temperature or intensity etc.)
n. the act of climbing something
v. go upward with gradual or continuous progress
v. move with difficulty, by grasping","v. 攀登, 上升, 爬
n. 攀登, 爬升",n:9/v:91,3,1,zk gk cet4 cet6 ky,1646,1566,climb
welcome,welcome,'welkәm,"n. the state of being welcome
n. a greeting or reception
v. accept gladly
v. bid welcome to; greet upon arrival","n. 欢迎, 欢迎词
a. 受欢迎的, 可随意的, 可喜的
vt. 欢迎, 接待
interj. 欢迎",n:9/j:21/v:70,4,1,zk gk,1647,1545,welcome
screen,screen,skri:n,"n. a white or silvered surface where pictures can be projected for viewing
n. the display that is electronically created on the surface of the large end of a cathode-ray tube
n. a covering that serves to conceal or shelter something
n. a protective covering consisting of netting; can be mounted in a frame","n. 幕, 银幕, 屏风, 掩蔽物, 屏蔽, 筛子
vt. 掩蔽, 放映, 拍摄, 掩护, 筛, 甄别
vi. 拍电影
[计] 筛选; 屏幕",v:15/n:85,4,1,zk gk cet4 cet6 ky toefl,1648,1252,screen
guest,guest,gest,"n. a visitor to whom hospitality is extended
n. United States journalist (born in England) noted for his syndicated homey verse (1881-1959)
n. a customer of a hotel or restaurant etc.","n. 客人, 来宾, 旅客
[化] 客体",v:1/n:99,4,1,zk gk ielts,1649,1310,guest
nurse,nurse,nә:s,"n. one skilled in caring for young children or the sick (usually under the supervision of a physician)
v. try to cure by special care of treatment, of an illness or injury
v. serve as a nurse; care for sick or handicapped people
v. treat carefully","n. 护士, 保姆, 奶妈
vt. 看护, 照顾, 培养
vi. 喂奶, 看护病人",v:14/n:86,3,1,zk gk toefl ielts,1650,1875,nurse
experiment,experiment,ik'sperimәnt,"n. the act of conducting a controlled test or investigation
n. the testing of an idea
n. a venture at something new or different
v. to conduct a test or investigation","n. 实验, 试验, 实验仪器
vi. 实验, 尝试",v:21/n:79,3,1,zk gk cet4 cet6 ky ielts,1651,1990,experiment
silence,silence,'sailәns,"n. the state of being silent (as when no one is speaking)
n. the absence of sound
v. keep from expression, for example by threats or pressure","n. 沉默, 无声, 静寂, 湮没, 无声息
vt. 使缄默
interj. 安静",v:12/n:88,3,1,zk gk cet4 cet6 ky toefl ielts,1653,1820,silence
secure,secure,si'kjuә,"v. assure payment of
a. free from fear or doubt; easy in mind
a. free from danger or risk
a. not likely to fail or give way","a. 无虑的, 安心的, 安全的, 可靠的, 保险的
vt. 固定, 获得, 保证, 使安全, 掩护, 招致
vi. 停止操作, 船抛锚",j:32/v:68,4,1,gk cet4 cet6 ky toefl gre,1654,2489,secure
sixty,sixty,'siksti,"n. the cardinal number that is the product of ten and six
s. being ten more than fifty","num. 六十, 六十个",m:100,5,0,zk gk cet4 cet6,1655,5642,sixty
publication,publication,.pʌbli'keiʃәn,"n. a copy of a printed work offered for distribution
n. the communication of something to the public; making information generally known
n. the business of issuing printed matter for sale or distribution","n. 出版物, 出版, 公布
[经] 发布",n:100,3,1,cet4 cet6 ky toefl ielts,1656,2459,publication
treaty,treaty,'tri:ti,n. a written agreement between two states or sovereigns,"n. 条约, 谈判
[经] 协议, 协定, 协商",n:100,4,0,cet4 cet6 ky ielts gre,1659,2836,treaty
program,program,'prәugræm,"n. a system of projects or services intended to meet a public need
n. an announcement of the events that will occur as part of a theatrical or sporting event
n. (computer science) a sequence of instructions that a computer can interpret and execute
n. a performance (or series of performances) at a public presentation","n. 节目, 节目单, 程序, 纲要, 大纲, 计划
vt. 规划, 拟...计划
vi. 安排节目, 编程序
[计] 程序",v:4/n:96,4,1,cet4 cet6 ielts,1660,194,program
slow,slow,slәu,"v. become slow or slower
v. cause to proceed more slowly
a. not moving quickly; taking a comparatively long time
a. at a slow tempo","a. 慢的, 缓慢的, 迟缓的, 迟钝的, 冷漠的, 落后的
adv. 慢地, 迟缓地
v. (使)慢下来",r:8/j:52/v:40,4,1,zk gk,1661,1761,slow
journey,journey,'dʒә:ni,n. the act of traveling from one place to another,"n. 旅程, 旅行, 行程
vi. 旅行
vt. 游历",v:7/n:93,3,1,gk cet4 cet6 ky,1662,2409,journey
disappear,disappear,.disә'piә,"v. get lost, as without warning or explanation","vi. 消失, 不见",v:100,3,1,gk cet4 cet6 ky,1663,1578,disappear
trip,trip,trip,"n. a journey for some purpose (usually including the return)
n. a hallucinatory experience induced by drugs
n. an exciting or stimulating experience
n. a light or nimble tread","n. 旅行, 绊倒, 摔倒, 失足, 差错, 旅程
vt. 使跌倒, 使犯错, 使失败
vi. 轻快地走, 绊倒, 失误, 犯错, 结巴, 旅行, 远足",v:10/n:90,4,1,zk gk toefl ielts,1664,962,trip
dry,dry,drai,"n. a reformer who opposes the use of intoxicating beverages
v. remove the moisture from and make dry
v. become dry or drier
a. free from liquid or moisture; lacking natural or normal moisture or depleted of water; or no longer wet","a. 干的, 无酒的, 枯燥无味的, 干燥的
vt. 把...弄干
vi. 变干
n. 干, 干涸",j:71/v:29,4,1,zk gk,1665,1561,dry
tiny,tiny,'taini,s very small,"a. 很少的, 微小的",j:100,3,1,zk gk cet4 cet6 ky toefl,1666,1313,tiny
noise,noise,nɒiz,"n. sound of any kind (especially unintelligible or dissonant sound)
n. the auditory experience of sound that lacks musical quality; sound that is a disagreeable auditory experience
n. electrical or acoustic activity that can disturb communication
n. a loud outcry of protest or complaint","n. 噪音, 杂音, 响声, 喧闹
vt. 谣传
vi. 喧闹
[计] 噪声",n:100,3,1,zk gk ielts,1667,2012,noise
metal,metal,'metәl,v. cover with metal,"n. 金属, 金属制品, 合金, 本质, 质料
a. 金属制的
vt. 以金属覆盖",n:100,3,1,zk gk cet4 cet6 ky ielts,1668,1574,metal
connection,connection,kә'nekʃәn,"n. a relation between things or events (as in the case of one causing the other or sharing features with it)
n. the state of being connected
n. an instrumentality that connects
n. (usually plural) a person who is influential and to whom you are connected in some way (as by family or friendship)","n. 连接, 关系, 前后关系
[计] 连接",n:100,3,1,gk cet4 cet6 ky toefl,1669,1421,connection
thin,thin,θin,"v. lose thickness; become thin or thinner
v. make thin or thinner
a. of relatively small extent from one surface to the opposite or in cross section
a. lacking excess flesh","a. 薄的, 细的, 瘦的, 稀疏的, 稀薄的, 淡的, 弱的, 空洞的
vt. 使变薄, 使变细, 使稀少, 使淡
vi. 变薄, 变细, 变少, 变淡
adv. 薄地, 稀疏地, 微弱地
n. 细小部分",r:1/j:90/v:9,3,1,zk gk toefl,1670,1621,thin
sum,sum,sʌm,"n. a quantity of money
n. a quantity obtained by the addition of a group of numbers
n. the final aggregate
n. the whole amount","n. 总数, 总和, 金额, 概要, 顶点
vt. 总计, 概括
vi. 合计
[计] 系统实用程序和维护",v:35/n:65,3,1,cet4 cet6 ky toefl,1671,3843,sum
dress,dress,dres,"n. a one-piece garment for a woman; has skirt and bodice
v. put on clothes
v. provide with clothes or put clothes on
v. put a finish on","n. 服装, 覆盖物
vi. 穿着
vt. 给...穿衣, 整理",n:45/v:55,4,1,zk gk ielts,1673,1437,dress
sky,sky,skai,n. the atmosphere and outer space as viewed from the earth,"n. 天空, 天色, 天堂
vt. 击向空中, 挂在高处
vi. 高涨",n:100,3,1,zk gk,1674,1147,sky
imply,imply,im'plai,"v. express or state indirectly
v. suggest as a logically necessary consequence; in logic
v. have as a necessary feature","vt. 暗示, 意味
[计] 隐含",v:100,3,1,cet4 cet6 ky toefl,1675,2796,imply
illustrate,illustrate,'ilәstreit,"v. depict with an illustration
v. supply with illustrations","vt. 举例说明, 作图解, 阐明
vi. 举例说明",v:100,3,1,cet4 cet6 ky toefl ielts gre,1676,2348,illustrate
violence,violence,'vaiәlәns,"n. an act of aggression (as one against a person who resists)
n. a turbulent state resulting in injuries and destruction etc.","n. 猛烈, 暴力, 暴虐, 暴行
[法] 暴行, 暴力, 暴乱",n:100,4,1,gk cet4 cet6 ky toefl,1677,1037,violence
pool,pool,pu:l,"n. an excavation that is (usually) filled with water
n. an organization of people or resources that can be shared
n. any communal combination of funds
n. a small body of standing water (rainwater) or other liquid","n. 池, 水塘, 石油层, 联营
vt. 合伙经营, 共享, 采掘, 汇聚成
vi. 汇合成塘, 淤积, 联营",v:5/n:95,3,1,zk gk cet4 cet6 ky,1678,1565,pool
Monday,monday,'mʌndi,n. the second day of the week; the first working day,n. 星期一,,4,1,zk gk ielts,1679,0,monday
captain,captain,'kæptin,"n. an officer holding a rank below a major but above a lieutenant
n. the naval officer in command of a military ship
n. a policeman in charge of a precinct
n. the leader of a group of people","n. 船长, 指挥官, 海军上校, 首领
vt. 率领, 指挥",v:2/n:98,4,1,zk gk cet4 cet6 ky,1680,3347,captain
map,map,mæp,"n. a diagrammatic representation of the earth's surface (or part of it)
v. make a map of; show or establish the features of details of
v. explore or survey for the purpose of making a map
v. locate within a specific region of a chromosome in relation to known DNA or gene sequences","n. 地图, 天体图, 映像
vt. 映射, 绘制...地图, 计划
[计] 实用程序, 映射, 制造自动化协议",v:13/n:87,3,1,zk gk toefl ielts,1681,1542,map
phase,phase,feiz,"n. any distinct time period in a sequence of events
n. (physical chemistry) a distinct state of matter in a system; matter that is identical in chemical composition and physical state and separated from other material by the phase boundary
n. a particular point in the time of a cycle; measured from some arbitrary zero and expressed as an angle
n. (astronomy) the particular appearance of a body's state of illumination (especially one of the recurring shapes of the part of Earth's moon that is illuminated by the sun)","n. 时期, 局面, 方面, 位相, 相, 阶段
vt. 使调整相位, 使定相, 使一致, 逐步执行, 实行
[计] 阶段",v:7/n:93,3,1,cet4 cet6 ky toefl ielts,1682,2244,phase
display,display,dis'plei,"n. something intended to communicate a particular impression
n. something shown to the public
n. a visual representation of something
n. behavior that makes your feelings public","n. 显示, 陈列, 炫耀, 显示器
vt. 陈列, 显示, 表现, 夸示
[计] 显示器; 显示",n:49/v:51,4,1,cet4 cet6 ky toefl ielts,1683,2092,display
scientist,scientist,'saiәntist,n. a person with advanced knowledge of one or more sciences,"n. 科学家
[医] 科学家",n:100,4,1,zk gk cet4 cet6 ky,1684,1057,scientist
perfect,perfect,'pә:fikt,"v. make perfect or complete
a. being complete of its kind and without defect or blemish
s. precisely accurate or exact","n. 完成时
a. 完美的, 完好的, 理想的, 熟练的, 精确的, 完成式的
vt. 使完美, 修改, 使精通, 改善, 使熟练",j:93/v:7,4,1,zk gk toefl ielts,1685,1160,perfect
crowd,crowd,kraud,"n. a large number of things or people considered together
n. an informal body of friends
v. fill or occupy to the point of overflowing
v. to gather together in large numbers","n. 群众, 一伙人
vt. 拥挤, 挤满, 挤进",v:15/n:85,4,1,gk cet4 cet6 ky toefl,1686,1270,crowd
conclude,conclude,kәn'klu:d,"v. bring to a close
v. reach a conclusion after a discussion or deliberation
v. come to a close
v. reach agreement on","vt. 结束, 作结论, 推断
vi. 结束, 推断",v:100,3,1,gk cet4 cet6 ky toefl,1687,1670,conclude
initiative,initiative,i'niʃiәtiv,"n readiness to embark on bold new ventures
n the first of a series of actions
s serving to set in motion","n. 主动行动, 首创精神, 主动权
a. 自发的, 起始的",n:100,3,1,cet4 cet6 ky ielts gre,1688,2138,initiative
historical,historical,hi'stɒrikәl,"a. of or relating to the study of history
s. having once lived or existed or taken place in the real world as distinct from being legendary","a. 历史的, 史实的, 历史上的
[法] 历史性的",j:100,3,1,cet4 cet6 ky ielts,1689,1472,historical
search,search,sә:tʃ,"n. the activity of looking thoroughly in order to find something or someone
n. an investigation seeking answers
n. an operation that determines whether one or more of a set of items has a specified property
n. the examination of alternative hypotheses","n. 搜寻, 查究
v. 搜寻, 搜查, 探求, 调查, 搜索
[计] 搜索, 路径检索程序",v:44/n:56,4,1,zk gk cet4 cet6 ky toefl,1690,1500,search
assumption,assumption,ә'sʌmpʃәn,"n. a hypothesis that is taken for granted
n. the act of taking possession of or power over something
n. celebration in the Roman Catholic Church of the Virgin Mary's being taken up into heaven when her earthly life ended; corresponds to the Dormition in the Eastern Orthodox Church
n. (Christianity) the taking up of the body and soul of the Virgin Mary when her earthly life had ended","n. 假定, 自负, 担任, 假装
[经] 假定, 承担",n:100,3,0,gk cet4 cet6 ky toefl ielts gre,1693,2606,assumption
escape,escape,i'skeip,"n. the act of escaping physically
n. an inclination to retreat from unpleasant realities through diversion or fantasy
n. an avoidance of danger or difficulty
n. a means or way of escaping","n. 逃亡, 避难设备, 逃跑
vi. 逃脱, 避开, 溜走
vt. 逃避, 避免, 被...忘掉",n:27/v:73,4,1,gk cet4 cet6 ky toefl,1697,2034,escape
wild,wild,waild,"n. a wild primitive state untouched by civilization
a. marked by extreme lack of restraint or control
a. in a natural state; not tamed or domesticated or cultivated
s. in a state of extreme emotion","n. 荒野, 荒地
a. 野性的, 野蛮的, 野生的, 失控的, 任性的, 杂乱的, 轻率的, 狂热的, 疯狂的
adv. 狂暴地, 失控地",r:2/j:96/n:2,4,1,gk cet4 cet6 ky,1698,1292,wild
heat,heat,hi:t,"n. a form of energy that is transferred by a difference in temperature
n. the sensation caused by heat energy
n. the trait of being intensely emotional
n. a preliminary race in which the winner advances to a more important race","n. 热, 热度, 体温, 高潮
vi. 加热, 激昂, 加剧
vt. 把...加热, 使激动",v:15/n:85,4,1,zk gk cet4 cet6 ky,1699,1009,heat
remind,remind,ri'maind,v. put in the mind of someone,"vt. 提醒, 使想起",v:100,3,1,gk cet4 cet6 ky toefl ielts,1700,1458,remind
reading,reading,'ri:diŋ,"n. the cognitive process of understanding a written linguistic message
n. a particular interpretation or performance
n. a datum about some physical state that is presented to a user by a meter or similar instrument
n. written material intended to be read","n. 阅读, 知识, 读物
a. 阅读的",n:100,3,1,gk cet4 cet6 ky ielts,1701,1581,reading
daily,daily,'deili,"n. a newspaper that is published every day
s. of or belonging to or occurring every day
r. every day; without missing a day","a. 每日的, 日常的
adv. 每日地, 日常地
n. 日报",r:24/j:73/n:3,4,1,zk gk cet4 ky ielts,1702,1483,daily
theme,theme,θi:m,"n. a unifying idea that is a recurrent element in literary or artistic work
n. (music) melodic subject of a musical composition
v. provide with a particular theme or motive","n. 主题, 话题, 题目",n:100,3,1,gk cet4 cet6 ky toefl ielts,1703,1655,theme
southern,southern,'sʌðәn,"a. in or characteristic of a region of the United States south of (approximately) the Mason-Dixon line
a. situated in or coming from regions of the south","n. 南方人, 男风
a. 向南方的, 来自南方的",j:100,4,1,zk gk cet4 cet6 ky,1704,1105,southern
location,location,lәu'keiʃәn,"n. a point or extent in space
n. a workplace away from a studio at which some or all of a movie may be made","n. 位置, 场所, 特定区域
[计] 位置",n:100,3,1,cet4 cet6 ky toefl ielts,1705,1433,location
gun,gun,gʌn,"n. a weapon that discharges a missile at high velocity (especially from a metal tube or barrel)
n. the discharge of a firearm as signal or as a salute in military ceremonies
v. shoot with a gun","n. 枪
[医] 枪",v:3/n:97,4,1,zk gk cet4 cet6 ky,1706,840,gun
gate,gate,geit,"n. a movable barrier in a fence or wall
n. a computer circuit with several inputs but only one output that can be activated by particular combinations of inputs
n. total admission receipts at a sports event
n. passageway (as in an air terminal) where passengers can embark or disembark","n. 门, 牌楼, 大门, 通道, 闸
vt. 装门于
[计] 门; 栅",v:1/n:99,3,1,zk gk,1707,2010,gate
investigate,investigate,in'vestigeit,"v. investigate scientifically
v. conduct an inquiry or investigation of","v. 调查, 审查",v:100,4,1,cet4 cet6 ky toefl ielts gre,1708,1802,investigate
instrument,instrument,'instrumәnt,"n. a device that requires skill for proper use
n. the means whereby some act is accomplished
n. a person used by another to gain an end
v. equip with instruments for measuring, recording, or controlling","n. 工具, 手段, 仪器
[化] 仪器",v:1/n:99,3,1,gk cet4 cet6 ky toefl ielts,1709,1611,instrument
professor,professor,prә'fesә,n. someone who is a member of the faculty at a college or university,n. 教授,n:100,4,1,gk cet4 cet6 ky ielts,1711,825,professor
cat,cat,kæt,"n. feline mammal usually having thick soft fur and no ability to roar: domestic cats; wildcats
n. a spiteful woman gossip
v. beat with a cat-o'-nine-tails","n. 猫, 恶妇
vi. 呕吐
计算机辅助教育, 计算机辅助测试, 计算机辅助翻译, 计算机辅助排版
[计] 计算机辅助教学, 计算机辅助翻译, 计算机辅助排字, 计算机辅助测试",n:100,3,1,zk gk,1712,1775,cat
gallery,gallery,'gælәri,"n. spectators at a golf or tennis match
n. a room or series of rooms where works of art are exhibited
n. a long usually narrow room used for some specific purpose
n. a covered corridor (especially one extending along the wall of a building and supported with arches or columns)","n. 走廊, 最高楼座, 画廊, 收集, 图库
[计] 图库",n:100,3,0,gk cet4 cet6 ky toefl ielts,1714,3354,gallery
generate,generate,'dʒenәreit,"v. bring into existence
v. produce (energy)","vt. 产生, 发生, 导致
[电] 产生",v:100,3,1,cet4 cet6 ky toefl ielts gre,1716,1692,generate
ministry,ministry,'ministri,"n. religious ministers collectively (especially Presbyterian)
n. building where the business of a government department is transacted
n. a government department under the direction of a minister
n. the work of a minister of religion","n. 部, 内阁, 服务
[经] 部",n:100,4,1,gk cet4 cet6 ky toefl,1717,4242,ministry
emphasis,emphasis,'emfәsis,"n. special importance or significance
n. special and significant stress by means of position or repetition e.g.","n. 强调, 加强, 重点, 强语气",n:100,3,1,cet4 cet6 ky toefl,1719,2346,emphasis
neither,neither,'naiðә,s. not either; not one or the other,"adv. 皆不, 两个都不
a. (两者)都不的
pron. 两者都不
conj. 既非, 既不",r:65/d:35,4,1,zk gk,1721,1790,neither
afford,afford,ә'fɒ:d,"v. be able to spare or give up
v. have the financial means to do something or buy something
v. afford access to","vt. 买得起, 足以, 给予",v:100,3,1,zk gk cet4 cet6 ky toefl ielts,1722,1846,afford
spot,spot,spɒt,"n. a short section or illustration (as between radio or tv programs or in a magazine) that is often used for advertising
n. a small contrasting part of something
n. a section of an entertainment that is assigned to a specific performer or performance
n. a business establishment for entertainment","n. 污点, 地点, 斑点, 点, 娱乐场所, 处境, 少量
a. 当场的, 现场的, 现货买卖的, 现金交易的, 抽样的
vt. 点缀, 玷污, 认出, 准确定...的位, 用灯光照射
vi. 玷污, (从空中)侦察敌方目标",v:25/j:2/n:73,4,1,gk cet4 cet6 ky toefl ielts,1723,1228,spot
prospect,prospect,'prɒspekt,"n. the possibility of future success
v. search for something desirable
v. explore for useful or valuable things or substances, such as minerals","n. 景色, 展望
vt. 勘探, 勘察
vi. 勘探, 有前途",v:2/n:98,4,1,cet4 cet6 ky toefl ielts gre,1724,2323,prospect
narrow,narrow,'nærәu,"n. a narrow strait connecting two bodies of water
v. make or become more narrow or restricted
a. not wide
s. limited in size or scope","n. 狭窄部分, 隘路
a. 狭窄的, 仔细的, 有限的, 勉强的, 狭隘的, 手紧的
vi. 变窄
vt. 使变狭窄",j:80/v:20,4,1,gk cet4 cet6 ky toefl,1725,2007,narrow
inform,inform,in'fɒ:m,"v. impart knowledge of some fact, state or affairs, or event to
v. give character or essence to
v. act as an informer","vt. 通知, 使了解, 使充满
vi. 提供资料, 告发",v:100,3,1,gk cet4 cet6 ky,1726,2177,inform
earn,earn,ә:n,v. acquire or deserve by one's efforts or actions,"vt. 赚得, 获得, 博得
[计] 欧州科学研究网",v:100,4,1,gk cet4 ky,1727,1305,earn
advise,advise,әd'vaiz,v. inform (somebody) of something,"vt. 劝告, 给...出主意, 通知, 建议
vi. 提意见, 商量",v:100,3,1,zk gk cet4 cet6 ky toefl,1728,2552,advise
priority,priority,prai'ɒriti,n. preceding in time,"n. 优先权, 优先
[计] 优先级",n:100,3,1,cet4 cet6 ky toefl ielts gre,1729,2112,priority
opening,opening,'әupәniŋ,"n. an open or empty space in or between things
n. a ceremony accompanying the start of some enterprise
n. becoming open or being made open
n. the first performance (as of a theatrical production)","n. 开始, 口子, 穴, 揭幕
a. 开始的",j:2/n:98,3,1,gk cet4 cet6 ky ielts,1730,1940,opening
soldier,soldier,'sәuldʒә,"n. an enlisted man or woman who serves in an army
n. a wingless sterile ant or termite having a large head and powerful jaws adapted for defending the colony
v. serve as a soldier in the military","n. 军人, 士兵, 兵蚁
vi. 从军, 尽职, 偷懒, 磨洋工",v:1/n:99,4,1,zk gk toefl,1731,1003,soldier
combination,combination,.kɒmbi'neiʃәn,"n. a collection of things that have been combined; an assemblage of separate parts or qualities
n. a coordinated sequence of chess moves
n. a sequence of numbers or letters that opens a combination lock
n. a group of people (often temporary) having a common purpose","n. 组合, 合并, 联合
[计] 组合图",n:100,3,1,cet4 cet6 ky toefl,1732,1808,combination
supposed,supposed,sә'pәuzd,"s. required or under orders
s. mistakenly believed","a. 想象上的, 假定的, 被信以为真的
[法] 推测的, 想像的, 被信以为真的",j:100,4,0,,1733,1242,supposed
rely,rely,ri'lai,v have confidence or faith in,"vi. 信赖, 依赖, 信任",v:100,3,0,gk cet4 cet6 ky toefl ielts,1734,1857,rely
empty,empty,'empti,"n. a container that has been emptied
v. make void or empty of contents
v. become empty or void of its content
v. remove","a. 空的, 空虚的, 空腹的, 空洞的
n. 空的东西, 空车
vt. 倒空, 使变空, 使排出
vi. 流空
[计] 空",n:1/j:85/v:14,3,1,zk gk toefl ielts,1735,1644,empty
fifteen,fifteen,'fif'ti:n,"n. the cardinal number that is the sum of fourteen and one
s. being one more than fourteen","num. 十五, 十五个",m:100,5,0,zk gk,1736,2995,fifteen
liberal,liberal,'libәrәl,"n. a person who favors a political philosophy of progress and reform and the protection of civil liberties
n. a person who favors an economic theory of laissez-faire and self-regulating markets
s. having political or social views favoring reform and progress
a. tolerant of change; not bound by authoritarianism, orthodoxy, or tradition","n. 自由主义者
a. 慷慨的, 不拘泥的, 宽大的, 自由主义的",j:76/n:24,4,0,cet4 cet6 ky toefl ielts,1737,1993,liberal
faith,faith,feiθ,"n. complete confidence in a person or plan etc
n. loyalty or allegiance to a cause or a person","n. 信心, 信任, 忠实, 保证
[法] 信任, 信仰, 信念",n:100,3,1,gk cet4 cet6 ky toefl ielts,1738,1326,faith
tool,tool,tu:l,"n. an implement used in the practice of a vocation
v. drive
v. furnish with tools
v. work with a tool","n. 工具, 机床, 傀儡
vt. 用工具加工
vi. 使用工具",v:2/n:98,3,1,zk gk cet4 cet6 ky,1739,1291,tool
troop,troop,tru:p,"n. a group of soldiers
n. a cavalry unit corresponding to an infantry company
n. a unit of Girl or Boy Scouts
n. an orderly crowd","n. 军队, 一群, 一队
vi. 群集, 结队, 成群而行",v:1/n:99,4,0,gk cet4 cet6 ky toefl,1740,1137,troop
succeed,succeed,sәk'si:d,"v. attain success or reach a desired goal
v. be the successor (of)","vi. 成功, 继承, 继续
vt. 继承, 接替",v:100,4,1,zk gk cet4 cet6 ky toefl,1741,2018,succeed
married,married,'mærid,"n. a person who is married
a. joined in matrimony","a. 已婚的, 婚姻的
[法] 结了婚的, 有配偶的, 夫妇的",j:100,3,1,gk cet4 cet6 ky,1742,1610,married
upper,upper,'ʌpә,"n. piece of leather or synthetic material that forms the part of a shoe or boot above the sole that encases the foot
s. the topmost one of two
s. higher in place or position
s. superior in rank or accomplishment","a. 上面的, 较高的, 上级的, 上院的, 穿在外面的, 北部的, 地表的, 后期的
n. 鞋帮, 上齿",j:98/n:2,3,1,gk cet4 cet6 ky,1743,1955,upper
North,north,nɒ:θ,"n. the region of the United States lying to the north of the Mason-Dixon line
n. the cardinal compass point that is at 0 or 360 degrees
n. a location in the northern part of a country, region, or city
n. the direction corresponding to the northward cardinal compass point","n. 北方, 北
a. 北的, 北方的
adv. 向北方, 在北方",n:100,4,1,zk gk,1746,578,north
tooth,tooth,tu:θ,"n. hard bonelike structures in the jaws of vertebrates; used for biting and chewing or for attack and defense
n. something resembling the tooth of an animal
n. toothlike structure in invertebrates found in the mouth or alimentary canal or on a shell
n. a means of enforcement","n. 牙齿, 齿状物, 爱好
vt. 装以齿, 将...切成齿状
vi. 啮合",n:100,3,1,zk gk,1747,1854,tooth
hell,hell,hel,"n. any place of pain and turmoil; 
n. a cause of difficulty and suffering
n. (Christianity) the abode of Satan and the forces of evil; where sinners suffer eternal punishment
n. (religion) the world of the dead","n. 地狱, 邪恶势力, 苦境, 阴间, 毁坏, 训斥
vi. 狂饮, 飞驰",n:100,3,1,cet4 cet6 ky ielts,1748,1456,hell
urban,urban,'ә:bәn,"a. relating to or concerned with a city or densely populated area
a. located in or characteristic of a city or city life","a. 都市的, 住在都市的, 习惯于都市的
[法] 城市的, 都市的, 市区的",j:100,3,1,gk cet4 cet6 ky toefl,1749,1583,urban
prepared,prepared,pri'pєәd,"a. made ready or fit or suitable beforehand
s. equipped or prepared with necessary intellectual resources","a. 准备好的, 特制的",j:100,4,1,,1750,5986,prepared
mistake,mistake,mis'teik,"n. a wrong action attributable to bad judgment or ignorance or inattention
n. an understanding of something that is not correct
v. identify incorrectly","n. 错误, 误会
vi. 犯错, 误认
vt. 误解, 弄错
[计] 错误",v:14/n:86,4,1,zk gk,1751,1430,mistake
alternative,alternative,ɒ:l'tә:nәtiv,"s. necessitating a choice between mutually exclusive possibilities
s. pertaining to unconventional choices","n. 两者择一, 供替代的选择
a. 两者择一的, 供选择的
[计] 选择对象",j:44/n:56,4,1,gk cet4 cet6 ky toefl ielts,1752,2073,alternative
busy,busy,'bizi,"v. keep busy with
a. actively or fully engaged or occupied
s. overcrowded or cluttered with detail
s. crowded with or characterized by much activity","a. 忙碌的, 热闹的, 没空的
vt. 使忙
vi. 忙碌
[计] 忙; 忙碌",j:93/v:7,3,1,zk gk,1753,1924,busy
burn,burn,bә:n,"n. pain that feels hot as if it were on fire
n. an injury caused by exposure to heat or chemicals or radiation
n. a place or area that has been burned (especially on a person's body)
n. damage inflicted by fire","vt. 烧, 烧毁, 烧伤
vi. 燃烧, 发热, 烧毁
n. 烧伤, 烙印",n:13/v:87,4,1,zk gk cet4 cet6 ky,1754,1422,burn
wing,wing,wiŋ,"n. a movable organ for flying (one of a pair)
n. one of the horizontal airfoils on either side of the fuselage of an airplane
n. a stage area out of sight of the audience
n. a unit of military aircraft","n. 翅膀, 翼, 机翼, 派别
vt. 给...装上翼, 飞过, 使飞, 空运, 增加...速度
vi. 飞行",v:3/n:97,4,1,zk gk cet4 cet6 ky ielts,1755,1889,wing
tall,tall,tɒ:l,"n. a garment size for a tall person
a. great in vertical dimension; high in stature
s. impressively difficult","a. 高的, 长的, 夸大的
adv. 夸大地",j:100,3,1,zk gk,1757,1524,tall
lane,lane,lein,"n. a narrow way or road
n. a well-defined track or path; for e.g. swimmers or lines of traffic","n. 小路, 巷, 弄, 单行道",n:100,3,1,cet4 cet6 ky ielts,1758,4136,lane
flow,flow,flәu,"n. the motion characteristic of fluids (liquids or gases)
n. the amount of fluid that flows in a given time
n. the act of flowing or streaming; continuous progression
n. any uninterrupted stream or discharge","n. 流程, 流动, 流量, 洋溢, 泛滥, 涨潮
vi. 流动, 流泄, 畅流, 川流不息, 飘扬, 涌出
vt. 使流动, 淹没, 流出",v:39/n:61,4,1,gk cet4 ky,1759,1984,flow
crown,crown,kraun,"n. the Crown (or the reigning monarch) as the symbol of the power and authority of a monarchy
n. the part of a tooth above the gum that is covered with enamel
n. a wreath or garland worn on the head to signify victory
n. an ornamental jeweled headdress signifying sovereignty","n. 王冠, 王权, 顶点
vt. 使成王, 加冕, 居...之顶",v:24/n:76,3,1,cet4 cet6 ky ielts gre,1760,5097,crown
coal,coal,kәul,"n. fossil fuel consisting of carbonized vegetable matter deposited in the Carboniferous period
v. supply with coal
v. take in coal","n. 煤, 木炭
v. 加煤",n:100,3,1,zk gk cet4 cet6 ky,1761,3336,coal
approve,approve,ә'pru:v,"v. give sanction to
v. judge to be right or commendable; think well of","vt. 赞同, 核准, 为...提供证据
vi. 赞许",v:100,4,1,gk cet4 cet6 ky toefl,1762,2053,approve
bloody,bloody,'blʌdi,"v. cover with blood
a. having or covered with or accompanied by blood
r. extremely","a. 血腥的, 嗜杀的, 有血的",r:17/j:79/v:4,3,0,ky,1763,4127,bloody
castle,castle,'kæsl. 'kɑ:sl,"n. a large building formerly occupied by a ruler and fortified against attack
n. (chess) the piece that can move any number of unoccupied squares in a direction parallel to the sides of the chessboard
n. interchanging the positions of the king and a rook
v. move the king two squares toward a rook and in the same move the rook to the square next past the king","n. 城堡, 象棋中的车
vt. 置于城堡中, 盘踞于",n:100,3,1,gk cet4 cet6 ky ielts,1765,5844,castle
literature,literature,'litәrәtʃә,"n. creative writing of recognized artistic value
n. the humanistic study of a body of literature
n. published writings in a particular style on a particular subject
n. the profession or art of a writer","n. 文学, 文艺, 著作
[经] 广告, 商品介绍等文学",n:100,3,1,gk cet4 cet6 ky ielts,1766,1549,literature
motion,motion,'mәuʃәn,"n. a change of position that does not entail a change of location
n. a state of change
n. a formal proposal for action made to a deliberative assembly for discussion and vote
n. the act of changing location from one place to another","n. 移动, 手势, 动作, 意向, 请求, 提议
v. 打手势",v:9/n:91,3,1,cet4 cet6 ky toefl ielts,1767,1822,motion
breath,breath,breθ,"n. the process of taking in and expelling air during breathing
n. the air that is inhaled and exhaled in respiration
n. a short respite
n. a slight movement of the air","n. 呼吸, 气息, 瞬间
[医] 呼气, 呵气, 口气, 呼吸",v:2/n:98,3,1,zk gk cet4 ky toefl,1768,1628,breath
apparent,apparent,ә'pærәnt,"s. clearly revealed to the mind or the senses or judgment
s. appearing as such but not necessarily so","a. 清晰可见的, 显然的, 表面上的
[电] 外在的",j:100,3,1,gk cet4 cet6 ky ielts,1770,2502,apparent
membership,membership,'membәʃip,"n. the body of members of an organization or group
n. the state of being a member","n. 会员的资格, 全体会员, 会员数目
[法] 会员资格, 成员资格, 会籍",n:100,3,1,cet6 ky ielts,1771,3085,membership
revenue,revenue,'revinju:,"n the entire amount of income before any deductions are made
n government income due to taxation","n. 收入, 岁入, 税收, 税务局
[经] 岁入, 税收, 税务局",n:100,3,0,cet4 cet6 ky toefl ielts gre,1772,1681,revenue
suggestion,suggestion,sә'dʒestʃәn,"n. an idea that is suggested
n. a proposal offered for acceptance or rejection
n. persuasion formulated as a suggestion
n. the sequential mental process in which one thought leads to another by association","n. 提议, 意见
[医] 暗示",n:100,3,1,zk gk ielts,1775,2507,suggestion
persuade,persuade,pә'sweid,"v. cause somebody to adopt a certain position, belief, or course of action; twist somebody's arm","vt. 劝, 使相信, 恳求, 敦促, 说服
vi. 劝服, 被说服",v:100,3,1,gk cet4 cet6 ky toefl,1776,3265,persuade
careful,careful,'kєәful,"a. exercising caution or showing care or attention
s. cautiously attentive
s. unhurried and with care and dignity
s. full of cares or anxiety","a. 小心的, 谨慎的",j:100,4,1,zk gk toefl,1777,1952,careful
gather,gather,'gæðә,"n. sewing consisting of small folds or puckers made by pulling tight a thread in a line of stitching
n. the act of gathering something
v. assemble or get together
v. conclude from evidence","n. 集合, 聚集
vi. 聚集, 集合, 渐增
vt. 使聚集, 搜集, 积聚",n:1/v:99,4,1,gk cet4 cet6 ky,1778,1347,gather
cope,cope,kәup,"n. a long cloak; worn by a priest or bishop on ceremonial occasions
v. come to terms with","vi. 竞争, 应付
n. 长袍",v:100,3,1,cet4 cet6 ky toefl,1779,3198,cope
clean,clean,kli:n,"v. make clean by removing dirt, filth, or unwanted substances from
v. remove unwanted substances from, such as feathers or pits
v. be cleanable
v. deprive wholly of money in a gambling game, robbery, etc.","a. 干净的, 清白的, 简洁的
adv. 清洁地, 完全地
vt. 清理, 使干净, 出空
vi. 被搞干净
n. 打扫",n:1/j:56/v:43,4,1,zk gk toefl ielts,1780,1514,clean
attractive,attractive,ә'træktiv,"a. pleasing to the eye or mind especially through beauty or charm
s. having power to arouse interest
a. having the properties of a magnet; the ability to draw or pull;","a. 吸引人的, 有魅力的
[法] 有吸引力的, 有迷惑力的",j:100,3,1,gk cet4 ky toefl ielts,1781,2811,attractive
pretty,pretty,'priti,"s. pleasing by delicacy or grace; not imposing
s. (used ironically) unexpectedly bad","a. 漂亮的, 优美的, 机灵的, 狡猾的, 恰当的
adv. 相当, 颇",n:1/r:78/j:21,4,1,zk gk cet4 cet6 ky,1782,797,pretty
passage,passage,'pæsidʒ,"n. the act of passing from one state or place to the next
n. a section of text; particularly a section of medium length
n. a way through or along which someone or something may pass
n. a journey usually by ship","n. 通道, 通过, 移居, 航行, 一段, 走廊
vi. 通过, 经过, 航行, 横渡, 争吵
vt. (使)马以斜横步前进, 使传代",n:100,3,1,zk gk toefl ielts,1783,2210,passage
jump,jump,dʒʌmp,"n. a sudden and decisive increase
n. (film) an abrupt transition from one scene to another
n. descent with a parachute
n. the act of jumping; propelling yourself off the ground","n. 跳跃, 跳动, 暴涨, 惊跳
vt. 跳跃, 跃过, 突升, 使跳跃
vi. 跳跃, 跳, 跳动, 暴涨
[计] 转移, 跳转",n:18/v:82,4,1,zk gk,1784,1346,jump
incident,incident,'insidәnt,"n. a single distinct event
n. a public disturbance
a. falling or striking of light rays on something","n. 事件, 事变, 小事
a. 附带的, 易于发生的, 外来的, 入射的",n:100,4,1,gk cet4 cet6 ky toefl,1785,1980,incident
pocket,pocket,'pɒkit,"n. a small pouch inside a garment for carrying small articles
n. a supply of money
n. (bowling) the space between the headpin and the pins behind it on the right or left
n. a small isolated group of people","n. 口袋, 钱袋, 钱, 容器
vt. 装...在口袋里, 隐藏, 抑制, 私吞, 搁置, 击...入袋
a. 袖珍的, 小型的, 压缩的, 金钱上的",v:4/n:96,3,1,zk gk cet4 cet6 ky ielts,1786,1620,pocket
moral,moral,'mɒrәl,"n. the significance of a story or event
a. concerned with principles of right and wrong or conforming to standards of behavior and character based on those principles
s. psychological rather than physical or tangible in effect","n. 道德, 品行, 寓意
a. 道德的, 品性端正的, 精神上的",j:93/n:7,3,1,gk cet4 cet6 ky toefl,1787,1459,moral
shut,shut,ʃʌʃ,a. not open,"n. 关闭
vt. 关上, 闭起, 幽禁, 合拢, 轧住
vi. 关上, 停止营业",j:8/v:92,3,1,zk gk cet4 cet6 ky toefl,1788,1541,shut
border,border,'bɒ:dә,"n. a strip forming the outer edge of something
v. provide with a border or edge
v. lie adjacent to another or share a boundary","n. 边缘, 边境, 边界, 花坛
vt. 在...上镶边, 接近
vi. 接界, 近似
[计] 边框",v:8/n:92,4,1,gk cet4 ky toefl ielts,1789,1344,border
winner,winner,'winә,"n. the contestant who wins the contest
n. a gambler who wins a bet","n. 胜利者, 优胜者
[法] 取胜者",n:100,4,1,zk gk cet4 cet6,1790,1916,winner
conduct,conduct,"'kɔndʌkt, -dәkt","v. direct the course of; manage or control
v. lead, as in the performance of a composition; Barenboim conducted the Chicago symphony for years""
v. lead musicians in the performance of","n. 行为, 举动, 指导
vt. 为人, 指挥, 管理, 实施
vi. 领导, 传导, 指挥",n:19/v:81,4,1,gk cet4 cet6 ky toefl gre,1792,1162,conduct
index,index,'indeks,"n. a numerical scale used to compare variables with one another or with some reference number
n. a number or ratio (a value on a scale of measurement) derived from a series of observed facts; can reveal relative changes as a function of time
n. an alphabetical listing of names and topics along with page numbers where they are discussed
n. the finger next to the thumb","n. 索引, 指针, 指数, 指标
vt. 编入索引中, 指出
vi. 做索引
[计] 下标; 附标; 变址; 索引; 编索引",v:6/n:94,3,1,cet4 cet6 ky ielts,1793,2621,index
elect,elect,i'lekt,"v. select by a vote for an office or membership
v. choose
s. selected as the best
s. elected but not yet installed in office","n. 当选人, 被选的人
a. 被选的, 选出的
vt. 选举, 选择
vi. 作选择",n:2/j:2/v:96,4,1,gk cet4 ky,1794,2265,elect
valley,valley,'væli,n. a long depression in the surface of the land that usually contains a river,"n. 山谷, 溪谷, 流域, 凹地
[医] 谷",n:100,3,1,gk cet4 cet6 ky ielts,1795,2793,valley
ride,ride,raid,"n. a mechanical device that you ride for amusement or excitement
v. sit and travel on the back of animal, usually while controlling its motions
v. be carried or travel on or in a vehicle
v. continue undisturbed and without interference","n. 骑马, 乘坐, 乘车, 搭便车
vt. 骑, 乘坐, 压迫, 控制
vi. 骑马, 乘车, 漂游",n:37/v:63,4,1,zk gk,1796,1283,ride
square,square,skwєә,"n. (geometry) a plane rectangle with four equal sides and four right angles; a four-sided regular polygon
n. the product of two equal terms
n. something approximating the shape of a square
n. someone who doesn't understand what is going on","n. 正方形, 街区, 广场, 平方, 直角尺
a. 正方形的, 正直的, 公正的, 平方的, 方正的, 结清的
adv. 成直角地, 对准地
vi. 一致, 符合, 结清
vt. 使成方形, 使平方自乘, 调正, 结清, 使一致",r:3/j:50/v:9/n:38,4,1,zk gk cet4 cet6 ky toefl ielts gre,1802,2747,square
vital,vital,'vaitl,"s. performing an essential function in the living body
s. manifesting or characteristic of life","a. 生命的, 重要的, 充满活力的, 生死攸关的, 致命的
[医] 生命的, 生活的, 生活上必需的, 紧要的",j:100,3,1,gk cet4 cet6 ky toefl ielts gre,1803,2916,vital
recover,recover,ri'kʌvә,"v. get or find back; recover the use of
v. regain a former condition after a financial loss
v. regain or make up for
v. cover anew","vt. 重新获得, 恢复, 复原, 拯救
vi. 痊愈, 复原, 胜诉
[计] 恢复",v:100,3,1,gk cet4 cet6 ky toefl ielts,1804,2131,recover
thick,thick,θik,"a. not thin; of a specific thickness or of relatively great extent from one surface to the opposite usually in the smallest of the three solid dimensions
s. having component parts closely crowded together
a. relatively dense in consistency
s. (of darkness) very intense","a. 厚的, 粗壮的, 浓的, 迟钝的, 浑浊的, 多雾的, 过分的, 口齿不清的
adv. 厚地, 密地, 浓浓地
n. 最浓处, 最厚处, 最密集处
[计] 暗, 粗线",r:4/j:96,3,1,zk gk cet4 cet6 ky,1806,1721,thick
surprise,surprise,sә'praiz,"n. the astonishment you feel when something totally unexpected happens to you
n. a sudden unexpected event
n. the act of surprising someone
v. cause to be surprised","n. 惊奇, 奇袭, 诧异
vt. 使惊奇, 撞见, 奇袭",v:32/n:68,5,1,zk gk ielts,1807,1624,surprise
specialist,specialist,'speiʃәlist,"n. an expert who is devoted to one occupation or branch of learning
n. practices one branch of medicine","n. 专门医师, 专家
a. 专业的, 专家的",j:1/n:99,3,1,gk cet4 cet6 ky,1808,2546,specialist
fruit,fruit,fru:t,"n. the ripened reproductive body of a seed plant
n. the consequence of some effort or action
v. cause to bear fruit
v. bear fruit","n. 水果, 果类, 结果
[医] 果实, 种实",v:1/n:99,4,1,zk gk ielts,1809,1662,fruit
characteristic,characteristic,.kærәktә'ristik,"n. a distinguishing quality
n. the integer part (positive or negative) of the representation of a logarithm; in the expression log 643 = 2.808 the characteristic is 2
n. any measurable property of a device measured under closely specified conditions
a. typical or distinctive","n. 特性, 特征, 特色
a. 特性的, 特有的, 有特色的
[计] 阶; 指数",j:13/n:87,3,1,gk cet4 cet6 ky toefl ielts gre,1811,2032,characteristic
lake,lake,leik,"n. a body of (usually fresh) water surrounded by land
n. a purplish red pigment prepared from lac or cochineal
n. any of numerous bright translucent organic pigments","n. 湖, 池, 色淀
v. (使)血球溶解",n:100,3,1,zk gk ielts,1812,1950,lake
tone,tone,tәun,"n. the quality of a person's voice
n. (linguistics) a pitch or change in pitch of the voice that serves to distinguish words in tonal languages
n. a steady sound without overtones
n. a musical interval of two semitones","n. 音调, 音质, 语调, 语气, 色调, 气氛, 状况, 思想状态
vt. 给...定色调, 增强, 使...的声调和谐, 定音调
vi. 颜色调和
[计] 双音频",v:8/n:92,3,1,cet4 cet6 ky,1813,1995,tone
slip,slip,slip,"n. a minor inadvertent mistake usually observed in speech or writing or in small accidents or memory lapses etc.
n. potter's clay that is thinned and used for coating or decorating ceramics
n. a young and slender person
n. an accidental misstep threatening (or causing) a fall","n. 滑, 滑行, 事故, 溜, 差错, 滑台, 下降, 插条, 后裔, 板条, 瘦长的年轻人
vi. 滑动, 滑倒, 失足, 溜走, 滑落, 犯错, 变坏
vt. 使滑动, 滑过, 摆脱, 闪开, 塞入, 从...取接枝
a. 滑动的, 滑移的, 活络的, 有活结的
[计] 串行线接口协议",n:15/v:85,4,1,gk cet4 cet6 ky toefl ielts,1814,1786,slip
engineering,engineering,.endʒi'niәriŋ,"n. the discipline dealing with the art or science of applying scientific knowledge to practical problems
n. a room (as on a ship) in which the engine is located","n. 工程学, 工程, 操纵
[化] 机器; 机器学",n:100,3,1,cet4 cet6 ky ielts,1815,2385,engineering
restaurant,restaurant,'restәrɒŋ,n. a building where people go to eat,"n. 餐馆, 饭店",n:100,4,1,zk gk ielts,1816,1114,restaurant
pub,pub,pʌb,n tavern consisting of a building with a bar and public rooms; often provides light meals,"n. 酒馆, 客栈",n:100,3,1,gk ky,1817,7430,pub
score,score,skɒ:,"n. a written form of a musical composition; parts for different instruments appear on separate staves on large pages
n. a number that expresses the accomplishment of a team or an individual in a game or contest
n. a set of twenty members
n. grounds","n. 得分, 抓痕, 二十个, 刻痕, 帐目, 乐谱, 起跑线, 终点线, 大量
vt. 刻划, 划线, 获得, 评价, 把...记下
vi. 刻痕, 记分, 得分
[计] 得分",v:35/n:65,4,1,zk gk cet4 cet6 ky toefl ielts gre,1818,1070,score
religion,religion,ri'lidʒәn,"n. a strong belief in a supernatural power or powers that control human destiny
n. an institution to express belief in a divine power","n. 宗教, 信仰
[法] 宗教, 宗教信仰, 信仰",n:100,3,1,gk cet4 cet6 ky toefl ielts gre,1819,1383,religion
request,request,ri'kwest,"n. a formal message requesting something that is submitted to an authority
n. the verbal act of requesting
v. express the need or desire for; ask for
v. ask (a person) to do something","n. 请求, 需要, 申请书
vt. 请求, 要求, 邀请
[计] 请求",v:38/n:62,4,1,gk cet4 cet6 ky toefl ielts gre,1821,2116,request
blow,blow,blәu,"n. a powerful stroke with the fist or a weapon
n. an impact (as from a collision)
n. forceful exhalation through the nose or mouth
v. exhale hard","n. 吹, 打击, 殴打, 花开
v. 吹, 风吹, 吹响, 开花",n:22/v:78,3,1,zk gk toefl,1822,1414,blow
leaf,leaf,li:f,"n. the main organ of photosynthesis and transpiration in higher plants
n. a sheet of any written or printed material (especially in a manuscript or book)
n. hinged or detachable flat section (as of a table or door)
v. turn over pages","n. 叶, 树叶, 花瓣, 页
vi. 生叶, 翻书页
vt. 在...上长叶, 翻...的页",v:3/n:97,3,1,zk gk cet4 cet6 ky,1823,1559,leaf
foundation,foundation,faun'deiʃәn,"n. the basis on which something is grounded
n. an institution supported by an endowment
n. lowest support of a structure
n. education or instruction in the fundamentals of a field of knowledge","n. 基础, 根据, 建立
[化] 地基",n:100,3,1,cet4 cet6 ky,1824,2256,foundation
device,device,di'vais,"n. an instrumentality invented for a particular purpose
n. something in an artistic work designed to achieve a particular effect
n. any clever maneuver
n. any ornamental pattern or design (as in embroidery)","n. 装置, 设计, 策略, 发明物, 设备
[计] 设备; DOS内部命令:该命令要求DOS安装一个设备驱动程序",n:100,3,1,cet4 cet6 ky toefl,1825,1507,device
estimate,estimate,'estimeit,"n. an approximate calculation of quantity or degree or worth
n. a judgment of the qualities of something or somebody
n. a statement indicating the likely cost of some job
n. the respect with which a person is held","n. 估计, 判断
vt. 估计, 评价, 判断
vi. 估计",n:41/v:59,4,1,cet4 cet6 ky toefl ielts,1826,1798,estimate
deputy,deputy,'depjuti,"n. someone authorized to exercise the powers of sheriff in emergencies
n. an assistant with power to act when his superior is absent
n. a member of the lower chamber of a legislative assembly (such as in France)
n. a person appointed to represent or act on behalf of others",n. 副手，代理人,n:100,4,0,cet4 cet6 ky toefl ielts gre,1827,2568,deputy
billion,billion,'biljәn,"n. the number that is represented as a one followed by 12 zeros; in the United Kingdom the usage followed in the United States is frequently seen
n. the number that is represented as a one followed by 9 zeros
s. denoting a quantity consisting of one thousand million items or units in the United States
s. denoting a quantity consisting of one million million items or units in Great Britain","num. 十亿, 十亿个",m:100,5,0,gk cet4 cet6 ky toefl,1829,612,billion
rare,rare,rєә,"s. not widely known; especially valued for its uncommonness
s. recurring only at long intervals
s. not widely distributed
s. having low density","a. 稀罕的, 罕有的, 珍奇的, 稀薄的, 半熟的, 非常好的
adv. 非常",j:100,3,1,gk cet4 cet6 ky toefl ielts,1831,1872,rare
circle,circle,'sә:kl,"n. ellipse in which the two axes are of equal length; a plane curve generated by one point moving at a constant distance from a fixed point
n. something approximating the shape of a circle
n. a curved section or tier of seats in a hall or theater or opera house; usually the first tier above the orchestra
n. any circular or rotating mechanism","n. 圆周, 社交圈, 循环, 范围
vt. 围着, 环绕
vi. 盘旋, 循环",v:18/n:82,4,1,zk gk cet4 cet6 ky toefl ielts,1832,1506,circle
fast,fast,fɑ:st,"n. abstaining from food
v. abstain from certain foods, as for religious or medical reasons
v. abstain from eating
a. acting or moving or capable of acting or moving quickly","a. 快速的, 紧的
adv. 很快地, 紧紧地, 彻底地
n. 绝食, 斋戒
vi. 绝食, 斋戒",n:1/r:72/v:2/j:25,4,1,zk gk gre,1833,1096,fast
chain,chain,tʃein,"n. a series of things depending on each other as if linked together
n. (chemistry) a series of linked atoms (generally in an organic molecule)
n. a series of (usually metal) rings or links fitted into one another to make a flexible ligament
n. (business) a number of similar establishments (stores or restaurants or banks or hotels or theaters) under one ownership","n. 链, 枷锁, 束缚
vt. 用铁练锁住, 束缚, 囚禁",v:6/n:94,3,1,gk cet4 cet6 ky,1835,1805,chain
shot,shot,ʃɒt,"n. a solid missile discharged from a firearm
n. a chance to do something
n. a person who shoots (usually with respect to their ability to shoot)
n. an aggressive remark directed at a person like a missile and intended to have a telling effect","n. 发射, 炮弹, 射击, 射手, 投篮, 射门, 子弹, 射程, 拍摄, 注射
vt. 装弹, 使成颗粒状
a. 杂色的, 交织着的, 渗透的, 点焊的, 破旧的
shoot的过去式和过去分词",n:100,4,1,gk cet4 cet6 ky toefl,1836,1053,shot
elderly,elderly,'eldәli,"n people who are old collectively
s advanced in years; (`aged' is pronounced as two syllables)","a. 过了中年的, 稍老的",j:100,3,1,cet4 ky ielts,1837,2907,elderly
hate,hate,heit,"n. the emotion of intense dislike; a feeling of dislike so strong that it demands action
v. dislike intensely; feel antipathy or aversion towards","n. 憎恨, 恨, 厌恶
vt. 憎恨, 憎恶
vi. 仇恨",n:14/v:86,3,1,zk gk cet4 cet6 ky,1839,1526,hate
anybody,anybody,'enibɒdi,"n. Any one out of an indefinite number of persons; anyone;
   any person.
n. A person of consideration or standing.","pron. 任何人
n. 重要人物",p:100,3,0,zk gk,1840,1380,anybody
ancient,ancient,'einʃәnt,"n. a very old person
n. a person who lived in ancient times
s. belonging to times long past especially of the historical period before the fall of the Western Roman Empire
s. very old","a. 古代的, 古老的, 年老的, 旧的",j:97/n:3,3,1,zk gk cet4 cet6 ky ielts,1841,1817,ancient
impression,impression,im'preʃәn,"n. a vague idea in which some confidence is placed
n. an outward appearance
n. all the copies of a work printed at one time
n. (dentistry) an imprint of the teeth and gums in wax or plaster","n. 印象, 意念, 盖印, 印记, 印数, 底色, 效果
[医] 压迹, 印模, 印象, 影响",n:100,3,1,gk cet4 cet6 ky gre,1846,2537,impression
neighbour,neighbour,'neibә,"n a person who lives (or is located) near another
n a nearby object of the same kind
v live or be located as a neighbor
v be located near or adjacent to","n. 邻居, 邻接的东西, 邻国, 邻座, 邻人, 世人
a. 邻接的, 邻近的
vi.vt. 邻近, 与...结邻, 邻接",,3,1,zk gk cet4 cet6,1847,0,neighbour
capable,capable,'keipәbl,"a. (usually followed by `of') having capacity or ability
s. possibly accepting or permitting
a. (followed by `of') having the temperament or inclination for","a. 有能力的, 能的, 能干的",j:100,3,1,cet4 cet6 ky toefl,1848,2392,capable
attach,attach,ә'tætʃ,"v. cause to be attached
v. be attached; be in contact with
v. become attached","vt. 附上, 使依附, 使附属, 使喜爱, 系, 缚
vi. 附属, 归属, 联系在一起
[计] 挂接服务器命令, 关联, 挂接, 附加",v:100,3,1,gk cet4 cet6 ky toefl ielts gre,1849,2320,attach
typical,typical,'tipikl,"a. exhibiting the qualities or characteristics that identify a group or kind or category
s. conforming to a type","a. 典型的, 象征性的
[医] 典型的",j:100,3,1,gk cet4 cet6 ky toefl ielts,1850,1835,typical
grand,grand,grænd,"s. large and impressive in physical size or extent
s. the most important and magnificent in adornment","a. 庄重的, 壮观的, 显赫的, 重大的, 最高的, 雄伟的, 宏大的, 豪华的, 傲慢的
[法] 重大的, 主要的, 伟大的",j:97/n:3,4,1,gk cet4 cet6 ky toefl ielts,1851,2237,grand
fashion,fashion,'fæʃәn,"n. characteristic or habitual practice
n. the latest and most admired style in clothes and cosmetics and behavior
n. consumer goods (especially clothing) in the current mode
v. make out of components (often in an improvising manner)","n. 流行, 风尚, 时样
vt. 形成, 造, 作",v:16/n:84,4,1,cet4 cet6 ky toefl ielts,1852,1922,fashion
wash,wash,wɒʃ,"n. a thin coat of water-base paint
n. the work of cleansing (usually with soap and water)
n. the dry bed of an intermittent stream (as at the bottom of a canyon)
n. a watercolor made by applying a series of monochrome washes one over the other","n. 洗, 洗涤, 冲洗, 洗的衣服, 冲积物, 洼地
vt. 洗, 洗涤, 洗清, 用水冲洗, 流过, 弄湿, 粉刷, 镀金属薄层于
vi. 洗涤, 洗澡, 被冲蚀, 漂浮",n:19/v:81,3,1,zk gk,1853,2143,wash
coast,coast,kәust,"n. a slope down which sleds may coast
n. the area within view
v. move effortlessly; by force of gravity","n. 海岸, 滑坡
v. 沿海岸而行",v:4/n:96,4,1,zk gk cet4 cet6 ky,1854,2436,coast
atmosphere,atmosphere,'ætmәsfiә,"n. a particular environment or surrounding influence
n. the mass of air surrounding the Earth
n. the weather or climate at some place
n. the envelope of gases surrounding any celestial body","n. 大气, 空气, 气氛
[医] 大气; 大气压",n:100,3,1,gk cet4 cet6 ky toefl,1855,2217,atmosphere
roll,roll,rәul,"n. a list of names
n. photographic film rolled up inside a container to protect it from light
n. anything rolled up in cylindrical form
n. walking with a swaying gait","n. 卷, 滚动, 名单, 案卷, 压路机
vi. 滚, 滚动, 飘流, 起伏, 卷, 绕
vt. 使滚动, 卷, 绕",n:30/v:70,4,1,gk cet4 cet6 ky toefl ielts,1856,1249,roll
mass,mass,mæs,"n. the property of a body that causes it to have weight in a gravitational field
n. an ill-structured collection of similar things (objects or people)
n. (Roman Catholic Church and Protestant Churches) the celebration of the Eucharist
n. a body of matter without definite shape","n. 块, 大多数, 质量, 大量, 群众, 弥撒
a. 群众的, 大规模的, 整个的
vt. 使集合, 集中
vi. 聚集",j:46/v:2/n:52,4,1,gk cet4 cet6 ky toefl ielts,1857,1989,mass
revolution,revolution,.revә'lu:ʃәn,"n. a drastic and far-reaching change in ways of thinking and behaving
n. the overthrow of a government by those who are governed","n. 革命, 大变革, 旋转, 转数, 循环
[化] 回转",n:100,3,1,gk cet4 cet6 ky toefl,1858,2753,revolution
panel,panel,'pænl,"n. sheet that forms a distinct (usually flat and rectangular) section or component of something
n. (law) a group of people summoned for jury service (from whom a jury will be chosen)
n. a group of people gathered for a special purpose as to plan or discuss an issue or judge a contest etc
n. a soft pad placed under a saddle","n. 嵌板, 仪表板, 专题讨论小组, 全体陪审员
vt. 嵌镶板",n:100,3,1,cet4 cet6 ky toefl ielts gre,1859,1607,panel
enemy,enemy,'enimi,"n. an opposing military force
n. an armed adversary (especially a member of an opposing military force)
n. any hostile group of people","n. 敌人, 仇敌, 敌军
a. 敌人的",n:100,3,1,zk gk cet4 ky,1860,1596,enemy
tear,tear,tiә. tєә,"n. a drop of the clear salty saline solution secreted by the lacrimal glands
n. the act of tearing
v. separate or cause to separate abruptly
v. to separate or be separated by force","n. 泪滴, 眼泪, 撕, 扯, 裂缝, 激怒, 飞奔
vi. 流泪, 撕破, 赶快, 飞奔, 被撕破
vt. 撕裂, 戳破, 拉掉, 撕掉, 使分裂, 使精神不安, 折磨",v:45/n:55,3,1,gk cet4 cet6 ky toefl ielts gre,1861,1905,tear
desk,desk,desk,n. a piece of furniture with a writing surface and usually drawers or other compartments,"n. 书桌, 办公桌, 工作台",n:100,4,1,zk gk ielts,1862,1659,desk
brief,brief,bri:f,"n. a document stating the facts and points of law of a client's case
n. a condensed written summary or abstract
v. give essential information to someone
s. of short duration or distance","n. 摘要, 简报
a. 简短的, 短暂的
vt. 对...作简报, 摘要, 节录",n:8/r:3/j:77/v:12,4,1,gk cet4 ky toefl,1863,2146,brief
wonderful,wonderful,'wʌndәful,s extraordinarily good or great; used especially as intensifiers,"a. 令人惊奇的, 奇妙的, 极好的",j:100,4,1,zk gk cet4 cet6 ky,1864,1405,wonderful
lean,lean,li:n,"v. to incline or bend from a vertical position
v. cause to lean or incline
v. rely on for support
a. lacking in mineral content or combustible material","n. 瘦肉, 倾斜, 倾斜度
a. 瘦的, 贫乏的, 歉收的
vi. 倚靠, 倾斜, 依赖
vt. 使倾斜",j:14/v:86,3,1,cet4 cet6 ky toefl gre,1867,1520,lean
mechanism,mechanism,'mekәnizm,"n. the atomic process that occurs during a chemical reaction
n. the technical aspects of doing something
n. a natural object resembling a machine in structure or function
n. (philosophy) the philosophical theory that all phenomena can be explained in terms of physical or biological causes","n. 机械, 机构, 结构, 机理, 技巧
[化] 机理; 历程; 机构",n:100,3,0,cet6 ky toefl ielts gre,1869,2677,mechanism
leadership,leadership,'li:dәʃip,"n. the activity of leading
n. the body of people who lead a group
n. the status of a leader
n. the ability to lead","n. 领导能力, 领导阶层",n:100,4,0,cet4 cet6 ky toefl,1873,1304,leadership
championship,championship,'tʃæmpiәnʃip,"n. the status of being a champion
n. a competition at which a champion is chosen","n. 冠军身份, 冠军称号, 捍卫",n:100,4,0,toefl gre,1874,2326,championship
entire,entire,in'taiә,"s. constituting the full quantity or extent; complete
s. (of leaves or petals) having a smooth edge; not broken up into teeth or lobes
s. (used of domestic animals) sexually competent","n. 整个, 全部
a. 全体的, 完全的, 全部的",j:100,4,1,gk cet4 cet6 ky,1876,868,entire
iron,iron,'aiәn,"n. a heavy ductile magnetic metallic element; is silver-white in pure form but readily rusts; used in construction and tools and armament; plays a role in the transport of oxygen by the blood
n. a golf club that has a relatively narrow metal head
n. implement used to brand live stock
n. home appliance consisting of a flat metal base that is heated and used to smooth cloth","n. 铁, 熨斗, 铁器, 坚强, 烙铁, 镣铐
vt. 烫平, 熨, 用铁包
vi. 烫平",v:9/n:91,3,1,zk gk cet4 cet6 ky,1877,2280,iron
servant,servant,'sә:vәnt,n. a person working in the service of another (especially in the household),"n. 仆人, 有用物, 公务员, 雇员
[法] 受雇人, 服务者, 公务员",n:100,3,1,zk gk cet4 cet6 ky,1878,3938,servant
roof,roof,ru:f,"n. a protective covering that covers or forms the top of a building
n. protective covering on top of a motor vehicle
n. the inner top surface of a covered area or hollow space
v. provide a building with a roof; cover a building with a roof","n. 屋顶, 室顶
vt. 给...盖屋顶, 遮蔽",v:2/n:98,3,1,gk cet4 cet6 ky toefl,1879,2135,roof
advance,advance,әd'vɑ:ns,"n. an amount paid before it is earned
n. increase in price or value
v. move forward, also in the metaphorical sense
v. bring forward for consideration or acceptance","n. 前进, 进展, 行过的路程
vi. 前进, 进展, 提高, 上涨
vt. 使前进, 促进, 提出, 提高, 使提前, 预付
a. 前面的, 预先的",v:44/j:2/n:54,4,1,gk cet4 cet6 ky toefl,1880,2296,advance
milk,milk,milk,"n. a white nutritious liquid secreted by mammals and used as food by human beings
n. produced by mammary glands of female mammals for feeding their young
n. a river that rises in the Rockies in northwestern Montana and flows eastward to become a tributary of the Missouri River
n. any of several nutritive milklike liquids","n. 奶, 乳状物
vt. 挤乳, 榨取
vi. 产乳",v:4/n:96,3,1,zk gk ielts gre,1881,2033,milk
explore,explore,ik'splɒ:,"v. travel to or penetrate into
v. examine minutely
v. examine (organs) for diagnostic purposes","v. 探险, 探测, 探究",v:100,3,1,gk cet4 cet6 ky toefl ielts,1882,1594,explore
welfare,welfare,'welfєә,"n governmental provision of economic assistance to persons in need
n something that aids or promotes well-being
n a contented state of being happy and healthy and prosperous","n. 福利, 安宁, 幸福, 福利事业
a. 福利的",n:100,3,0,gk cet4 cet6 ky toefl ielts,1883,1933,welfare
ticket,ticket,'tikit,"n. a commercial document showing that the holder is entitled to something (as to ride on public transportation or to enter a public entertainment)
n. a summons issued to an offender (especially to someone who violates a traffic regulation)
n. the appropriate or desirable thing
v. issue a ticket or a fine to as a penalty","n. 票, 券, 车票, 标签, 入场券, 证明书
vt. 加标签于, 为...购票",n:100,4,1,zk gk toefl ielts,1884,1576,ticket
shoe,shoe,ʃu:,"n. footwear shaped to fit the foot (below the ankle) with a flexible upper of leather or plastic and a sole and heel of heavier material
n. (card games) a case from which playing cards are dealt one at a time
v. furnish with shoes","n. 鞋, 靴, 外胎
vt. 给...穿鞋, 为马钉蹄铁",v:1/n:99,3,1,zk gk,1885,1423,shoe
meanwhile,meanwhile,'mi:nhwail,"r. at the same time but in another place
r. during the intervening time","n. 其时, 其间
adv. 同时, 于此时",r:100,4,1,gk cet4 cet6 ky,1886,1847,meanwhile
nose,nose,nәuz,"n. the organ of smell and entrance to the respiratory tract; the prominent part of the face of man or other mammals
n. a front that resembles a human nose (especially the front of an aircraft)
n. the front or forward projection of a tool or weapon
n. a small distance","n. 鼻子, 突出部分, 嗅觉
vt. 嗅到, 探出, 用鼻子触
vi. 闻, 嗅, 探听, 告密",v:3/n:97,3,1,zk gk,1887,1735,nose
engineer,engineer,.endʒi'niә,"n. a person who uses scientific knowledge to solve practical problems
n. the operator of a railway locomotive
v. design as an engineer","n. 工程师, 工兵
vt. 设计, 监造, 精明地处理, 策划",v:11/n:89,3,1,zk gk cet4 cet6 ky ielts,1889,1997,engineer
beneath,beneath,bi'ni:θ,r in or to a place that is lower,"prep. 在...下方
adv. 在...下方",i:95/r:5,3,1,gk cet4 ky toefl,1890,1977,beneath
steal,steal,sti:l,"n. a stolen base; an instance in which a base runner advances safely during the delivery of a pitch (without the help of a hit or walk or passed ball or wild pitch)
v. take without the owner's consent
v. move stealthily
v. steal a base",vt. 剽窃；偷偷地做；偷窃；vi. 窃取；偷偷地行动；[棒球]偷垒；n. [口]偷窃；便宜货；偷垒；[篮球]断球,n:2/v:98,3,1,zk gk cet4 cet6 ky toefl,1891,1784,steal
accuse,accuse,ә'kju:z,v. bring an accusation against; level a charge against,"vt. 指责, 控告, 归咎于
vi. 指责, 控告",v:100,4,1,gk cet4 cet6 ky toefl ielts gre,1893,2024,accuse
soil,soil,sɒil,n. the part of the earth's surface consisting of humus and disintegrated rock,"n. 土壤, 土地, 国家, 国土, 温床, 污物, 粪便, 水池
vt. 弄脏, 污辱
vi. 变脏",v:5/n:95,3,1,gk cet4 cet6 ky ielts gre,1894,1791,soil
motor,motor,'mәutә,"n. machine that converts other forms of energy into mechanical energy and so imparts motion
n. a nonspecific agent that imparts motion","n. 马达, 发动机, 原动力, 汽车
a. 马达的, 发动机的, 汽车的, 发动的
vt. 推动, 以汽车载运
vi. 乘汽车, 驾车",v:6/n:94,4,1,gk cet4 cet6 ky,1895,3138,motor
tank,tank,tæŋk,"n. an enclosed armored military vehicle; has a cannon and moves on caterpillar treads
n. a large (usually metallic) vessel for holding gases or liquids
n. as much as a tank will hold
v. store in a tank by causing (something) to flow into it","n. 槽, 箱, 柜, 罐, 池塘, 储水池, 坦克
vt. 储于箱中",v:3/n:97,3,1,gk cet4 cet6 ky toefl,1897,1874,tank
origin,origin,'ɒridʒin,"n. properties attributable to your ancestry
n. an event that is a beginning; a first part or stage of subsequent events
n. the point of intersection of coordinate axes; where the values of the coordinates are all zero
n. the source of something's existence or from which it derives or is derived","n. 起源, 起因, 出身, 开端
[计] 原点; 起始地址; 信件来源的相关数据",n:100,3,1,gk cet4 cet6 ky toefl ielts,1898,2547,origin
grey,grey,grei,"n. United States writer of western adventure novels (1875-1939)
n. Queen of England for nine days in 1553; she was quickly replaced by Mary Tudor and beheaded for treason (1537-1554)
n. Englishman who as Prime Minister implemented social reforms including the abolition of slavery throughout the British Empire (1764-1845)
n. any organization or party whose uniforms or badges are grey","n. 灰色
a. 灰色的, 阴沉的
v. (使)成灰色",v:100,5,1,cet4 cet6 ky,1899,37508,grey
beach,beach,bi:tʃ,"n. an area of sand sloping down to the water of a sea or lake
v. land on a beach",n. 海滩,v:2/n:98,3,1,zk gk cet4 ky ielts,1900,1937,beach
negotiation,negotiation,ni.gәuʃi'eiʃәn,"n. a discussion intended to produce an agreement
n. the activity or business of negotiating an agreement; coming to terms","n. 谈判, 磋商, 交涉
[经] 谈判, 协商",n:100,4,0,cet6 toefl,1901,2259,negotiation
accompany,accompany,ә'kʌmpәni,v. go or travel along with,"vt. 陪伴, 伴随, 补充, 为...伴奏
vi. 伴奏, 伴唱",v:100,3,1,gk cet4 cet6 ky toefl ielts gre,1902,2438,accompany
establishment,establishment,i'stæbliʃmәnt,"n. a public or private structure (business or governmental or educational) including buildings and equipment for business or residence
n. any large organization
n. (ecology) the process by which a plant or animal becomes established in a new habitat
n. the cognitive process of establishing a valid proof","n. 确立, 制定, 设施
[经] 企业, 公司, 商店",n:100,3,0,cet4 cet6 ky,1903,2890,establishment
fan,fan,fæn,"n. a device for creating a current of air by movement of a surface or surfaces
n. an ardent follower and admirer
v. strike out (a batter), (of a pitcher)
v. make (an emotion) fiercer","n. 风扇, 迷, 狂热者, 爱好者
vt. 煽动, 刺激, 吹拂
vi. 飘动, 成扇形散开",v:12/n:88,4,1,zk gk cet4 cet6 ky,1905,1208,fan
nineteen,nineteen,.nain'ti:n,"n. the cardinal number that is the sum of eighteen and one
s. being one more than eighteen","num. 十九, 十九个",m:100,5,0,zk gk cet4 ky,1907,7818,nineteen
unfortunately,unfortunately,ʌn'fɔ:tjjnәtli,r. by bad luck,"adv. 恐怕, 不幸的是",r:100,3,1,gk cet4 cet6 ky toefl,1910,2016,unfortunately
warning,warning,'wɒ:niŋ,"n. a message informing of danger
n. notification of something, usually in advance","n. 警告, 预告, 预兆, 通知
[法] 警告, 警戒, 预告; 警告的, 注意的",n:100,3,1,gk cet6,1911,2102,warning
minor,minor,'mainә,"a. of lesser importance or stature or rank
a. lesser in scope or effect
a. inferior in number or size or amount
a. of a scale or mode","n. 未成年人, 副修科目
a. 较小的, 二流的, 未成年的
vi. 副修
[计] 次要",j:85/n:15,3,1,cet4 cet6 ky,1912,2610,minor
height,height,hait,n. the vertical dimension of extension; distance from the base of something to the top,"n. 高度, 海拔, 高地, 顶点
[化] 高度",n:100,3,1,zk gk cet4 cet6 ky toefl ielts,1913,2040,height
gift,gift,gift,n. something acquired without compensation,"n. 礼物, 赠予, 天才
vt. 赋予",v:1/n:99,3,1,zk gk,1914,1382,gift
constant,constant,'kɒnstәnt,"n. a quantity that does not vary
n. a number representing a quantity assumed to have a fixed value in a specified mathematical context
a. steadfast in purpose or devotion or affection","n. 常数, 恒量
a. 不变的, 一定的, 时常的
[计] 常量; 常数; 恒值",j:91/n:9,4,1,gk cet4 cet6 ky toefl ielts gre,1915,2386,constant
pleased,pleased,pli:zd,"a. experiencing or manifesting pleasure
s. feeling pleasurable satisfaction over something by which you measures your self-worth","a. 高兴的, 喜欢的, 满足的",j:100,3,1,gk,1916,3448,pleased
ideal,ideal,ai'diәl,"n. the idea of something that is perfect; something that one hopes to attain
n. model of excellence or perfection of a kind; one having no equal
s. conforming to an ultimate standard of perfection or excellence; embodying an ideal
s. constituting or existing only in the form of an idea or mental image or conception","n. 理想, 典范, 观念, 思想, 最后目标
a. 理想的, 完美的, 空想的, 观念的, 唯心论的",j:66/n:34,4,1,cet4 cet6 ky toefl ielts,1917,2815,ideal
focus,focus,'fәukәs,"n. the concentration of attention or energy on something
n. maximum clarity or distinctness of an image rendered by an optical system
n. maximum clarity or distinctness of an idea
n. a central point or locus of an infection in an organism","n. 焦点, 焦距
vi. 聚焦, 注视
vt. 使聚焦, 调焦, 集中
[计] 焦点",n:32/v:68,4,1,gk cet4 cet6 ky toefl ielts,1918,688,focus
expense,expense,ik'spens,"n. amounts paid for goods and services that may be currently tax deductible (as opposed to capital expenditures)
n. a detriment or sacrifice
n. money spent to perform work and usually reimbursed by an employer
v. reduce the estimated value of something","n. 费用, 代价, 开支, 损失
[经] 费用, 开支, 将支出转为费用",n:100,3,1,gk cet4 ky,1919,2137,expense
withdraw,withdraw,wið'drɒ:,"v. pull back or move away or backward
v. remove (a commodity) from (a supply source)","vt. 撤回, 取回, 撤消, 使撤退, 拉开, 移开
vi. 撤退, 离开",v:100,4,1,gk cet4 cet6 ky toefl ielts gre,1920,2786,withdraw
vision,vision,'viʒәn,"n. a vivid mental image
n. the perceptual experience of seeing
n. a religious or mystical experience of a supernatural appearance","n. 视觉, 眼光, 视力, 幻想
vt. 梦见, 想象, 显示",n:100,3,1,cet4 cet6 ky toefl,1921,1216,vision
severe,severe,si'viә,"s. intensely or extremely bad or unpleasant in degree or quality
s. unsparing and uncompromising in discipline or judgment
s. very bad in degree or extent","a. 严格的, 尖锐的, 严肃的, 严重的, 严厉的, 朴素的
[法] 严厉的, 苛刻的, 严重的",j:100,4,1,gk cet4 cet6 ky toefl ielts gre,1923,2330,severe
citizen,citizen,'sitizn,n. a native or naturalized member of a state or other political community,"n. 市民, 公民
[法] 公民, 国民, 市民",n:100,4,1,gk cet4 cet6 ky,1924,1084,citizen
terrible,terrible,'terәbl,"s causing fear or dread or terror
s exceptionally bad or displeasing
s intensely or extremely bad or unpleasant in degree or quality
s extreme in degree or extent or amount or impact","a. 可怕的, 令人恐惧的, 极坏的",j:100,4,1,zk gk cet4 cet6 ky toefl,1927,1944,terrible
stretch,stretch,stretʃ,"n. a large and unbroken expanse or distance
n. a straightaway section of a racetrack
n. exercise designed to extend the limbs and muscles to their full extent
n. extension to or beyond the ordinary limit","n. 伸展, 张开, 连绵, 一段路, 一段时间
a. 可伸缩的, 弹性的
vt. 伸展, 张开, 曲解, 使过度伸展
vi. 伸展, 延伸
[计] 伸展",n:31/v:69,3,1,cet4 cet6 ky toefl ielts gre,1930,1915,stretch
hurt,hurt,hә:t,"v. give trouble or pain to
v. cause damage or affect negatively
v. hurt the feelings of
v. feel physical pain","n. 伤害, 创伤, 损害
v. 伤害, (使)伤心, 危害, 刺痛",n:2/j:11/v:87,4,1,zk gk cet4 cet6 ky,1931,1140,hurt
prisoner,prisoner,'priznә,n. a person who is confined; especially a prisoner of war,"n. 囚犯, 犯人, 战俘
[法] 犯人, 囚犯, 扣押犯",n:100,4,1,zk gk cet4 cet6 ky,1932,2419,prisoner
fuel,fuel,'fjuәl,"n. a substance that can be consumed to produce energy
v. provide with a combustible substance that provides energy
v. provide with fuel
v. take in fuel, as of a ship","n. 燃料, 木炭
vt. 加燃料, 供燃料
vi. 得到燃料",v:17/n:83,4,1,gk cet4 ky toefl ielts,1933,1558,fuel
bone,bone,bәun,"n. rigid connective tissue that makes up the skeleton of vertebrates
n. the porous calcified substance from which bones are made
n. a shade of white the color of bleached bones
v. remove the bones from","n. 骨头, 骨, 骨制品
vt. 剔骨
vi. 专心致志",v:1/n:99,3,1,gk cet4 ky,1934,1443,bone
palace,palace,'pælis,"n. a large and stately mansion
n. the governing group of a kingdom
n. a large ornate exhibition hall
n. official residence of an exalted person (as a sovereign)","n. 宫, 宫殿, 华丽大厦",n:100,3,1,zk gk ielts,1935,4678,palace
vast,vast,vɑ:st,s unusually great in size or amount or degree or especially extent or scope,"a. 巨大的, 广大的, 非常的, 大量的",j:100,3,1,gk cet4 cet6 ky toefl,1936,1965,vast
champion,champion,'tʃæmpiәn,"n. someone who has won first place in a competition
n. someone who fights for a cause
v. protect or fight for as a champion
s. holding first place in a contest","n. 冠军, 拥护者, 战士
vt. 保卫, 拥护
a. 优胜的",v:13/j:2/n:85,4,0,gk cet4 cet6 ky toefl ielts gre,1938,2758,champion
academic,academic,.ækә'demik,"a. associated with academia or an academy
s. hypothetical or theoretical and not expected to produce an immediate or practical result
s. marked by a narrow focus on or display of learning especially its trivial aspects","a. 学院的, 学术的, 不切实际的
n. 大学生, 大学教师, 学者, 学会会员",j:88/n:12,3,1,gk cet4 cet6 ky toefl ielts gre,1941,1465,academic
funny,funny,'fʌni,s. experiencing odd bodily sensations,"a. 好笑的, 有趣的, 滑稽的
n. 滑稽人物",j:99/n:1,3,1,zk gk cet4 ky,1942,1789,funny
cancer,cancer,'kænsә,"n. any malignant growth or tumor caused by abnormal and uncontrolled cell division; it may spread to other parts of the body through the lymphatic system or the blood stream
n. (astrology) a person who is born while the sun is in Cancer
n. a small zodiacal constellation in the northern hemisphere; between Leo and Gemini
n. the fourth sign of the zodiac; the sun is in this sign from about June 21 to July 22","n. 癌, 恶性肿瘤
[医] 癌",n:100,4,1,zk cet4 cet6 ky,1943,1029,cancer
eighty,eighty,'eiti,"n. the cardinal number that is the product of ten and eight
s. being ten more than seventy","num. 八十, 八十个",m:100,5,0,zk gk cet4 ky,1944,7486,eighty
editor,editor,'editә,n. a person responsible for the editorial aspects of publication; the person who determines the final content of a text (especially of a newspaper or magazine),"n. 编者, 编辑, 主笔, 编辑器, 编辑装置
[计] 编辑器",n:100,4,1,gk cet4 cet6 ky ielts,1945,1385,editor
convention,convention,kәn'venʃәn,"n. a large formal assembly
n. something regarded as a normative example
n. (diplomacy) an international agreement
n. the act of convening","n. 大会, 协定, 惯例, 约定
[计] 约定",n:100,3,1,cet4 cet6 ky toefl ielts,1947,2472,convention
ninety,ninety,'nainti,"n. the cardinal number that is the product of ten and nine
s. being ten more than eighty","num. 九十, 九十个",m:100,5,0,zk gk,1948,8279,ninety
trend,trend,trend,"n a general direction in which something tends to move
n general line of orientation
n a general tendency to change (as of opinion)
n the popular taste at a given time
v turn sharply; change direction abruptly","n. 趋势, 倾向, 走向
vi. 倾向, 转向
[计] 趋势",v:1/n:99,3,1,gk cet4 cet6 ky toefl ielts gre,1949,1697,trend
living,living,'liviŋ,"n. people who are still living
a. pertaining to living persons
s. true to life; lifelike
s. (informal) absolute","n. 生活, 生计, 生存
a. 活的, 逼真的, 现存的",j:37/n:63,3,1,gk cet4 cet6 ky,1950,1329,living
afterwards,afterwards,'ɑ:ftәwәdz,r happening at a time subsequent to a reference time,"adv. 然后, 后来",r:100,3,1,,1951,5652,afterwards
switch,switch,switʃ,"n. control consisting of a mechanical or electrical or electronic device for making or breaking or changing the connections in a circuit
n. hairpiece consisting of a tress of false hair; used by women to give shape to a coiffure
n. railroad track having two movable rails and necessary connections; used to turn a train from one track to another or to store rolling stock
n. a flexible implement used as an instrument of punishment","n. 开关, 电闸, 转换, 软枝, 鞭子, 道岔
vt. 转变, 切换, 摆动, 转换, 使转轨
vi. 转换, 变换, 摆动
[计] 交换机；开关; 翻转; 转移",n:36/v:64,3,1,gk cet4 cet6 ky toefl ielts,1952,2604,switch
lesson,lesson,'lesn,"n. a unit of instruction
n. a task assigned for individual study","n. 课, 课业, 教训",n:100,3,1,zk gk,1953,1325,lesson
fix,fix,fiks,"n. informal terms for a difficult situation
n. something craved, especially an intravenous injection of a narcotic drug
n. an exemption granted after influence (e.g., money) is brought to bear
v. set or place definitely","vt. 使固定, 修理, 准备, 安装, 凝视, 牢记, 确定, 整理
vi. 固定, 注视, 确定
n. 困境, 方位, 维修, 贿赂",n:16/v:84,3,1,zk gk cet4 cet6 ky,1954,1850,fix
ill,ill,il,"a. affected by an impairment of normal physical or mental function
s. resulting in suffering or adversity
s. distressing
s. indicating hostility or enmity","n. 疾病, 坏事, 罪恶, 灾难
a. 生病的, 邪恶的, 不吉利的, 敌意的, 不良的, 不顺利的
adv. 有害地, 不幸地, 几乎不",r:6/j:84/n:10,4,1,zk gk,1955,2945,ill
being,being,'bi:iŋ,n. the state or fact of existing,"n. 存在, 性质, 生命, 人, 生物, be的现在分词",n:100,3,0,gk cet4 ky,1956,1676,being
outcome,outcome,'autkʌm,"n something that results
n a phenomenon that follows and is caused by some previous phenomenon","n. 结果, 出口",n:100,3,0,gk cet4 cet6 ky toefl ielts,1957,1747,outcome
knock,knock,nɒk,"n. the sound of knocking (as on a door or in an engine or bearing)
n. negative criticism
n. a vigorous blow
n. a bad experience","n. 敲, 敲打, 敲门
v. 敲击, 互撞, 攻击",n:17/v:83,3,1,zk gk,1958,2087,knock
justify,justify,'dʒʌstifai,"v. show to be reasonable or provide adequate ground for
v. show to be right by providing justification or proof
v. adjust the spaces between words","vt. 替...辩护, 证明
vi. 证明合法
[计] 段落重排, 两端对齐",v:100,3,1,cet4 cet6 ky toefl ielts gre,1959,2834,justify
signal,signal,'signl,"n. any nonverbal action or gesture that encodes a message
n. any incitement to action
n. an electric quantity (voltage or current or field strength) whose modulation represents coded information about the source from which it comes
s. notably out of the ordinary","n. 信号, 暗号, 近因, 导火线
vt. 向...作信号, 标志, 用信号通知
vi. 发信号
a. 作为信号的, 显著的
[计] 信号",v:30/n:70,3,1,gk cet4 cet6 ky ielts gre,1960,2078,signal
rail,rail,reil,"n. short for railway
n. a horizontal bar (usually of wood or metal)
n. any of numerous widely distributed small wading birds of the family Rallidae having short wings and very long toes for running on soft mud
v. complain bitterly","n. 横杆, 围栏, 栏杆, 铁轨, 扶手, 秧鸡
vt. 以横木围栏, 给...铺铁轨
vi. 责骂, 抱怨",v:6/n:94,3,1,gk cet4 cet6 ky toefl ielts gre,1961,3373,rail
lawyer,lawyer,'lɒ:jә,n. a professional person authorized to practice law; conducts lawsuits or gives legal advice,"n. 律师
[经] 律师",n:100,4,1,gk cet4 cet6 ky ielts,1962,816,lawyer
diet,diet,'daiәt,"n. a prescribed selection of foods
n. a legislative assembly in certain countries (e.g., Japan)
n. the usual food and drink consumed by an organism (person or animal)
n. the act of restricting your food intake (or your intake of particular foods)","n. 日常饮食, 议会
vt. 照规定饮食
vi. 忌食",v:7/n:93,4,1,gk cet4 cet6 ky toefl ielts,1964,2139,diet
somewhat,somewhat,'sʌmhwɒt,"r to a small degree or extent
r to a moderately sufficient extent or degree","n. 某物, 几分
adv. 多少, 几分",r:96/d:4,3,1,cet4 cet6 ky toefl ielts,1966,1897,somewhat
comparison,comparison,kәm'pærisn,"n. the act of examining resemblances
n. relation based on similarities and differences
n. qualities that are comparable","n. 比较, 对照, 比喻
[经] 比较, 对比",n:100,3,1,cet4 ky gre,1968,2166,comparison
notion,notion,'nәuʃәn,"n. a general inclusive concept
n. an odd or fanciful or capricious idea
n. (usually plural) small personal articles or clothing or sewing items","n. 概念, 观念, 想法, 打算, 别致的小东西
[经] 概念, 打算, 想法",n:100,3,0,cet4 cet6 ky toefl ielts,1969,1714,notion
expectation,expectation,.ekspek'teiʃәn,"n. belief about (or mental picture of) the future
n. the feeling that something is about to happen","n. 期待, 指望, 展望
[化] 期望值",n:100,3,1,gk cet4 cet6 ky,1970,1890,expectation
pursue,pursue,pә'sju:,"v. follow in or as if in pursuit
v. carry further or advance","vt. 追赶, 追踪, 追随, 追求, 实行, 继续, 从事
vi. 追赶, 继续",v:100,3,1,cet4 cet6 ky toefl gre,1976,1785,pursue
plenty,plenty,'plenti,n. a full supply,"n. 充分, 很多, 丰富
a. 很多的, 足够的, 丰富的",p:93/r:4/n:3,3,1,zk gk cet4 cet6 ky,1977,2044,plenty
knee,knee,ni:,"n. hinge joint in the human leg connecting the tibia and fibula with the femur and protected in front by the patella
n. the part of a trouser leg that provides the cloth covering for the knee","n. 膝, 膝盖
vt. 膝行, 用膝盖碰",n:100,3,1,zk gk cet4 cet6 ky,1979,1488,knee
Wednesday,wednesday,'wenzdi,n. the fourth day of the week; the third working day,n. 星期三,,4,1,zk gk ielts,1980,0,wednesday
democracy,democracy,di'mɒkrәsi,"n. the political orientation of those who favor government by the people or by their elected representatives
n. a political system in which the supreme power lies in a body of citizens who can elect people to represent them","n. 民主政治, 民主主义
[法] 民主, 民主政治, 民主政体",n:100,4,0,cet4 cet6 ky toefl ielts,1981,1502,democracy
corporate,corporate,'kɒ:pәrit,"a. of or belonging to a corporation
s. done by or characteristic of individuals acting together
s. organized and maintained as a legal corporation","a. 社团的, 合伙的, 公司的
[经] 团体的, 法人的, 社团的",j:99/n:1,3,0,cet6 ielts gre,1983,1579,corporate
Co,co,,"n an odorless very poisonous gas that is a product of incomplete combustion of carbon
n a hard ferromagnetic silver-white bivalent or trivalent metallic element; a trace element in plant and animal nutrition
n one who refuses to serve in the armed forces on grounds of conscience
n a state in west central United States in the Rocky Mountains",[医] 钴(27号元素),,3,0,,1984,0,co
surround,surround,sә'raund,v. extend on all sides of simultaneously; encircle,"vt. 包围, 环绕, 围绕
n. 围绕物",n:2/v:98,4,1,gk cet4 cet6 ky,1987,1599,surround
gap,gap,gæp,"n. a conspicuous disparity or difference as between two figures
n. a narrow opening
n. a difference (especially an unfortunate difference) between two opinions or two views or two situations
v. make an opening or gap in","n. 缝隙, 缺口, 间断, 间距, 通用汇编程序
vt. 打开缺口, 造成缝隙
vi. 豁开
[计] 通用汇编程序, 图形应用程序, 间距",n:100,3,1,cet4 cet6 ky toefl ielts,1988,2121,gap
appreciate,appreciate,ә'pri:ʃieit,"v. recognize with gratitude; be grateful for
v. be fully aware of; realize fully
v. gain in value
v. increase the value of","vt. 赏识, 鉴别, 为...而感激, 领会, 欣赏
vi. 增值, 涨价",v:100,3,1,gk cet4 cet6 ky toefl ielts gre,1989,1738,appreciate
weak,weak,wi:k,"a. wanting in physical strength
s. tending downward in price
s. deficient or lacking in some skill
s. (used of verbs) having standard (or regular) inflection","a. 不牢固的, 弱的, 虚弱的, 软弱的, 无力的, 无权力的, (论据等)不充分的
[经] 疲软的",j:100,4,1,zk gk cet4 cet6 ky,1990,2070,weak
occupy,occupy,'ɒkjupai,"v. live (in a certain place)
v. occupy the whole of","vt. 占领, 占(时间、空间等), 住进, 担任, 使从事, 使全神贯注
[法] 占领, 占据, 占有",v:100,4,1,cet4 cet6 ky toefl ielts,1991,2710,occupy
root,root,ru:t,"n. (botany) the usually underground organ that lacks buds or leaves or nodes; absorbs water and mineral salts; usually it anchors the plant to the ground
n. (linguistics) the form of a word after all affixes are removed
n. a number that, when multiplied by itself some number of times, equals a given number
n. the part of a tooth that is embedded in the jaw and serves as support","n. 根, 根本, 根源, 基础, 底部
vt. 使扎根, 使固定, 根除, 肃清, 搜出, 用鼻拱
vi. 生根, 固定, 源于, 用鼻拱土, 寻找, 捧场, 支持",v:24/n:76,3,1,gk cet4 cet6 ky,1992,1734,root
permanent,permanent,'pә:mәnәnt,"a. continuing or enduring without marked change in status or condition or place
s. not capable of being reversed or returned to the original condition","a. 永久的, 不变的, 固定的, 持久的
n. 烫发
[计] 永久的",j:99/n:1,3,1,gk cet4 cet6 ky toefl ielts gre,1993,2464,permanent
ourselves,ourselves,.auә'selvz,"pl.  of Myself
pron. ; sing. Ourself (/). An emphasized form of the
   pronoun of the first person plural; -- used as a subject, usually with
   we; also, alone in the predicate, in the nominative or the objective
   case.",pron. 我们自己,p:100,3,1,zk gk,1994,1766,ourselves
originally,originally,ә'ridʒәnli,r. in an original manner,"adv. 本来, 原来, 最初, 就起源而论, 独创地",r:100,3,1,toefl,1995,2854,originally
complaint,complaint,kәm'pleint,"n. (formerly) a loud cry (or repeated cries) of pain or rage or sorrow
n. an expression of grievance or resentment
n. (civil law) the first pleading of the plaintiff setting out the facts on which the claim for relief is based","n. 诉苦, 抱怨, 控诉
[医] 陈诉; 病",n:100,3,1,cet4 cet6 ky toefl ielts,1996,2325,complaint
shock,shock,ʃɒk,"n. the violent interaction of individuals or groups entering into combat
n. (pathology) bodily collapse or near collapse caused by inadequate oxygen delivery to the cells; characterized by reduced cardiac output and rapid heartbeat and circulatory insufficiency and pallor
n. an instance of agitation of the earth's crust
n. an unpleasant or disappointing surprise","n. 震动, 冲突, 震惊, 冲击, 突击, 禾束堆, 休克, 长毛狗
vt. 使震动, 使休克, 使受电击, 震惊得
vi. 震动, 吓人
a. 蓬乱浓密的",v:31/n:69,4,1,gk cet4 cet6 ky toefl ielts,1998,2298,shock
plastic,plastic,'plæstik,"n. generic name for certain synthetic or semisynthetic materials that can be molded or extruded into objects or films or filaments or used for making e.g. coatings and adhesives
s. capable of being influenced or formed","n. 塑料, 可塑体, 可塑性物质
a. 塑料的, 塑造的, 有可塑性的, 造型的, 易受影响的, 有创造力的",n:100,3,1,zk gk cet4 cet6 ky toefl ielts,1999,1523,plastic
plane,plane,plein,"n. (mathematics) an unbounded two-dimensional shape
n. a level of existence or development
n. a power tool for smoothing or shaping wood
n. a carpenter's hand tool with an adjustable blade for smoothing or shaping wood","n. 平面, 扁平物, 机翼, 飞机, 水准, 地位
a. 平的, 平面的
vt. 将...刨平, 刨平, 掠过水面
vi. 翱翔, 乘飞机旅行, 刨掉",v:1/n:99,4,1,zk gk gre,2000,1150,plane
passenger,passenger,'pæsindʒә,n. a traveler riding in a vehicle (a boat or bus or car or plane or train etc) who is not operating it,"n. 乘客, 旅客
[经] 乘客, 旅客",n:100,3,1,zk gk cet4 cet6 ky,2001,2080,passenger
odd,odd,ɒd,"a. not divisible by two
s. not easily explained
s. an indefinite quantity more than that specified
s. of the remaining member of a pair, of socks e.g.","a. 奇数的, 古怪的, 剩余的, 零散的, 各种各样的, 少量的
n. 奇特的事物, 怪人
[计] 奇数, 奇校验, 光数据数字转换器",j:100,4,1,cet4 cet6 ky toefl ielts,2002,2738,odd
grass,grass,græs,"n. narrow-leaved green herbage: grown as lawns; used as pasture for grazing animals; cut and dried as hay
n. German writer of novels and poetry and plays (born 1927)
v. shoot down, of birds
v. cover with grass","n. 草, 草原, 牧场
[医] 草, 禾本",v:1/n:99,3,1,zk gk ielts,2003,2014,grass
via,via,vaiә,"n. A road way.
prep. By the way of; as, to send a letter via Queenstown to
   London.","prep. 经由, 经过, 通过
[医] 病毒灭活剂",i:100,3,1,gk cet4 cet6 ky toefl ielts,2004,2576,via
somehow,somehow,'sʌmhau,"r. in some unspecified way or manner; or by some unspecified means
r. for some unspecified reason;",adv. 不知何故,r:100,3,1,cet4 cet6 ky ielts,2005,1649,somehow
shadow,shadow,'ʃædәu,"n. shade within clear boundaries
n. a premonition of something adverse
n. refuge from danger or observation
n. a dominating and pervasive presence","n. 阴影, 荫, 影子, 影像, 阴暗, 幽灵, 少许, 隐蔽处, 庇护
vt. 遮蔽, 使朦胧, 预示, 尾随
vi. 渐变, 变阴暗
[计] 阴影",v:5/n:95,3,1,gk cet4 cet6 ky,2006,1668,shadow
column,column,'kɒlәm,"n. a line of units following one after another
n. a vertical glass tube used in column chromatography; a mixture is poured in the top and washed through a stationary substance where components of the mixture are adsorbed selectively to form colored bands
n. a vertical array of numbers or other information
n. anything that approximates the shape of a column or tower","n. 专栏, 圆柱, 纵队, 列, 柱形物
[计] 列, 柱形图",n:100,3,1,cet4 cet6 ky ielts,2007,2074,column
charity,charity,'tʃæriti,"n. a foundation created to promote the public good (not for assistance to any particular individuals)
n. a kindly and lenient attitude toward people
n. an activity or gift that benefits the public at large
n. an institution set up to provide help to the needy","n. 慈悲, 博爱, 慈善团体, 施舍
[法] 宽大, 宽恕, 慈善机关",n:100,3,1,cet4 cet6 ky toefl ielts gre,2008,3287,charity
territory,territory,'teritәri,"n. an area of knowledge or interest
n. the geographical area under the jurisdiction of a sovereign state","n. 领土, 领地, 版图, 地区, 活动范围
[经] (推销员等的)推销区域",n:100,4,0,cet4 cet6 ky toefl ielts,2009,2179,territory
least,least,li:st,"n. something that is of no importance
a. the superlative of `little' that can be used with mass nouns and is usually preceded by `the'; a quantifier meaning smallest in amount or extent or degree
r. used to form the superlative","n. 最少, 最小, 最小限度
a. 最少的, 最小的
adv. 最小, 最少",r:96/d:4,5,1,zk gk cet4 cet6 ky ielts,2012,302,least
crucial,crucial,'kru:ʃәl,"a. of extreme importance; vital to the resolution of a crisis
s. having crucial relevance","a. 决定性的, 重要的, 严厉的
[医] 十字形的; 决断的, 定局的",j:100,3,1,cet4 cet6 ky toefl ielts gre,2013,2397,crucial
inner,inner,'inә,"s. located inward
a. located or occurring within or closer to a center
s. innermost or essential
s. exclusive to a center; especially a center of influence","a. 内部的, 内心的
n. 内部",j:100,3,1,cet4 cet6 ky toefl,2014,2449,inner
negative,negative,'negәtiv,"n. a reply of denial
n. a piece of photographic film showing an image with light and shade or colors reversed
a. characterized by or displaying negation or denial or opposition or resistance; having no positive features
a. expressing or consisting of a negation or refusal or denial","n. 否定, 否定语, 负数, 底片
a. 否定的, 消极的, 负的, 阴性的
n. 负数, 负值
[计] 负数, 负值",j:94/n:6,3,1,cet4 cet6 ky toefl ielts,2015,1470,negative
manufacturer,manufacturer,.mænju'fæktʃәrә,"n. a business engaged in manufacturing some product
n. someone who manufactures something","n. 制造业者, 厂商
[经] 制造人, 制造商, 制造厂",n:100,3,1,cet4 cet6,2016,2251,manufacturer
brown,brown,braun,"n. an orange of low brightness and saturation
n. Scottish botanist who first observed the movement of small particles in fluids now known a Brownian motion (1773-1858)
n. abolitionist who was hanged after leading an unsuccessful raid at Harper's Ferry, Virginia (1800-1859)
v. fry in a pan until it changes color","n. 褐色
a. 褐色的
v. (使)变褐色",n:7/j:86/v:7,5,1,zk gk toefl,2018,1769,brown
breakfast,breakfast,'brekfәst,"n. the first meal of the day (usually in the morning)
v. eat an early morning meal
v. provide breakfast for",n. 早餐,v:4/n:96,3,1,zk gk ielts,2019,2382,breakfast
permit,permit,pә'mit,"n. large game fish; found in waters of the West Indies
v. consent to, give permission","n. 许可证, 许可, 执照, 通行证
vt. 允许, 容许, 可能, 使放手做
vi. 容许, 给以机会, 提供可能",n:25/v:75,3,1,gk cet4 cet6 ky toefl ielts,2022,2109,permit
corporation,corporation,.kɒ:pә'reiʃәn,n. a business firm whose articles of incorporation have been approved in some state,"n. 公司, 合作, 法人团体
[法] 法人团体, 社团, 法人",n:100,3,0,gk cet4 cet6 ky ielts,2025,2602,corporation
inflation,inflation,in'fleiʃәn,"n. a general and progressive increase in prices
n. (cosmology) a brief exponential expansion of the universe (faster than the speed of light) postulated to have occurred shortly after the big bang
n. the act of filling something with air","n. 胀大, 夸张, 通货膨胀
[化] 充气吹胀; 膨胀",n:100,4,0,cet6 ky toefl ielts,2030,3197,inflation
fundamental,fundamental,.fʌndә'mentәl,"n. any factor that could be considered important to the understanding of a particular business
n. the lowest tone of a harmonic series
s. being or involving basic facts or principles
s. far-reaching and thoroughgoing in effect especially on the nature of something","n. 基本原理, 原则, 基波
a. 基本的, 重要的, 原音的",j:92/n:8,3,1,gk cet4 cet6 ky toefl ielts gre,2031,2328,fundamental
complain,complain,kәm'plein,"v. express complaints, discontent, displeasure, or unhappiness
v. make a formal accusation; bring a formal charge","v. 抱怨, 抗议, 控诉",v:100,4,1,cet4 cet6 ky toefl,2033,1859,complain
virtually,virtually,'vә:tʃuәli,r. in essence or effect but not in fact,adv. 事实上,r:100,3,1,cet4 cet6 ky toefl ielts,2034,2046,virtually
sharp,sharp,ʃɑ:p,"n. a musical notation indicating one half step higher than the note named
n. a long thin sewing needle with a sharp point
s. harsh
a. keenly and painfully felt; as if caused by a sharp edge or point","n. 半升音调, 利刃, 骗子
a. 锋利的, 明显的, 敏锐的, 急剧的, 尖刻的, 严厉的, 刺耳的, 精明的
adv. 锐利地, 急速地",r:3/j:97,4,1,gk cet4 cet6 ky toefl ielts,2035,2049,sharp
perfectly,perfectly,'pә:fiktli,r. in a perfect or faultless way,"adv. 完全地, 无瑕疵地, 完整地",r:100,3,1,cet4 cet6,2036,2435,perfectly
massive,massive,'mæsiv,"s. imposing in size or bulk or solidity
s. being the same substance throughout
s. imposing in scale or scope or degree or power
s. consisting of great mass; containing a great quantity of matter","a. 大而重的, 宽大的, 宏伟的
[医] 大块的, 整块的, 大量的",j:100,3,1,cet4 cet6 ky toefl ielts gre,2037,1996,massive
engage,engage,in'geidʒ,"v. ask to represent; of legal counsel
v. get caught
v. carry on (wars, battles, or campaigns)
v. hire for work or assistance","vi. 答应, 从事, 交战
vt. 使忙碌, 雇佣, 预定, 使从事于, 使参加",v:100,3,1,cet4 cet6 ky toefl ielts,2038,1387,engage
quote,quote,kwәut,"v. repeat a passage from
v. name the price of
v. refer to for illustration or proof
v. put quote marks around","n. 引用
vt. 引述, 举证, 报(价)
vi. 引用",n:29/v:71,4,1,cet4 cet6 ky gre,2039,2255,quote
paint,paint,peint,"n. a substance used as a coating to protect or decorate a surface (especially a mixture of pigment suspended in a liquid); dries to form a hard coating
v. make a painting
v. apply paint to; coat with paint
v. make a painting of","n. 油漆, 颜料, 绘画作品, 涂漆
vt. 油漆, 绘, 画, 描绘, 装饰, 点缀
vi. 绘画, 涂漆",n:35/v:65,4,1,zk gk cet4 ky,2040,1555,paint
dominate,dominate,'dɒmineit,"v. be in control
v. have dominance or the power to defeat over
v. look down on","v. 支配, 占优势",v:100,4,1,cet4 cet6 ky toefl ielts gre,2041,2312,dominate
blame,blame,bleim,"n. a reproach for some lapse or misdeed
v. put or pin the blame on
v. harass with constant criticism
v. attribute responsibility to","n. 过失, 责备
vt. 责备, 归咎于",n:18/v:82,4,1,gk cet4 cet6 ky toefl ielts,2043,1797,blame
sick,sick,sik,"n. people who are sick
s. deeply affected by a strong feeling","n. 病人
a. 不舒服, 有病的, 恶心的, 厌恶的, 渴望的, 病态的
vt. 呕吐, 追击, 使(狗)去攻击",j:97/n:3,3,1,zk gk toefl ielts,2044,1746,sick
exception,exception,ik'sepʃәn,"n. a deliberate act of omission
n. an instance that does not conform to a rule or generalization; the only exception was her last child""
n. grounds for adverse criticism","n. 例外, 除外, 异议
[计] 例外; 异常",n:100,3,1,cet4 cet6 ky toefl ielts,2045,2401,exception
beauty,beauty,'bju:ti,"n. the qualities that give pleasure to the senses
n. an outstanding example of its kind","n. 美, 美人",n:100,3,1,gk cet4 ky ielts,2046,1724,beauty
struggle,struggle,'strʌgl,"n. an energetic attempt to achieve something
n. strenuous effort
v. to exert strenuous effort against opposition","n. 斗争, 努力, 奋斗
vi. 努力, 奋斗, 挣扎",n:48/v:52,4,1,gk cet4 cet6 ky toefl,2047,1669,struggle
politician,politician,.pɒli'tiʃәn,"n. a leader engaged in civil administration
n. a person active in party politics
n. a schemer who tries to gain advantage in an organization in sly or underhanded ways","n. 政客, 政治家, 从事党派政治的人
[法] 政客, 政治家",n:100,4,1,gk cet4 cet6 ky,2049,1783,politician
resident,resident,'rezidәnt,"n. someone who lives at a particular place for a prolonged period or who was born there
a. living in a particular place","n. 居民, 常驻程序, 居住者, 留鸟
a. 居留的, 定居的",j:9/n:91,4,1,cet4 cet6 ky toefl gre,2053,1254,resident
licence,licence,'laisns,"n excessive freedom; lack of due restraint
n freedom to deviate deliberately from normally applicable rules or practices (especially in behavior or speech)
n a legal document giving official permission to do something
v authorize officially","n. 执照, 许可证, 特许
vt. 许可, 特许, 认可",n:100,3,1,cet4 ielts,2055,29631,licence
abandon,abandon,ә'bændәn,"n. the trait of lacking restraint or control; reckless freedom from inhibition or worry
v. forsake, leave behind
v. give up with the intent of never claiming again
v. stop maintaining or insisting on; of ideas or claims","vt. 放弃, 抛弃, 遗弃, 使屈从, 沉溺, 放纵
n. 放任, 无拘束, 狂热",n:4/v:96,3,1,gk cet4 cet6 ky toefl gre,2057,2182,abandon
construct,construct,kәn'strʌkt,"v. make by combining materials and parts
v. draw with suitable instruments and under specified conditions
v. create by linking linguistic units
v. create by organizing and linking ideas, arguments, or concepts","vt. 构造, 建造, 对...进行构思, 作图
n. 构成物",n:22/v:78,3,1,gk cet4 cet6 ky toefl gre,2058,2477,construct
identity,identity,ai'dentiti,"n. the distinct personality of an individual regarded as a persisting entity
n. the individual characteristics by which a thing or person is recognized or known
n. an operator that leaves unchanged the element on which it operates
n. exact sameness","n. 身份, 相同, 一致, 特性, 恒等式
[计] (打)标记, 标识",n:100,3,1,gk cet4 ky toefl ielts,2061,1322,identity
criminal,criminal,'kriminәl,"n. someone who has committed a crime or has been legally convicted of a crime
s. guilty of crime or serious offense
s. involving or being or having the nature of a crime","n. 罪犯, 犯人, 刑事
a. 犯了罪的, 刑事的, 有罪的",j:67/n:33,4,1,gk cet4 cet6 ky ielts,2063,1953,criminal
resolution,resolution,.rezә'lu:ʃәn,"n. a formal expression by a meeting; agreed to by a vote
n. finding a solution to a problem
n. analysis into clear-cut components
n. (computer science) the number of pixels per square inch on a computer-generated display; the greater the resolution, the better the picture","n. 解析, 决心, 坚定, 决定, 决议, 消除, 解答, 分解
n. 图形分辨率
[计] 图形分辨率",n:100,4,0,cet4 cet6 ky toefl ielts,2064,1968,resolution
dispute,dispute,dis'pju:t,"n. a disagreement or argument about something important
n. coming into conflict with","n. 争论
v. 争论",v:16/n:84,4,0,cet4 cet6 ky toefl ielts gre,2066,2705,dispute
inquiry,inquiry,in'kwaiәri,"n. a search for knowledge
n. a systematic investigation of a matter of public interest","n. 质询, 探索, 调查, 询盘
[计] 询问; 查询",n:100,3,1,cet4 cet6 ky toefl gre,2067,3367,inquiry
contemporary,contemporary,kәn'tempәrәri,"n. a person of nearly the same age as another
s. characteristic of the present
s. belonging to the present time","n. 同时代的人
a. 同时代的, 属于同一时期的",j:91/n:9,3,1,gk cet4 cet6 ky toefl ielts,2068,1947,contemporary
thinking,thinking,'θiŋkiŋ,n. the process of using your mind to consider something carefully,"n. 思考, 思想
a. 思考的, 有理性的",n:100,4,1,gk ielts,2075,1695,thinking
fault,fault,fɒ:lt,"n. (geology) a crack in the earth's crust resulting from the displacement of one side with respect to the other
n. (electronics) equipment failure attributable to some defect in a circuit (loose connection or insulation failure or short circuit etc.)
n. responsibility for a bad situation or event
n. (sports) a serve that is illegal (e.g., that lands outside the prescribed area)","n. 过错, 故障, 毛病
vt. 挑剔
vi. 产生断层, 弄错
[计] 故障",v:9/n:91,3,1,gk cet4 ky toefl ielts gre,2076,2849,fault
taste,taste,teist,"n. the sensation that results when taste buds in the tongue and throat convey information about the chemical composition of a soluble stimulus
n. delicate discrimination (especially of aesthetic values)
n. a brief experience of something
n. a small amount eaten or drunk","n. 味道, 品味, 味觉, 感受, 体验, 爱好, 审美, 少量
vt. 尝, 察觉...的味道, 体会
vi. 品尝, 察觉味道, 有某种味道",v:42/n:58,4,1,zk gk cet4 cet6 ky toefl,2077,2031,taste
badly,badly,'bædli,"r. to a severe or serious degree
r. evilly or wickedly
r. in a disobedient or naughty way
r. with great intensity (`bad' is a nonstandard variant for `badly')","adv. 严重地, 恶劣地, 极度地",r:100,3,1,gk cet4 ky,2078,3111,badly
camp,camp,kæmp,"n. temporary living quarters specially built by the army for soldiers
n. a group of people living together in a camp
n. temporary lodgings in the country for travelers or vacationers
n. a penal institution (often for forced labor)","n. 露营, 帐篷
vi. 露营, 扎营
vt. 使扎营",v:4/j:2/n:94,4,1,zk gk cet4 cet6 ky toefl ielts,2079,1188,camp
alive,alive,ә'laiv,"a. possessing life
s. (often followed by `with') full of life and spirit
s. (followed by `to' or `of') aware of
s. capable of erupting","a. 活着的, 活泼的, 敏感的, 热闹的",j:100,3,1,zk gk cet4 cet6 ky,2080,1532,alive
phrase,phrase,freiz,"n. an expression consisting of one or more words forming a grammatical constituent of a sentence
n. a short musical passage
n. dance movements that are linked in a single choreographic sequence
v. divide, combine, or mark into phrases","n. 惯用语, 词组, 成语, 措词, 乐句
vt. 用短语表达, 把(乐曲)分成短句
[计] 短语",v:6/n:94,3,1,gk cet4 cet6 ky toefl,2081,2589,phrase
quantity,quantity,'kwɒntәti,"n. an adequate or large amount
n. the concept that something has a magnitude and can be represented in mathematical expressions by a constant or a variable","n. 量, 数量, 总量
[计] 数量; 量",n:100,3,1,gk cet4 cet6 ky toefl,2082,4057,quantity
emergency,emergency,i'mә:dʒәnsi,"n. a sudden unforeseen crisis (usually involving danger) that requires immediate action
n. a state in which martial law applies","n. 紧急状况, 紧急事件, 紧急需要
[化] 紧急情况",j:1/n:99,4,1,gk cet4 cet6 ky ielts gre,2083,1725,emergency
angry,angry,'æŋgri,"a. feeling or showing anger
s. (of the elements) as if showing violent anger
s. severely inflamed and painful","a. 生气的, 愤怒的",j:100,3,1,zk gk ielts,2084,1705,angry
pilot,pilot,'pailәt,"n. someone who is licensed to operate an aircraft in flight
n. a person qualified to guide ships through difficult waters going into or out of a harbor","n. 飞行员, 领航员, 航船者, 导向器, 驾驶仪, 向导, 领导人
vt. 领航, 驾驶, 引导, 试用
a. 引导的, 控制的, 试点的
[计] 引导",v:6/n:94,3,1,zk gk cet4 cet6 ky toefl ielts gre,2085,1772,pilot
mirror,mirror,'mirә,"n. polished surface that forms images by reflecting light
n. a faithful depiction or reflection
v. reflect as if in a mirror
v. reflect or resemble","n. 镜子, 写真, 典范
vt. 反映, 映出",v:11/n:89,3,1,zk gk cet4 cet6 ky,2086,1853,mirror
unknown,unknown,.ʌn'nәun,"n. an unknown and unexplored region
n. a variable whose values are solutions of an equation
a. not known
s. not known to exist","a. 不知道的, 未知的, 陌生的
n. 未知物, 未知数",j:96/n:4,3,1,gk cet4 cet6,2087,2825,unknown
naturally,naturally,'nætʃәrәli,"r. as might be expected
r. according to nature; by natural means; without artificial help
r. through inherent nature
r. in a natural or normal manner","adv. 自然地, 以自然力, 天生地",r:100,3,1,cet4 cet6,2088,2795,naturally
proceed,proceed,prәu'si:d,"v. move ahead; travel onward in time or space
v. follow a certain course","vi. 继续进行, 进行, 开始, 发出, 起诉
[法] 所得, 收入, 收益",v:100,3,1,cet4 cet6 ky toefl ielts,2089,2697,proceed
unique,unique,ju:'ni:k,"s. (followed by `to') applying exclusively to a given category or condition or locality
s. highly unusual or rare but not the single instance","a. 独一无二的, 独特的, 稀罕的",j:100,3,1,gk cet4 cet6 ky toefl ielts gre,2090,1726,unique
preparation,preparation,.prepә'reiʃәn,"n. the activity of putting or setting in order in advance of some act or purpose
n. (music) a note that produces a dissonant chord is first heard in a consonant chord","n. 准备, 预备, 预习
[化] 制剂",n:100,3,1,gk cet4 cet6 ky,2091,2513,preparation
tension,tension,'tenʃәn,"n. (psychology) a state of mental or emotional strain or suspense
n. the physical condition of being stretched or strained
n. a balance between and interplay of opposing elements or tendencies (especially in art or literature)
n. (physics) a stress that produces an elongation of an elastic physical body","n. 紧张, 不安, 拉紧, 张力, 压力, 电压
vt. 拉紧, 使紧张",n:100,3,1,gk cet4 ky toefl ielts gre,2092,2186,tension
stress,stress,stres,"n. the relative prominence of a syllable or musical note (especially with regard to stress or pitch)
n. special emphasis attached to something
n. difficulty that causes worry or emotional tension
n. (physics) force that produces strain on a physical body","n. 压力, 紧迫, 强调, 重音, 重点, 应力
vt. 加压力于, 着重, 重读",v:34/n:66,4,1,gk cet4 cet6 ky toefl ielts,2093,1731,stress
assistance,assistance,ә'sistәns,"n the activity of contributing to the fulfillment of a need or furtherance of an effort or purpose
n a resource","n. 协助, 援助
[经] 援助, 帮助",n:100,3,1,gk ky toefl ielts,2096,2081,assistance
metre,metre,'mi:tә,"n the basic unit of length adopted under the Systeme International d'Unites (approximately 1.094 yards)
n (prosody) the accent in a metrical foot of verse
n rhythm as given by division into parts of equal duration","n. 公尺, 格律, 韵律
[医] 米, 公尺",,3,1,zk gk cet4 cet6 ky,2099,0,metre
dismiss,dismiss,dis'mis,"v. bar from attention or consideration
v. cease to consider; put out of judicial consideration
v. stop associating with
v. end one's encounter with somebody by causing or permitting the person to leave","vt. 解散, 开除, 解职
vi. 解散
[计] 解散",v:100,4,1,zk gk cet4 cet6 ky toefl ielts,2100,2802,dismiss
acknowledge,acknowledge,әk'nɒlidʒ,"v. report the receipt of
v. express obligation, thanks, or gratitude for
v. accept as legally binding and valid
v. accept (someone) to be what is claimed or accept his power and authority","vt. 承认, 告知收悉, 答谢, 报偿
[经] 承认, 答谢, 收到的通知",v:100,3,1,gk cet4 cet6 ky toefl ielts gre,2105,1654,acknowledge
minority,minority,mai'nɒriti,"n. a group of people who differ racially or politically from a larger group of which it is a part
n. being or relating to the smaller in number of two parts
n. any age prior to the legal age","n. 少数, 未成年, 少数民族
a. 少数的, 属于少数派的",n:100,4,1,gk cet4 cet6 ky toefl ielts,2106,1633,minority
novel,novel,'nɒvl,"n. an extended fictional work in prose; usually in the form of a story
n. a printed and bound book that is an extended work of fiction
s. pleasantly new or different","n. 小说, 长篇故事
a. 新奇的, 异常的",j:17/n:83,4,1,gk cet4 cet6 ky toefl ielts,2109,1647,novel
moreover,moreover,mɒ:'әuvә,"r in addition; furthermore, their quality is improving""; moreover, mice nested there""","adv. 而且, 此外",r:100,3,1,cet4 cet6 ky ielts,2111,2282,moreover
subsequent,subsequent,'sʌbsikwәnt,a. following in time or order,"a. 后来的, 接下去的
[经] 后来的",i:4/j:96,3,0,cet4 cet6 ky toefl ielts gre,2113,3267,subsequent
currency,currency,'kʌrәnsi,"n. the metal or paper medium of exchange that is presently used
n. general acceptance or use","n. 货币, 通货, 流通, 通用
[计] 货币, 货币型",n:100,4,0,gk cet6 ky toefl ielts,2114,3738,currency
parliamentary,parliamentary,.pɑ:lә'mentәri,"a. relating to or having the nature of a parliament
s. having the supreme legislative power resting with a body of cabinet ministers chosen from and responsible to the legislature or parliament
s. in accord with rules and customs of a legislative or deliberative assembly","a. 国会的, 议会的, 议会制度的",j:100,3,0,toefl,2115,7657,parliamentary
tie,tie,tai,"n. equality of score in a contest
n. a horizontal beam used to prevent two other structural members from spreading apart or separating
n. (music) a slur over two notes of the same pitch; indicates that the note is to be sustained for their combined time value
n. one of the cross braces that support the rails on a railway track","n. 带子, 线, 鞋带, 领带, 领结, 关系, 束缚, 平局, 不分胜负
vt. 系, 打结, 扎, 约束, 与...成平局
vi. 结合, 打结, 不分胜负",n:43/v:57,4,1,zk gk cet4 cet6 ky,2118,1501,tie
suit,suit,sju:t. su:t,"n. a set of garments (usually including a jacket and trousers or skirt) for outerwear all of the same fabric and color
n. (slang) a businessman dressed in a business suit
n. a petition or appeal made to a person of superior status or rank
n. playing card in any of four sets of 13 cards in a pack; each set has its own symbol and color","n. 套装, 诉讼, 请求, 起诉, 套, 组
vt. 适合, 使适应
vi. 合适, 相称",v:26/n:74,4,1,gk cet4 cet6 ky toefl ielts,2119,1411,suit
enormous,enormous,i'nɒ:mәs,"s. extraordinarily large in size or extent or amount or power or degree; that a whole civilization should be dependent on technology""- Walter Lippman","a. 巨大的, 庞大的",j:100,3,1,cet4 cet6 ky toefl ielts gre,2120,1994,enormous
alter,alter,'ɒ:ltә,"v. make an alteration to
v. remove the ovaries of",v. 改变,v:100,3,1,cet4 cet6 ky toefl ielts gre,2121,2889,alter
rarely,rarely,'rєәli,r. not often,"adv. 很少地, 罕有地",r:100,3,1,cet4 cet6 ky toefl ielts,2122,2271,rarely
expand,expand,ik'spænd,"v. extend in one or more directions
v. become larger in size or volume or quantity
v. make bigger or wider in size, volume, or quantity","vt. 使膨胀, 详述, 扩张
vi. 张开, 发展
vt. 展开
vi. 展开
[计] 展开; DOS外部命令:将原始DOS磁盘上的压缩文件解压缩并拷贝到硬盘上",v:100,3,1,gk cet4 cet6 ky toefl ielts gre,2124,1572,expand
prize,prize,praiz,"n. something given for victory or superiority in a contest or competition or for winning a lottery
v. hold dear","n. 奖赏, 奖金, 奖品, 战利品, 捕获
a. 得奖的
vt. 珍视, 估价, 捕获, 撬, 撬动",v:11/j:2/n:87,4,1,zk gk cet4 cet6 ky,2125,3686,prize
guilty,guilty,'gilti,"a. responsible for or chargeable with a reprehensible act
s. showing a sense of guilt","a. 犯罪的, 有过失的, 自觉有错的, 心虚的
[法] 有罪的, 犯罪的, 自觉有罪的",j:100,3,1,gk cet4 cet6 ky gre,2126,2061,guilty
mill,mill,mil,"n. Scottish philosopher who expounded Bentham's utilitarianism; father of John Stuart Mill (1773-1836)
n. English philosopher and economist remembered for his interpretations of empiricism and utilitarianism (1806-1873)
n. machinery that processes materials by grinding or crushing
v. move about in a confused manner","n. 压榨机, 磨坊, 制造厂
vt. 碾磨, 磨细, 搅拌, 使乱转
vi. 乱转, 被碾磨",v:14/n:86,3,0,cet4 cet6 ky toefl gre,2128,4439,mill
defend,defend,di'fend,"v. argue or speak in defense of
v. be on the defensive; act against an attack
v. protect against a challenge or attack
v. be the defense counsel for someone in a trial","vt. 防护, 辩护, 防卫
[法] 作...的辩护律师, 辩护, 为...答辩",v:100,4,1,gk cet4 cet6 ky toefl,2130,1750,defend
tower,tower,'tauә,n. a structure taller than its diameter; can stand alone or be attached to a larger building,"n. 塔, 高楼, 堡垒
vi. 高耸, 翱翔",v:8/n:92,3,1,zk gk cet4 cet6 ky toefl ielts,2131,2412,tower
bother,bother,'bɒðә,"v. intrude or enter uninvited
v. make nervous or agitated
v. make confused or perplexed or puzzled","vt. 烦扰, 迷惑
vi. 烦恼, 操心
n. 麻烦, 纠纷, 讨厌的人",n:3/v:97,3,1,ielts,2132,2189,bother
yours,yours,juәz,pron. See the Note under Your.,"pron. 你的(东西), 你们的(东西)",p:100,3,1,zk gk,2133,3156,yours
arrest,arrest,ә'rest,n. the state of inactivity following an interruption,"n. 逮捕, 监禁
vt. 拘捕, 抑制, 吸引, 阻止",n:39/v:61,4,1,gk cet4 cet6 ky toefl gre,2134,2140,arrest
lucky,lucky,'lʌki,"s. occurring by chance
a. having or bringing good fortune","a. 幸运的, 吉祥的, 好运的, 侥幸的",j:100,3,1,zk gk cet4 ky,2137,2126,lucky
coat,coat,kәut,"n. an outer garment that has sleeves and covers the body from shoulder down; worn outdoors
n. growth of hair or wool or fur covering the body of an animal
v. put a coat on; cover the surface of; furnish with a surface
v. cover or provide with a coat","n. 外套
vt. 外面覆盖, 给...穿外套",v:19/n:81,3,1,zk gk cet4 ky toefl,2138,2247,coat
involvement,involvement,in'vɔlvmәnt,n. a connection of inclusion or containment,"n. 卷入, 牵连, 包含, 困窘
[经] 财政困难, 经济上的困窘",n:100,3,1,,2139,2311,involvement
partnership,partnership,'pɑ:tnәʃip,"n. the members of a business venture created by contract
n. a cooperative relationship between people or groups who agree to share responsibility for achieving some specific goal
n. a contract between two or more persons who agree to pool talent and money and share profits or losses","n. 合伙, 合股, 合作关系
[经] 合伙(合作)关系, 全体合伙人",n:100,3,1,,2141,2912,partnership
spokesman,spokesman,'spәuksmәn,n. a male spokesperson,"n. 发言人, 代言者",n:100,4,0,cet6 ky ielts,2144,2723,spokesman
communist,communist,'kɒmjunist,"n. a member of the communist party
n. a socialist who advocates communism
a. relating to or marked by communism","n. 共产主义者, 共产党员
[法] 共产主义的, 共产党的",j:75/n:25,4,0,gk cet4 cet6,2146,5543,communist
pollution,pollution,pә'lu:ʃәn,n. undesirable state of the natural environment being contaminated with harmful substances as a consequence of human activities,"n. 污染, 玷污
[化] 污染",n:100,3,1,gk cet4 cet6 ky toefl ielts,2147,2913,pollution
constitution,constitution,.kɒnsti'tju:ʃәn,"n. the act of forming or establishing something
n. the way in which someone or something is composed
n. a United States 44-gun frigate that was one of the first three naval ships built by the United States; it won brilliant victories over British frigates during the War of 1812 and is without doubt the most famous ship in the history of the United States Navy; it has been rebuilt and is anchored in the Charlestown Navy Yard in Boston","n. 构成, 宪法, 体格
[医] 体质; 结构, 组织",n:100,3,0,gk cet4 cet6 ky toefl ielts gre,2148,3917,constitution
implement,implement,'implimәnt,"n. instrumentation (a piece of equipment or tool) used to effect an end
v. apply in a manner consistent with its purpose or design","n. 工具, 器具, 手段
vt. 实现, 使生效, 执行",n:5/v:95,3,0,cet4 cet6 ky toefl ielts gre,2149,2285,implement
gene,gene,dʒi:n,n. (genetics) a segment of DNA that is involved in producing a polypeptide chain; it can include regions preceding and following the coding DNA as well as introns between the exons; it is considered a unit of heredity,"n. 基因
[化] 基因(遗传因子)",n:100,3,0,cet4 ky ielts gre,2150,2287,gene
unusual,unusual,.ʌn'ju:ʒu:l,"a. not usual or common or ordinary
s. not commonly encountered","a. 不寻常的, 罕见的, 与众不同的",j:100,3,1,gk cet4 cet6 ky ielts,2152,2037,unusual
except,except,ik'sept,"v take exception to
v prevent from being included or considered or accepted","vt. 除, 除外
vi. 反对
prep. 除了...之外, 若不是, 除非
conj. 只是",i:50/c:48/v:2,4,1,zk gk,2154,1836,except
suspect,suspect,sә'spekt,"n. someone who is under suspicion
v. imagine to be the case or true or probable
v. hold in suspicion; believe to be guilty","n. 被怀疑者, 嫌疑犯
a. 令人怀疑的, 不可信的, 可疑的
v. 怀疑, 猜想",n:38/j:2/v:60,4,1,gk cet4 cet6 ky toefl ielts gre,2155,2100,suspect
mix,mix,miks,"n. a commercially prepared mixture of dry ingredients
n. an event that combines things in a mixture
n. the act of mixing together
v. combine (electronic signals)","n. 混合物, 混乱, 糊涂
vt. 使混合, 弄混, 使结合, 混淆
vi. 相混合, 交往, 参与",n:36/v:64,4,1,gk cet4 ky,2156,1759,mix
anywhere,anywhere,'enihwєә,r. at or in or to any place; (`anyplace' is used informally for `anywhere'),adv. 无论何处,r:100,3,1,zk gk cet4 ky,2157,1879,anywhere
inch,inch,intʃ,n. a unit of length equal to one twelfth of a foot,"n. 英寸, 身高, 小岛
vi. 慢慢前进, 慢慢移动
vt. 使缓慢地移动",v:100,3,1,zk gk cet4 cet6 ky gre,2158,8178,inch
depth,depth,depθ,"n. the extent downward or backward or inward
n. degree of psychological or intellectual profundity
n. (usually plural) the deepest and most remote part
n. (usually plural) a low moral state","n. 深度, 深处, 深奥
[计] 深度",n:100,3,1,gk cet4 cet6 ky ielts,2159,2555,depth
tough,tough,tʌf,"a. not given to gentleness or sentimentality
a. physically toughened
a. resistant to cutting or chewing","n. 恶棍
a. 强硬的, 艰苦的, 坚固的, 坚韧的, 粗暴的, 咬不动的",j:98/n:2,4,1,gk cet4 cet6 ky toefl ielts,2160,1012,tough
frame,frame,freim,"n. the framework for a pair of eyeglasses
n. a single one of a series of still transparent pictures forming a cinema, television or video film
n. a single drawing in a comic_strip
n. an application that divides the user's display into two or more windows that can be scrolled independently","n. 框, 结构, 体格
vt. 构成, 设计, 制定, 使适合, 陷害
[计] 框架, 图文框, 帧",v:27/n:73,3,1,cet4 cet6 ky toefl,2161,1833,frame
assist,assist,ә'sist,"n. (sports) the act of enabling another player to make a good play
v. act as an assistant in a subordinate or supportive function","n. 帮助, 协助
vt. 帮助, 促进
vi. 协助, 参加",n:4/v:96,3,1,gk cet4 cet6 ky toefl,2162,2475,assist
ice,ice,ais,"n. water frozen in the solid state
n. the frozen part of a body of water
n. diamonds
n. a frozen dessert with fruit flavoring (especially one containing no milk)","n. 冰, 冰淇淋, 糖衣, 冷若冰霜, 矜持, 贿赂
vt. 使结冰, 冰镇, 覆以糖衣
vi. 结冰",v:2/n:98,4,1,zk gk ielts,2164,1230,ice
port,port,pɒ:t,"n. a place (seaport or airport) where people and merchandise can enter or leave a country
n. sweet dark-red dessert wine originally from Portugal
n. an opening (in a wall or ship or armored vehicle) for firing through
v. put or turn on the left side, of a ship","n. 港口, 埠, 舱门, 避风港, 左舷, 炮眼, 姿势, 意义
vt. 左转舵, 持(枪)
vi. 左转舵
[计] 端口, 移植",v:1/n:99,3,1,gk cet4 cet6 ky ielts,2165,2717,port
command,command,kә'mɑ:nd,"n. an authoritative direction or instruction to do something
n. a military unit or region under the control of a single officer
n. the power or authority to command
n. availability for use","n. 命令, 指挥, 控制, 部队, 司令部
v. 命令, 指挥, 控制
[计] 命令; 指令; DOS外部命令:启动新的命令处理器",v:33/n:67,3,1,gk cet4 cet6 ky,2166,2378,command
dear,dear,'diә,"s. with or in a close or intimate relationship
s. earnest","n. 亲爱的人
a. 亲爱的, 昂贵的, 严重的, 急迫的
interj. 啊
adv. 深爱地, 高价地",r:3/j:59/u:24/n:14,3,1,zk gk,2167,3337,dear
delivery,delivery,di'livәri,"n. the act of delivering or distributing something (as goods or mail)
n. the event of giving birth
n. the voluntary transfer of something (title or possession) from one party to another
n. the act of delivering a child","n. 递送, 交付, 分娩, 交货, 引渡
[化] 交货额",n:100,3,1,cet4 cet6 ky ielts,2169,2804,delivery
string,string,striŋ,"n. a lightweight cord
n. a tightly stretched cord of wire or gut, which makes sound when plucked, struck, or bowed
n. a sequentially ordered set of things or events or ideas in which each successive member is related to the preceding
n. a linear sequence of symbols (characters or words or phrases)","n. 线, 细绳, 一串, 字符串
vt. 串起, 成串, 收紧, 缚, 扎
vi. 成一串
[计] 字符串, 串",v:17/n:83,3,1,gk cet4 cet6 ky toefl ielts,2170,2671,string
yellow,yellow,'jelәu,"n. yellow color or pigment; the chromatic color resembling the hue of sunflowers or ripe lemons
v. turn yellow
s. of the color intermediate between green and orange in the color spectrum; of something resembling the color of an egg yolk
s. changed to a yellowish color by age","n. 黄色
a. 黄色的",j:92/v:1/n:7,3,1,zk gk ielts,2173,1665,yellow
resolve,resolve,ri'zɒlv,"v. make clearly visible
v. find the solution","vi. 决定, 分解, 决心
vt. 使分解, 解析, 解决, 消除, 决心
n. 决定之事, 决心, 坚决",n:12/v:88,3,1,cet4 cet6 ky toefl ielts,2174,2242,resolve
wheel,wheel,hwi:l,"n. a simple machine consisting of a circular frame with spokes (or a solid disc) that can rotate on a shaft or axle (as in vehicles or other machines)
n. forces that provide energy and direction
n. a circular helm to control the rudder of a vessel
v. change directions as if revolving on a pivot","n. 轮子, 车轮, 轮, 方向盘, 旋转, 机构, 重要人物
vt. 使旋转, 转动, 使转向
vi. 旋转, 转弯, 盘旋",v:16/n:84,3,1,zk gk cet4 cet6 ky ielts,2175,1999,wheel
boot,boot,bu:t,"n. footwear that covers the whole foot and lower leg
n. British term for the luggage compartment in a car
n. protective casing for something that resembles a leg
n. an instrument of torture that is used to heat or crush the foot and leg","n. 长靴, 踢, 解雇, 效用
vt. 使穿靴, 踢, 解雇, 有用
[计] 引导, 自举",v:11/n:89,3,1,gk cet4 ky ielts,2176,2347,boot
wake,wake,weik,"n. the wave that spreads behind a boat as it moves forward
n. a vigil held over a corpse the night before burial
v. be awake, be alert, be there
v. make aware of","vt. 叫醒, 激发
vi. 醒来, 醒着, 觉醒, 活跃起来
n. 守侯, 守夜, 尾迹, 痕迹",n:24/v:76,3,1,zk gk,2178,1764,wake
poem,poem,'pәuim,n. a composition written in metrical feet forming rhythmical lines,"n. 诗, 诗般美的事物",n:100,3,1,zk gk cet4 cet6 ky,2181,2494,poem
extensive,extensive,ik'stensiv,"s. large in spatial extent or range or scope or quantity
a. of agriculture; increasing productivity by using large areas with minimal outlay and labor","a. 广的, 广泛的, 多方面的
[经] 广大的, 扩大的",j:100,3,1,cet4 cet6 ky toefl ielts,2184,2845,extensive
glad,glad,glæd,"a. showing or causing joy and pleasure; especially made happy
s. eagerly disposed to act or to be of service
s. feeling happy appreciation","a. 高兴的, 喜欢的, 情愿的",j:100,3,1,zk gk,2185,2269,glad
remaining,remaining,,"v stay the same; remain in a certain state
v continue in a place, position, or situation
v be left; of persons, questions, problems, results, evidence, etc.
v stay behind
s not used up",[电] 剩余的,j:100,3,1,toefl,2187,2155,remaining
agricultural,agricultural,.ægri'kʌltʃәrәl,a. relating to or used in or promoting agriculture or farming,"a. 农业的
[法] 农业的, 耕作的",j:100,3,0,gk,2188,3104,agricultural
net,net,net,"n. a trap made of netting to catch fish or birds or insects
n. a goal lined with netting (as in soccer or hockey)
n. game equipment consisting of a strip of netting dividing the playing area in tennis or badminton
n. an open fabric of string or rope or wire woven together at regular intervals","n. 网, 网状物, 罗网, 净利, 净价
a. 净的, 最终的
vt. 用网捕, 撒网, 净赚, 得到
vi. 编网
[计] 网络, 网络分析程序",j:41/v:7/n:52,3,1,gk cet4 cet6 ky toefl,2189,2884,net
decline,decline,di'klain,"n. change toward something smaller or lower
n. a condition inferior to an earlier condition; a gradual falling off from a better state
v. grow smaller
v. go down","n. 衰退, 跌落, 下降
vt. 使降低, 婉谢
vi. 下降, 衰落, 偏斜",n:40/v:60,4,1,gk cet4 cet6 ky toefl ielts gre,2190,2000,decline
regime,regime,rei'ʒi:m,"n the organization that is the governing authority of a political unit
n (medicine) a systematic plan for therapy (often including diet)","n. 政权, 当权期间, 政体, 社会制度, 体制, 情态
[医] 制度, 生活制度",n:100,3,0,cet6 ky toefl ielts gre,2191,1848,regime
glance,glance,'glɑ:ns,"n. a quick look
v. throw a glance at; take a brief look at
v. hit at an angle","n. 一瞥, 闪光, 掠过, 辉矿类
vi. 扫视, 闪光, 掠过, 提到, 略说
vt. 扫视, 反射, 使掠过",n:34/v:66,3,0,gk cet4 cet6 ky gre,2192,2417,glance
protein,protein,'prәuti:in,n. any of a large group of nitrogenous organic compounds that are essential constituents of living cells; consist of polymers of amino acids; essential in the diet of animals for growth and for repair of tissues; can be obtained from meat and eggs and milk and legumes,"n. 蛋白质
a. 蛋白质的",n:100,3,0,cet4 cet6 ky toefl ielts,2193,2523,protein
unlike,unlike,.ʌn'laik,"a. marked by dissimilarity
a. not equal in amount","a. 不像的, 不同的
prep. 不像, 和...不同",i:62/j:38,3,1,gk cet4 cet6 ky,2194,2468,unlike
comfortable,comfortable,'kʌmfәtәbl,"a. providing or experiencing physical well-being or relief (`comfy' is informal)
a. free from stress or conducive to mental ease; having or affording peace of mind
s. more than adequate
s. sufficient to provide comfort","a. 舒服的, 轻松的
n. 盖被",j:100,3,1,zk gk cet4 cet6 ky ielts,2195,1701,comfortable
efficient,efficient,i'fiʃәnt,a. being effective without wasting time or effort or expense,"a. 有效率的, 能干的",j:100,3,1,cet4 cet6 ky toefl ielts,2196,2998,efficient
healthy,healthy,'helθi,"a. having or indicating good health in body or mind; free from infirmity or disease
s. financially secure and functioning well
s. promoting health; healthful
s. exercising or showing good judgment","a. 健康的, 有益健康的, 卫生的
[医] 健康的",j:100,3,1,zk gk,2199,1468,healthy
cycle,cycle,'saikl,"n. an interval during which a recurring sequence of events occurs
n. a series of poems or songs on the same theme
n. a periodically repeated sequence of events
n. a single complete execution of a periodically repeated phenomenon","n. 周期, 循环, 自行车, 一段时间, 整套
vi. 循环, 轮转, 骑自行车
vt. 使循环, 使轮转
[计] 环路; 周期; 循环",v:9/n:91,3,1,gk cet4 cet6 ky ielts,2200,2220,cycle
crew,crew,kru:,"n. the men and women who man a vehicle (ship, aircraft, etc.)
n. the team of men manning a racing shell
v. serve as a crew member on","n. 全体人员, 一群人, 全体队员
crow的过去式",v:1/n:99,3,0,gk cet4 cet6 ky toefl,2202,1706,crew
reckon,reckon,'rekәn,v. take account of,"vt. 计算, 总计, 估计, 认为, 猜想
vi. 数, 计算, 估计, 依赖, 料想",v:100,3,1,cet6 ky toefl ielts gre,2203,8525,reckon
governor,governor,'gʌvәnә,"n. the head of a state government
n. a control that maintains a steady speed in a machine (as by controlling the supply of fuel)","n. (美)州长, (英)总督, 统治者, 管理者, 理事
[医] 节制器, 调节器",n:100,4,1,cet4 cet6 ky toefl,2204,1811,governor
hat,hat,hæt,"n. headdress that protects the head from bad weather; has shaped crown and usually a brim
n. an informal term for a person's role
v. put on or wear a hat
v. furnish with a hat","n. 帽子
vt. 给...戴帽子",n:100,3,1,zk gk ielts,2209,2015,hat
tired,tired,taiәd,a. depleted of strength or energy,"a. 疲累的, 疲乏的, 厌倦的",j:100,3,1,zk gk,2210,1959,tired
profession,profession,prә'feʃәn,"n. the body of people in a learned occupation
n. an occupation requiring special education (especially in the liberal arts or sciences)
n. an open avowal (true or false) of some belief or opinion
n. affirmation of acceptance of some religion or faith","n. 职业, 表白, 声明
[化] 工种; 职业",n:100,3,1,gk cet4 cet6 ky toefl ielts,2211,2886,profession
load,load,lәud,"n. weight to be borne or conveyed
n. a quantity that can be processed or transported at one time
n. an amount of alcohol sufficient to intoxicate
n. the power output of a generator or power plant","n. 负荷, 担子, 重担, 装载量, 负载, 工作量, 加载
vt. 装载, 装填, 使担负
vi. 装货, 上客, 装料
[计] 加载, 装入程序",v:50/n:50,3,1,gk cet4 cet6 ky toefl,2212,2901,load
chest,chest,tʃest,n. box with a lid; used for storage; usually large and sturdy,"n. 胸, 胸部, 衣柜, 箱子
[医] 胸, 胸廓",n:100,3,1,zk gk cet4 cet6 ky toefl ielts,2213,1717,chest
restore,restore,ri'stɒ:,"v. return to its original or usable and functioning condition
v. give or bring back
v. bring back into original existence, use, function, or position","vt. 回复, 恢复, 归还, 修补, 修复
vt. 还原
vi. 还原
[计] 还原; DOS外部命令:从备份盘中取回文件",v:100,3,1,cet4 cet6 ky toefl ielts gre,2217,2543,restore
guess,guess,ges,"n. a message expressing an opinion based on incomplete evidence
n. an estimate based on little or no information
v. put forward, of a guess, in spite of possible refutation
v. guess correctly; solve by guessing","n. 猜测, 臆测
v. 猜测, 臆测",n:9/v:91,4,1,zk gk,2218,862,guess
approval,approval,ә'pru:vl,"n. a feeling of liking something or someone good
n. acceptance as satisfactory
n. a message expressing a favorable opinion","n. 赞成, 批准
[化] 核准",n:100,3,1,cet4 cet6 ky toefl ielts,2223,2549,approval
cottage,cottage,'kɒtidʒ,n a small house with a single story,"n. 小屋, 茅舍",n:100,3,1,gk cet4 cet6 ky ielts,2224,4765,cottage
principal,principal,'prinsipәl,"n. the original amount of a debt on which interest is calculated
n. the educator who has executive authority for a school
n. capital as contrasted with the income derived from it
n. (criminal law) any person involved in a criminal offense, regardless of whether the person profits from such involvement","n. 校长, 首长, 本金, 主犯, 资本, 委托人
a. 主要的, 最重要的, 首要的",j:49/n:51,3,0,cet4 cet6 ky toefl ielts gre,2225,3124,principal
boss,boss,bɒs,"n. a person responsible for hiring workers
n. a person who exercises control and makes decisions
s. exceptionally good","n. 老板, 上司, 岩瘤, 浮雕, 母牛
vt. 指挥, 控制, 浮雕",v:3/n:97,4,1,zk gk cet4 ky,2227,2324,boss
protest,protest,prә'test,"n. a formal and solemn declaration of objection
n. the act of protesting; a public (often organized) manifestation of dissent
n. the act of making a strong public expression of disagreement and disapproval
v. utter words of protest","n. 抗议, 反对, 抗议书, 断言
v. 反对, 抗议, 断言",v:42/n:58,4,1,cet4 cet6 ky toefl ielts gre,2229,2835,protest
export,export,ik'spɒ:t,"n. commodities (goods or services) sold to a foreign country
v. sell or transfer abroad
v. transfer (electronic data) out of a database or document in a format that can be used by other programs
v. cause to spread in another part of the world","n. 输出品, 输出
vt. 输出, 出口
vi. 输出物资
[计] 导出",v:34/n:66,4,1,gk cet4 ky ielts,2231,3456,export
willing,willing,'wiliŋ,a. disposed or inclined toward,"a. 乐意的, 自愿的, 甘愿的",j:100,4,1,gk cet4 cet6 ky,2233,1274,willing
mostly,mostly,'mәustli,"r in large part; mainly or chiefly
r usually; as a rule","adv. 大概, 大部分, 主要
[经] 大部份",r:100,3,1,cet4 cet6 ky toefl,2234,1324,mostly
reputation,reputation,.repju'teiʃәn,"n. notoriety for some particular characteristic
n. the general estimation that the public has for a person","n. 名誉, 名声, 声望
[法] 名声, 名誉, 公认证据",n:100,3,1,gk cet4 cet6 ky toefl ielts gre,2235,2411,reputation
valuable,valuable,'væljuәbl,"n. something of value
a. having great material or monetary value especially for use or exchange
s. having worth or merit or value","a. 有价值的, 贵重的, 宝贵的, 可估价的
[经] 有价值的, 可估价的, 贵重的",j:100,3,1,gk cet4 cet6 ky,2236,2605,valuable
slight,slight,slait,"v. pay no attention to, disrespect","n. 轻蔑, 怠慢
a. 轻微的, 纤细的, 脆弱的, 苗条的
vt. 轻视, 忽略, 怠慢",j:94/v:3/n:3,3,1,gk cet4 cet6 ky toefl ielts gre,2237,2982,slight
habit,habit,'hæbit,"n. an established custom
n. (psychology) an automatic pattern of behavior in reaction to a specific situation; may be inherited or acquired through frequent repetition
n. a distinctive attire worn by a member of a religious order
n. the general form or mode of growth (especially of a plant or crystal)","n. 习惯, 嗜好, 习性
vt. 使穿衣",n:100,3,1,zk gk cet4 cet6 ky ielts,2239,2308,habit
golden,golden,'gәuldn,"s. marked by peace and prosperity
s. suggestive of gold
s. presaging or likely to bring good luck","a. 金的, 含金的, 金色的, 贵重的, 繁盛的
[法] 金制的, 金色的, 兴隆的",j:100,3,0,zk gk cet4 cet6 ky,2240,1821,golden
friendly,friendly,'frendli,"n. troops belonging to or allied with your own military forces
a. characteristic of or befitting a friend
s. inclined to help or support; not antagonistic or hostile
a. easy to understand or use","a. 友好的, 亲切的, 互助的
adv. 友善地, 温和地",j:96/n:4,3,1,zk gk,2241,2760,friendly
dramatic,dramatic,drә'mætik,"a. suitable to or characteristic of drama
s. sensational in appearance or thrilling in effect
a. pertaining to or characteristic of drama
a. used of a singer or singing voice that is marked by power and expressiveness and a histrionic or theatrical style","a. 戏剧性的, 生动的",j:100,4,1,cet4 cet6 ky toefl ielts,2242,2119,dramatic
abroad,abroad,ә'brɒ:d,"s. in a foreign country
r. to or in a foreign country","adv. 往国外, 到室外, 到处
a. 往国外的, 在室外的, 广泛四散的",r:100,3,1,zk gk toefl,2243,3363,abroad
silver,silver,'silvә,"n. a soft white precious univalent metallic element having the highest electrical and thermal conductivity of any metal; occurs in argentite and in free form; used in coins and jewelry and tableware and photography
n. coins made of silver
v. coat with a layer of silver or a silver amalgam
v. make silver in color","n. 银, 银币, 银器
a. 银的, 银制的, 银器的
vt. 镀银
vi. 变银白色",j:7/v:1/n:92,3,1,zk gk cet4 cet6 ky toefl ielts,2244,2439,silver
convert,convert,kәn'vә:t,"n. a person who has been converted to another religious or political belief
v. change from one system to another or to a new plan or policy
v. change the nature, purpose, or function of something
v. change religious beliefs, or adopt a religious belief","n. 皈依者, 改变宗教信仰者
vt. 使改变信仰, 转换, 兑换, 倒置
vi. 皈依
[计] 转换",n:13/v:87,3,1,cet4 cet6 ky toefl ielts gre,2245,2895,convert
camera,camera,'kæmәrә,n. equipment for taking photographs (usually consisting of a lightproof box with a lens at one end and light-sensitive film at the other),"n. 照相机, 摄影机, 密谈室, 暗箱
[计] 摄影",n:100,4,1,zk gk cet4 cet6 ky ielts,2246,949,camera
guard,guard,gɑ:d,"n. a person who keeps watch over something or someone
n. the person who plays that position on a football team
n. a device designed to prevent injury or accidents
n. a posture of defence in boxing or fencing","n. 守卫者, 警戒, 护卫队, 防护装置
vt. 保卫, 看守, 当心
vi. 防止, 警惕, 警卫, 看守",v:21/n:79,4,1,zk gk cet4 cet6 ky,2247,1284,guard
layer,layer,'leiә,"n. single thickness of usually some homogeneous substance
n. a relatively thin sheetlike expanse or region lying over or under another
n. a hen that lays eggs
n. thin structure composed of a single thickness of cells","n. 层, 产卵鸡, 放置者
vt. 分层堆积, 压植
[计] 层",v:6/n:94,3,1,cet4 cet6 ky toefl ielts,2248,2168,layer
countryside,countryside,'kʌntrisaid,n. rural regions,"n. 乡下地方, 乡下居民",n:100,3,1,zk gk ielts,2249,5320,countryside
sudden,sudden,'sʌdn,a. happening without warning or in a short space of time,"n. 突然, 忽然
a. 突然的, 意外的, 快速的",r:32/j:68,3,1,zk gk cet4 cet6 ky,2250,2868,sudden
empire,empire,'empaiә,"n. the domain ruled by an emperor or empress; the region over which imperial dominion is exercised
n. a group of countries under a single authority
n. a monarchy with an emperor as head of state
n. an eating apple that somewhat resembles a McIntosh; used as both an eating and a cooking apple","n. 帝国, 帝权",n:100,3,1,gk cet4 cet6 ky,2251,4218,empire
autumn,autumn,'ɒ:tәm,n the season when the leaves fall from the trees,"n. 秋天, 成熟期",n:100,3,1,zk gk,2252,5010,autumn
conventional,conventional,kәn'venʃәnl,"a. following accepted customs and proprieties
s. conforming with accepted standards
a. (weapons) using energy for propulsion or destruction that is not nuclear energy
a. unimaginative and conformist","a. 传统的, 习惯的, 约定的
[经] 惯例的, 常规的, 传统的",j:100,3,1,gk cet4 cet6 ky toefl gre,2253,2554,conventional
relative,relative,'relәtiv,"n. a person related by blood or marriage
n. an animal or plant that bears a relationship to another (as related by common descent or by membership in the same genus)
a. estimated by comparison; not absolute or complete","n. 亲戚, 关系词
a. 有关系的, 相对的, 比较的",j:44/n:56,3,1,gk cet4 cet6 ky,2255,2428,relative
recovery,recovery,ri'kʌvәri,"n. return to an original state
n. the act of regaining or saving something lost (or in danger of becoming lost)","n. 恢复, 复原, 痊愈, 重获
[计] 恢复",n:100,3,0,cet4 cet6 ky,2256,2443,recovery
purchase,purchase,'pә:tʃәs,"n. the acquisition of something for payment
n. something acquired by purchase
n. a means of exerting influence or gaining advantage","n. 购买, 购买品, 紧握, 绞辘
vt. 购买, 赢得, 努力取得, 用滑轮起(锚等)",n:39/v:61,4,1,gk cet4 cet6 ky toefl gre,2257,2149,purchase
Thursday,thursday,'θә:zdi,n. the fifth day of the week; the fourth working day,n. 星期四,,4,1,zk gk ielts,2258,0,thursday
seventy,seventy,'sevnti,"n. the cardinal number that is the product of ten and seven
s. being ten more than sixty","num. 七十, 七十个",m:100,5,0,zk gk cet4 cet6,2261,7889,seventy
urge,urge,ә:dʒ,"n. an instinctive motive
n. a strong restless desire
v. force or impel in an indicated direction","n. 冲动, 推动力, 迫切的要求
vt. 驱策, 力劝, 竭力主张, 推动
vi. 强烈要求",n:21/v:79,4,1,gk cet4 cet6 ky toefl,2262,2261,urge
voluntary,voluntary,'vɒlәntәri,"n. composition (often improvised) for a solo instrument (especially solo organ) and not a regular part of a religious service or musical performance
a. of your own free will or design; done by choice; not forced or compelled
a. controlled by individual volition","a. 自动的, 自愿的, 故意的, 志愿的, 自发的
n. 自愿行动, 志愿者, 自由调",j:100,3,0,gk cet4 cet6 ky toefl ielts,2263,4701,voluntary
landscape,landscape,'lændskeip,"n. an expanse of scenery that can be seen in a single view
n. painting depicting an expanse of natural scenery
n. a genre of art dealing with the depiction of natural scenery
n. an extensive mental viewpoint","n. 风景, 山水, 风景画
vi. 从事景观美化
vt. 美化...景观
[计] 横向",v:4/n:96,3,1,cet6 toefl ielts,2264,1827,landscape
bomb,bomb,bɒm,n. an explosive device fused to explode under specific conditions,"n. 炸弹
vt. 轰炸, 投弹于
vi. 失败",v:23/n:77,4,1,gk cet4 cet6 ky,2266,1992,bomb
inspector,inspector,in'spektә,n. a high ranking police officer,"n. 检查员, 巡视员
[化] 检查员",n:100,3,0,cet6 toefl,2267,3550,inspector
critic,critic,'kritik,"n. a person who is professionally engaged in the analysis and interpretation of works of art
n. anyone who expresses a reasoned judgment of something
n. someone who frequently finds fault or makes harsh and unfair judgments","n. 批评家, 鉴定家",n:100,4,0,cet4 cet6 ky toefl gre,2271,1355,critic
poll,poll,pәul,"n. an inquiry into public opinion conducted by interviewing a random sample of people
n. the part of the head between the ears
n. a tame parrot
n. the counting of votes (as in an election)","n. 投票, 民意测验, 选举投票, 投票数, 一组人中的一个, 头颈和后脑部, 鹦鹉
vt. 对...进行民意测验, 获得...票, 剪树枝, 轮询
vi. 投票
a. 剪过毛的, 修过枝的
[计] 轮询",v:6/n:94,4,0,cet4 cet6 ky toefl gre,2272,1623,poll
recession,recession,ri'seʃәn,"n. the state of the economy declines; a widespread decline in the GDP and employment and trade lasting from six months to a year
n. the withdrawal of the clergy and choir from the chancel to the vestry at the end of a church service
n. the act of ceding back","n. 后退, 凹处, 衰退, 归还
[医] 退缩",n:100,4,0,cet6 ky toefl ielts gre,2273,3576,recession
agriculture,agriculture,'ægrikʌltʃә,n. the class of people engaged in growing food,"n. 农业
[机] 农业, 农学",n:100,3,0,gk cet4 cet6 ky toefl ielts,2274,4165,agriculture
shareholder,shareholder,'ʃєә.hәuldә,n someone who holds shares of stock in a corporation,"n. 股东
[法] 股东, 股票持有人",n:100,3,0,,2276,4635,shareholder
shortly,shortly,'ʃɒ:tli,"r. for a short time
r. at a short distance","adv. 不久, 简短, 唐突地",r:100,3,1,gk cet4 cet6 ky,2278,2853,shortly
solve,solve,sɒlv,v. find the solution to (a problem or question) or understand the meaning of,"vt. 解决, 付给, 溶解
vt. 求解
vi. 求解
[计] 求解",v:100,3,1,cet4 cet6 ky toefl ielts,2279,1825,solve
keen,keen,ki:n,"n. a funeral lament sung with loud wailing
s. having a sharp cutting edge or point","a. 锋利的, 敏锐的, 强烈的, 敏捷的, 热心的, 渴望的
n. 挽歌, 痛哭
v. 唱挽歌, 痛哭",j:95/v:5,3,1,cet4 cet6 ky toefl ielts,2280,6508,keen
arrival,arrival,ә'raivl,"n. accomplishment of an objective
n. the act of arriving at a certain place
n. someone who arrives (or has arrived)","n. 到达, 抵达, 到达者
[经] 到达, 到达物",n:100,3,1,gk cet4 ky ielts,2281,3194,arrival
steel,steel,sti:l,"n. an alloy of iron with small amounts of carbon; widely used in construction; mechanical properties can be varied over a wide range
n. knife sharpener consisting of a ridged steel rod
v. get ready for something difficult or unpleasant
v. cover, plate, or edge with steel","n. 钢, 钢制品, 钢铁, 坚硬, 坚固
a. 钢的, 钢制的, 钢铁业的, 坚强的
vt. 使坚强, 钢化, 使冷酷",v:2/j:1/n:97,3,1,zk gk cet4 cet6 ky ielts,2282,2152,steel
meat,meat,mi:t,n. the flesh of animals (including fishes and birds and snails) used as food,"n. 肉, 餐, 食物
[经] 肉类",n:100,3,1,zk gk ielts,2283,1788,meat
worried,worried,'wʌrid,"v be worried, concerned, anxious, troubled, or uneasy
v be concerned with
v disturb the peace of mind of; afflict with mental agitation or distress
v be on the mind of
v lacerate by biting
v touch or rub constantly
s afflicted with or marked by anxious uneasiness or trouble or grief
s mentally upset over possible misfortune or danger etc","a. 担心的, 闷闷不乐的",j:100,3,1,gk,2284,3261,worried
specifically,specifically,spi'sifikli,r. in distinction from others,"adv. 特定地, 明确地, 按特性",r:100,3,1,cet6,2285,1958,specifically
self,self,self,"n. your consciousness of your own identity
n. a person considered as a unique individual
a. (used as a combining form) relating to--of or by or to or from or for--the self","n. 自己, 自我, 本性, 本质, 私心, 本人
vt. 使近亲繁殖, 使自花授精
vi. 自花授精
a. 同一的",j:1/n:99,3,1,gk cet4 cet6 ky,2286,2162,self
preserve,preserve,pri'zә:v,"n. a domain that seems to be specially reserved for someone
n. a reservation where animals are protected
v. prevent (food) from rotting
v. keep undisturbed for personal or private use for hunting, shooting, or fishing","vt. 保护, 保持, 保存, 维持, 腌, 禁猎
vi. 加工食品, 禁猎
n. 加工成的食品, 禁猎地, 保护区, 防护物",n:9/v:91,3,1,gk cet4 cet6 ky toefl ielts,2287,2209,preserve
predict,predict,pri'dikt,v. make a prediction about; tell in advance,"v. 预知, 预言, 预报",v:100,3,1,gk cet4 cet6 ky toefl,2288,1613,predict
initially,initially,i'niʃәli,r. at the beginning,"adv. 最初, 开头",r:100,3,1,cet6 toefl,2289,2715,initially
illness,illness,'ilnis,n. impairment of normal physiological function affecting part or all of an organism,"n. 疾病, 恶意
[医] 病",n:100,3,1,zk gk cet4 ky ielts,2290,2303,illness
soul,soul,sәul,"n. the immaterial part of a person; the actuating cause of an individual life
n. deep feeling or emotion
n. the human embodiment of something
n. a secular form of gospel that was a major Black musical genre in the 1960s and 1970s","n. 灵魂, 心灵, 精神, 精髓, 人, 化身, 典型, 鬼魂
a. 黑人的",n:100,3,1,gk cet4 cet6 ky toefl,2291,1604,soul
bread,bread,bred,"n. food made from dough of flour or meal and usually raised with yeast or baking powder and then baked
v. cover with bread crumbs","n. 面包, 生计, 食物
vt. 裹以面包屑",v:1/n:99,3,1,zk gk,2292,2113,bread
sugar,sugar,'ʃugә,"n. a white crystalline carbohydrate used as a sweetener and preservative
v. sweeten with sugar","n. 糖, 糖块, 甜言蜜语
vt. 加糖于, 使甜蜜, 粉饰, 美化
vi. 制成糖",v:1/n:99,3,1,zk gk toefl ielts,2294,1591,sugar
electricity,electricity,.ilek'trisiti,"n. a physical phenomenon associated with stationary or moving electrons and protons
n. energy made available by the flow of electric charge through a conductor
n. keen and shared excitement","n. 电, 电流, 电学, 热情, 电力供应
[化] 电学; 电",n:100,3,1,gk cet4 cet6 ky ielts,2296,2719,electricity
silent,silent,'sailәnt,"s. marked by absence of sound
s. implied by or inferred from actions or statements
s. not made to sound
s. having a frequency below or above the range of human audibility","a. 沉默的, 安静的, 无声的, 静止的
[医] 静止的, 无症状的",j:100,3,1,zk gk cet4 cet6 ky ielts,2297,2160,silent
penalty,penalty,'penәlti,"n. a payment required for not fulfilling a contract
n. the disadvantage or painful consequences of an action or condition
n. (games) a handicap or disadvantage that is imposed on a competitor (or a team) for an infraction of the rules of the game","n. 处罚, 刑罚, 罚款, 罚球, 报应, 不利结果, 妨碍
[经] 罚金(款), 违约金",n:100,3,0,cet6 ky toefl ielts gre,2298,2680,penalty
eleven,eleven,i'levn,"n. the cardinal number that is the sum of ten and one
s. being one more than ten","num. 十一, 十一个",m:100,5,0,zk gk,2299,4273,eleven
beer,beer,biә,n. a general name for alcoholic beverages made by fermenting a cereal (or mixture of cereals) flavored with hops,"n. 啤酒
[化] 啤酒",n:100,3,1,gk,2300,1902,beer
uncle,uncle,ʌŋkl,"n. the brother of your father or mother; the husband of your aunt
n. a source of help and advice and encouragement","n. 叔父, 伯父, 姨丈",n:100,3,1,zk gk,2301,3345,uncle
temporary,temporary,'tempәrәri,"n a worker (especially in an office) hired on a temporary basis
a not permanent; not lasting
s lacking continuity or regularity","a. 暂时的, 临时的
n. 临时工, 临时雇员
[计] 临时",j:99/n:1,3,1,gk cet4 cet6 ky toefl ielts,2302,3150,temporary
perspective,perspective,pә'spektiv,n. the appearance of things relative to one another as determined by their distance from the viewer,"n. 远景, 透视感, (观察问题的)视角, 透视法, 看法, 透视图
a. 透视的, 透视法的
[计] 透视",n:100,3,0,cet4 cet6 ky toefl ielts gre,2305,1412,perspective
drama,drama,'drɑ:mә,"n. an episode that is turbulent or highly emotional
n. the literary genre of works intended for the theater
n. the quality of being arresting or highly emotional","n. 戏剧, 戏剧艺术",n:100,3,1,cet4 cet6 ky toefl ielts,2308,2631,drama
cake,cake,keik,"n. a block of solid substance (such as soap or wax)
n. baked goods made from or based on a mixture of flour, sugar, eggs, and fat","n. 蛋糕, 块, 饼
vt. 使结块, 加块状物于
vi. 结块",v:4/n:96,3,1,zk gk cet4 ky,2309,2540,cake
wealth,wealth,welθ,"n. the state of being rich and affluent; having a plentiful supply of material goods and money
n. the quality of profuse abundance
n. an abundance of material possessions and resources
n. property that has economic utility: a monetary value or an exchange value","n. 财富, 资源, 财产, 丰富, 富裕, 大量
[经] 财富",n:100,3,1,zk gk cet4 cet6 ky ielts,2310,2559,wealth
resistance,resistance,ri'zistәns,"n. the action of opposing something that you disapprove or disagree with
n. any mechanical force that tends to retard or oppose motion
n. the military action of resisting the enemy's advance
n. the capacity of an organism to defend itself against harmful environmental agents","n. 抵抗力, 反抗, 耐力, 阻力, 电阻
[化] 抵抗; 抗性; 阻力; 抗药性; 电阻",n:100,3,1,cet4 cet6 ky toefl ielts,2311,2226,resistance
peak,peak,pi:k,n. the top or extreme point of something (usually a mountain or hill),"n. 山峰, 巅, 山顶, 顶点, 尖峰, 帽舌
a. 最高的, 最大值的
vi. 到达最高点, 消瘦, 变憔悴, 逐渐缩小
vt. 使竖起, 使达到最高点",v:15/n:85,3,1,cet4 cet6 ky toefl gre,2312,2364,peak
muscle,muscle,'mʌsl,"n. one of the contractile organs of the body
n. animal tissue consisting predominantly of contractile cells
n. authority or power or force (especially when used in a coercive way)
v. make one's way by force","n. 肌肉, 臂力
[医] 肌",v:3/n:97,3,1,cet4 cet6 ky gre,2314,1713,muscle
pale,pale,peil,"v. turn pale, as if in fear
s. very light colored; highly diluted with white
s. (of light) lacking in intensity or brightness; dim or feeble
s. lacking in vitality or interest or effectiveness","n. 栅栏, 界线, 范围
a. 苍白的, 暗淡的, 无力的
vi. 变苍白, 变暗, 失色
vt. 使变苍白, 使失色, 用栅栏围",j:94/v:6,3,1,zk gk cet4 cet6 ky toefl,2315,2935,pale
laboratory,laboratory,'læbrәtәri,"n a workplace for the conduct of scientific research
n a region resembling a laboratory inasmuch as it offers opportunities for observation and practice and experimentation","n. 实验室, 研究室, 化工厂
[医] 实验室, 检验室, 化验室",n:100,3,1,zk cet4 cet6 toefl ielts,2316,3132,laboratory
judgment,judgment,'dʒʌdʒmәnt,"n. an opinion formed by judging something
n. the act of judging or assessing a person or situation or event
n. (law) the determination by a court of competent jurisdiction on matters submitted to it
n. the cognitive process of reaching a decision or drawing conclusions","n. 裁判, 宣告, 判决书
[医] 判断",n:100,3,0,,2317,1900,judgment
hello,hello,hә'lәu,n. an expression of greeting,"interj. 喂, 嘿",u:97/n:3,3,1,zk gk,2319,2238,hello
federal,federal,'fedәrәl,"n. a member of the Union Army during the American Civil War
n. any federal law-enforcement officer
s. national; especially in reference to the government of the United States as distinct from that of its member units
a. of or relating to the central government of a federation","a. 联邦的, 联合的, 同盟的
[法] 联邦的, 联邦制的, 联盟的",j:99/n:1,4,1,cet4 cet6 ky toefl,2320,493,federal
shift,shift,ʃift,"n. an event in which something is displaced without rotation
n. the time period during which you are at work
n. the act of moving from one place to another
n. a crew of workers who work for a specific period of time","n. 变化, 移动, 轮班, 手段, 应急办法, 移位
vt. 替换, 转移, 改变, 推卸, 变速
vi. 转换, 移动, 转变, 推托, 变速
[计] DOS内部命令:该命令可将批处理参数向左移动一个位置",n:42/v:58,3,1,cet4 cet6 ky toefl ielts,2322,1680,shift
owe,owe,әu,"v. be obliged to pay or repay
v. be indebted to, in an abstract or intellectual sense
v. be in debt","vt. 亏欠, 负...债, 归功于, 怀有, 应给予, 感恩
vi. 欠钱",v:100,3,1,gk cet4 cet6 ky ielts,2323,2979,owe
mood,mood,mu:d,n. verb inflections that express how the action or state is conceived by the speaker,"n. 心情, 气氛, 生气, 基调
[医] 心境",n:100,3,1,cet4 cet6 ky toefl ielts,2324,2344,mood
personality,personality,.pә:sә'næliti,"n. the complex of all the attributes--behavioral, temperamental, emotional and mental--that characterize a unique individual
n. a person of considerable prominence","n. 个性, 人格, (团体、地方、国家)特有特性, 名人
[医] 人格; 个性",n:100,3,1,cet4 cet6 ky toefl ielts,2326,2076,personality
cast,cast,kɑ:st. kæst,"n. the actors in a play
n. the distinctive form in which a thing is made
n. bandage consisting of a firm covering (often made of plaster of Paris) that immobilizes broken bones while they heal
n. object formed by a mold","n. 演员阵容, 投掷, 铸件, 预测, 特性
vt. 投, 掷, 抛, 脱落, 铸, 使弯曲, 计算
vi. 投, 计算, 浇铸成型",n:24/j:7/v:69,4,1,gk cet4 cet6 ky toefl ielts gre,2328,2035,cast
invest,invest,in'vest,"v. make an investment
v. furnish with power or authority; of kings or emperors
v. provide with power and authority","vt. 投资, 花费, 笼罩, 授予
vi. 投资, 利用",v:100,3,1,cet4 cet6 ky ielts,2329,2001,invest
bay,bay,bei,"n. an indentation of a shoreline larger than a cove but smaller than a gulf
n. the sound of a hound on the scent
n. a compartment on a ship between decks; often used as a hospital
n. a compartment in an aircraft used for some specific purpose","n. 海湾, 狗吠声, 月桂
vt. 吠, 使走投无路
vi. 吠",v:3/j:2/n:95,3,1,gk cet4 cet6 ky toefl ielts,2330,23460,bay
pour,pour,pɒ:,"v. cause to run
v. move in large numbers
v. flow in a spurt
v. supply in large amounts or quantities","n. 流出, 倾泻, 骤雨
vt. 倒, 灌, 注, 倾泻, 诉说, 倾吐
vi. 倾泻, 蜂涌而来, 下大雨",v:100,3,1,gk cet4 cet6 ky ielts,2331,1898,pour
lock,lock,lɒk,"n. a fastener fitted to a door or drawer to keep it firmly closed
n. a strand or cluster of hair
n. a mechanism that detonates the charge of a gun
n. enclosure consisting of a section of canal that can be closed to control the water level; used to raise or lower vessels that pass through it","n. 锁, 刹车, 水闸, 一缕头发
vt. 锁, 锁上, 拘禁, 隐藏, (用锁等)拴住, 刹住
vi. 锁住, (齿轮等)啮合, (船)过闸",n:33/v:67,3,1,zk gk cet4 ky ielts,2332,2221,lock
cloud,cloud,klaud,"n. any collection of particles (e.g., smoke or dust) or gases that is visible
n. a visible mass of water or ice particles suspended at a considerable altitude
n. out of touch with reality
n. a cause of worry or gloom or trouble","n. 云, 阴暗, 烟雾, 疑团
vt. 以云遮敝, 笼罩, 使黯然
vi. 乌云密布, 阴沉",v:7/n:93,3,1,zk gk,2333,1914,cloud
zone,zone,zәun,"n. a locally circumscribed place characterized by some distinctive features
n. any of the regions of the surface of the Earth loosely divided according to latitude or longitude
n. an area or region distinguished from adjacent parts by a distinctive feature or characteristic
n. (anatomy) any encircling or beltlike structure","n. 地带, 带, 地区
vt. 环绕, 使分成地带
vi. 分成区
[计] 卡片顶部的三行区; 区; 区域",n:100,3,1,gk cet4 cet6 ky toefl gre,2336,1763,zone
cook,cook,kuk,"n. someone who cooks food
n. English navigator who claimed the east coast of Australia for Britain and discovered several Pacific islands (1728-1779)
v. prepare a hot meal
v. prepare for eating by applying heat","n. 厨子, 厨师
vt. 烹调, 煮饭, 加热
vi. 在煮着",n:20/v:80,4,1,zk gk,2338,1419,cook
dollar,dollar,'dɒlә,"n. the basic monetary unit in many countries; equal to 100 cents
n. a piece of paper money worth one dollar
n. a United States coin worth one dollar
n. a symbol of commercialism or greed","n. 美元, 元(加、澳等国货币单位)
[经] 纯经济的, 美元, 元",,5,1,zk gk,2340,0,dollar
symptom,symptom,'simptәm,"n. (medicine) any sensation or change in bodily function that is experienced by a patient and is associated with a particular disease
n. anything that accompanies X and is regarded as an indication of X's existence","n. 症状, 征候, 征兆
[医] 症状",n:100,3,0,gk cet6 ky toefl ielts,2342,2249,symptom
wet,wet,wet,"v. cause to become wet
v. make one's bed or clothes wet by urinating
a. covered or soaked with a liquid such as water
a. containing moisture or volatile components","n. 湿气, 潮湿, 水分, 雨天
a. 湿的, 潮的, 搞错的, 下雨的, 反对禁酒的
vi. 变湿
vt. 使...湿",n:1/j:84/v:15,3,1,zk gk,2343,2471,wet
dance,dance,dæns. dɑ:ns,"n. an artistic form of nonverbal communication
n. a party of people assembled for dancing
n. a party for social dancing
v. move in a graceful and rhythmical way","n. 跳舞, 舞蹈, 舞会
v. 跳舞",v:46/n:54,4,1,zk gk,2345,1671,dance
angle,angle,'æŋgl,"n. the space between two lines or planes that intersect; the inclination of one line to another; measured in degrees or radians
n. a member of a Germanic people who conquered England and merged with the Saxons and Jutes to become Anglo-Saxons
v. move or proceed at an angle
v. fish with a hook","n. 角, 角度, 角落
vi. 钓鱼, 谋取, 博取, 斜向移动, 转变角度
vt. 使转动角度, 在...钓鱼, 获取",v:12/n:88,3,1,gk cet4 ky toefl,2346,2989,angle
coach,coach,kәutʃ,"n. (sports) someone in charge of training an athlete or a team
n. a person who gives private instruction (as in singing, acting, etc.)
n. a carriage pulled by four horses with one driver
v. teach and supervise (someone); act as a trainer or coach (to), as in sports","n. 四轮大马车, 教练
vt. 训练, 指导
vi. 坐马车旅行, 作指导",v:29/n:71,4,1,zk gk cet4 cet6 ky toefl ielts,2347,1033,coach
Tuesday,tuesday,'tju:zdi,n. the third day of the week; the second working day,n. 星期二,,4,1,zk gk ielts,2348,0,tuesday
philosophy,philosophy,fi'lɒsәfi,"n. the rational investigation of questions about existence and knowledge and ethics
n. any personal belief about how to live or how to deal with a situation","n. 哲学, 人生观, 哲学思想, 哲理, 基本原理, 见解, 达观, 沉着",n:100,3,1,cet4 cet6 ky toefl,2351,2252,philosophy
abuse,abuse,ә'bju:s.ә'bju:z,"n. a rude expression intended to offend or hurt
v. use foul or abusive language towards
v. use wrongly or improperly or excessively","n. 滥用, 虐待, 恶习, 辱骂
vt. 滥用, 辱骂, 虐待",v:24/n:76,4,1,gk cet4 cet6 ky toefl ielts gre,2352,1540,abuse
alliance,alliance,ә'laiәns,"n. the state of being allied or confederated
n. a connection based on kinship or marriage or common interest
n. an organization of people (or countries) involved in a pact or treaty
n. a formal agreement establishing an association or alliance between nations or other groups to achieve a particular aim","n. 联盟, 联合
[法] 同盟, 联盟, 联姻",n:100,3,0,cet6 ky toefl ielts,2354,3376,alliance
armed,armed,ɑ:md,"a. (used of persons or the military) characterized by having or bearing arms
a. having arms or arms as specified; used especially in combination
a. (used of plants and animals) furnished with bristles and thorns","a. 有扶手的, 武装的, 有防卫器官的
[法] 武装的, 持械的, ""F带武器的",j:100,4,1,,2355,2580,armed
bid,bid,bid,"n. an attempt to get something
n. a formal proposal to buy at a specified price
n. (bridge) the number of tricks a bridge player is willing to contract to make
v. ask for or request earnestly","n. 出价
v. 命令, 吩咐, 请求, 表示, 宣布, 投标",v:36/n:64,4,1,gk cet6 ky ielts gre,2359,4069,bid
radical,radical,'rædikl,"n. a person who has radical ideas or opinions
n. (mathematics) a quantity expressed as the root of another quantity
n. a character conveying the lexical meaning of a logogram
s. arising from or going to the root or source","n. 激进分子, 词根, 基础, 根式, 根
a. 激进的, 根本的, 基本的, 根的",j:78/n:22,4,0,cet4 cet6 ky toefl ielts,2361,2929,radical
competitive,competitive,kәm'petitiv,"a. involving competition or competitiveness
s. subscribing to capitalistic competition
s. showing a fighting disposition","a. 竞争的
[经] 竞争的",j:100,3,1,cet4 cet6 ky ielts,2363,2307,competitive
false,false,fɒ:ls,"a. not in accordance with the fact or reality or actuality
s. arising from error
s. erroneous and usually accidental
s. deliberately deceptive","a. 错误的, 虚伪的, 假的, 不老实的
adv. 不准确地, 欺诈地",r:2/j:98,3,1,gk cet4 cet6 ky,2370,2516,false
dozen,dozen,'dʌzn,"n the cardinal number that is the sum of eleven and one
s denoting a quantity consisting of 12 items or units","n. 打, 十二个
a. 一打的",m:100,4,1,zk gk cet4 ky,2371,1194,dozen
sensitive,sensitive,'sensitiv,"a. responsive to physical stimuli
a. being susceptible to the attitudes, feelings, or circumstances of others
s. hurting
s. of or pertaining to classified information or matters affecting national security","a. 敏感的, 易感的, 灵敏的, 感光的
[机] 敏感的, 灵敏的, 感度高的",j:100,3,1,gk cet4 cet6 ky toefl ielts gre,2372,2506,sensitive
sad,sad,sæd,"a. experiencing or showing sorrow or unhappiness
s. of things that make you feel sad","a. 忧愁的, 悲哀的",j:100,4,1,zk gk,2373,2145,sad
retire,retire,ri'taiә,"v. go into retirement; stop performing one's work or withdraw from one's position
v. withdraw from active participation
v. withdraw from circulation or from the market, as of bills, shares, and bonds
v. make (someone) retire","n. 隐居
vi. 引退, 退役, 退休, 退去, 撤退, 退却
vt. 使...撤退, 辞退",v:100,3,1,gk cet4 cet6 ky toefl,2374,2301,retire
secret,secret,'si:krit,"n. something that should remain hidden from others (especially information that is not to be passed on)
n. information known only to a special group
s. not open or public; kept private or not revealed
s. communicated covertly","n. 秘密, 机密, 秘诀, 秘方
a. 秘密的, 极机密的, 隐蔽的, 暗中的, 神秘的, 偏僻的",j:48/n:52,4,1,zk gk cet4 cet6 ky toefl,2375,1868,secret
aside,aside,ә'said,"n. a line spoken by an actor to the audience but not intended for others on the stage
r. on or to one side
r. out of the way (especially away from one's thoughts)
r. placed or kept separate and distinct as for a purpose","n. 小声说的话, 旁白
adv. 在一边, 离开, 另外",i:15/r:83/n:2,3,1,gk cet4 ky,2376,1878,aside
tendency,tendency,'tendәnsi,"n. a characteristic likelihood of or natural disposition toward a certain condition or character or effect
n. a general direction in which something tends to move","n. 趋向, 倾向
[医] 趋向, 趋势",n:100,3,1,gk cet4 cet6 ky toefl ielts,2377,3040,tendency
sweet,sweet,swi:t,"n. English phonetician; one of the founders of modern phonetics (1845-1912)
n. a food rich in sugar
n. the taste experience when sugar dissolves in the mouth
a. having or denoting the characteristic taste of sugar","n. 甜蜜, 糖果, 情人
a. 甜的, 芳香的, 悦耳的, 漂亮的, 和蔼的, 不咸的, 灵活的, 轻快的",j:94/n:6,3,1,zk gk,2378,1567,sweet
fixed,fixed,fikst,"s. (of a number) having a fixed and unchanging value
s. fixed and unmoving
a. securely placed or fastened or set
s. incapable of being changed or moved or undone; e.g. ""frozen prices""","a. 固定的, 不变的
[法] 固定的, 确定的, 不变的",j:100,3,1,toefl,2379,4332,fixed
CORE,core,kɒ:,"n. a small group of indispensable persons or things
n. the center of an object
n. the central part of the Earth
n. a cylindrical sample of soil or rock obtained with a hollow drill","n. 核心, 果心, 要点
vt. 挖...的核
[计] 内核, 核心网",v:3/n:97,3,1,cet4 cet6 ky toefl gre,2380,1954,core
chamber,chamber,'tʃeimbә,"n. a natural or artificial enclosed space
n. an enclosed volume in the body
n. a room where a judge transacts business
n. a deliberative or legislative or administrative or judicial assembly","n. 室, 房间, 枪膛
vt. 装(弹药), 把...关在室内
a. 室内的",n:100,3,1,cet4 cet6 ky toefl ielts,2381,2667,chamber
honour,honour,'ɒnә,"n the state of being honored
n a tangible symbol signifying approval or distinction
n the quality of being honorable and having a good name
n a woman's virtue or chastity
v bestow honor or rewards upon
v show respect towards
v accept as pay","n. 荣誉, 头衔, 信用, 尊敬, 名誉, 阁下, 勋章
vt. 尊敬, 授予荣誉, 承兑, 实践",v:100,3,1,zk gk cet4 cet6,2382,32290,honour
deposit,deposit,di'pɒzit,"n. the phenomenon of sediment or gravel accumulating
n. money deposited in a bank or some similar institution
n. money given as security for an article acquired for temporary use
n. a payment given as a guarantee that an obligation will be met","n. 存款, 定金, 堆积物
vt. 存放, 堆积
vi. 沉淀",v:35/n:65,3,1,gk cet4 cet6 ky toefl ielts gre,2384,4692,deposit
bond,bond,bɒnd,"n. a certificate of debt (usually interest-bearing or discounted) that is issued by a government or corporation in order to raise money; the issuer is required to pay a fixed sum annually until maturity and then a fixed sum to repay the principal
n. a superior quality of strong durable white writing paper; originally made for printing documents
n. United States civil rights leader who was elected to the legislature in Georgia but was barred from taking his seat because he opposed the Vietnam War (born 1940)
n. British secret operative 007 in novels by Ian Fleming","n. 捆绑物, 结合, 债券, 契约, 粘合剂, 保证人, 键, 关栈保留
vt. 存入关栈, 使黏合
vi. 结合",v:14/n:86,4,0,gk cet4 cet6 ky toefl ielts,2385,1880,bond
rent,rent,rent,"n. a payment or series of payments made by the lessee to an owner for use of some property, facility, equipment, or service
n. the act of rending or ripping or splitting something
v. let for money
v. hold under a lease or rental agreement; of goods and services","n. 租金, 房租, 出租物, 裂缝, 破裂处, 分裂
vt. 租用, 租出
vi. 出租
a. 分裂的, 破裂的
rend的过去式和过去分词",n:43/v:57,3,1,gk cet4 cet6 ky toefl ielts gre,2386,3433,rent
pure,pure,pjuә,"a. free of extraneous elements of any kind
s. free from discordant qualities
s. concerned with theory and data rather than practice; opposed to applied
a. (used of persons or behaviors) having no faults; sinless","a. 纯的, 纯净的, 纯洁的, 清白的, 完美的, 无瑕的, 抽象的
[医] 的, 纯净的",j:100,3,1,gk cet4 cet6 ky toefl ielts,2387,2416,pure
acceptable,acceptable,әk'septәbl,"a. worthy of acceptance or satisfactory
s. judged to be in conformity with approved usage
s. adequate for the purpose","a. 可接受的, 合意的, 可忍受的",j:100,3,1,cet4,2388,3415,acceptable
emotional,emotional,i'mәuʃәnәl,"a. determined or actuated by emotion rather than reason
a. of more than usual emotion
a. of or pertaining to emotion","a. 情绪的, 情感的
[医] 情绪的",j:100,3,1,cet4 cet6 toefl,2389,1617,emotional
actor,actor,'æktә,"n. a theatrical performer
n. a person who acts and gets things done","n. 男演员, 行动者
[医] 作用物, 反应物",n:100,3,1,gk cet4 ky ielts,2390,1497,actor
wedding,wedding,'wediŋ,"n. the social event at which the ceremony of marriage is performed
n. a party of people at a wedding","n. 婚礼, 结婚, 结婚周年纪念日, 结合
[法] 结婚, 婚礼, 结婚纪念日",n:100,3,1,gk cet4 cet6 ky toefl ielts,2391,2176,wedding
cigarette,cigarette,.sigә'ret,n. finely ground tobacco wrapped in paper; for smoking,"n. 香烟, 纸烟",n:100,3,1,gk cet4,2393,2111,cigarette
festival,festival,'festәvәl,"n. a day or period of time set aside for feasting and celebration
n. an organized series of acts and performances (usually in one place)","a. 节日的, 喜庆的, 快乐的
n. 节日, 庆祝, 欢宴",n:100,4,1,zk gk cet4 cet6 ky toefl ielts,2395,3695,festival
chip,chip,tʃip,"n. a triangular wooden float attached to the end of a log line
n. a piece of dried bovine dung
n. a thin crisp slice of potato fried in deep fat
n. a small disk-shaped counter used to represent money when gambling","n. 屑片, 薄片, 碎片
vt. 削, 切, 削成碎片, 使摔倒, 凿
vi. 削下屑片
[计] 孔屑; 组件; 晶片; 芯片",v:8/n:92,3,1,cet6 ky toefl ielts gre,2397,2159,chip
adequate,adequate,'ædikwәt,"a. having the requisite qualities or resources to meet a task
s. sufficient for the purpose
s. about average; acceptable","a. 适当的, 足够的
[法] 胜任的, 适当的, 充分的",j:100,3,1,gk cet4 cet6 ky toefl ielts gre,2398,3297,adequate
essentially,essentially,i'senʃәli,r in essence; at bottom or by one's (or its) very nature,"adv. 本质上, 本来",r:100,3,1,,2399,2286,essentially
jacket,jacket,'dʒækit,"n. a short coat
n. an outer wrapping or casing
n. the outer skin of a potato
n. the tough metal shell casing for certain kinds of ammunition","n. 夹克, 外套, 护套
vt. 给...穿夹克, 给...装护套",n:100,3,1,zk gk cet4 cet6 ky ielts,2400,2267,jacket
shirt,shirt,ʃә:t,"n. a garment worn on the upper half of the body
v. put a shirt on","n. 衬衫, 内衣, 汗衫",n:100,3,1,zk gk,2401,1771,shirt
rapid,rapid,'ræpid,"n. a part of a river where the current is very fast
s. done or occurring in a brief period of time
s. characterized by speed; moving with or capable of moving with high speed","a. 迅速的, 飞快的, 急促的, 陡的
n. 急流",j:92/n:8,4,1,zk gk cet4 cet6 ky ielts,2402,3029,rapid
kick,kick,kik,"n. the act of delivering a blow with the foot
n. the sudden stimulation provided by strong drink (or certain drugs)
n. a rhythmic thrusting movement of the legs as in swimming or calisthenics
v. drive or propel with the foot","n. 踢, 反冲, 后座力, 凹底
vi. 踢, 反抗, 反冲
vt. 踢, 反冲",n:19/v:81,4,1,zk gk cet4 cet6 ky,2403,1815,kick
kiss,kiss,kis,"n. the act of caressing with the lips (or an instance thereof)
n. a cookie made of egg whites and sugar
n. any of several bite-sized candies
n. a light glancing touch","n. 吻
vt. 吻
vi. 接吻",n:31/v:69,3,1,zk gk cet4 ky,2408,2302,kiss
guy,guy,gai,"n. an informal term for a youth or man
n. an effigy of Guy Fawkes that is burned on a bonfire on Guy Fawkes Day
n. a cable, wire, or rope that is used to brace something (especially a tent)
v. steady or support with a guy wire or cable","n. 家伙, 支索
vt. 用支索撑住, 取笑, 嘲弄
vi. 逃跑",v:1/n:99,4,1,cet4 ky ielts gre,2409,364,guy
global,global,'glәubl,s. involving the entire earth; not limited or provincial in scope,"a. 通用的, 全球的, 球形的, 综合的, 普遍的
[计] 共用",j:100,3,1,cet4 cet6 ky toefl ielts,2410,1110,global
resist,resist,ri'zist,"v. stand up or offer resistance to somebody or something
v. withstand the force of something
v. resist immunologically the introduction of some foreign tissue or organ
v. refuse to comply","v. 抵抗, 耐得住, 抵制, 反抗
n. 防染材料",v:100,3,1,gk cet4 cet6 ky toefl,2415,2470,resist
solid,solid,'sɒlid,"n. matter that is solid at room temperature and pressure
n. the state in which a substance has no tendency to flow under moderate stress; resists forces (such as compression) that tend to deform it; and retains a definite size and shape
n. a three-dimensional shape
s. characterized by good substantial quality","n. 固体
a. 坚硬的, 稳固的, 固体的, 实心的, 纯质的, 立体的, 立方的
[计] 原色",j:92/n:8,3,1,zk gk cet4 cet6 ky,2417,2011,solid
fifth,fifth,fifθ,"n. a quantity of liquor equal to one fifth of a United States gallon
n. position five in a countable series of things
n. the musical interval between one note and another five notes away from it
s. coming next after the fourth and just before the sixth in position","num. 第五, 五分之一",m:100,4,0,zk gk ielts,2418,2497,fifth
apart,apart,ә'pɑ:t,"s. remote and separate physically or socially
s. having characteristics not shared by others
r. separated or at a distance in place or position or time
r. not taken into account or excluded from consideration","adv. 成零碎, 成距离, 分别地, 分离着
a. 分离的",i:23/r:77,3,1,gk cet4 ky,2419,1971,apart
absolute,absolute,'æbsәlu:t,"n. something that is conceived or that exists independently and not in relation to other things; something that does not depend on anything else and is beyond human control; something that is not relative
a. perfect or complete or pure
s. complete and without restriction or qualification; sometimes used informally as intensifiers
s. not limited by law","a. 绝对的, 专制的, 完全的, 独立的
n. 绝对事物",j:97/n:3,3,1,gk cet4 cet6 ky toefl gre,2420,3165,absolute
routine,routine,ru:'ti:n,"n. an unvarying or habitual method or procedure
n. a set sequence of steps, part of larger computer program","n. 常规, 日常工作, 惯例, 例行公事
a. 日常的, 常规的
[计] 例程",j:10/n:90,3,1,gk cet4 cet6 ky toefl ielts,2421,2585,routine
rough,rough,rʌf,"n. the part of a golf course bordering the fairway where the grass is not cut short
a. having or caused by an irregular surface
s. (of persons or behavior) lacking refinement or finesse
a. of the margin of a leaf shape; having the edge cut or fringed or scalloped","n. 粗糙的东西, 毛坯, 未加工品, 梗概, 草图, 暴徒, 艰难
a. 粗糙的, 粗暴的, 蓬乱的, 草率的, 大致的, 简陋的, 暴风雨的, 艰难的
vt. 使粗糙, 使不平, 使蓬乱, 粗制, 草拟, 粗暴对待, 对...动粗
vi. 变粗糙
adv. 粗糙地, 粗暴地",n:1/j:93/v:6,3,1,gk cet4 cet6 ky toefl ielts,2422,2627,rough
remarkable,remarkable,ri'mɑ:kәbl,s. unusual or striking,"a. 不平常的, 值得注意的, 显著的",j:100,3,1,cet4 cet6 ky toefl ielts,2423,2708,remarkable
precisely,precisely,pri'saisli,"r. indicating exactness or preciseness
r. in a precise manner
r. just as it should be","adv. 精确地, 明确地, 刻板地, 拘泥地, 正好, 恰恰, 对, 正是如此, 确实如此, 不错",r:100,3,1,,2424,2579,precisely
tourist,tourist,'tuәrist,n. someone who travels for pleasure,"n. 观光客, 旅行者
a. 旅游的",n:100,3,1,zk gk ielts,2425,2394,tourist
mixture,mixture,'mikstʃә,n. (chemistry) a substance consisting of two or more substances mixed together (not in fixed proportions and not with chemical bonding),"n. 混合, 混淆, 混合物
[化] 混合物",n:100,3,1,gk cet4 cet6 ky ielts,2426,2413,mixture
maximum,maximum,'mæksimәn,"n. the largest possible quantity
n. the point on a curve where the tangent changes from positive on the left to negative on the right","n. 极点, 最大量, 极大
a. 最高的, 最大的, 最大极限的
[计] 最大值",j:68/n:32,3,1,gk cet4 cet6 ky toefl ielts,2427,3603,maximum
furniture,furniture,'fәnitʃә,n. furnishings that make a room or other area ready for occupancy,"n. 家具, 帆具",n:100,3,1,zk gk cet4 cet6 ky toefl ielts,2428,2669,furniture
brilliant,brilliant,'briljәnt,"s. of surpassing excellence
s. characterized by grandeur
s. full of light; shining intensely","a. 光辉的, 灿烂的, 有才气的
[机] 亮的",j:100,3,1,gk cet4 ky ielts,2429,3159,brilliant
register,register,'redʒistә,"n. an official written record of names or events or transactions
n. (music) the timbre that is characteristic of a certain range and manner of production of the human voice or of different pipe organ stops or of different musical instruments
n. a book in which names and transactions are listed
n. (computer science) memory device that is the part of computer memory that has a specific address and that is used to hold information of a specific kind","n. 寄存器, 记录, 登记簿, 注册
vt. 记录, 注册, 提示, 表达, 把...挂号
vi. 登记, 注册, 挂号
[计] 寄存器",n:33/v:67,3,1,gk cet4 cet6 ky toefl ielts,2430,3173,register
monitor,monitor,'mɒnitә,"n. an ironclad vessel built by Federal forces to do battle with the Merrimac
n. display produced by a device that takes signals and displays them on a television screen or a computer monitor
n. electronic equipment that is used to check the quality or content of electronic transmissions
n. a piece of electronic equipment that keeps track of the operation of a system continuously and warns of trouble","n. 监督器, 级长, 监听员, 班长, 监视器, 告诫物
v. 监视, 监听, 监督
[计] 监视器, 监视程序; 监视",n:36/v:64,3,1,zk gk cet4 cet6 ky toefl ielts,2431,2349,monitor
print,print,print,"n. the text appearing in a book, newspaper, or other printed publication
n. a picture or design printed from an engraving
n. availability in printed form
n. a copy of a movie on film (especially a particular version of it)","n. 打印, 版, 印刷物, 痕迹, 印刷业, 印刷字体, 图片, 印花布, 印章
v. 打印, 印刷, 铭记, 留印记于, 用印刷体写
[计] DOS外部命令:在打印机上打印文件, 可一边打印文件一边执行其他工作",v:38/n:62,4,1,zk gk cet4 ky,2432,2207,print
substance,substance,'sʌbstәns,"n. the real physical matter of which a person or thing consists
n. material of a particular kind or constitution
n. a particular kind or species of matter with uniform properties","n. 物质, 实质, 主旨, 资产, 本质, 牢固
[化] 物质",n:100,3,1,cet4 cet6 ky gre,2433,2277,substance
breathe,breathe,bri:ð,"v. draw air into, and expel out of, the lungs
v. be alive
v. impart as if by breathing
v. allow the passage of air through","vi. 呼吸, 生存, 低语
vt. 呼吸, 使喘息, 发散, 低声说",v:100,3,1,zk gk cet4 ky toefl,2434,2264,breathe
retirement,retirement,ri'taiәmәnt,"n. the state of being retired from one's business or occupation
n. withdrawal from your position or occupation
n. withdrawal for prayer and study and meditation","n. 退休, 隐居, 撤退
[经] 退休, 退股, (固定资产)报废",n:100,3,1,cet6 toefl ielts,2435,2442,retirement
recording,recording,ri'kɒ:diŋ,"n. a signal that encodes something (e.g., picture or sound) that has been recorded
n. the act of making a record (especially an audio record)
n. a storage device on which information (sounds or images) have been recorded","a. 记录的, 记录用的
n. 录音",j:2/n:98,3,1,toefl ielts,2437,3319,recording
pipe,pipe,paip,"n. a tube with a small bowl at one end; used for smoking tobacco
n. a long tube made of metal or plastic that is used to carry water or oil or gas etc.
n. a hollow cylindrical shape
n. a tubular wind instrument","n. 管, 导管, 输送管, 管状器官, 声带, 尖细的声音, 烟斗, 笛, 管乐器
vt. 以管输送, 吹哨子, 吹奏, 尖声唱
vi. 吹笛, 尖叫, 吹长哨发令
[计] 管道",v:10/n:90,3,1,gk cet4 cet6 ky,2438,2980,pipe
mere,mere,miә,"n. a small pond of standing water
s. being nothing more than specified","n. 小湖, 池塘
a. 仅仅的, 只不过的",j:100,3,1,cet4 cet6 ky toefl,2440,2925,mere
instance,instance,'instәns,"n an occurrence of something
n an item of information that is typical of a class or group
v clarify by giving an example of","n. 建议, 情况, 例子, 场合
vt. 引以为例, 举例说明",n:100,4,1,cet4 cet6 ky,2441,2957,instance
comprehensive,comprehensive,.kɒmpri'hensiv,"a. including all or everything
s. broad in scope","a. 广泛的, 有理解力的, 综合的
[经] 广泛的, 综合的, 全面的",j:99/n:1,3,0,cet4 cet6 ky toefl gre,2442,2896,comprehensive
celebrate,celebrate,'selibreit,v. have a celebration,"v. 庆祝, 祝贺, 举行",v:100,3,1,zk gk cet4 cet6 ky toefl,2443,2019,celebrate
intelligence,intelligence,in'telidʒәns,"n. the ability to comprehend; to understand and profit from experience
n. a unit responsible for gathering and interpreting information about an enemy
n. secret information about an enemy (or potential enemy)
n. the operation of gathering information about an enemy","n. 智力, 情报, 信息
[医] 智力",n:100,3,1,gk cet4 cet6 ky toefl ielts,2444,1417,intelligence
bend,bend,bend,"n. a circular segment of a curve
n. curved segment (of a road or river or railroad track etc.)
n. a town in central Oregon at the eastern foot of the Cascade Range
n. diagonal line traversing a shield from the upper right corner to the lower left","vi. 变弯曲, 屈服
vt. 使弯曲, 使屈服
n. 弯曲",n:12/v:88,3,1,gk cet4 cet6 ky toefl ielts gre,2445,2194,bend
apple,apple,'æpl,"n. fruit with red or yellow or green skin and sweet to tart crisp whitish flesh
n. native Eurasian tree widely cultivated in many varieties for its firm rounded edible fruits","n. 苹果, 家伙
[医] 苹果",n:100,3,1,zk gk,2446,2695,apple
throat,throat,θrәut,"n. the passage to the stomach and lungs; in the front part of the neck below the chin and above the collarbone
n. an opening in the vamp of a shoe at the instep
n. a passage resembling a throat in shape or function; 
n. the part of an animal's body that corresponds to a person's throat","n. 咽喉, 喉咙, 嗓音
vt. 用喉音说, 开沟于",n:100,3,1,gk cet4 cet6 ky ielts,2449,2454,throat
dealer,dealer,'di:lә,"n. a firm engaged in trading
n. a seller of illicit goods
n. the person who distributes the playing cards in a card game","n. 经销商, 商人
[经] 交易员, 贩卖商",n:100,3,0,cet6 ky toefl,2450,2575,dealer
wooden,wooden,'wudn,"s. made or consisting of (entirely or in part) or employing wood
s. lacking ease or grace","a. 木制的, 呆笨的, 木然的",j:100,3,1,gk cet4 cet6 ky,2452,2512,wooden
discovery,discovery,dis'kʌvәri,"n. the act of discovering something
n. something that is discovered
n. a productive insight
n. (law) compulsory pretrial disclosure of documents relevant to a case; enables one side in a litigation to elicit information from the other side concerning the facts in the case","n. 发现, 被发现的事物
[法] 要求告知, 发现, 发觉",n:100,3,1,zk gk cet4 cet6 ky ielts,2453,2227,discovery
emotion,emotion,i'mәuʃәn,n. any strong feeling,"n. 情绪, 激动, 强烈的情感
[医] 情绪, 情感",n:100,3,1,cet4 cet6 ky toefl ielts,2454,2117,emotion
lad,lad,læd,"n a boy or man
n a male child (a familiar term of address to a boy)","n. 青年, 家伙, 少年, 情人",n:100,3,0,ky,2455,9364,lad
investor,investor,in'vestә,n. someone who commits capital in order to gain financial returns,"n. 投资者
[经] 投资者",n:100,4,0,,2459,1702,investor
pace,pace,peis,"n. the rate of moving (especially walking or running)
n. the relative speed of progress or change
n. a step in walking or running
v. walk with slow or fast paces","n. 速度, 步调, 步法
vi. 踱步, 缓慢走
vt. 用步测, 踱步于",v:25/n:75,3,1,gk cet4 cet6 ky toefl ielts,2461,2533,pace
overcome,overcome,.әuvә'kʌm,v. get on top of; deal with successfully,"vt. 战胜, 克服, 胜过
vi. 得胜",j:4/v:96,3,1,gk cet4 cet6 ky toefl ielts,2462,2707,overcome
behave,behave,bi'heiv,"v. behave in a certain manner
v. behave well or properly","vi. 举止端正, 行为规矩
vt. 检点(自己的)行为, 使表现好",v:100,3,1,gk cet4 cet6 ky toefl ielts,2463,3660,behave
rank,rank,ræŋk,"n. a row or line of people (especially soldiers or police) standing abreast of one another
n. relative status
v. take or have a position relative to others
v. take precedence or surpass others in rank","n. 等级, 排, 横列, 队伍, 阶级
a. 茂密丛生的, 恶臭的, 十足的, 粗俗的
vt. 排列, 归类于, 把...分等
vi. 列为, 列队
n. 秩
[计] 秩",v:41/j:2/n:57,3,1,gk cet4 cet6 ky toefl ielts,2464,2647,rank
disaster,disaster,di'zɑ:stә,n. an act that has disastrous consequences,"n. 灾祸, 不幸, 彻底失败",n:100,3,1,gk cet4 cet6 ky toefl ielts gre,2466,2321,disaster
stream,stream,stri:m,"n. a natural body of running water flowing on or under the earth
n. dominant course (suggestive of running water) of successive events or ideas
n. something that resembles a flowing stream in moving continuously
v. to extend, wave or float outward, as if in the wind","n. 水流, 小河, 流出, 趋势, 人潮
vt. 流出, 流动, 展开
vi. 流, 涌, 飘扬
[计] 流",v:17/n:83,3,1,zk gk cet4 cet6 ky gre,2467,2231,stream
permission,permission,pә'miʃәn,n. approval to do something,"n. 许可, 允许
[计] 许可, 认可",n:100,3,1,gk cet4 cet6 ky toefl,2468,3233,permission
electric,electric,i'lektik,"n. a car that is powered by electricity
a. using or providing or producing or transmitting or operated by electricity
s. (of a situation) exceptionally tense
s. affected by emotion as if by electricity; thrilling","a. 电的, 导电的, 电动的
[医] 电的",j:98/n:2,3,1,zk gk cet4 cet6 ky,2469,2696,electric
sand,sand,sænd,"n. a loose material consisting of grains of rock or coral
n. French writer known for works concerning women's rights and independence (1804-1876)","n. 沙, 沙子, 沙滩, 光阴, 生涯
vt. 撒沙, 以沙掩盖",v:4/n:96,3,1,zk gk cet4 cet6 ky,2470,2205,sand
knife,knife,naif,"n. edge tool used as a cutting instrument; has a pointed blade with a sharp edge and a handle
n. a weapon with a handle and blade with a sharp point
v. use a knife on","n. 小刀, 匕首
vt. 切割, 伤害, 切, 戳
vi. 劈开, 穿过",v:2/n:98,3,1,zk gk ielts,2471,2240,knife
witness,witness,'witnis,"n. someone who sees an event and reports what happened
n. testimony by word or deed to your religious faith
n. (law) a person who attests to the genuineness of a document or signature by adding their own signature
n. (law) a person who testifies under oath in a court of law","n. 证人, 目击者, 证据, 证词
vt. 目击, 作证, 证明, 表明
vi. 作证人, 作为证据",v:35/n:65,3,1,gk cet4 cet6 ky toefl ielts gre,2473,1970,witness
reserve,reserve,ri'zә:v,"n. something kept back or saved for future use or a special purpose
n. (medicine) potential capacity to respond in order to maintain vital functions
n. the trait of being uncommunicative; not volunteering anything more than necessary
v. hold back or set aside, especially for future use or contingency","n. 储备品, 贮量, 后备军, 自然保护区, 保留, 拘谨, 节制, 储备金
vt. 保留, 保存, 预订, 延期, 推迟",v:36/j:23/n:41,4,1,gk cet4 cet6 ky toefl ielts gre,2475,3740,reserve
medicine,medicine,'medisin,"n. the branches of medical science that deal with nonsurgical techniques
n. (medicine) something that treats or prevents or alleviates the symptoms of disease
n. the learned profession that is mastered by graduate training in a medical school and that is devoted to preventing or alleviating or curing diseases and injuries","n. 药, 医学, 内科
vt. 给...用药",n:100,3,1,zk gk toefl ielts,2476,1473,medicine
hero,hero,'hiәrәu,"n. a man distinguished by exceptional courage and nobility and strength
n. the principal character in a play or movie or novel or poem
n. Greek mathematician and inventor who devised a way to determine the area of a triangle and who described various mechanical devices (first century)
n. (classical mythology) a being of great strength and courage celebrated for bold exploits; often the offspring of a mortal and a god","n. 英雄, 超越常人者, 男主角",n:100,3,1,zk gk cet4 cet6 ky ielts,2477,1912,hero
cool,cool,ku:l,"n. the quality of being at a refreshingly low temperature
v. make cool or cooler
v. loose heat
v. lose intensity","n. 凉爽, 凉爽的空气
a. 凉爽的, 冷淡的, 冷静的
vi. 冷却, 平息
vt. 使冷却, 使平静",n:3/r:3/j:70/v:24,4,1,zk gk,2478,1451,cool
swing,swing,swiŋ,"n. a state of steady vigorous action that is characteristic of an activity
n. mechanical device used as a plaything to support someone swinging back and forth
n. a sweeping blow or stroke
n. changing location by moving back and forth","n. 摇摆, 振幅, 音律, 节奏, 涨落, 秋千, 旋转, 行动自由
vi. 摇摆, 悬挂, 旋转, 大摇大摆地走, 转向
vt. 挥舞, 使旋转, 使转向, 悬挂, 吊运
a. 旋转的, 悬挂的, 强节奏爵士音乐的",n:40/v:60,3,1,zk gk cet4 cet6 ky toefl ielts gre,2479,2453,swing
hearing,hearing,'hiәriŋ,"n. (law) a proceeding (usually by a court) where evidence is taken for the purpose of determining an issue of fact and reaching a decision based on that evidence
n. an opportunity to state your case and be heard
n. a session (of a committee or grand jury) in which witnesses are called and testimony is taken
n. the ability to hear; the auditory faculty","n. 听, 听觉, 听讯
[医] 听, 听觉",n:100,3,1,gk ky ielts,2480,1711,hearing
mortgage,mortgage,'mɒ:gidʒ,"n. a conditional conveyance of property as security for the repayment of a loan
v. put up as security or collateral","n. 抵押, 约束性义务, 抵押借款
vt. 抵押, 以...作担保, 把...许给",v:3/n:97,4,0,cet6 ky ielts gre,2483,3215,mortgage
mail,mail,meil,"n. the bags of letters and packages that are transported by the postal service
n. the system whereby messages are transmitted via the post office
n. a conveyance that transports the letters and packages that are conveyed by the postal system
n. any particular collection of letters or packages that is delivered","n. 邮件, 邮政, 邮递, 盔甲
vt. 邮寄, 给...穿盔甲
[计] 邮件",v:22/n:78,3,1,zk gk ielts,2485,2508,mail
birthday,birthday,'bә:θdei,"n. an anniversary of the day on which a person was born (or the celebration of it)
n. the date on which a person was born",n. 生日,n:100,3,1,zk gk,2488,2433,birthday
anger,anger,'æŋgә,"n. a strong emotion; a feeling that is oriented toward some real or supposed grievance
n. the state of being angry
v. make angry
v. become angry","n. 忿怒
vt. 激怒, 使发怒
vi. 发怒",v:24/n:76,3,1,gk cet4 ky ielts,2489,2362,anger
policeman,policeman,pә'li:smәn,n. a member of a police force,"n. 警察
[化] 淀帚",n:100,3,0,zk gk,2490,4754,policeman
platform,platform,'plætfɒ:m,"n. a raised horizontal surface
n. a document stating the aims and principles of a political party
n. the combination of a particular computer and a particular operating system
n. any military structure or vehicle bearing weapons","n. 站台, 月台, 讲台, 论坛, 平台
[计] 平台",n:100,3,1,gk cet4 cet6 ky toefl ielts,2491,2806,platform
curtain,curtain,'kә:tәn,"n. hanging cloth used as a blind (especially for a window)
n. any barrier to communication or vision
v. provide with drapery","n. 帐, 幕, 窗帘
vt. 装帘子于, 遮蔽",v:1/n:99,3,1,gk cet4 cet6 ky toefl,2492,3622,curtain
tale,tale,teil,"n a message that tells the particulars of an act or occurrence or course of events; presented in writing or drama or cinema or as a radio or television program
n a trivial lie","n. 故事, 谎言, 谣言, 陈述, 叙述
[法] 虚语, 诽语, 谣言",n:100,3,0,zk gk cet4 cet6 ky toefl,2493,2239,tale
electronic,electronic,.ilek'trɒnik,"a. of or relating to electronics; concerned with or using devices that operate on principles governing the behavior of electrons
a. of or concerned with electrons","a. 电子的
[计] 电子工业协会接口",j:100,3,1,gk cet4 cet6 ky ielts,2494,2407,electronic
cricket,cricket,'krikit,"n. leaping insect; male makes chirping noises by rubbing the forewings together
n. a game played with a ball and bat by two teams of 11 players; teams take turns trying to score runs
v. play cricket","n. 蟋蟀, 板球",n:100,3,0,cet4 cet6 ky ielts,2496,8382,cricket
fun,fun,fʌn,"n. activities that are enjoyable or amusing
n. verbal wit or mockery (often at another's expense but not to be taken seriously)
n. violent and excited activity","n. 乐趣, 玩笑, 娱乐
vi. 开玩笑
a. 供娱乐用的",j:48/n:52,4,1,zk gk,2497,1888,fun
journal,journal,'dʒә:nәl,"n. a periodical dedicated to a particular subject
n. a record book as a physical object
n. the part of the axle contained by a bearing","n. 日记, 杂志, 日报
[化] 轴颈",n:100,4,0,cet4 cet6 ky toefl ielts,2500,2780,journal
golf,golf,gɒlf,"n. a game played on a large open course with 9 or 18 holes; the object is use as few strokes as possible in playing all the holes
v. play golf","n. 高尔夫球
vi. 打高尔夫球",v:1/n:99,3,0,gk cet4 cet6 ky ielts,2501,1801,golf
organize,organize,'ɒ:gәnaiz,"v. cause to be structured or ordered or operating according to some principle or idea
v. bring order and organization to
v. arrange by systematic planning and united effort","vt. 组织, 有机化, 给予生机
vi. 组织起来",v:100,4,1,cet4 cet6 ky,2507,1643,organize
infection,infection,in'fekʃәn,"n. the pathological state resulting from the invasion of the body by pathogenic microorganisms
n. (phonetics) the alteration of a speech sound under the influence of a neighboring sound
n. (medicine) the invasion of the body by pathogenic microorganisms and their multiplication which can lead to tissue damage and disease
n. an incident in which an infectious disease is transmitted","n. 传染, 影响, 传染病
[医] 传染, 感染",n:100,3,1,ky toefl ielts gre,2510,2692,infection
literary,literary,'litәrәri,"a. of or relating to or characteristic of literature
s. knowledgeable about literature
s. appropriate to literature rather than everyday speech or writing","a. 文学的, 文艺的, 精通文学的
[法] 文学的, 从事文学的, 从事写作的",j:100,3,0,gk cet4 cet6 ky toefl,2512,2700,literary
guitar,guitar,gi'tɑ:,n. a stringed instrument usually having six strings; played by strumming or plucking,n. 吉他,n:100,3,0,zk gk cet6 ky ielts,2516,3658,guitar
presumably,presumably,pri'zu:mәbli,r. by reasonable assumption,"adv. 推测上, 大概",r:100,3,1,cet4 cet6 ky toefl ielts,2522,4288,presumably
pack,pack,pæk,"n. a complete collection of similar things
n. a convenient package or parcel (as of cigarettes or film)
n. a group of hunting animals
n. a cream that cleanses and tones the skin","n. 包裹, 一伙, 一副, 背包, 包装
vt. 包装, 捆扎, 塞满, 压紧, 挑选
vi. 包装货物, 挤, 群集, 被包装
[计] 压缩",n:47/v:53,4,1,gk cet4 ky toefl gre,2523,2273,pack
genuine,genuine,'dʒenjuin,"a. not fake or counterfeit
s. not pretended; sincerely felt or expressed","a. 真正的, 真实的, 诚恳的
[医] 真性的",j:100,3,1,cet4 cet6 ky toefl ielts gre,2524,3747,genuine
guarantee,guarantee,.gærәn'ti:,"n. a written assurance that some product or service will be provided or will meet certain specifications
n. an unconditional commitment that something will happen or that something is true
n. a collateral agreement to answer for the debt of another in case that person defaults
v. give surety or assume responsibility","n. 担保, 抵押品, 保证书
vt. 保证, 担保",n:32/v:68,4,1,gk cet4 cet6 ky toefl ielts gre,2525,2774,guarantee
favourite,favourite,'feivәrit,"n a competitor thought likely to win
n a special loved one
n something regarded with special favor or liking
s appealing to the general public
s preferred above all others and treated with partiality","n. 喜欢的事物
a. 喜爱的, 宠爱的",j:69/n:31,4,1,zk gk,2527,22274,favourite
extreme,extreme,ik'stri:m,"n. the furthest or highest degree of something
s. of the greatest possible degree or extent or intensity
s. far beyond a norm in quantity or amount or degree; to an utmost degree
s. beyond a norm in views or actions","n. 极端, 末端
a. 极端的, 尽头的, 极度的, 偏激的",j:84/n:16,3,1,gk cet4 cet6 ky ielts,2528,2519,extreme
delay,delay,di'lei,"n. time during which some action is awaited
n. the act of delaying; inactivity resulting in something being put off until a later time
v. cause to be slowed down or delayed
v. act later than planned, scheduled, or required","n. 耽搁, 迟滞
v. 耽搁, 延迟
[计] 延迟, 延时",v:46/n:54,4,1,gk cet4 cet6 ky toefl ielts,2530,3105,delay
rush,rush,rʌʃ,"n. a sudden forceful flow
n. grasslike plants growing in wet places and having cylindrical often hollow stems
n. physician and American Revolutionary leader; signer of the Declaration of Independence (1745-1813)
n. a sudden burst of activity","n. 匆促, 冲进, 急流, 灯心草
vi. 冲, 奔, 闯, 赶紧, 匆促行事, 涌现
vt. 使冲, 匆忙地做, 突袭, 飞跃, 用灯心草做
a. 紧急的",n:29/v:71,3,1,zk gk cet4 cet6 ky toefl,2531,1956,rush
priest,priest,pri:st,"n. a clergyman in Christian churches who has the authority to perform or administer various religious rites; one of the Holy Orders
n. a person who performs religious duties and ceremonies in a non-Christian religion","n. 祭司, 牧师, 神父, 神质人员, 僧侣, 泰斗",n:100,3,1,cet4 cet6 ky,2532,2293,priest
joke,joke,dʒәuk,"n. a humorous anecdote or remark intended to provoke laughter
n. a triviality not to be taken seriously
v. tell a joke; speak humorously
v. act in a funny or teasing way","n. 笑话, 玩笑, 笑柄
v. 开玩笑, 取笑, 作弄",v:27/n:73,3,1,zk gk cet4 ky,2533,2246,joke
sake,sake,seik,"n. a reason for wanting something done
n. Japanese alcoholic beverage made from fermented rice; usually served hot
n. the purpose of achieving or obtaining","n. 目的, 缘故, 理由",n:100,3,0,cet4 cet6 ky toefl ielts,2534,3325,sake
relax,relax,ri'læks,"v. become less tense, rest, or take one's ease
v. make less taut
v. cause to feel relaxed
v. become less tense, less formal, or less restrained, and assume a friendlier manner","vi. 放松, 松懈, 松弛, 变从容, 休息, 休养
vt. 使松弛, 缓和, 使松懈, 使休息",v:100,3,1,zk gk cet4 cet6 ky toefl,2535,2861,relax
salt,salt,sɒ:lt,"n. a compound formed by replacing hydrogen in an acid by a metal (or a radical that acts like a metal)
n. white crystalline form of especially sodium chloride used to season and preserve food
n. the taste experience when common salt is taken into the mouth
v. add salt to","n. 盐, 风趣, 刺激
a. 含盐的, 咸的, 风趣的, 辛辣的
vt. 加盐于, 用盐腌",v:1/j:1/n:98,3,1,zk gk cet4 cet6 ky,2536,1571,salt
edition,edition,i'diʃәn,"n. the form in which a text (especially a printed book) is published
n. all of the identical copies of something offered to the public at the same time
n. an issue of a newspaper","n. 版本, 版, 翻版",n:100,4,1,gk cet4 cet6 ky ielts,2537,3155,edition
drag,drag,dræg,"n. the phenomenon of resistance to motion through a fluid
n. something that slows or delays progress
n. something tedious and boring
n. clothing that is conventionally worn by the opposite sex (especially women's clothing when worn by a man)","n. 拖, 拖累
v. 拖累, 拖拉, 沉重缓慢地走, 拖动
[计] 拖动",n:1/v:99,3,1,gk cet4 cet6 ky toefl,2538,2127,drag
circuit,circuit,'sә:kit,"n. an electrical device that provides a path for electrical current to flow
n. an established itinerary of venues or events that a particular group of people travel to
n. (law) a judicial division of a state or the United States (so-called because originally judges traveled and held court in different locations); one of the twelve groups of states in the United States that is covered by a particular circuit court of appeals
v. make a circuit","n. 电路, 环(行)道, 巡回
[计] 线路; 电路",n:100,3,0,gk cet4 cet6 ky toefl ielts gre,2539,4023,circuit
exciting,exciting,ik'saitiŋ,"a. creating or arousing excitement
s. stimulating interest and discussion","a. 令人兴奋的, 刺激的
[电] 激磁",j:100,3,1,cet4 cet6 ky toefl ielts,2540,2926,exciting
airport,airport,'єәpɒ:t,n. an airfield equipped with control tower and hangars as well as accommodations for passengers and cargo,"n. 飞机场
[机] 航空站, 机场",n:100,4,1,zk gk ielts,2541,1765,airport
host,host,hәust,"n. a person who invites guests to a social event (such as a party in his or her own home) and who is responsible for them while they are there
n. an animal or plant that nourishes and supports a parasite; it does not benefit and is often harmed by the association
n. archaic terms for army
n. any organization that provides resources and facilities for a function or event","n. 主人, 旅馆老板, 节目主持人
vt. 当主人招待, 作...节目主持人
[计] 主机, 宿主机",v:34/n:66,5,1,gk cet4 cet6 ky ielts,2542,1840,host
clock,clock,klɒk,"n. a timepiece that shows the time of day
v. measure the time or duration of an event or action or the person who performs an action in a certain period of time","n. 时钟, 计时器, (袜子上的)绣花边花
vt. 绣花样, 记时, 记录
vi. 记录时间
[计] 时钟",v:6/n:94,3,1,zk gk cet4 ky ielts,2543,2635,clock
written,written,'ritn,"a. set down in writing in any of various ways
a. systematically collected and written down","a. 书面的, 写成文字的
write的过去分词",j:100,3,1,,2544,3581,written
cream,cream,kri:m,"n. the best people or things in a group
n. the part of milk containing the butterfat
n. toiletry consisting of any of various substances in the form of a thick liquid that have a soothing and moisturizing effect when applied to the skin
v. make creamy by beating","n. 乳酪, 奶油, 面霜
[医] 乳油, 乳皮; 乳膏, 霜",j:2/v:2/n:96,3,1,gk cet4 cet6 ky ielts,2546,2008,cream
demonstration,demonstration,.demәn'streiʃәn,"n. a show of military force or preparedness
n. a public display of group feelings (usually of a political nature)
n. proof by a process of argument or a series of proposition proving an asserted conclusion
n. a visual presentation showing how something works","n. 示范, 实证
[医] 示教, 实物教授",n:100,3,0,toefl ielts,2547,3142,demonstration
chemical,chemical,'kemikl,"n. material produced by or used in a reaction involving changes in atoms or molecules
a. relating to or used in chemistry
a. of or made from or using substances produced by or used in reactions involving atomic or molecular changes","n. 化学药品
a. 化学的, 化学上用的",j:49/n:51,4,1,gk cet4 cet6 ky,2548,2617,chemical
resign,resign,ri'zain,v. accept as inevitable,"vt. 辞职, 放弃, 使顺从
vi. 辞职, 屈从",v:100,3,0,gk cet4 cet6 ky ielts,2549,3390,resign
bath,bath,bæθ.bɑ:θ,"n. a vessel containing liquid in which something is immersed (as to process it or to maintain it at a constant temperature or to lubricate it)
n. you soak and wash your body in a bathtub
n. an ancient Hebrew liquid measure equal to about 10 gallons
n. a town in southwestern England on the River Avon; famous for its hot springs and Roman remains","n. 沐浴, 浴室
[医] 浴",v:17/n:83,3,1,gk cet4 ky ielts,2551,3890,bath
adviser,adviser,әd'vaizә,n. an expert who gives advice,"n. 顾问, 劝告者, 指导教师
[法] 顾问, 劝告者",n:100,3,0,,2553,2720,adviser
nineteenth,nineteenth,.nain'ti:nθ,"n. position 19 in a countable series of things
s. coming next after the eighteenth in position","num. 第十九, 十九分之一",m:100,4,0,,2554,5153,nineteenth
personnel,personnel,.pә:sә'nel,"n group of people willing to obey orders
n the department responsible for hiring and training and placing employees and for setting policies for personnel management","n. 人员, 人事部门, 人事科(处)
[经] 人事, 全体人员, 职工",n:100,3,0,gk cet4 cet6 ky toefl ielts gre,2556,2425,personnel
advanced,advanced,әd'vɑ:nst,"s. farther along in physical or mental development
s. comparatively late in a course of development
s. ahead of the times
s. at a higher level in training or knowledge or skill","a. 在前的, 高级的, 先进的, 年老的
[法] 预付的, 预支的, 垫付的",j:100,3,1,cet4 ky toefl ielts,2557,2797,advanced
stupid,stupid,'stju:pid,"n. a person who is not very bright
a. lacking or marked by lack of intellectual acuity","a. 愚蠢的, 麻木的",j:100,3,1,zk gk cet4 cet6 ky,2558,2704,stupid
oppose,oppose,ә'pәuz,"v. be against; express opposition to
v. contrast with equal weight or force
v. be resistant to","vt. 反对, 以...对抗, 抗争
vi. 反对",v:100,3,1,gk cet4 cet6 ky toefl ielts gre,2559,1945,oppose
defeat,defeat,di'fi:t,n. an unsuccessful ending to a struggle or contest,"n. 败北, 失败
vt. 击败, 使落空",n:42/v:58,4,1,gk cet4 cet6 ky toefl ielts,2560,3326,defeat
classical,classical,'klæsikl,"a. of or relating to the most highly developed stage of an earlier civilisation and its culture
a. of or relating to the study of the literary works of ancient Greece and Rome
s. (language) having the form used by ancient standard authors
s. of or pertaining to or characteristic of the ancient Greek and Roman cultures","a. 古典的, 正统派的, 经典的
[医] 古典的; 标准的, 典型的",j:100,3,0,gk cet4 cet6 ky ielts,2562,3489,classical
province,province,'prɒvins,n. the proper sphere or extent of your activities,"n. 省, 地方, 职权, 领域
[法] 省, 地方, 领域",n:100,3,0,gk cet4 cet6 ky toefl,2565,3228,province
pause,pause,pɒ:z,"n. a time interval during which there is a temporary cessation of something
n. temporary inactivity
v. cease an action temporarily","n. 暂停, 中止, 停顿, 间歇, 踌躇, 休止符
vi. 暂停, 中止, 停顿, 踌躇
[计] DOS内部命令:暂时停止批处理文件的执行",n:40/v:60,3,1,gk cet4 cet6 ky,2566,2777,pause
acquisition,acquisition,.ækwi'ziʃәn,"n. the act of contracting or assuming or acquiring possession of something
n. something acquired","n. 获得, 获得物
[经] 收购, 招揽, 取得",n:100,3,0,gk cet4 cet6 ky toefl ielts,2567,3856,acquisition
socialist,socialist,'sәuʃәlist,n. a political advocate of socialism,"n. 社会主义者, 社会党党员
[法] 社会主义的",j:88/n:12,3,0,gk cet4 cet6,2568,5591,socialist
aunt,aunt,ɑ:nt,n. the sister of your father or mother; the wife of your uncle,"n. 阿姨, 姨妈, 舅妈, 姑妈, 伯母",n:100,4,1,zk gk,2569,4166,aunt
whenever,whenever,hwen'evә,adv. & conj. At whatever time.,"conj. 每当
adv. 不论何时, 每逢",r:100,3,1,zk gk cet4 cet6 ky,2572,2314,whenever
split,split,split,"n. extending the legs at right angles to the trunk (one in front and the other in back)
n. a bottle containing half the usual amount
n. a promised or claimed share of loot or money
n. a lengthwise crack in wood","n. 劈开, 裂片, 裂缝, 分裂, 派系, 派别, 柳条
a. 劈开的
vi. 分离, 分开, 裂开, 被劈开
vt. 劈开, 切开, 使分裂, 使分离
[计] 拆分",n:18/j:17/v:65,4,1,gk cet4 cet6 ky toefl ielts gre,2573,2910,split
opposite,opposite,'ɒpәzit,"s. being directly across from each other; facing
a. of leaves etc; growing in pairs on either side of a stem
s. moving or facing away from each other
s. the other one of a complementary pair","a. 相对的, 相反的, 对面的
prep. 对面
n. 对立面",i:8/r:5/j:72/n:15,3,1,gk cet4 cet6 ky toefl ielts,2574,2222,opposite
altogether,altogether,.ɒ:ltә'geðә,r. with everything included or counted,"adv. 完全地, 总而言之",r:100,3,1,gk cet4 ky,2575,3801,altogether
truly,truly,'tru:li,r. in accordance with truth or fact or reality,"adv. 真实地, 不假",r:100,3,1,gk cet4 cet6,2576,1719,truly
expose,expose,ik'spәuz,"n. the exposure of an impostor or a fraud
v. expose or make accessible to some action or influence
v. to show, make visible or apparent
v. expose to light, of photographic film","vt. 使暴露, 使曝光, 揭穿, 陈列
[医] 暴露, 露置",v:100,3,1,gk cet4 cet6 ky toefl ielts,2577,2005,expose
everywhere,everywhere,'evrihwєә,r. to or in any or all places; (`everyplace' is used informally for `everywhere'),"adv. 各处, 到处",r:100,3,1,zk gk,2578,1938,everywhere
proud,proud,praud,a. feeling self-respect or pleasure in something by which you measure your self-worth; or being a reason for pride,"a. 骄傲的, 自大的, 自豪的, 辉煌的, 壮丽的",j:100,3,1,zk gk cet4 cet6 ky,2579,1983,proud
confident,confident,'kɒnfidәnt,"a. having or marked by confidence or assurance
s. not liable to error in judgment or action","a. 有信心的, 有把握的",j:100,3,1,gk cet4 cet6 ky toefl ielts,2580,2866,confident
remark,remark,ri'mɑ:k,"n. a statement that expresses a personal opinion or belief or adds information
n. explicit notice","n. 评论, 注意
vt. 评论, 注意
vi. 评论, 谈论
[计] 注释",v:39/n:61,3,1,gk cet4 cet6 ky toefl ielts,2581,3389,remark
compete,compete,kәm'pi:t,v. compete for something; engage in a contest; measure oneself against others,"vi. 竞争, 对抗",v:100,3,1,gk cet4 cet6 ky toefl gre,2583,2065,compete
sink,sink,siŋk,"n. plumbing fixture consisting of a water basin fixed to a wall or floor and having a drainpipe
n. (technology) a process that acts to absorb or remove energy or a substance from a system
v. fall or descend to a lower place or level
v. cause to sink","n. 藏垢的场所, 沟渠, 污水槽
vi. 下沉, 沉没, 下陷, 减弱, 衰退, 消沉, 堕落, 渗透
vt. 使低落, 使下沉, 陷于, 投入(资金等), 挖掘",n:38/v:62,3,1,gk cet4 cet6 ky toefl ielts,2585,2809,sink
negotiate,negotiate,ni'gәuʃieit,"v. succeed in passing through, around, or over","vi. 商议, 谈判, 交涉
vt. 谈妥, 转让, 处理",v:100,4,0,gk cet6 ky toefl gre,2586,2541,negotiate
lecture,lecture,'lektʃә,"n. a speech that is open to the public
n. a lengthy rebuke
n. teaching by giving a discourse on some subject (typically to a class)
v. deliver a lecture or talk","n. 演讲, 谴责, 讲稿
vt. 演讲, 训诫, 说教
vi. 讲演",v:22/n:78,3,1,gk cet4 cet6 ky ielts,2588,3526,lecture
definitely,definitely,'definitli,r without question and beyond doubt,"adv. 明确无疑地, 清楚地",r:100,3,1,cet4 cet6 toefl,2589,1991,definitely
seed,seed,si:d,"n. a small hard fruit
n. a mature fertilized plant ovule consisting of an embryo and its food source and having a protective coat or testa
v. go to seed; shed seeds
v. help (an enterprise) in its early stages of development by providing seed money","n. 种子, 籽, 萌芽, 子孙, 精液
vt. 在...播种, 催...发育, 脱...籽
vi. 结实, 播种",v:10/n:90,4,1,gk cet4 cet6 ky,2590,1919,seed
occupation,occupation,.ɒkju'peiʃәn,"n. the principal activity in your life that you do to earn money
n. the control of a country by military forces of a foreign power
n. any activity that occupies a person's attention
n. the act of occupying or taking possession of a building","n. 职业, 占有, 占有期, 占领, 占领军
[经] 占有, 占用, 职业",n:100,3,0,gk cet4 cet6 ky toefl ielts gre,2591,3334,occupation
mad,mad,mæd,"s roused to anger
s affected with madness or insanity
s marked by uncontrolled excitement or emotion
s very foolish","a. 疯狂的, 发疯的, 生气的, 愚蠢的, 狂欢的
n. 狂怒",j:100,3,1,zk gk cet4 cet6 ky,2592,2572,mad
fishing,fishing,'fiʃiŋ,"n. the act of someone who fishes as a diversion
n. the occupation of catching fish for a living","n. 钓鱼, 鱼业
a. 钓鱼的",n:100,3,1,ielts,2594,2022,fishing
catholic,catholic,'kæθәlik,"n. a member of a Catholic church
a. of or relating to or supporting Catholicism
s. free from provincial prejudices or attachments","n. 天主教徒
a. 天主教的, 普遍的, 广泛的, 宽宏大量的",j:67/n:33,3,0,gk cet6 ky toefl ielts gre,2595,1757,catholic
mount,mount,maunt,"n. a mounting consisting of a piece of metal (as in a ring or other jewelry) that holds a gem in place
v. attach to a support
v. fix onto a backing, setting, or support
v. put up or launch","n. 乘骑用马, 框, 衬纸, 山
vi. 乘马, 爬上, 增长
vt. 爬上, 使上马, 装上, 装裱, 安放, 制作...的标本, 设置, 上演
[计] 安装",n:20/v:80,3,1,cet4 cet6 ky ielts,2596,2987,mount
numerous,numerous,'nju:mәrәs,s. amounting to a large indefinite number,"a. 很多的, 数目众多的, 多数的
[机] 多数的, 甚多的",j:100,3,0,cet4 cet6 ky toefl ielts gre,2597,2275,numerous
luck,luck,lʌk,"n. an unknown and unpredictable phenomenon that causes an event to result one way rather than another
n. an unknown and unpredictable phenomenon that leads to a favorable outcome","n. 运气, 幸运, 好运, 侥幸
vi. 靠好运成功",n:100,3,1,zk gk cet4 ky ielts,2598,2384,luck
mission,mission,'miʃәn,"n. an organization of missionaries in a foreign land sent to carry on religious work
n. an operation that is assigned by a higher headquarters
n. a special assignment that is given to a person or group
n. the organized work of a religious missionary","n. 任务, 代表团, 使命, 传教团
vt. 派遣, 向...传教",n:100,4,0,cet4 cet6 ky toefl ielts,2599,1095,mission
formula,formula,'fɒ:mjulә,"n. a group of symbols that make a mathematical statement
n. a conventionalized statement expressing some fundamental principle
n. a representation of a substance using symbols for its constituent elements
n. a liquid food for infants","n. 客套语, 公式, 准则
[计] 公式",n:100,3,1,cet4 cet6 ky toefl ielts gre,2600,3340,formula
install,install,in'stɒ:l,"v. set up for use
v. put into an office or a position
v. place","vt. 安装, 安置, 使就职
[计] 安装, 安装程序; DOS内部命令:安装常驻程序",v:100,3,1,cet4 cet6 ky toefl ielts gre,2603,2505,install
tail,tail,teil,"n. the posterior part of the body of a vertebrate especially when elongated and extending beyond the trunk or main part of the body
n. any projection that resembles the tail of an animal
n. a spy employed to follow someone and report their movements
n. (usually plural) the reverse side of a coin that does not bear the representation of a person's head","n. 尾部, 后部, 辫子, 随员, 特务, 燕尾服, 踪迹, 限定继承(权)
a. 在后面的, 从后面而来的, 限定继承的, 尾部的, 后部的
vt. 为...装尾, 附于其后, 尾随, 使搭牢, 跟踪, 监视
vi. 跟踪, 船尾搁浅",v:4/n:96,3,1,zk gk cet4 cet6 ky toefl,2604,2985,tail
consultant,consultant,kәn'sʌltәnt,n an expert who gives advice,"n. 顾问, 征询意见者
[医] 顾问医师",n:100,3,0,gk cet6 ky toefl ielts,2605,2480,consultant
journalist,journalist,'dʒә:nәlist,n. a writer for newspapers and magazines,"n. 新闻记者, 从事新闻杂志业的人",n:100,4,1,gk cet4 cet6 ky toefl ielts,2607,2099,journalist
found,found,faund,"n. food and lodging provided in addition to money
a. come upon unexpectedly or after searching","vt. 建立, 创立, 铸造
find的过去式和过去分词",v:100,4,1,gk cet4 cet6 ky,2608,2664,found
percentage,percentage,pә'sentidʒ,n. a proportion in relation to a whole (which is usually the amount per hundred),"n. 百分比, 比率, 部分, 可能性
[计] 百分比",n:100,3,0,gk cet4 cet6 ky toefl ielts,2610,1787,percentage
compensation,compensation,.kɒmpen'seiʃәn,"n. something (such as money) given or received as payment or reparation (as for a service or loss or injury)
n. (psychiatry) a defense mechanism that conceals your undesirable shortcomings by exaggerating desirable behaviors","n. 补偿, 赔偿金, 工资
[医] 代偿(机能), 补偿",n:100,3,0,cet6 ky toefl ielts,2611,3796,compensation
anxiety,anxiety,æŋ'zaiәti,"n. (psychiatry) a relatively permanent state of worry and nervousness occurring in a variety of mental disorders, usually accompanied by compulsive behavior or attacks of panic
n. a vague unpleasant emotion that is experienced in anticipation of some (usually ill-defined) misfortune","n. 焦虑, 忧虑, 令人焦虑的事
[医] 焦虑",n:100,3,1,gk cet4 cet6 ky toefl ielts,2612,2467,anxiety
poet,poet,'pәuit,n. a writer of poems (the term is usually reserved for writers of good poetry),n. 诗人,n:100,3,0,gk cet4 cet6 ky toefl,2613,2923,poet
earnings,earnings,'ә:niŋ,"n the excess of revenues over outlays in a given period of time (including depreciation and other non-cash expenses)
n something that remunerates
v earn on some commercial or business transaction; earn as salary or wages
v acquire or deserve by one's efforts or actions","n. 所赚的钱, 工资, 收入
[经] 工资, 收入, 收益, 盈余",n:100,3,0,cet6,2619,2918,earnings
widespread,widespread,'waidspred,s. widely circulated or diffused,"a. 充分伸展的, 广布的, 普及的, 流传广的",j:100,3,0,gk cet4 cet6 ky toefl,2621,3282,widespread
whisper,whisper,'hwispә,"n. speaking softly without vibration of the vocal cords
v. speak softly; in a low voice","n. 耳语, 密谈, 谣传, 沙沙声
vi. 耳语, 密谈, 沙沙地响
vt. 低声说",n:22/v:78,3,1,gk cet4 cet6 ky gre,2623,2446,whisper
fortune,fortune,'fɒ:tʃәn,"n. a large amount of wealth or prosperity
n. your overall circumstances or condition in life (including everything that happens to you)","n. 财富, 运气, 兴隆, 大量财产, 好运, 命运
[法] 命运, 财产, 大量财产",n:100,3,1,gk cet4 cet6 ky toefl,2626,2703,fortune
deserve,deserve,di'zә:v,v. be worthy or deserving,"vt. 该得到, 值得
vi. 应得报答",v:100,3,1,gk cet4 cet6 ky toefl ielts,2627,2224,deserve
barrier,barrier,'bæriә,"n. a structure or object that impedes free movement
n. any condition that makes it difficult to make progress or to achieve an objective
n. anything serving to maintain separation by obstructing vision or access","n. 障碍, 栅栏
[化] 势垒; 阻片; 阻挡层",n:100,3,1,gk cet4 cet6 ky toefl ielts gre,2629,2609,barrier
anxious,anxious,'æŋʃәs,"s. eagerly desirous
s. causing or fraught with or showing anxiety","a. 忧虑的, 发愁的, 渴望的",j:100,3,1,gk cet4 cet6 ky toefl,2630,3827,anxious
tip,tip,tip,"n. the extreme end of something; especially something pointed
n. an indication of potential opportunity
v. cause to tilt
v. mark with a tip","n. 顶, 尖端, 梢, 末端, 倾斜, 垃圾场, 小费, 轻击, 指点, 秘密消息
vt. 装顶端, 使倾斜, 使翻倒, 泄露, 告诫, 暗示, 给...小费, 轻击
vi. 倾斜, 翻倒, 倾覆, 踮脚走, 给小费
[计] 终端接口处理器, 提示, 技巧",v:31/n:69,3,1,gk cet4 cet6 ky toefl,2631,1928,tip
nervous,nervous,'nә:vәs,"s. easily agitated
a. of or relating to the nervous system","a. 神经紧张的, 不安的, 神经的
[医] 神经的; 神经质的, 神经过敏的",j:100,3,1,zk gk cet4 cet6 ky toefl ielts,2632,2393,nervous
conscious,conscious,'kɒnʃәs,"s. intentionally conceived
a. knowing and perceiving; having awareness of surroundings and sensations and thoughts
s. (followed by `of') showing realization or recognition of something","a. 有意识的, 知觉的, 觉察的
[医] 有意识的, 清醒的",j:100,3,1,cet4 cet6 ky toefl ielts,2633,3845,conscious
tackle,tackle,'tækl,"n. the person who plays that position on a football team
n. (American football) a position on the line of scrimmage
n. (American football) grasping an opposing player with the intention of stopping by throwing to the ground
v. seize and throw down an opponent player, who usually carries the ball","n. 工具, 复滑车, 滑车, 装备, 扭倒
vt. 固定, 处理, 抓住
vi. 扭倒",n:34/v:66,3,1,cet6 ky toefl ielts gre,2634,4096,tackle
symbol,symbol,'simbl,"n. an arbitrary sign (written or printed) that has acquired a conventional significance
n. something visible that by association or convention represents something else that is invisible","n. 符号, 象征, 代号, 信条
[计] 符号; 码元",n:100,3,1,zk gk cet4 cet6 ky toefl,2635,2340,symbol
sweep,sweep,swi:p,"n. a wide scope
n. a long oar used in an open boat
n. a movement in an arc
v. move with sweeping, effortless, gliding motions","n. 扫除, 打扫, 肃清, 视野, 范围, 全胜
vt. 扫除, 掸去, 猛拉, 扫荡, 肃清, 冲走, 刮起, 环视, 掠过, 扫射
vi. 扫, 打扫, 袭击, 席卷, 扫视, 掠过",n:19/v:81,3,1,zk gk cet4 cet6 ky toefl ielts,2636,2639,sweep
stable,stable,'steibl,"n. a farm building for housing horses or other livestock
v. shelter in a stable
a. resistant to change of position or condition
s. firm and dependable; subject to little fluctuation","n. 马房, 牛棚
a. 稳定的, 安定的, 坚固的, 坚定的
vt. 赶入马房
vi. 被关在马厩",j:89/v:2/n:9,4,1,gk cet4 cet6 ky toefl,2637,2903,stable
satisfied,satisfied,'sætisfaiәd,s. filled with satisfaction,a. 感到满意的,j:100,3,1,,2638,5101,satisfied
borrow,borrow,'bɒrәu,v. get temporarily,"vt. 借, 借入, 借用
vi. 借
[计] 借位; 借位数",v:100,3,1,zk gk,2639,3214,borrow
climate,climate,'klaimit,"n. the weather in some location averaged over some long period of time
n. the prevailing psychological state","n. 气候, 社会趋势, 气候区
[医] 气候",n:100,3,1,gk cet4 ky toefl,2643,2103,climate
observer,observer,әb'zә:vә,n. an expert who observes and comments on something,"n. 观察者, 遵守者, 观察员
[法] 观察者, 观察员, 监场员",n:100,3,0,cet4 cet6,2645,2456,observer
moon,moon,mu:n,"n. the natural satellite of the Earth
n. any object resembling a moon
n. United States religious leader (born in Korea) who founded the Unification Church in 1954; was found guilty of conspiracy to evade taxes (born in 1920)
n. any natural satellite of a planet","n. 月亮, 月球, 月光
vi. 闲荡
vt. 虚度",v:3/n:97,3,1,zk gk,2646,2450,moon
basically,basically,'beisikli,r. in essence; at bottom or by one's (or its) very nature,"adv. 基本上, 主要地",r:100,3,1,cet4,2647,1691,basically
heaven,heaven,'hevn,n. the abode of God and the angels,"n. 天堂, 上帝, 天空",n:100,3,1,zk gk cet4 cet6 ky toefl,2649,2626,heaven
bury,bury,'beri,"v. cover from sight
v. place in a grave or tomb
v. place in the earth and cover with soil
v. embed deeply","vt. 埋葬, 埋藏",v:100,3,1,gk cet4 ky,2650,2398,bury
smell,smell,smel,"n. the sensation that results when olfactory receptors in the nose are stimulated by particular chemicals in gaseous form
n. the faculty that enables us to distinguish scents
n. the act of perceiving the odor of something
v. inhale the odor of; perceive by the olfactory sense","n. 味道, 气味, 嗅觉, 嗅, 臭味, 气息
vt. 闻, 探出, 察觉, 发出...的气味
vi. 嗅, 散发气味, 发臭",n:45/v:55,3,1,zk gk toefl,2651,2390,smell
pitch,pitch,pitʃ,"n. the property of sound that varies with variation in the frequency of vibration
n. (baseball) the act of throwing a baseball by a pitcher to a batter
n. a vendor's position (especially on the sidewalk)
n. degree of deviation from a horizontal plane","n. 程度, 坡度, 顶点, 前倾, 倾斜, 投掷, 音高, 螺距, 节距, 摊位, 树脂, 沥青
vt. 投, 掷, 向前倾跌, 扎营, 竭力推销, 为...定调, 定位于, 用沥青涂
vi. 搭帐篷, 投掷, 向前跌, 猛然摔倒, 坠落, 倾斜
[计] 孔距",v:48/n:52,3,1,cet4 cet6 ky toefl ielts gre,2652,3157,pitch
given,given,'givәn,"n. an assumption that is taken for granted
s. acknowledged as a supposition","a. 赠予的, 沉溺的, 约定的
give的过去分词",j:99/n:1,3,0,,2653,3017,given
alcohol,alcohol,'ælkәhɒl,"n. a liquor or brew containing alcohol as the active agent
n. any of a series of volatile hydroxyl compounds that are made from hydrocarbons by distillation","n. 酒精, 酒
[化] 醇; 乙醇; 酒精",n:100,3,1,gk cet4 ky,2654,2191,alcohol
crop,crop,krɒp,"n. the yield from plants in a single growing season
n. a cultivated plant that is grown commercially on a large scale
n. a collection of people or things appearing together
n. the output of something in a season","n. 农作物, 产量, 平头
vt. 收割, 修剪, 种植
vi. 收获
[计] 裁剪",v:9/n:91,3,1,gk cet4 cet6 ky,2655,2461,crop
capture,capture,'kæptʃә,"n. the act of forcibly dispossessing an owner of property
n. a process whereby a star or planet holds an object in its gravitational field
n. any process in which an atomic or nuclear system acquires an additional particle
n. the act of taking of a person by force","n. 抓取, 战利品, 捕获之物
vt. 抓取, 获得, 迷住
[计] 截获命令",n:11/v:89,3,1,cet4 cet6 ky toefl ielts gre,2658,1715,capture
awful,awful,'ɒ:ful,s. causing fear or dread or terror,"a. 可怕的, 庄严的, 虔敬的",r:8/j:92,3,1,gk cet4 cet6 ky ielts,2660,3276,awful
stomach,stomach,'stʌmәk,"n. an enlarged and muscular saclike organ of the alimentary canal; the principal organ of digestion
n. an inclination or liking for things involving conflict or difficulty or unpleasantness
n. an appetite for food
v. bear to eat","n. 胃, 食欲, 欲望, 肚子
vt. 吃下, 忍受",n:100,3,1,zk gk cet4 cet6 ky toefl ielts gre,2661,2503,stomach
opponent,opponent,ә'pәunәnt,s. characterized by active hostility,"n. 对手, 敌手, 反对者
a. 敌对的, 反对的, 对面的",n:100,3,1,cet4 cet6 ky toefl ielts gre,2663,2181,opponent
snow,snow,snәu,"n. precipitation falling from clouds in the form of ice crystals
n. a layer of snowflakes (white crystals of frozen water) covering the ground
n. English writer of novels about moral dilemmas in academe (1905-1980)
v. fall as snow","n. 雪, 积雪, 下雪, 雪花形干扰
vi. 下雪, 似雪般落下
vt. 使雪白, 用雪覆盖, 使像雪般落下",v:8/n:92,3,1,zk gk,2665,1781,snow
poverty,poverty,'pɒvәti,n. the state of having little or no money and few or no material possessions,"n. 贫穷, 贫困, 缺乏
[医] 贫乏, 缺乏",n:100,3,0,cet4 cet6 ky toefl ielts,2666,2333,poverty
enhance,enhance,in'hæns,"v. increase
v. make better or more attractive","vt. 提高, 加强, 增加",v:100,3,0,cet4 cet6 ky toefl ielts gre,2669,2331,enhance
consistent,consistent,kәn'sistәnt,"a. (sometimes followed by `with') in agreement or consistent or reliable
s. the same throughout in structure or composition","a. 一致的, 坚持的, 并立的, 坚固的",j:100,3,0,gk cet4 cet6 ky toefl gre,2670,2225,consistent
ownership,ownership,'әunәʃip,"n. the relation of an owner to the thing possessed; possession with the right to transfer possession to others
n. the state or fact of being an owner","n. 所有权, 物主身份
[经] 所有权, 所有制",n:100,3,0,gk cet4 cet6 ky ielts,2672,3585,ownership
enthusiasm,enthusiasm,in'θju:ziæzәm,"n. a feeling of excitement
n. a lively interest","n. 巨大的热情, 热心",n:100,3,1,cet4 cet6 ky toefl ielts,2678,3716,enthusiasm
cease,cease,si:s,n. (`cease' is a noun only in the phrase `without cease') end,"n. 停止
v. 停止, 终了",v:100,3,1,cet4 cet6 ky toefl ielts,2679,4470,cease
impressive,impressive,im'presiv,"a. making a strong or vivid impression
s. producing a strong effect","a. 给人深刻印象的, 威严的",j:100,3,1,cet4 cet6 ky toefl ielts,2680,3258,impressive
honest,honest,'ɒnist,"a. not disposed to cheat or defraud; not deceptive or fraudulent
s. without dissimulation; frank
s. without pretensions
s. marked by truth","a. 诚实的, 坦直的, 可靠的",j:100,3,1,zk gk cet4 ky,2681,2530,honest
smooth,smooth,smu:ð,"n. the act of smoothing
v. make smooth or smoother, as if by rubbing
v. free from obstructions
a. having a surface free from roughness or bumps or ridges or irregularities","a. 平滑的, 平稳的, 流畅的, 和蔼的, 安祥的, 圆滑的, 调匀的, 无毛的
vt. 使光滑, 烫平, 使平和, 消除
vi. 变平滑, 变平静
n. 一块平地, 平滑部分",j:79/v:21,3,1,zk gk cet4 cet6 ky toefl ielts gre,2682,2422,smooth
remote,remote,ri'mәut,"n a device that can be used to control a machine or apparatus from a distance
s located far away spatially
s very unlikely
s separate or apart in time
s inaccessible and sparsely populated; 
a far apart in relevance or relationship or kinship","a. 遥远的, 偏僻的, 疏远的, 微少的
[计] 远程, 远程访问实用程序",j:98/n:2,3,1,gk cet4 cet6 ky toefl,2684,2778,remote
qualify,qualify,'kwɒlifai,"v. prove capable or fit; meet requirements
v. pronounce fit or able
v. make more specific
v. make fit or prepared","vi. 取得资格, 有资格
vt. 使有资格, 使合格, 限定, 限制, 准予",v:100,3,1,cet4 cet6 ky toefl ielts,2685,3049,qualify
shell,shell,ʃel,"n. ammunition consisting of a cylindrical metal casing containing an explosive charge and a projectile; fired from a large gun
n. the material that forms the hard outer covering of many animals
n. the hard usually fibrous outer layer of some fruits especially nuts
n. the exterior covering of a bird's egg","n. 贝壳, 壳, 外形, 炮弹
vt. 去壳, 脱落, 炮轰
vi. 剥落, 脱壳
[计] 外壳; DOS内部命令:指定命令行处理程序",v:16/n:84,3,1,cet4 cet6 ky toefl ielts gre,2687,2560,shell
tube,tube,tju:b,"n. conduit consisting of a long hollow object (usually cylindrical) used to hold and conduct objects or liquids or gases
n. electronic device consisting of a system of electrodes arranged in an evacuated glass or metal envelope
n. (anatomy) any hollow cylindrical body structure
v. provide with a tube or insert a tube into","n. 管, 软管, 隧道
vt. 把...装管, 使通过管子
[计] 管子",n:100,3,1,gk cet4 cet6 ky toefl ielts,2688,2520,tube
eighteen,eighteen,'ei'ti:n,"n. the cardinal number that is the sum of seventeen and one
s. being one more than seventeen","num. 十八, 十八个",m:100,5,0,zk gk cet4 ky,2690,5480,eighteen
princess,princess,'prinsis,n. a female member of a royal family other than the queen (especially the daughter of a sovereign),"n. 公主, 王妃, 女巨头",n:100,4,1,cet4 cet6 ky,2691,6039,princess
transform,transform,træns'fɒ:m,"v. subject to a mathematical transformation
v. change or alter in form, appearance, or nature
v. change in outward structure or looks
v. convert (one form of energy) to another","vt. 使转换, 改变, 改造, 使...变形
vi. 改变, 转化, 变换
[计] 变换",v:100,3,1,gk cet4 cet6 ky toefl ielts,2693,2185,transform
talent,talent,'tælәnt,n. a person who possesses unusual innate ability in some field or activity,"n. 天才, 才能, 有才干的人, 天资",n:100,4,0,gk cet4 cet6 ky toefl,2694,2030,talent
burden,burden,'bә:dn,"n. an onerous or difficult concern
n. the central idea that is expanded in a document or discourse
v. weight down with a load","n. 负担, 重载, 担子, 责任
vt. 装货于, 烦扰, 使负担",v:12/n:88,3,0,gk cet4 cet6 ky toefl,2696,2665,burden
pink,pink,piŋk,"n. a light shade of red
n. any of various flowers of plants of the genus Dianthus cultivated for their fragrant flowers
v. sound like a car engine that is firing too early
v. cut in a zigzag pattern with pinking shears, in sewing","n. 粉红色, 石竹花, 化身, 典范, 头面人物, 极度
a. 粉红的, 石竹科的, 比较激进的, 脸色发红的, 精致的, 有点下流的
vt. 刺, 扎, 刺痛, 射伤, 使面红耳赤, 使变粉红色
vi. 变粉红色",j:91/n:9,3,1,zk cet4 cet6 ky ielts,2698,2488,pink
operator,operator,'ɒpәreitә,"n. (mathematics) a symbol or function representing a mathematical operation
n. an agent that operates some apparatus or machine
n. someone who owns or operates a business
n. a speculator who trades aggressively on stock or commodity markets","n. 操作员, 行家, 经纪人, 算子, 运算符
[计] 运算符",n:100,3,0,gk cet4 cet6 ky toefl,2700,3210,operator
holy,holy,'hәuli,a. belonging to or derived from or associated with a divine power,"a. 神圣的, 圣洁的, 至善的
n. 神圣的东西",j:100,3,1,gk cet4 cet6 ky,2701,2375,holy
schedule,schedule,'skedʒuәl,"n. an ordered list of times at which things are planned to occur
v. plan for an activity or event
v. make a schedule; plan the time and place for events","n. 时间表, 一览表, 计划表, 议事日程
vt. 预定, 编制目录, 制...表, 安排",v:45/n:55,4,1,gk cet4 cet6 ky toefl ielts,2702,2144,schedule
slide,slide,slaid,"n. a small flat rectangular piece of glass on which specimens can be mounted for microscopic study
n. (geology) the descent of a large mass of earth or rocks or snow etc.
n. plaything consisting of a sloping chute down which children can slide
n. the act of moving smoothly along a surface while remaining in contact with it","n. 滑, 滑道, 山崩, 雪崩, 幻灯片
vt. 使滑动, 偷偷放入
vi. 滑动, 滑落, 不知不觉陷入, 偷偷地走",n:32/v:68,3,1,gk cet4 cet6 ky toefl ielts,2704,2174,slide
strengthen,strengthen,'streŋθәn,"v. make strong or stronger
v. gain strength","vt. 加强, 变坚固
vi. 变强, 股票上涨",v:100,3,0,gk cet4 cet6 ky toefl ielts,2706,3074,strengthen
bowl,bowl,bәul,"n. a round vessel that is open at the top; used chiefly for holding food or liquids; 
n. a concave shape with an open top
n. a dish that is round and open at the top for serving foods
n. the quantity contained in a bowl","n. 碗, 木球, 大酒杯
v. 滚木球, 快而稳地行驶",v:5/n:95,3,1,zk gk cet4 ky toefl,2707,1829,bowl
dish,dish,diʃ,"n. a piece of dishware normally used as a container for holding or serving food
n. a particular item of prepared food
n. the quantity that a dish will hold
n. directional antenna consisting of a parabolic reflector for microwave or radio frequency radiation","n. 盘子, 碟, 菜肴
[医] 皿, 碟",v:5/n:95,3,1,zk gk,2709,1935,dish
publisher,publisher,'pʌbliʃә,"n. a firm in the publishing business
n. a person engaged in publishing periodicals or books or music
n. the proprietor of a newspaper","n. 出版者, 发行人
[法] 发行人, 出版者, 报刊发行者",n:100,3,0,,2711,3072,publisher
outstanding,outstanding,.aut'stændiŋ,"s. distinguished from others in excellence
s. having a quality that thrusts itself into attention
s. owed as a debt","a. 杰出的, 突出的, 未偿付的, 未决定的
[经] 未解决的, 未偿付",j:100,3,1,gk cet4 cet6 ky toefl,2714,4000,outstanding
minimum,minimum,'minimәm,"n. the smallest possible quantity
n. the point on a curve where the tangent changes from negative on the left to positive on the right","a. 最小的, 最低的
n. 最小值
[计] 最小值",j:57/n:43,3,1,gk cet4 cet6 ky toefl ielts,2715,3633,minimum
cheese,cheese,tʃi:z,"n. a solid food prepared from the pressed curd of milk
v. used in the imperative (get away, or stop it)
v. wind onto a cheese","n. 乳酪
[化] 干酪",n:100,3,1,zk gk cet4 ky ielts,2717,2104,cheese
dominant,dominant,'dɒminәnt,"n. (music) the fifth note of the diatonic scale
a. exercising influence or control
a. (of genes) producing the same phenotype whether its allele is identical or dissimilar","a. 占优势的, 支配的
[医] 优性的, 显性的",j:99/n:1,3,0,cet6 ky toefl ielts gre,2719,3174,dominant
strategic,strategic,strә'ti:dʒik,"a. relating to or concerned with strategy
s. highly important to or an integral part of a strategy or plan of action especially in war","a. 战略的, 战略上的
[经] 战略的",j:100,3,0,cet4 cet6 ielts,2723,2702,strategic
related,related,ri'leitid,"a. being connected either logically or causally or by shared characteristics
a. connected by kinship, common origin, or marriage","a. 讲述的, 叙述的；有关系的, 有关联的",j:100,3,1,ielts,2726,3391,related
democrat,democrat,'demәkræt,"n. a member of the Democratic Party
n. an advocate of democratic principles","n. 民主人士, 民主主义者, 民主党党员
[经] 民主党",n:100,4,0,toefl,2733,903,democrat
complicated,complicated,'kɒmplikeitid,s. difficult to analyze or understand,"a. 复杂的
[医] 并发的",j:100,3,1,cet4 cet6 ky toefl ielts,2736,2750,complicated
alongside,alongside,ә'lɒŋ'said,r side by side,"adv. 在旁边, 靠拢着
prep. 在...旁边, 与...在一起",i:87/r:13,3,1,gk cet6 ky ielts,2737,4203,alongside
accurate,accurate,'ækjurәt,"a. conforming exactly or almost exactly to fact or to a standard or performing with total accuracy
s. (of ideas, images, representations, expressions) characterized by perfect conformity to fact or truth; strictly correct","a. 正确的, 精确的
[经] 准确的, 精确的",j:100,3,1,cet4 cet6 ky toefl ielts gre,2738,2728,accurate
pose,pose,pәuz,"n. a posture assumed by models for photographic or artistic purposes
v. pretend to be someone you are not; sometimes with fraudulent intentions
v. behave affectedly or unnaturally in order to impress others","n. 姿势, 姿态, 装模作样, 伪装
vi. 摆姿势, 装模作样, 假装
vt. 使摆好姿势, 提出, 造成",n:14/v:86,3,1,cet4 cet6 ky toefl ielts gre,2739,2230,pose
lend,lend,lend,"v. bestow a quality on
v. give temporarily; let have for a limited time
v. have certain characteristics of qualities for something; be open or vulnerable to","vt. 借, 贷款给, 增添, 提供, 出租
vi. 贷款",v:100,3,1,zk gk,2740,3548,lend
proof,proof,pru:f,"n. any factual evidence that helps to establish the truth of something
n. a formal series of statements showing that if one thing is true something else necessarily follows from it
n. a measure of alcoholic strength expressed as an integer twice the percentage of alcohol present (by volume)
n. (printing) an impression made to check for errors","n. 证据, 证明, 试验, 检验, 考验
a. 不能透入的, 证明用的, 防...的, 耐...的
vt. 检验, 试验, 校对, 使不被穿透
[计] 审稿",v:1/j:1/n:98,3,1,cet4 cet6 ky toefl,2743,2865,proof
childhood,childhood,'tʃaildhud,"n. the time of person's life when they are a child
n. the state of a child between infancy and adolescence","n. 孩童时期
[医] 儿童期",n:100,3,0,gk cet4 ky,2746,2107,childhood
wire,wire,'waiә,"n. ligament made of metal and used to fasten things or make cages or fences etc
n. a metal conductor that carries electricity over a distance
n. the finishing line on a racetrack
v. provide with electrical circuits","n. 电线, 电报, 电信, 铁丝网, 金属丝
vt. 用金属丝捆扎, 拍电报
vi. 打电报",v:16/n:84,3,1,gk cet4 cet6 ky,2748,2370,wire
strain,strain,strein,"n. (physics) deformation of a physical body under the action of applied forces
n. (psychology) nervousness resulting from mental stress
n. injury to a muscle (often caused by overuse); results in swelling and pain
n. an intense or violent exertion","n. 紧张, 拉紧, 张力, 过劳, 扭伤, 血缘, 种, 族, 气质, 曲调, 旋律, 口吻
vt. 使劳累, 拉紧, 过分使用, 扭伤, 滥用, 曲解, 滤
vi. 尽力, 努力, 紧拉, 弯曲, 被滤出",v:42/n:58,3,1,cet4 cet6 ky toefl ielts,2749,3659,strain
smoke,smoke,smәuk,"n. a cloud of fine particles suspended in a gas
n. a hot vapor containing fine particles of carbon being produced by combustion
n. an indication of some hidden activity
n. something with no concrete substance","n. 烟, 雾气, 烟熏剂, 抽烟, 烟色
vi. 吸烟, 冒烟, 弥漫
vt. 以烟熏, 抽烟而导致...",v:49/n:51,4,1,zk gk toefl ielts,2750,2414,smoke
salary,salary,'sælәri,n something that remunerates,"n. 薪水
vt. 给...加薪",n:100,3,1,gk cet4 cet6 ky ielts,2751,2455,salary
merchant,merchant,'mә:tʃәnt,n. a businessperson engaged in retail trade,"n. 商人, 店主
a. 商业的, 商人的",n:100,3,0,gk cet4 cet6 ky toefl,2755,4126,merchant
steam,steam,sti:m,"n. water at boiling temperature diffused in the atmosphere
v. emit steam
v. rise as vapor
v. get very angry","n. 蒸汽, 精力
a. 蒸汽的
vi. 蒸发, 行驶, 发怒
vt. 蒸, 煮, 散发",v:20/n:80,3,1,gk cet4 cet6 ky toefl ielts,2756,4139,steam
import,import,im'pɒ:t,"n. commodities (goods or services) bought from a foreign country
n. an imported person brought from a foreign country
v. bring in from abroad
v. transfer (electronic data) into a database or document","n. 进口货, 进口, 输入, 含义, 重要性
vt. 输入, 引入, 进口, 含...的意思, 重要
vi. 有关系
[计] 引入",v:38/n:62,4,1,gk cet4 cet6 ky toefl gre,2757,4050,import
extraordinary,extraordinary,ik'strɒ:dәnәri,"a. beyond what is ordinary or usual; highly unusual or exceptional or remarkable
s. far more than usual or expected
s. (of an official) serving an unusual or special function in addition to those of the regular officials","a. 非常的, 特别的, 非凡的
[经] 非常的, 特别的, 临时的",j:100,3,1,gk cet4 cet6 ky toefl,2759,2625,extraordinary
visible,visible,'vizәbl,"a. capable of being seen; or open to easy view
s. obvious to the eye
s. present and easily available","a. 看得见的, 明显的, 显然的
n. 可见物",j:100,3,1,cet4 cet6 ky ielts,2760,2304,visible
plain,plain,plein,"n. extensive tract of level open land
a. not elaborate or elaborated; simple
a. lacking patterns especially in color
s. not mixed with extraneous elements","n. 平原, 草原, 朴实无华的东西, 无格式
a. 简单的, 明白的, 平常的, 不好看的, 朴素的, 清晰的, 普通的, 平坦的, 十足的
adv. 清楚地, 显然地
[计] 无格式",r:5/j:57/n:38,3,1,zk gk cet4 cet6 ky toefl gre,2762,3549,plain
shopping,shopping,'ʃɒpiŋ,"n. searching for or buying goods or services
n. the commodities purchased from stores","n. 买东西, 购物
[经] 购物, 买东西",n:100,3,1,gk cet4 cet6 ielts,2763,2713,shopping
label,label,'leibl,"n. a brief description given for purposes of identification
n. trade name of a company that produces musical recordings
n. a radioactive isotope that is used in a compound in order to trace the mechanism of a chemical reaction
n. an identifying or descriptive marker that is attached to an object","n. 标签, 称号, 商标, 标志
vt. 贴标签于, 标注
[计] 标志; 标注; DOS外部命令:用于建立改变或删除磁盘卷标号",v:39/n:61,3,1,cet4 cet6 ky toefl,2764,2619,label
lover,lover,'lʌvә,"n. a person who loves someone or is loved by someone
n. a significant other to whom you are not related by marriage","n. 爱人, 爱好者",n:100,3,1,cet4 ky,2765,2781,lover
designer,designer,di'zainә,n. a person who devises plots or intrigues,"n. 设计者, 谋划者, 制图者
[计] 设计员",n:100,3,0,ielts gre,2766,2426,designer
stake,stake,steik,"n. instrument of execution consisting of a vertical post that a victim is tied to for burning
n. the money risked on a gamble
n. a strong wooden or metal post with a point at one end so it can be driven into the ground
v. mark with a stake","n. 桩, 炮烙刑, 木柱, 赌注, 奖金
vt. 打桩, 用桩撑, 下赌注, 资助
vi. 打赌",v:16/n:84,4,0,cet4 cet6 ky toefl ielts gre,2769,2591,stake
tunnel,tunnel,'tʌnl,"n. a passageway through or under something, usually underground (especially one for trains or cars)
v. force a way through","n. 隧道, 地下道
vi. 挖隧道
vt. 掘隧道于",v:6/n:94,3,1,cet4 cet6 ky toefl ielts,2770,3355,tunnel
musical,musical,'mju:zikl,"n. a play or film whose action and dialogue is interspersed with singing and dancing
a. characterized by or capable of producing music
a. talented in or devoted to music
a. characteristic of or resembling or accompanied by music","n. 音乐片, 音乐舞台剧
a. 音乐的, 声音美妙的, 喜爱音乐的",j:89/n:11,3,1,gk cet4 cet6 ky ielts,2771,2097,musical
poetry,poetry,'pәuitri,"n. literature in metrical form
n. any communication resembling poetry in beauty or the evocation of feeling","n. 诗, 韵文, 诗歌艺术",n:100,3,1,cet4 cet6 ky,2772,2959,poetry
fabric,fabric,'fæbrik,n. artifact made by weaving or felting or knitting or crocheting natural or synthetic fibers,"n. 织物, 布, 结构, 构造, 建筑物
[经] 组织, 建筑物, 工厂",n:100,3,0,cet4 cet6 ky toefl ielts gre,2773,3059,fabric
sustain,sustain,sә'stein,"v. supply with necessities and support
v. admit as valid","vt. 承受, 支持, 供养, 继续, 忍受, 蒙受, 证实, 准许
[电] 持续",v:100,3,0,cet4 cet6 ky toefl ielts gre,2774,2986,sustain
grab,grab,græb,"n. a mechanical device for gripping an object
v. make a grasping or snatching motion with the hand
v. obtain illegally or unscrupulously
v. take or grasp suddenly","n. 抓握, 掠夺, 强占, 东方沿岸帆船
vi. 抓取, 抢去
vt. 攫取, 捕获, 霸占",n:6/v:94,3,1,cet6 ky toefl ielts,2777,1477,grab
gentle,gentle,'dʒentl,"v. stroke soothingly
s. soft and mild; not harsh or stern or severe
s. having or showing a kindly or tender nature
s. quiet and soothing","a. 温和的, 文雅的",j:99/v:1,3,1,gk cet4 cet6 ky toefl ielts gre,2778,3393,gentle
scream,scream,skri:m,"n. sharp piercing cry
v. make a loud, piercing sound","n. 尖叫声
vi. 尖叫, 大笑, 尖啸, 令人震惊
vt. 尖叫着说, 大叫大嚷着要求",n:22/v:78,3,1,gk cet4 cet6 ky,2779,2118,scream
vessel,vessel,'vesl,"n. a tube in which a body fluid circulates
n. a craft designed for water transportation
n. an object used as a container (especially for liquids)","n. 船, 容器, 脉管
[医] 管, 脉管, (容)器",n:100,3,0,cet4 cet6 ky toefl ielts gre,2780,2940,vessel
favour,favour,'feivә,"n a feeling of favorable regard
n an inclination to approve
n an advantage to the benefit of someone or something
n souvenir consisting of a small gift given to a guest at a party
n an act of gracious kindness
v treat gently or carefully
v bestow a privilege upon
v promote over another
v consider as the favorite","n. 好感, 偏爱, 喜爱, 相信, 庇护, 赞同, 支持, 信赖, 善行, 恩惠, 徽章, 礼物
vt. 赞成, 帮助, 支持, 喜爱, 偏袒, 关切, 赐与, 给与, 有利于, 有助于, 像, 体恤",v:100,4,1,gk cet4 cet6 ielts,2781,28142,favour
pot,pot,pɒt,"n. metal or earthenware cooking vessel that is usually round and deep; often has a handle and lid
n. the quantity contained in a pot
n. a container in which plants are cultivated
n. the cumulative amount involved in a game (such as poker)","n. 盆, 罐, 壶, 坩埚, 奖杯
vt. 装入盆中, 在锅中煮, 随手射击
vi. 随手射击",v:5/n:95,3,1,gk cet4 cet6 ky toefl,2782,2235,pot
participate,participate,pɑ:'tisipeit,v. share in something,"vi. 参加, 分享, 参与, 带有
vt. 分享, 分担",v:100,3,0,gk cet4 cet6 ky toefl ielts,2783,1482,participate
tissue,tissue,'tiʃu:,"n. part of an organism consisting of an aggregate of cells having a similar structure and function
n. a soft thin (usually translucent) paper","n. 薄的织物, 薄纱, 棉纸, 组织, 一套
[化] 组织",n:100,3,0,gk cet4 cet6 ky toefl ielts gre,2784,2688,tissue
economics,economics,.i:kә'nɒmiks,n. the branch of social science that deals with the production and distribution and consumption of goods and services and their management,"n. 经济学
[经] 经济学",n:100,4,0,cet4 cet6 ky toefl ielts,2785,3186,economics
ultimately,ultimately,'ʌltimәtli,r. as the end result of a succession or process,"adv. 最后, 最终
[法] 最后, 终究, 总之",r:100,3,1,cet4 cet6 ielts,2786,1774,ultimately
breast,breast,brest,"n. the front of the trunk from the neck to the abdomen
n. either of two soft fleshy milk-secreting glandular organs on the chest of a woman
n. meat carved from the breast of a fowl
n. the part of an animal's body that corresponds to a person's chest","n. 胸部, 乳房, 胸怀
vt. 以胸对着, 面对",v:1/n:99,3,1,gk cet4 cet6 ky,2793,1652,breast
rugby,rugby,'rʌ^bi,n. a form of football played with an oval ball,"n. 橄榄球, 橄榄球赛",n:100,3,0,gk,2794,15490,rugby
unity,unity,'ju:niti,"n an undivided or unbroken completeness or totality with nothing wanting
n the smallest whole number or a numeral representing this number
n the quality of being united into one","n. 一致, 联合, 单一(性), 个体
[经] 统一",n:100,3,0,cet4 cet6 ky toefl,2795,3749,unity
squad,squad,skwɒd,n. a smallest army unit,"n. 班, 小队, 小集团
vt. 编成班",n:100,3,0,toefl,2797,4606,squad
percent,percent,pә'sent,n a proportion in relation to a whole (which is usually the amount per hundred),"n. 百分比, 百分数, 部分
[机] 百分率",,5,0,zk gk cet4 cet6 ky ielts,2802,0,percent
tight,tight,tait,"a. closely constrained or constricted or constricting
s. set so close together as to be invulnerable to penetration
s. affected by scarcity and expensive to borrow
a. of such close construction as to be impermeable","a. 紧的, 密封的, 吝啬的, 严厉的
adv. 紧紧地",r:44/j:56,3,1,gk cet4 cet6 ky toefl,2805,2741,tight
violent,violent,'vaiәlәnt,"a. acting with or marked by or resulting from great force or energy or emotional intensity
s. effected by force or injury rather than natural causes
s. (of colors or sounds) intensely vivid or loud","a. 暴力的, 猛烈的, 激烈的, 极端的, 凶暴的",j:100,3,1,gk cet4 cet6 ky toefl ielts,2807,2158,violent
sensible,sensible,'sensәbl,"a. able to feel or perceive
s. readily perceived by the senses
s. aware intuitively or intellectually of something sensed","a. 有感觉的, 敏感的, 明智的
[医] 可感觉的",j:100,3,1,cet4 cet6 ky toefl ielts gre,2809,6126,sensible
dig,dig,dig,"n. the site of an archeological exploration
n. a small gouge (as in the cover of a book)
n. the act of touching someone suddenly with your finger or elbow
v. turn up, loosen, or remove earth","vt. 挖, 翻土, 发掘
vi. 挖掘
n. 挖掘
[计] 数字, 数位",n:15/v:85,3,1,zk gk,2810,2460,dig
adjust,adjust,ә'dʒʌst,"v. alter or regulate so as to achieve accuracy or conform to a standard
v. adapt or conform oneself to new or different conditions
v. make correspondent or conformable
v. decide how much is to be paid on an insurance claim","vt. 调整, 使适应于, 校准
vi. 适应于, 被调节, 相互熟悉而适应",v:100,3,1,gk cet4 cet6 ky toefl ielts gre,2811,2300,adjust
profile,profile,'prәufail,"n. an analysis (often in graphical form) representing the extent to which something exhibits various characteristics
n. an outline of something (especially a human face as seen from one side)
n. biographical sketch
n. a vertical section of the Earth's crust showing the different horizons or layers","n. 侧面, 轮廓, 传略
vt. 描绘...轮廓, 写...的传略
[计] 提问档; 剖面图法; 剖面法",v:11/n:89,3,0,cet6 ky toefl ielts gre,2812,2676,profile
mystery,mystery,'mistәri,"n. something that baffles understanding and cannot be explained
n. a story about a crime (usually murder) presented as a novel or play or movie","n. 秘密, 神秘, 奥秘",n:100,3,1,cet4 cet6 ky toefl,2813,2332,mystery
headquarters,headquarters,hed'kwɒ:tәz,"n. (usually plural) the office that serves as the administrative center of an enterprise
n. the military installation from which a commander performs the functions of command
n. (plural) a military unit consisting of a commander and the headquarters staff","n. 总部, 司令部, 总部人员
[经] 本部, 总部, 总署",n:100,3,0,cet4 cet6 ky toefl,2817,2867,headquarters
vegetable,vegetable,'vedʒәtәbl,"n. edible seeds or roots or stems or leaves or bulbs or tubers or nonsweet fruits of any of numerous herbaceous plant
n. any of various herbaceous plants cultivated for an edible part such as the fruit or the root of the beet or the leaf of spinach or the seeds of bean plants or the flower buds of broccoli or cauliflower","n. 蔬菜, 植物, 无精打采之人
a. 蔬菜的, 植物的",j:1/n:99,3,1,zk gk toefl ielts,2818,1934,vegetable
reward,reward,ri'wɒ:d,"n. payment made in return for a service rendered
n. an act performed to strengthen approved behavior
n. the offer of money for helping to find a criminal or for returning lost property
v. act or give recompense in recognition of someone's behavior or actions","n. 报酬, 酬谢, 赏金
vt. 奖赏, 酬谢, 给...应有报应",v:40/n:60,3,1,gk cet4 cet6 ky toefl ielts gre,2819,3392,reward
junior,junior,'dʒu:njә,"n. term of address for a disrespectful and annoying male
n. a third-year undergraduate
n. the younger of two persons
n. a son who has the same first name as his father","n. 年少者, 地位较低者, 大学三年级学生
a. 年少的, 下级的, 后进的",j:90/n:10,3,1,gk cet4 cet6 ky ielts,2820,2451,junior
bathroom,bathroom,'bɑ:θru:m,n. a room (as in a residence) containing a bathtub or shower and usually a washbasin and toilet,"n. 浴室, 厕所",n:100,3,1,zk gk cet4 ky ielts,2821,2404,bathroom
grade,grade,greid,"n. a relative position or degree of value in a graded group
n. the gradient of a slope or road or other surface
n. a degree of ablaut
n. the height of the ground on which something stands","n. 等级, 年级, 阶段, 成绩, 程度, 坡度, 斜坡
vt. 分等, 分级, 评分
vi. 属于某等级, 逐渐变化",v:14/n:86,3,1,zk gk ielts,2822,1426,grade
ban,ban,bæn,"n. 100 bani equal 1 leu in Moldova
n. 100 bani equal 1 leu in Romania
n. an official prohibition or edict against something
v. forbid the public distribution of ( a movie or a newspaper)","n. 禁令
vt. 禁止, 取缔",n:44/v:56,4,1,gk cet4 cet6 ky toefl ielts gre,2824,3273,ban
announcement,announcement,ә'naunsmәnt,"n. a formal public statement
n. a public statement containing information about an event that has happened or is going to happen","n. 公告, 发表, 告知
[经] 通告, 布告, 公告",n:100,3,0,gk toefl ielts,2825,3604,announcement
consult,consult,kәn'sʌlt,"v. get or ask advice from
v. seek information from
v. advise professionally","vi. 商讨, 商量, 协商, 会诊
vt. 向...请教, 查阅, 考虑",v:100,3,1,gk cet4 cet6 ky toefl ielts,2826,3591,consult
comfort,comfort,'kʌmfәt,"n. a state of being relaxed and feeling no pain
n. a feeling of freedom from worry or disappointment
n. satisfaction or physical well-being provided by a person or thing
n. assistance, such as that provided to an enemy or to a known criminal","n. 舒适, 安慰, 安慰者
vt. 安慰",v:30/n:70,3,1,gk cet4 cet6 ky,2827,2928,comfort
imagination,imagination,i.mædʒi'neiʃәn,"n. the formation of a mental image of something that is not perceived as real and is not present to the senses
n. the ability to form mental images of things or events","n. 想像, 听觉, 想像力
[医] 想像",n:100,3,1,cet4 cet6 ky,2828,2892,imagination
bell,bell,bel,"n. a hollow device made of metal that makes a ringing sound when struck
n. the sound of a bell being struck
n. (nautical) each of the eight half-hour units of nautical time signaled by strokes of a ship's bell; eight bells signals 4:00, 8:00, or 12:00 o'clock, either a.m. or p.m.
n. the shape of a bell","n. 铃, 钟
[计] 响铃命令",v:1/n:99,3,1,zk gk,2829,2646,bell
surgery,surgery,'sә:dʒәri,"n. the branch of medical science that treats disease or injury by operative procedures
n. a room where a doctor or dentist can be consulted","n. 外科, 手术, 手术室, 换球术",n:100,3,0,cet4 cet6 ky toefl ielts,2833,1793,surgery
draft,draft,dræft. drɑ:ft,"n. a document ordering the payment of money; drawn by one person or bank on another
n. a current of air (usually coming into a chimney or room or vehicle)
n. a preliminary sketch of a design or picture
n. a serving of drink (usually alcoholic) drawn from a keg","n. 气流, 草稿, 汇票, 草案
vt. 起草, 征兵
[计] 草稿",v:33/n:67,3,1,gk cet4 cet6 ky toefl ielts gre,2834,2624,draft
till,till,til,"n. unstratified soil deposited by a glacier; consists of sand and clay and gravel and boulders mixed together
v. work land as by ploughing, harrowing, and manuring, in order to make it ready for cultivation","prep. 直到, 在...以前, 迄
conj. 直到...为止
vt. 耕种
n. 放钱的抽屉, 备用现金, 冰碛",i:46/c:47/n:3/v:4,3,1,zk gk toefl,2835,4897,till
psychological,psychological,.saikә'lɒdʒikәl,"s. mental or emotional as opposed to physical in nature
a. of or relating to or determined by psychology","a. 心理学的, 精神上的, 心灵的
[法] 心理上的, 心理学的",j:100,3,0,cet4 cet6 ielts,2836,2361,psychological
inevitable,inevitable,in'evitәbl,"n. an unavoidable event
a. incapable of being avoided or prevented
s. invariably occurring or appearing","a. 不可避免的, 必然的
[法] 不可避免的, 无法规避的, 必然的",j:100,3,1,cet4 cet6 ky toefl ielts,2837,3561,inevitable
outline,outline,'autlain,"n. the line that appears to bound an object
n. a sketchy summary of the main points of an argument or theory
n. a schematic or preliminary plan","n. 大纲, 轮廓, 概要
vt. 描画轮廓, 描述要点
n. 大纲, 分级, 轮廓
[计] 大纲, 分级, 轮廓",n:44/v:56,3,1,gk cet4 cet6 ky toefl ielts gre,2838,4429,outline
conviction,conviction,kәn'vikʃәn,"n. an unshakable belief in something without need for proof or evidence
n. (criminal law) a final judgment of guilty in a criminal case and the punishment that is imposed","n. 定罪, 信服, 坚信
[法] 定罪, 证明有罪, 判罪",n:100,3,0,cet6 ky toefl ielts gre,2840,3066,conviction
addition,addition,ә'diʃәn,"n. a component that is added to something to improve it
n. the act of adding one thing to another
n. a quantity that is added
n. a suburban area laid out in streets and lots for a future residential area","n. 加法, 增加的人(或物)
[计] 加法",i:71/n:29,4,1,gk cet4 cet6 ky ielts gre,2841,2048,addition
snap,snap,snæp,"n. a spell of cold weather
n. the noise produced by the rapid movement of a finger from the tip to the base of the thumb on the same hand
n. a sudden breaking
n. a fastener used on clothing; fastens with a snapping sound","vt. 使突然中断, 猛咬, 争夺, 拉断, 使有啪啪声, 厉声说, 突然射击, 用快照拍摄
vi. 咬, 扑, 抓, 折断, 劈啪地响, 厉声说, 砰然关上
n. 猛咬, 猛扑, 劈啪声, 申斥, 快照, 活力, 一般时期的寒冷天气, 揿钮
a. 突然的, 装搭扣的
adv. 猛地
[计] 子网访问协议",n:7/j:8/v:85,3,0,cet4 cet6 ky toefl,2843,2597,snap
tennis,tennis,'tenis,n. a game played with rackets by two or four players who hit a ball back and forth over a net that divides the court,n. 网球,n:100,3,0,zk gk ielts,2846,3082,tennis
fat,fat,fæt,"n. a soft greasy substance occurring in organic tissue and consisting of a mixture of lipids (mostly triglycerides)
a. having an (over)abundance of flesh
s. having a relatively large diameter
s. lucrative","n. 脂肪, 脂油, 肥肉
a. 肥的, 胖的, 油腻的
n. 文件分配表
[计] 文件分配表",j:38/n:62,4,1,zk gk ky,2848,1575,fat
refugee,refugee,.refju'dʒi:,n. an exile who flees for safety,"n. 难民, 流亡者
[法] 避难者, 流亡者, 难民",n:100,4,0,cet6 ky ielts gre,2851,2599,refugee
highlight,highlight,'hailait,"n. the most interesting or memorable part
n. an area of lightness in a picture
v. apply a highlighter to one's cheeks or eyebrows in order to make them more prominent","n. 加亮区, 精彩场面
vt. 加亮, 使显著, 以强光照射, 突出
[计] 突出",n:32/v:68,3,1,cet4 cet6 ky toefl ielts,2853,3369,highlight
movie,movie,'mu:vi,n. a form of entertainment that enacts a story by sound and a sequence of images giving the illusion of continuous movement,n. 电影,n:100,4,1,zk gk cet4 ky ielts,2856,576,movie
monetary,monetary,'mʌnitәri,a. relating to or involving money,"a. 货币的, 金钱的
[经] 货币的, 金融的",j:100,3,0,cet6 ky toefl ielts gre,2863,5077,monetary
amendment,amendment,ә'mendmәnt,"n. the act of amending or correcting
n. a statement that is added to or revises or improves a proposal or document (a bill or constitution etc.)","n. 修订, 改善, 改良, 改正
[化] 调理剂; 修正",n:100,3,0,toefl gre,2864,3667,amendment
personally,personally,'pә:sәnli,"r. as yourself
r. as a person
r. in a personal way
r. in the flesh; without involving anyone else","adv. 亲自地, 个别地, 当面, 就本人而言, 针对个人地",r:100,3,1,gk,2866,2633,personally
trace,trace,treis,"n. a just detectable amount
n. an indication that something has been present
n. either of two lines that connect a horse's harness to a wagon or other vehicle or to a whiffletree
n. a visible mark (as a footprint) left by the passage of person or animal or vehicle","n. 痕迹, 踪迹, 微量, 迹线, 缰绳
vt. 追踪, 回溯, 描绘
vi. 追溯, 沿路走",n:39/v:61,3,1,cet4 cet6 ky toefl ielts,2868,3020,trace
newly,newly,'nju:li,r. very recently,"adv. 重新, 最近",r:100,3,1,cet4 cet6,2869,2791,newly
belt,belt,belt,"n. endless loop of flexible material between two rotating shafts or pulleys
n. a band to tie or buckle around the body (usually at the waist)
n. an elongated region where a specific condition or characteristic is found
n. ammunition (usually of small caliber) loaded in flexible linked strips for use in a machine gun","n. 带子, 地带
[医] 带, 腰带, 束带, 地带, 区",v:5/n:95,3,1,gk cet4 ky toefl,2870,2430,belt
storm,storm,stɒ:m,"n. a violent weather condition with winds 64-72 knots (11 on the Beaufort scale) and precipitation and thunder and lightning
n. a violent commotion or disturbance
n. a direct and violent assault on a stronghold
v. take by force","n. 暴风雨, 骚动, 风波, 风暴, 猛攻
vi. 起风, 猛冲, 怒吼
vt. 猛攻",v:10/n:90,3,1,zk gk cet4 cet6 ky toefl,2871,1656,storm
rid,rid,rid,v. relieve from,"vt. 免除, 以...清除, 使获自由, 使摆脱
[法] 免除, 清除, 摆脱",v:100,3,1,gk cet4 cet6 ky toefl,2872,3041,rid
dirty,dirty,'dә:ti,"v. make soiled, filthy, or dirty
a. soiled or likely to soil with dirt or grime
a. (of behavior or especially language) characterized by obscenity or indecency
s. vile; despicable","a. 肮脏的, 卑鄙的
vt. 弄脏
vi. 变脏",r:3/j:93/v:4,3,1,zk gk,2873,2869,dirty
assistant,assistant,ә'sistәnt,n. a person who contributes to the fulfillment of a need or furtherance of an effort or purpose,"n. 助手, 助理, 助教
a. 有帮助的, 辅助的, 助理的",j:50/n:50,3,1,gk cet4 cet6 ky toefl ielts,2875,2706,assistant
sail,sail,seil,"n. a large piece of fabric (usually canvas fabric) by means of which wind is used to propel a sailing vessel
n. any structure that resembles a sail
v. traverse or travel on (a body of water)
v. travel on water propelled by wind","n. 帆, 篷, 帆船, 航程, 帆状物
vi. 航行, 启航, 张帆而行
vt. 航行于, 驾船",n:28/v:72,3,1,zk gk cet4 cet6 ky toefl,2876,4124,sail
fourteen,fourteen,'fɒ:'ti:n,"n. the cardinal number that is the sum of thirteen and one
s. being one more than thirteen","num. 十四, 十四个",m:100,5,0,zk gk,2877,5498,fourteen
pride,pride,praid,"n. a feeling of self-respect and personal worth
n. satisfaction with your (or another's) achievements
n. the trait of being spurred on by a dislike of falling below your standards
n. a group of lions","n. 骄傲, 自尊心, 自豪, 精华, 勇气
vt. 以...自豪",v:11/n:89,3,1,zk gk cet4 cet6 ky toefl,2878,2801,pride
pleasant,pleasant,'pleznt,"a. affording pleasure; being in harmony with your taste or likings
s. (of persons) having pleasing manners or behavior","a. 愉快的, 可爱的, 活泼的, 亲切的",j:100,3,1,zk gk cet4 cet6 ky ielts,2880,3772,pleasant
joy,joy,dʒɒi,"n. the emotion of great happiness
n. something or someone that provides a source of happiness","n. 欢喜, 乐事, 高兴
vt. 使快乐, 令人高兴
vi. 欢喜",n:100,3,1,zk gk cet4 ky,2881,2816,joy
pit,pit,pit,"n. a sizeable hole (usually in the ground)
n. a concavity in a surface (especially an anatomical depression)
n. an enclosure in which animals are made to fight
n. (commodity exchange) the part of the floor of a commodity exchange where trading in a particular commodity is carried on","n. 深坑, 矿井, 果核, 地窖, 深渊, 绝境, 陷阱
vt. 窖藏, 使凹下, 使有麻点, 去...之核, 使留疤痕, 使相斗, 使竞争
vi. 起凹点, 凹陷",v:23/n:77,3,0,cet4 cet6 ky toefl ielts,2882,3857,pit
gesture,gesture,'dʒestʃә,"n. motion of hands or body to emphasize or help to express a thought or feeling
n. the use of movements (especially of the hands) to communicate familiar or prearranged signals
n. something done as an indication of intention","n. 手势, 姿态
vi. 作手势, 作姿态",v:23/n:77,3,0,zk gk cet4 cet6 ky ielts gre,2883,2969,gesture
twin,twin,twin,"n. either of two offspring born at the same time from the same pregnancy
n. a waterfall in the Snake River in southern Idaho
v. duplicate or match
v. grow as twins","n. 双胞胎中一人, 一对非常相像的人(或物)中的一个
a. 双胞胎的, 成对的, 孪生的
vi. 生双胞胎, 成对
vt. 怀(双胞胎), 使成对",j:4/v:3/n:93,3,1,gk cet4 cet6 ky,2884,2376,twin
entitle,entitle,in'taitl,"v. give the right to
v. give a title to","vt. 给...权利, 取名为, 给予名称, 叫做
[法] 给...权利, 使有资格, 称呼",v:100,3,1,cet4 cet6 ky toefl ielts gre,2886,3465,entitle
venture,venture,'ventʃә,"n. any venturesome undertaking especially one with an uncertain outcome
n. a commercial undertaking that risks a loss but promises a profit
v. proceed somewhere despite the risk of possible dangers
v. put at risk","n. 冒险, 风险
vt. 敢于, 冒...的危险
vi. 冒险",v:33/n:67,3,1,cet4 cet6 ky toefl ielts,2888,3294,venture
sixteen,sixteen,'siks'ti:n,"n. the cardinal number that is the sum of fifteen and one
s. being one more than fifteen","num. 十六, 十六个",m:100,5,0,zk gk,2889,5324,sixteen
encounter,encounter,in'kauntә,n. a casual meeting with a person or thing,"n. 相会, 相遇, 遭遇
vt. 遇见, 邂逅, 会战
vi. 偶然相遇",n:41/v:59,3,1,cet4 cet6 ky toefl ielts gre,2892,2712,encounter
treasury,treasury,'treʒәri,"n. the funds of a government or institution or individual
n. the government department responsible for collecting and managing and spending public revenues
n. negotiable debt obligations of the United States government which guarantees that interest and principal payments will be paid on time
n. the British cabinet minister responsible for economic strategy","n. 国库, 宝库, 财政部, 国库券
[经] 库存, 国库, 金库",n:100,3,0,,2900,9660,treasury
universe,universe,'ju:nivә:s,"n. everything that exists anywhere
n. everything stated or assumed in a given discussion","n. 宇宙, 星系, (思想等)范围",n:100,3,1,gk cet4 cet6 ky toefl,2905,2120,universe
detective,detective,di'tektiv,"n. a police officer who investigates crimes
n. an investigator engaged or employed in obtaining information not easily available to the public","n. 侦探
a. 侦探的",n:100,3,0,gk cet6 ky toefl ielts,2906,3793,detective
summit,summit,'sʌmit,"n. a meeting of heads of governments
v. reach the summit (of a mountain)","n. 顶点, 最高阶层, 最高级会议
a. 政府首脑的, 最高级的",n:100,4,0,cet4 cet6 ky toefl ielts,2909,3235,summit
transition,transition,træn'ziʃәn,"n. a change from one place or state or subject or stage to another
n. a musical passage moving from one key to another
n. a passage that connects a topic to one that follows
v. cause to convert or undergo a transition","n. 转变, 转换, 变迁, 过渡时期, 临时转调
[化] 跃迁",n:100,3,0,cet6 ky toefl ielts gre,2912,2212,transition
deficit,deficit,'defisit,"n. the property of being an amount by which something is less than expected or required
n. a deficiency or failure in neurological or mental functioning
n. (sports) the score by which a team or individual is losing
n. an excess of liabilities over assets (usually over a certain period)","n. 赤字, 不足额
[医] 短缺",n:100,4,0,cet6 ky toefl ielts gre,2918,2403,deficit
steady,steady,'stedi,"v. make steady
a. not subject to change or variation especially in behavior
s. securely in position; not shaky
s. not easily excited or upset","a. 稳定的, 不动摇的, 沉着的, 稳固的, 坚定的, 经常的
vt. 使稳定, 使坚定
vi. 变为沉着, 稳固",r:4/j:84/v:12,3,1,gk cet4 cet6 ky toefl ielts,2922,2914,steady
react,react,ri'ækt,"v. show a response or a reaction to something
v. act against or in opposition to
v. undergo a chemical reaction; react with another substance under certain conditions","vi. 起反应, 起作用, 反攻
[医] 应答, 发生反应",v:100,3,1,gk cet4 cet6 ky toefl,2923,2666,react
occasional,occasional,ә'keiʒәnl,s. occurring from time to time,"a. 偶然的, 临时的
[法] 偶然的, 特殊场合的",j:100,3,0,cet4 cet6 ky toefl,2924,3511,occasional
loose,loose,lu:s,"a. not compact or dense in structure or arrangement
s. (of a ball in sport) not in the possession or control of any player
a. not tight; not closely constrained or constricted or constricting
s. not tense or taut","n. 发射, 放任, 放纵
a. 宽松的, 松的, 宽的, 不牢固的, 散漫的, 自由的, 不精确的
vt. 释放, 放枪, 开船
vi. 变松, 开火
adv. 松散地",r:8/j:84/v:8,3,1,gk cet4 cet6 ky toefl,2925,2851,loose
blind,blind,blaind,"n. people who have severe visual impairments, considered as a group
n. a hiding place sometimes used by hunters (especially duck hunters)
n. a protective covering that keeps things out or hinders sight
v. render unable to see","n. 蒙蔽物, 窗帘
a. 盲目的, 瞎的, 不加思考的
vt. 使失明, 蒙蔽, 遮暗
adv. 盲目地",n:12/j:75/v:13,3,1,zk gk cet4 cet6 ky ielts,2926,2716,blind
lower,lower,'lәuә,"v. move something or somebody to a lower position
v. set lower
v. cause to drop or sink","a. 低的, 下级的, 下层的
vi. 降低, 跌落, 减弱
vt. 放下, 降下, 减弱, 贬低",v:100,3,0,cet4 ky,2932,2052,lower
dust,dust,dʌst,"n. fine powdery material such as dry earth or pollen that can be blown about in the air
n. free microscopic particles of solid material
v. remove the dust from
v. rub the dust over a surface so as to blur the outlines of a shape","n. 灰尘, 尘埃, 粉末, 花粉, 土, 骚乱
vt. 拂去灰尘, 撒, 弄成粉末
vi. 拂去灰尘, 化为粉末",v:14/n:86,3,1,gk cet4 cet6 ky ielts,2933,2263,dust
diary,diary,'daiәri,"n. a daily written record of (usually personal) experiences and observations
n. a personal journal (as a physical object)","n. 日记
[经] 日记簿",n:100,3,1,zk gk cet4 cet6 ky ielts,2934,4334,diary
desperate,desperate,'despәrәt,"n. a person who is frightened and in need of help
s. desperately determined
s. (of persons) dangerously reckless or violent as from urgency or despair
s. showing extreme courage; especially of actions courageously undertaken in desperation as a last resort","a. 不顾一切的, 危急的, 令人绝望的, 极渴望的",j:100,3,1,gk cet4 cet6 ky toefl ielts gre,2935,3091,desperate
horror,horror,'hɒrә,"n. intense and profound fear
n. something that inspires dislike; something horrible","n. 惊骇, 恐怖, 惨状
[医] 恐怖, 恐惧",n:100,3,1,cet4 cet6 ky toefl,2937,3318,horror
delighted,delighted,di'laitid,s. greatly pleased,"a. 高兴的, 快乐的",j:100,3,1,gk,2938,6609,delighted
repair,repair,ri'pєә,"n. the act of putting something in working order again
n. a formal way of referring to the condition of something
v. restore by replacing a part or putting together what is torn or broken
v. move, travel, or proceed toward some place","n. 修理, 补救, 修复
vt. 修理, 修补, 补救, 恢复, 补偿
vi. 修理, 修补, 补救, 恢复, 去, 常去, 集合",v:49/n:51,3,1,zk gk cet4 cet6 ky toefl ielts,2940,3874,repair
concert,concert,'kɒnsәt,"n. a performance of music by players or singers not involving theatrical staging
v. contrive (a plan) by mutual agreement
v. settle by agreement","n. 音乐会, 和声, 一致
vt. 协力, 协调
vi. 协力
[计] 美国北卡罗来纳州Internet网",n:100,3,1,zk gk cet4 cet6 ky toefl ielts,2941,2515,concert
cow,cow,kau,"n. female of domestic cattle: ""`moo-cow' is a child's term""
n. mature female of mammals of which the male is called `bull'
n. a large unpleasant woman","n. 母牛, 母兽
vt. 威胁",v:3/n:97,3,1,zk gk cet4 cet6 ky gre,2944,3078,cow
Pole,pole,pәul,"n. a long (usually round) rod of wood or metal or plastic
n. a native or inhabitant of Poland
n. one of two divergent or mutually exclusive opinions
n. one of two points of intersection of the Earth's axis and the celestial sphere","n. 波兰人, 极点, 磁极, 电极, 杆, 竿, 相反的极端
vt. 用竿支撑
vi. 撑篙",v:2/n:98,3,1,gk cet4 cet6 ky toefl ielts,2946,2789,pole
fellow,fellow,'felәu,"n. a member of a learned society
n. an informal form of address for a man","n. 男人, 朋友, 同事
a. 同伴的, 同事的, 同道的",j:56/n:44,4,1,gk cet4 cet6 ky,2954,2421,fellow
cap,cap,kæp,"n. a tight-fitting headdress
n. a top (as for a bottle)
n. something serving as a cover or protection
n. a fruiting structure resembling an umbrella or a cone that forms the top of a stalked fleshy fungus such as a mushroom","n. 盖子, 帽子
vt. 戴帽子, 覆盖, 胜过
vi. 脱帽致意
[计] 调用程序分析, 容量, 代码分析程序, 计算机辅助生产, 计算机辅助印刷",v:14/n:86,3,1,zk gk cet4 cet6 ky toefl,2955,2306,cap
passion,passion,'pæʃәn,"n. a strong feeling or emotion
n. a feeling of strong sexual desire
n. the suffering of Jesus at the Crucifixion","n. 激情, 酷爱, 热爱, 强烈感情, 耶稣受难(故事)",n:100,3,0,cet4 cet6 ky toefl ielts,2957,2283,passion
folk,folk,fәuk,n. people in general (often used in the plural),"n. 人们, 家人, 亲属, 民族
a. 民间的",n:100,3,0,gk cet4 cet6 ky toefl,2958,1339,folk
chart,chart,tʃɑ:t,"n. a visual display of information
n. a map designed to assist navigation by air or sea
v. make a chart of
v. plan in detail","n. 图表, 海图
vt. 制成图表
[计] 图表",v:14/n:86,3,1,gk cet4 cet6 ky toefl ielts,2961,2743,chart
margin,margin,'mɑ:dʒin,"n. the boundary line or the area immediately inside the boundary
n. an amount beyond the minimum necessary
n. the amount of collateral a customer deposits with a broker when borrowing from the broker to buy securities
n. the blank space that surrounds the text on a page","n. 页边的空白, 边缘, 界限, 余裕, 差数, 差额, 保证金
vt. 加边于, 加旁注于
[计] 页边距",n:100,3,0,cet4 cet6 ky toefl ielts gre,2962,3308,margin
fulfil,fulfil,ful'fil,"v put in effect
v fill or meet a want or need
v meet the requirements or expectations of","vt. 实践, 履行, 实行, 完成, 结束, 满足
[经] 履行(契约), 满期",v:100,3,0,cet4 cet6 ielts gre,2965,5849,fulfil
classic,classic,'klæsik,"n. a creation of the highest excellence
n. an artist who has created classic works","n. 古典作品, 杰作, 大艺术家
a. 第一流的, 最优秀的, 古典的",j:72/n:28,4,1,gk cet4 cet6 ky ielts,2967,2616,classic
assault,assault,ә'sɒ:t,"n. close fighting during the culmination of a military attack
n. a threatened or attempted physical attack by someone who appears to be able to cause bodily harm if not stopped
n. thoroughbred that won the triple crown in 1946","n. 攻击, 袭击
vt. 袭击, 攻击
vi. 发动攻击",v:20/n:80,3,0,cet6 ky toefl ielts gre,2970,2860,assault
seize,seize,si:z,"v. take hold of; grab
v. take or capture by force
v. hook by a pull on the line
v. affect","vt. 抓住, 逮捕, 俘获, 没收, 扣押, 掌握
vi. 突然抓住, 利用",v:100,3,0,gk cet4 cet6 ky toefl,2974,3230,seize
leather,leather,'leðә,"n. an animal skin made smooth and flexible by removing the hair and then tanning
v. whip with a leather strap","n. 皮革, 皮制品, 马镫的皮带
vt. 覆以皮革, 鞭苔, 抽打
a. 皮革的, 皮制的",n:100,3,1,gk cet4 cet6 ky toefl,2976,2943,leather
button,button,'bʌtәn,"n. a round fastener sewn to shirts and coats etc to fit through buttonholes
n. any of various plant parts that resemble buttons
n. a round flat badge displaying information and suitable for pinning onto a garment
n. any artifact that resembles a button","n. 钮扣, 按钮
vi. 扣住
vt. 钉钮扣于, 扣紧
[计] 按钮",v:10/n:90,3,1,gk cet4 cet6 ky,2977,2645,button
psychology,psychology,sai'kɒlәdʒi,n. the science of mental life,"n. 心理学, 心理状态
[医] 心理学",n:100,3,0,gk cet6 ky toefl ielts gre,2980,2972,psychology
opera,opera,'ɒpәrә,"n. a drama set to music; consists of singing with orchestral accompaniment and an orchestral overture and interludes
n. a commercial browser
n. a building where musical dramas are performed",n. 歌剧,n:100,3,0,gk cet4 cet6 ky toefl,2984,3851,opera
consciousness,consciousness,'kɒnʃәsnis,n. an alert cognitive state in which you are aware of yourself and your situation,"n. 意识, 知觉, 自觉
[医] (有)意识, 清醒",n:100,3,0,cet4 cet6 toefl,2985,3224,consciousness
overseas,overseas,'әuvә'si:z,r. in a place across an ocean,"a. 海外的, 国外的
adv. 在海外, 在国外",r:60/j:40,3,0,cet4 cet6 ky ielts,2990,4955,overseas
album,album,'ælbәm,"n. one or more recordings issued together; originally released on 12-inch phonograph records (usually with attractive record covers) and later on cassette audiotape and compact disc
n. a book of blank pages with pockets or envelopes; for organizing photographs or stamp collections etc","n. 粘贴簿, 唱片套
[医] 白色物",n:100,4,0,gk cet6 ky ielts,2991,2215,album
cite,cite,sait,"n a short note recognizing a source of information or of a quoted passage
v make reference to
v commend
v refer to
v repeat a passage from
v refer to for illustration or proof
v advance evidence for
v call in an official matter, such as to attend court","vt. 引用, 引证, 表彰
[建] 引证, 指引",v:100,3,0,cet6 ky toefl ielts gre,2993,1932,cite
coalition,coalition,.kәuә'liʃәn,n. the state of being combined into one body,"n. 结合体, 结合, 联合
[经] 联合, 联盟",n:100,3,0,cet6 ky toefl ielts gre,2996,2241,coalition
vulnerable,vulnerable,'vʌlnәrәbl,"a. susceptible to attack
s. susceptible to criticism or persuasion or temptation
s. capable of being wounded or hurt","a. 易受伤害的, 有弱点的, 易受影响的, 脆弱的, 成局的
[医] 易损的",j:100,3,0,cet6 ky toefl ielts gre,2998,2955,vulnerable
raw,raw,rɒ:,"n. informal terms for nakedness
s. having the surface exposed and painful
a. not treated with heat to prepare it for eating
s. not processed or refined","n. 擦伤处, 半成品
a. 生的, 未加工的, 生疏的, 不成熟的, 阴冷的, 刺痛的, 擦掉皮的
vt. 擦伤
[计] 写后读",j:100,3,1,gk cet4 cet6 ky toefl ielts,2999,2783,raw
lost,lost,lɒst,"a. no longer in your possession or control; unable to be found or recovered
a. spiritually or physically doomed or destroyed
a. not gained or won
s. incapable of being recovered or regained","a. 失去的, 遗失的, 迷惑的
lose的过去式和过去分词",j:100,3,1,,3000,2675,lost
ultimate,ultimate,'ʌltimit,"n. the finest or most superior quality of its kind
a. furthest or highest in degree or order; utmost or extreme
s. being the last or concluding element of a series","n. 终极, 根本, 顶点, 基本原则
a. 终极的, 根本的, 极限的, 最远的, 最后的, 最大的",j:100,3,1,cet4 cet6 ky toefl gre,3002,2601,ultimate
publicity,publicity,pʌb'lisiti,n. the quality of being open to public view,"n. 名声, 宣传, 公开场合
[经] 宣传, 广告",n:100,3,1,cet6 ky toefl ielts,3003,4540,publicity
alarm,alarm,ә'lɑ:m,"n. fear resulting from the awareness of danger
n. a device that signals the occurrence of some undesirable event
n. an automatic signal (usually a sound) warning of danger
v. warn or arouse to a sense of danger or call to a state of preparedness","n. 惊恐, 警报, 警钟
vt. 使惊恐, 警告
[计] 报警信号",v:22/n:78,3,1,gk cet4 ky toefl ielts,3004,3693,alarm
nerve,nerve,nә:v,n. any bundle of nerve fibers running to various organs and tissues of the body,"n. 精神, 勇气, 叶脉, 神经
vt. 鼓起勇气",v:2/n:98,3,1,cet4 cet6 ky gre,3005,3083,nerve
communicate,communicate,kә'mju:nikeit,"v. transmit information
v. transmit thoughts or feelings
v. join or connect
v. be in verbal contact; interchange information or ideas","vt. 显露, 传达, 感染
vi. 通讯",v:100,3,1,zk gk cet4 cet6 ky toefl gre,3006,2672,communicate
sixth,sixth,siksθ,"n. position six in a countable series of things
n. the musical interval between one note and another six notes away from it
s. coming next after the fifth and just before the seventh in position","num. 第六, 六分之一",m:100,4,0,zk gk,3007,3527,sixth
stir,stir,stә:,"n. a prominent or sensational but short-lived news event
n. emotional agitation and excitement
v. move an implement through
v. move very slightly","n. 骚动, 轰动, 搅动, 监狱
vt. 移动, 摇动, 激起, 惹起, 搅拌
vi. 走动, 传播, 搅拌",n:5/v:95,3,1,cet4 cet6 ky toefl gre,3008,1899,stir
cousin,cousin,'kʌzәn,n. the child of your aunt or uncle,"n. 堂兄弟姊妹, 表兄弟姊妹
[法] 同辈表亲或堂亲",n:100,4,1,zk gk cet4 cet6 ky,3010,2714,cousin
burst,burst,bә:st,"n. a sudden flurry of activity (often for no obvious reason)
v. come open suddenly and violently, as if from internal pressure
v. move suddenly, energetically, or violently
v. emerge suddenly","n. 破裂, 突发, 爆发
v. 爆裂, 突发, 充满
[计] 二进制位组; 字符组; 脉冲串",n:33/j:4/v:63,3,1,gk cet4 cet6 ky toefl,3011,3560,burst
volunteer,volunteer,.vɒlәn'tiә,"n. (military) a person who freely enlists for service
n. a person who performs voluntary work
v. tell voluntarily
v. agree freely","n. 志愿者
a. 志愿的
v. 自愿",v:32/n:68,3,0,gk cet4 cet6 ky toefl ielts,3012,2284,volunteer
potato,potato,pә'teitәu,"n. an edible tuber native to South America; a staple food of Ireland
n. annual native to South America having underground stolons bearing edible starchy tubers; widely cultivated as a garden vegetable; vines are poisonous",n. 马铃薯,n:100,3,1,zk gk,3013,2253,potato
ocean,ocean,'әuʃәn,"n. a large body of water constituting a principal part of the hydrosphere
n. anything apparently limitless in quantity or volume","n. 海洋, 广阔, 许多, 一大片
[法] 海洋, 海",n:100,3,1,zk gk cet4 ky ielts,3015,1842,ocean
traveller,traveller,'trævlә,n a person who changes location,"n. 旅行者
[经] 旅行商",n:100,3,1,,3016,20361,traveller
sophisticated,sophisticated,sә'fistikeitid,"a. having or appealing to those having worldly knowledge and refinement and savoir-faire
s. intellectually appealing","a. 复杂的, 久经世故的
[法] 尖端的, 高级的, 非常有经验的",j:100,3,0,cet4 cet6 ky toefl ielts gre,3019,3077,sophisticated
pen,pen,pen,"n. a writing implement with a point from which ink flows
n. an enclosure for confining livestock
n. female swan","n. 钢笔, 笔, 笔调, 笔杆子, 作家, 围栏, 栅栏, 禽畜
vt. 写, 关入栏中, 囚禁
vi. 动笔, 写作",v:15/n:85,3,1,zk gk gre,3020,3583,pen
craft,craft,kræft,"n. a vehicle designed for navigation in or on water or air or through outer space
n. people who perform a particular kind of skilled work
n. skill in an occupation or trade
n. shrewdness as demonstrated by being skilled in deception","n. 技艺, 手艺, 诡计
vt. 精心制作",v:21/n:79,3,1,cet4 cet6 ky toefl ielts gre,3022,2839,craft
clever,clever,'klevә,s. showing inventiveness and skill,"a. 聪明的, 精明的",j:100,3,1,zk gk cet4 ky ielts,3025,4978,clever
agenda,agenda,ә'dʒendә,"n. a temporally organized plan for matters to be attended to
n. a list of matters to be taken up (as at a meeting)","pl. 议程, 日常工作事项
[计] 待议事件",n:100,3,0,gk ky toefl ielts gre,3026,2130,agenda
van,van,væn,"n. (Great Britain) a closed railroad car that carries baggage or freight
n. a camper equipped with living quarters
n. a truck with an enclosed cargo space","n. 货车, 篷车, 先锋, 前驱, 前卫
vt. 用货车搬运
[计] 增值网",n:100,3,1,cet4 cet6 ky,3028,3115,van
creative,creative,kri:'eitiv,"a. having the ability or power to create
s. promoting construction or creation","a. 有创造力的, 创作的, 产生的",j:99/n:1,3,0,cet4 cet6 ky,3029,2050,creative
chicken,chicken,'tʃikin,"n. the flesh of a chicken used for food
n. a domestic fowl bred for flesh or eggs; believed to have been developed from the red jungle fowl
n. a foolhardy competition; a dangerous activity that is continued until one competitor becomes afraid and stops
s. easily frightened","n. 小鸡, 鸡肉",v:2/j:2/n:96,3,1,zk gk cet4 cet6 ky,3030,1538,chicken
cable,cable,'keibl,"n. a telegram sent abroad
n. a conductor for transmitting electrical or optical signals or electric power
n. a very strong thick rope made of twisted hemp or steel wire
n. a nautical unit of depth","n. 电缆, 海底电报, 缆, 索
vi. 打海底电报
vt. 发海底电报, 缚住
[计] 电缆",v:4/n:96,3,1,cet4 cet6 ky toefl ielts,3033,2003,cable
exploit,exploit,'eksplɒit,"v. use or manipulate to one's advantage
v. draw from; make good use of","n. 功绩, 勋绩
vt. 开发, 利用, 开拓, 剥削",n:16/v:84,3,0,gk cet4 cet6 ky toefl ielts gre,3034,4374,exploit
swim,swim,swim,"v. travel through water
v. be dizzy or giddy
v. be covered with or submerged in a liquid
v. move as if gliding through water","n. 游泳, 漂浮, 潮流, 眩晕
vi. 游泳, 游, 漂浮, 浸, 覆盖, 充溢, 大量拥有, 旋转, 眩晕
vt. 游过, 使浮起",n:17/v:83,3,1,zk gk,3038,2848,swim
intellectual,intellectual,.intә'lektʃuәl,"n. a person who uses the mind creatively
s. of or associated with or requiring the use of the mind
a. appealing to or using the intellect","n. 有知识者, 知识分子, 凭理智做事者
a. 智力的, 用脑力的, 聪明的",j:67/n:33,3,0,cet4 cet6 ky toefl ielts gre,3040,2857,intellectual
lease,lease,li:s,"n. property that is leased or rented out or let
n. a contract granting use or occupation of property during a specified time for a specified payment
n. the period of time during which a contract conveying property to a person is in effect
v. grant use or occupation of under a term of contract","n. 租约, 租期, 租
vt. 出租, 租出, 租得",v:41/n:59,3,0,cet6 ky toefl ielts gre,3049,6035,lease
govern,govern,'gʌvәn,"v. direct or strongly influence the behavior of
v. exercise authority over; as of nations
v. require to be in a certain grammatical case, voice, or mood","v. 统治, 支配, 管理",v:100,3,1,gk cet4 cet6 ky toefl,3050,3711,govern
equivalent,equivalent,i'kwivәlәnt,"n. a person or thing equal to another in value or measure or force or effect or significance etc
n. the atomic weight of an element that has the same combining capacity as a given weight of another element; the standard is 8 for oxygen
s. being essentially equal to something","n. 同等物, 等价物, 相等物
a. 相等的, 相当的, 同意义的
[计] 等价的",j:42/n:58,3,1,cet4 cet6 ky toefl ielts gre,3051,4330,equivalent
portrait,portrait,'pɒ:treit,"n. any likeness of a person, in any medium","n. 肖像, 人像, 半身像, 描写, 竖排格式
[计] 纵向",n:100,3,0,cet4 cet6 ky toefl,3054,2655,portrait
jury,jury,'dʒuәri,"n. a body of citizens sworn to give a true verdict according to the evidence presented in a court of law
n. a committee appointed to judge a competition","n. 陪审团, 评判委员会
a. 应急的",n:100,3,0,cet4 cet6 ky toefl ielts,3055,1650,jury
dividend,dividend,'dividend,"n. that part of the earnings of a corporation that is distributed to its shareholders; usually paid quarterly
n. a number to be divided by another number
n. a bonus; something extra (especially a share of a surplus)","n. 被除数, 股利
[计] 被除数",n:100,3,0,ky ielts,3056,5827,dividend
rival,rival,'raivl,"n. the contestant you hope to defeat
v. be the rival of, be in competition with","n. 对手, 竞争者
a. 竞争的",j:27/v:19/n:54,4,1,cet4 cet6 ky toefl ielts gre,3058,4346,rival
mate,mate,meit,"n. the officer below the master on a commercial ship
n. the partner of an animal (especially a sexual partner)
n. one of a pair
n. South American holly; leaves used in making a drink like tea","n. 配偶, 对手, 助手, (象棋)将死
vt. 使配对, 使一致, 结伴, (象棋)将死
vi. 成配偶, 紧密配合",v:17/n:83,3,1,cet4 cet6 ky toefl gre,3060,4061,mate
carbon,carbon,'kɑ:bәn,"n. an abundant nonmetallic tetravalent element occurring in three allotropic forms: amorphous carbon and graphite and diamond; occurs in all organic compounds
n. a copy made with carbon paper","n. 碳, 副本, 复写纸
[化] 碳",n:100,3,0,gk cet4 cet6 ky toefl ielts,3062,3004,carbon
charter,charter,'tʃɑ:tә,"n. a document incorporating an institution and specifying its rights; includes the articles of incorporation and the certificate of incorporation
n. a contract to hire or lease transportation
v. grant a charter to","n. 特许状, 执照, 宪章
vt. 特许, 发给特许执照",v:11/n:89,3,0,cet6 ky toefl ielts gre,3063,4386,charter
sigh,sigh,sai,"n. an utterance made by exhaling audibly
n. a sound like a person sighing
v. heave or utter a sigh; breathe deeply and heavily
v. utter with a sigh","n. 叹息
vi. 叹息, 渴望
vt. 叹息着说",n:30/v:70,3,0,gk cet4 cet6 ky toefl ielts,3085,3349,sigh
wise,wise,waiz,"n. a way of doing or being
n. United States Jewish leader (born in Hungary) (1874-1949)
n. United States religious leader (born in Bohemia) who united reform Jewish organizations in the United States (1819-1900)
a. having or prompted by wisdom or discernment","a. 明智的, 慎虑的, 聪明的, 博学的, 狡猾的, 机灵的
vi. 知道
vt. 教导, 告诉, 劝导
n. 方法, 方式
[计] 教育信息系统",j:100,3,1,zk gk cet4 cet6 ky ielts,3087,3234,wise
weigh,weigh,wei,"v. have a certain weight
v. determine the weight of
v. to be oppressive or burdensome","vt. 称...重量, 衡量, 把...压弯, 考虑, 权衡, 起锚
vi. 称分量, 有意义, 重压, 起锚
n. 过秤, 称分量",v:100,3,1,zk gk cet4 cet6 ky,3088,2504,weigh
sympathy,sympathy,'simpәθi,"n. an inclination to support or be loyal to or to agree with an opinion
n. sharing the feelings of others (especially feelings of sorrow or anguish)
n. a relation of affinity or harmony between people; whatever affects one correspondingly affects the other","n. 同情, 赞同, 怜悯, 慰问, 吊唁
[医] 交感[作用], 同感[作用], 感应, 同情",n:100,3,1,gk cet4 cet6 ky toefl,3089,4270,sympathy
strip,strip,strip,"n. a relatively long narrow piece of something
n. artifact consisting of a narrow flat piece of material
n. thin piece of wood or metal
n. a form of erotic entertainment in which a dancer gradually undresses to music","n. 长条, 条状, 带, 脱衣舞
vt. 脱衣, 被剥去, 剥夺, 拆卸
vi. 脱衣服",v:38/n:62,3,1,cet4 cet6 ky toefl ielts gre,3090,2754,strip
strict,strict,strikt,"s rigidly accurate; allowing no deviation from a standard
s (of rules) stringently enforced
a characterized by strictness, severity, or restraint
s incapable of compromise or flexibility
s severe and unremitting in making demands","a. 严厉的, 绝对的, 详尽的, 严格的, 精确的
[法] 严格的, 精确的, 绝对的",j:100,3,1,zk gk cet4 cet6 ky toefl,3091,3553,strict
friendship,friendship,'frendʃip,n. the state of being friends (or friendly),"n. 友谊, 友爱, 友善",n:100,3,1,zk gk,3092,3036,friendship
ease,ease,i:z,"n. freedom from difficulty or hardship or effort
n. a freedom from financial difficulty that promotes a comfortable state
n. freedom from constraint or embarrassment
v. move gently or carefully","n. 安乐, 安逸, 悠闲
vt. 使安乐, 使安心, 减轻, 放松
vi. 减轻, 放松, 灵活地移动",n:40/v:60,3,1,gk cet4 cet6 ky ielts,3093,3229,ease
collapse,collapse,kә'læps,"n. an abrupt failure of function or complete physical exhaustion
n. a natural event caused by something suddenly falling down or caving in
v. break down, literally or metaphorically
v. fold or close up","n. 崩溃, 倒塌, 虚脱
vi. 倒塌, 崩溃, 瓦解
vt. 使倒塌, 折叠
[计] 折叠",n:48/v:52,4,1,cet4 cet6 ky toefl ielts gre,3094,3212,collapse
bitter,bitter,'bitә,"n. English term for a dry sharp-tasting ale with strong flavor of hops (usually on draft)
n. the taste experience when quinine or coffee is taken into the mouth
v. make bitter
s. very difficult to accept or bear","a. 苦的, 痛苦的, 怀恨的
adv. 刺骨
v. (使)变苦",j:97/n:3,3,1,zk gk cet4 ky toefl ielts,3095,3580,bitter
plot,plot,plɒt,"n. a secret scheme to do something (especially something underhand or illegal)
n. a small area of ground covered by specific vegetation
n. the story that is told in a novel or play or movie etc.
n. a chart or map showing the movements or progress of an object","n. 小块土地, 地区图, 图, 阴谋, 情节
vt. 划分, 绘图, 密谋
vi. 密谋, 策划
[计] 绘制",v:27/n:73,3,1,gk cet4 cet6 ky toefl ielts gre,3096,2967,plot
maker,maker,'meikә,n. a person who makes things,"n. 制造者, 上帝
[经] 制造者, 出票人",n:100,4,0,,3102,2343,maker
illegal,illegal,i'li:gәl,a. prohibited by law or by official or accepted rules,"a. 违法的, 不合规定的
[经] 非法的, 犯规的",j:97/n:3,3,1,gk cet4 cet6 ky ielts gre,3103,2071,illegal
confront,confront,kәn'frʌnt,"v. oppose, as in hostility or a competition
v. deal with (something unpleasant) head on
v. present somebody with something, usually to accuse or criticize
v. be face to face with","vt. 使面对, 对抗, 遭遇, 使对质, 比较
[法] 对证, 使对质, 比较",v:100,3,1,cet6 ky toefl ielts gre,3105,2415,confront
nowhere,nowhere,'nәuhwєә,"n. an insignificant place
r. not anywhere; in or at or to no place","adv. 无处, 到处都无",r:100,3,1,gk cet4 cet6 ky ielts,3107,2924,nowhere
frequent,frequent,'fri:kwәnt,"v. be a regular or frequent visitor to a certain place
a. coming at short intervals or habitually
s. frequently encountered;","a. 时常发生的, 频繁的, 快速的
vt. 时常来访, 常常聚集, 常与...交往",j:88/v:12,4,1,gk cet4 cet6 ky toefl ielts gre,3109,3272,frequent
eliminate,eliminate,i'limineit,"v. kill in large numbers
v. remove from a contest or race
v. remove (an unknown variable) from two or more equations","vt. 除去, 排除, 剔除, 消除",v:100,3,0,cet4 cet6 ky toefl ielts gre,3110,1838,eliminate
wipe,wipe,waip,v. rub with a circular motion,"n. 擦拭, 用力打, 凸轮
vt. 擦, 揩, 消灭, 涂上, 拭去
vi. 擦, 打",n:3/v:97,3,0,gk cet4 cet6 ky,3112,2711,wipe
depression,depression,di'preʃәn,"n. a mental state characterized by a pessimistic sense of inadequacy and a despondent lack of activity
n. a long-term economic state characterized by unemployment and low prices and low levels of trade and investment
n. sad feelings of gloom and inadequacy
n. a period during the 1930s when there was a worldwide economic depression and mass unemployment","n. 不景气, 消沉, 沮丧, 洼地
[医] 抑郁[症], 阻抑, 压低, 凹, 窝, 衰退, 俯角",n:100,3,0,cet4 cet6 ky toefl ielts gre,3114,2095,depression
planet,planet,'plænit,"n. (astronomy) any of the nine large celestial bodies in the solar system that revolve around the sun and shine by reflected light; Mercury, Venus, Earth, Mars, Jupiter, Saturn, Uranus, Neptune, and Pluto in order of their proximity to the sun; viewed from the constellation Hercules, all the planets rotate around the sun in a counterclockwise direction
n. any celestial body (other than comets or satellites) that revolves around a star","n. 行星, 命运星辰, 杰出的人, 重大影响的事",n:100,3,1,zk gk cet4 cet6 ky toefl gre,3115,1592,planet
suspend,suspend,sә'spend,"v. hang freely
v. cause to be held in suspension in a fluid
v. bar temporarily; from school, office, etc.
v. make inoperative or stop","vt. 悬, 吊, 使悬浮, 暂停, 中止, 推迟
vi. 暂停, 中止, 悬浮, 停止偿付债务
[计] 暂停",v:100,3,0,cet4 cet6 ky toefl ielts gre,3116,3775,suspend
wrap,wrap,ræp,"n. cloak that is folded or wrapped around a person
n. a sandwich in which the filling is rolled up in a soft tortilla
v. arrange or fold as a cover or protection
v. crash into so as to coil around","n. 外套, 围巾, 包裹物, 限制, 约束, 秘密, 换行
vt. 包装, 卷, 缠绕, 包, 裹, 覆盖, 遮蔽, 隐藏, 掩护
vi. 缠绕, 穿外衣, 包起来
[计] 换行",n:17/v:83,3,1,cet4 cet6 ky toefl ielts,3118,2090,wrap
ally,ally,'ælai. ә'lai,"n. a friendly nation
n. an associate who provides cooperation or assistance
v. become an ally or associate, as by a treaty or marriage","n. 同盟者, 同盟国, 助手
vt. 使联盟, 使联合, 使有关系
vi. 结盟",v:9/n:91,4,1,cet6 ky toefl ielts,3121,2408,ally
commissioner,commissioner,kә'miʃәnә,"n. a government administrator
n. a member of a commission","n. 委员, 理事, 行政长官
[法] 委员, 政府的特派员, 地方地官",n:100,3,0,toefl,3124,4320,commissioner
flexible,flexible,'fleksәbl,"a. capable of being changed
a. able to flex; able to bend easily
s. bending and snapping back readily without breaking","a. 易曲的, 灵活的, 柔顺的, 能变形的, 可通融的
[医] 能屈的",j:100,3,0,gk cet4 cet6 ky toefl ielts gre,3127,4227,flexible
compose,compose,kәm'pәuz,"v. form the substance of
v. write music
v. put together out of existing material
v. calm (someone, especially oneself); make quiet","vt. 组成, 写作, 作曲, 使平静
vi. 创作, 排字
[计] 编写",v:100,3,0,cet4 cet6 ky toefl ielts gre,3128,3379,compose
collective,collective,kә'leiktiv,"n. members of a cooperative enterprise
a. forming a whole or aggregate
s. set up on the principle of collectivism or ownership and production by the workers involved usually under the supervision of a government","a. 集体的, 聚集的, 共同的
[医] 集体的, 集合的",j:86/n:14,3,0,cet4 cet6 ky toefl,3132,3342,collective
commander,commander,kә'mɑ:ndә,"n. someone in an official position of authority who can command or control others
n. a commissioned naval officer who ranks above a lieutenant commander and below a captain","n. 司令官, 指挥官",n:100,3,0,cet4 cet6 toefl,3134,2355,commander
native,native,'neitiv,"n. an indigenous person who was born in a particular place
n. a person born in a particular place or country
n. indigenous plants and animals
a. characteristic of or existing by virtue of geographic origin","n. 本地人, 土产, 当地人
a. 本国的, 与生俱来的, 自然的",j:86/n:14,3,0,gk cet4 cet6 ky ielts,3140,1403,native
exposure,exposure,ik'spәuʒә,"n. vulnerability to the elements; to the action of heat or cold or wind or rain; 
n. the act of subjecting someone to an influencing experience
n. the disclosure of something secret
n. aspect resulting from the direction a building or window faces","n. 暴露, 揭发, 揭露
[化] 曝光量; 照射; 照射量",n:100,3,0,cet4 cet6 ky toefl ielts gre,3141,2229,exposure
chocolate,chocolate,'tʃɒkәlit,"n. a food made from roasted ground cacao beans
n. a medium brown to dark-brown color","n. 巧克力
a. 巧克力制的",n:100,3,1,zk gk cet4 ky ielts,3142,2636,chocolate
discount,discount,'diskaunt,"n. the act of reducing the selling price of merchandise
v. give a reduction in price on","n. 折扣, 贴现率
vt. 打折扣
vi. 贴现",v:26/n:74,3,1,gk cet4 cet6 ky toefl ielts gre,3143,4504,discount
resignation,resignation,.rezig'neiʃәn,"n. acceptance of despair
n. the act of giving up (a claim or office or possession etc.)
n. a formal document giving notice of your intention to resign","n. 辞职, 辞呈, 听从
[经] 辞职",n:100,3,0,cet4 cet6 ielts gre,3144,5762,resignation
revolutionary,revolutionary,.revә'lu:ʃәnәri,"s. markedly new or introducing radical change
a. relating to or having the nature of a revolution
a. advocating or engaged in revolution","n. 革命者, 革命党人
a. 革命的, 革命性的",j:90/n:10,3,0,cet4 cet6 ky toefl,3153,4014,revolutionary
bound,bound,baund,"v. form the boundary of; be contiguous to
a. confined by bonds
a. held with another element, substance or material in chemical or physical union
a. secured with a cover or binding; often used as a combining form","n. 跃, 回跳, 范围, 边界
a. 受约束的, 装有封面的, 有义务的, 关联的, 被束缚的, 准备去...的, 便秘的
vi. 跳跃, 弹起
vt. 使跳, 限制, 形成...的疆界
bind过去式和过去分词
[计] 装订的",v:42/j:11/n:47,3,1,gk cet4 cet6 ky toefl ielts,3174,8004,bound
reverse,reverse,ri'vә:s,"n. a relation of direct opposition
n. the gears by which the motion of a machine can be reversed
n. an unfortunate happening that hinders or impedes; something that is thwarting or frustrating
n. the side of a coin or medal that does not bear the principal design","n. 相反, 背面, 倒退, 挫折, 失败
a. 反面的, 相反的, 反向的, 颠倒的
vt. 使颠倒, 使逆转, 使倒退, 使反向
vi. 倒退, 反向, 倒转, 反转
[计] 反转",n:19/j:20/v:61,3,1,cet4 cet6 ky toefl ielts gre,3175,3497,reverse
modest,modest,'mɒdist,"a. marked by simplicity; having a humble opinion of yourself
s. not large but sufficient in size or amount
s. free from pomp or affectation
a. not offensive to sexual mores in conduct or appearance","a. 谦逊的, 羞怯的, 端庄的, 适度的
[经] 适当的",j:100,3,0,gk cet4 cet6 ky toefl ielts gre,3176,3101,modest
invitation,invitation,.invi'teiʃәn,"n. a request (spoken or written) to participate or be present or take part in something
n. a tempting allurement","n. 邀请, 请柬, 引诱
[经] 邀请, 招待, 吸引",n:100,3,1,gk cet4 cet6 ky,3177,4072,invitation
generous,generous,'dʒenәrәs,"a. willing to give and share unstintingly
a. not petty in character and mind
s. more than adequate","a. 慷慨的, 有雅量的, 大量的, 丰富的",j:100,3,1,gk cet4 cet6 ky toefl ielts,3178,3886,generous
fate,fate,feit,"n an event (or a course of events) that will inevitably happen in the future
n the ultimate agency regarded as predetermining the course of events (often personified as a woman)
n your overall circumstances or condition in life (including everything that happens to you)
v decree or designate beforehand","n. 命运, 运气
vt. 注定",n:100,3,0,cet4 cet6 ky,3179,2919,fate
trick,trick,trik,"n. a cunning or deceitful action or device
n. a period of work or duty
n. an attempt to get you to do something foolish or imprudent
n. (card games) in a single round, the sequence of cards played by all the players; the high card is the winner","n. 诡计, 欺诈, 谋略, 恶作剧, 习惯, 决窍
vt. 愚弄, 欺骗, 装饰
vi. 哄骗, 戏弄
a. 有决窍的, 特技的, 欺诈的, 漂亮的, 靠不住的",v:18/n:82,3,1,gk cet4 cet6 ky toefl ielts,3180,3068,trick
excuse,excuse,ik'skju:z,"n. a defense of some offensive behavior or some failure to keep a promise etc.
n. a note explaining an absence
v. accept an excuse for
v. grant exemption or release to","vt. 原谅, 申辩, 做为...的托辞
n. 致歉, 理由, 饶恕, 借口",n:46/v:54,3,1,zk gk toefl ielts,3182,3484,excuse
cancel,cancel,'kænsәl,"v. postpone indefinitely or annul something that was scheduled
v. make up for
v. declare null and void; make ineffective
v. make invalid for use","n. 取消, 撤消, 盖销(邮票)
vt. 取消, 删去, 抵销, 盖销
vi. 相互抵销
[计] 作废",v:100,3,1,zk gk cet4 cet6 ky toefl ielts,3183,3915,cancel
automatic,automatic,.ɒ:tә'mætik,"a. operating with minimal human intervention; independent of external control
s. resembling the unthinking functioning of a machine
s. without volition or conscious control","n. 自动手枪, 自动机械
a. 自动的, 机械的, 必然的, 无意识的",j:96/n:4,3,1,gk cet4 cet6 ky toefl ielts,3184,4045,automatic
ambition,ambition,æm'biʃәn,"n. a cherished desire
n. a strong drive for success
v. have as one's ambition","n. 野心, 志向",n:100,3,1,gk cet4 cet6 ky toefl ielts,3185,4283,ambition
weekly,weekly,'wi:kli,"n. a periodical that is published every week (or 52 issues per year)
s. of or occurring every seven days","n. 周刊, 周报
a. 每周的, 一周一次的, 周刊的
adv. 每周, 一周一次",r:4/j:91/n:5,3,1,gk cet4 cet6 ky ielts,3186,3220,weekly
entertainment,entertainment,.entә'teinmәnt,n. an activity that is diverting and that holds the attention,"n. 娱乐, 款待, 娱乐表演",n:100,3,1,gk cet4 cet6 ky toefl ielts,3187,2350,entertainment
harm,harm,hɑ:m,v. cause or do harm to,"n. 伤害, 害处
vt. 伤害, 损害",v:44/n:56,3,1,gk cet4 cet6 ky toefl,3189,3651,harm
barely,barely,'bєәli,r. only a very short time before,adv. 几乎不,r:100,3,0,cet4 cet6 ky toefl ielts,3192,1973,barely
bare,bare,bєә,"v. lay bare
s. completely unclothed
s. lacking in amplitude or quantity
a. lacking its natural or customary covering","a. 赤裸的, 缺少的, 无遮蔽的, 坦率的
vt. 使赤裸, 露出",j:86/v:14,3,0,gk cet4 ky toefl ielts gre,3196,3430,bare
crash,crash,kræʃ,"n. a serious accident (usually involving one or more vehicles)
n. a sudden large decline of business or the prices of stocks (especially one that causes additional failures)
n. the act of colliding with something
n. (computer science) an event that causes a computer system to become inoperative","n. 哗啦声, 猛撞, 崩溃, 粗布
v. 撞碎, 破碎, (使)...坠毁
a. 速成的
[计] 崩溃",v:45/n:55,4,1,gk cet4 cet6 ky toefl ielts,3197,2837,crash
gross,gross,grәus,"n. twelve dozen
n. the entire amount of income before any deductions are made
v. earn before taxes, expenses, etc.
a. before any deductions","n. 总数, 总量
a. 总共的, 未打折扣的, 恶劣的, 粗野的
vt. 总共收入",n:6/j:80/v:14,3,0,cet4 cet6 ky ielts gre,3198,4409,gross
resort,resort,ri'zɒ:t,n. a hotel located in a resort area,"n. 度假胜地, 手段, 凭借, 常去之地
vi. 诉诸, 常去",v:16/n:84,3,1,cet4 cet6 ky toefl ielts gre,3200,2684,resort
intense,intense,in'tens,"a. possessing or displaying a distinctive feature to a heightened degree
s. (of color) having the highest saturation","a. 非常的, 强烈的, 紧张的, 热情的
[医] 强的",j:100,3,0,cet4 cet6 ky toefl ielts,3202,2295,intense
convince,convince,kәn'vins,"v make (someone) agree, understand, or realize the truth or validity of something","vt. 说服, 使相信
[法] 使确信, 使信服, 使人认识错误",v:100,3,1,gk cet4 cet6 ky toefl ielts gre,3203,2039,convince
inspire,inspire,in'spaiә,"v. heighten or intensify
v. supply the inspiration for","vt. 使感动, 激发, 启示, 吸入, 鼓舞, 产生, 使生灵感
vi. 吸入, 赋予灵感",v:100,4,0,gk cet4 cet6 ky toefl ielts,3204,2299,inspire
shade,shade,ʃeid,"n. relative darkness caused by light rays being intercepted by an opaque body
n. a quality of a given color that differs slightly from another color
n. protective covering that protects something from direct sunlight
n. a position of relative inferiority","n. 荫, 阴暗, 遮光物, 灯罩, 帘, 浓淡, 微量, 底纹
vi. 渐变
vt. 使阴暗, 使渐变, 遮蔽, 微减
[计] 底纹",v:13/n:87,3,1,gk cet4 cet6 ky toefl,3205,2984,shade
loud,loud,laud,a. characterized by or producing sound of great volume or intensity,"a. 大声的, 不断的, 喧吵的
adv. 高声地, 大声地",r:43/j:57,3,1,zk gk cet4 ky,3207,3094,loud
dare,dare,dєә,"n. a challenge to do something dangerous or foolhardy
v. to be courageous enough to try or do something","n. 挑战, 挑动, 大胆
v. 敢, 胆敢",n:3/v:97,3,1,zk gk cet4 cet6 ky,3210,3348,dare
withdrawal,withdrawal,wið'drɒ:l,"n. a retraction of a previously held position
n. the act of taking out money or other capital
n. the act of withdrawing
n. avoiding emotional involvement","n. 提款, 撤退, 退回, 撤消, 退隐, 戒毒过程
[医] 戒除, 脱瘾",n:100,3,0,toefl,3213,4130,withdrawal
mayor,mayor,'mєә,n. the head of a city government,"n. 市长
[法] 市长",n:100,3,1,cet4 cet6 ky,3215,2486,mayor
suspicion,suspicion,sә'spiʃәn,"n. the state of being suspected
n. being of a suspicious nature","n. 怀疑, 觉察, 嫌疑
[法] 怀疑, 疑心, 嫌疑",n:100,3,1,cet4 cet6 ky toefl gre,3216,3762,suspicion
prompt,prompt,prɒmpt,"n. a cue given to a performer (usually the beginning of the next line to be spoken)
n. (computer science) a symbol that appears on the computer screen to indicate that the computer is ready to receive a command
v. serve as the inciting cause of
v. assist (somebody acting or reciting) by suggesting the next words of something forgotten or imperfectly learned","n. 激励, 提示, 提醒物, 提词, 付款期限
a. 迅速的, 敏捷的, 立刻的, 提词员的
vt. 激励, 鼓动, 提示
adv. 准时地
[计] 提示符; DOS内部命令:设定DOS命令行的提示符",n:7/j:7/v:86,3,1,cet4 cet6 ky toefl ielts gre,3217,3114,prompt
humour,humour,'hju:mә,"n a characteristic (habitual or relatively temporary) state of feeling
n a message whose ingenuity or verbal skill or incongruity has the power to evoke laughter
n (Middle Ages) one of the four fluids in the body whose balance was believed to determine your emotional and physical state
n the liquid parts of the body
n the quality of being funny
n the trait of appreciating (and being able to express) the humorous
v put into a good mood","n. 幽默, 诙谐, 情绪, 体液
vt. 使满足, 迁就",,3,1,gk cet4 cet6,3219,0,humour
prominent,prominent,'prɒminәnt,"s having a quality that thrusts itself into attention
s conspicuous in position or importance","a. 卓越的, 显著的, 突出的, 凸出的",j:100,3,0,cet4 cet6 ky toefl ielts gre,3221,2897,prominent
cotton,cotton,'kɒtn,"n. soft silky fibers from cotton plants in their raw state
n. fabric woven from cotton fibers
n. erect bushy mallow plant or small tree bearing bolls containing seeds with many long hairy fibers
n. thread made of cotton fibers","n. 棉花
vi. 和谐, 有好感, 理解",v:1/n:99,3,1,zk gk cet4 ky toefl ielts,3222,3136,cotton
condemn,condemn,kәn'dem,"v. express strong disapproval of
v. declare or judge unfit for use or habitation
v. compel or force into a particular state or activity
v. demonstrate the guilt of (someone)","vt. 判刑, 责备, 谴责
[法] 定罪, 判刑, 宣告有罪",v:100,3,0,gk cet4 cet6 ky toefl ielts gre,3223,4138,condemn
grain,grain,grein,"n. a relatively small granular particle of a substance
n. foodstuff prepared from the starchy grains of cereal grasses
n. the side of leather from which the hair has been removed
n. a weight unit used for pearls or diamonds: 50 mg or 1/4 carat","n. 谷粒, 颗粒, 谷类, 纹理, 本质
v. (使)成谷粒",v:1/n:99,3,1,gk cet4 cet6 ky toefl ielts gre,3226,3222,grain
declaration,declaration,.deklә'reiʃәn,"n. a statement that is emphatic and explicit (spoken or written)
n. (law) unsworn statement that can be admitted in evidence in a legal transaction
n. a statement of taxable goods or of dutiable properties","n. 宣告, 说明, 宣布
[计] 说明",n:100,3,0,cet6 ky toefl ielts,3227,5595,declaration
pop,pop,pɒp,"n. a sweet drink containing carbonated water and flavoring
n. a sharp explosive sound as from a gunshot or drawing a cork
v. hit a pop-fly
v. make a sharp explosive noise","n. 砰然声, 枪击, 含气饮料, 流行音乐, 通俗艺术
a. 流行的, 热门的, 通俗的
vt. 使发出爆裂声, 开枪打, 突然伸出
vi. 发出爆裂声, 射击, 突然出现, 瞪大
adv. 突然, 砰地
[计] 出现点, 邮局协议",u:4/n:35/j:5/v:56,3,1,zk cet4 cet6 ky ielts,3228,2545,pop
pile,pile,pail,"n. a collection of objects laid on top of each other
n. a large sum of money (especially as pay or profit)
n. a column of wood or steel or concrete that is driven into the ground to provide support for a structure
n. the yarn (as in a rug or velvet or corduroy) that stands up from the weave","n. 堆, 大堆, 大厦, 建筑群, 电池, 大量, 桥桩, 软毛, 痔疮
vi. 堆起, 堆积, 积累, 挤, 猛烈攻击
vt. 堆于, 累积, 堆叠, 打桩于, 用桩支撑",v:35/n:65,3,1,gk cet4 cet6 ky toefl,3229,3003,pile
historic,historic,hi'stɒrik,"s. belonging to the past; of what is important or famous in the past
s. important in history","a. 历史上著名的, 有历史性的",j:100,3,0,cet6 ky ielts,3232,2492,historic
spiritual,spiritual,'spiritʃuәl,"n. a kind of religious song originated by Blacks in the southern United States
s. concerned with or affecting the spirit or soul
s. lacking material body or form or substance","a. 精神上的, 神圣的, 崇高的, 高尚的, 鬼的, 招魂术的
n. 有关教会的事",j:100,3,1,gk cet4 cet6 ky toefl ielts gre,3233,2096,spiritual
bike,bike,baik,"n a motor vehicle with two wheels and a strong frame
n a wheeled vehicle that has two wheels and is moved by foot pedals
v ride a bicycle","n. 自行车, 脚踏车",v:7/n:93,3,0,zk,3241,2163,bike
youngster,youngster,'jʌŋstә,n a young person of either sex,"n. 小孩, 年轻人, 少年
[法] 儿童, 少年, 青年",n:100,3,0,cet4 cet6 ky toefl ielts,3242,4797,youngster
ethnic,ethnic,'eθnik,n. a person who is a member of an ethnic group,"a. 人种的, 种族的
[医] 人种的",j:100,3,0,cet6 ky toefl ielts gre,3244,1729,ethnic
bet,bet,bet,"n. the act of gambling
v. maintain with or as if with a bet
v. stake on the outcome of an issue","n. 打赌, 赌注
v. 打赌",n:33/v:67,3,1,cet4 ky ielts,3246,2699,bet
correspondent,correspondent,.kɒri'spɒndәnt,"n. someone who communicates by means of letters
n. a journalist employed to provide news stories for newspapers or broadcast media","n. 通讯记者, 通信者
[经] 客户, 代理商行, 代理银行",n:100,4,0,cet4 cet6 ky ielts gre,3253,2934,correspondent
federation,federation,fedә'reiʃәn,"n. an organization formed by merging several groups or parties
n. the act of constituting a political unity out of a number of separate states or colonies or provinces so that each member retains the management of its internal affairs","n. 联邦, 联合, 联盟
[法] 联邦, 联盟, 联邦政府",n:100,3,0,ky ielts,3260,9044,federation
voter,voter,'vәutә,n. a citizen who has a legal right to vote,"n. 选民, 投票人
[法] 选民, 选举人, 投票人",n:100,4,0,toefl,3263,1452,voter
molecule,molecule,'mɒlikju:l,n. (physics and chemistry) the simplest structural unit of an element or compound,"n. 分子, 些微
[化] 分子",n:100,3,0,cet4 cet6 ky toefl ielts gre,3266,4785,molecule
urgent,urgent,'ә:dʒәnt,s compelling immediate action,"a. 紧急的, 急迫的, 催逼的
[经] 紧急的, 急迫的",j:100,3,1,gk cet4 cet6 ky toefl gre,3268,5330,urgent
running,running,'rʌniŋ,"n. the state of being in operation
n. the act of administering or being in charge of something
a. (of fluids) moving or issuing in a stream
s. continually repeated over a period of time","n. 赛跑, 流出, 运转
a. 流动的, 跑着的, 连续的",j:63/n:37,4,1,gk,3269,3252,running
exact,exact,ig'zækt,a. marked by strict and particular and complete accordance with fact,"a. 精确的, 准确的, 精密的
vt. 强求, 急需",j:91/v:9,4,1,gk cet4 ky toefl gre,3270,3341,exact
reliable,reliable,ri'laiәbl,a. worthy of reliance or trust,"a. 可靠的, 可信赖的
[法] 可靠的, 可信赖的, 确实的",j:100,3,0,gk cet4 cet6 ky toefl ielts,3271,3504,reliable
pregnant,pregnant,'pregnәnt,a. carrying developing offspring within the body or being about to produce new life,"a. 怀孕的, 充满的, 思想丰富的, 成果丰硕的
[医] 妊娠的, 有孕的",j:100,3,1,gk cet6 ky toefl ielts gre,3276,2629,pregnant
admire,admire,әd'maiә,"v. feel admiration for
v. look at with admiration","vt. 赞美, 钦佩, 爱慕
vi. 称赞, 惊奇",v:100,3,1,gk cet4 ky toefl gre,3283,3277,admire
tide,tide,taid,"n. the periodic rise and fall of the sea level under the gravitational pull of the moon
n. something that may increase or decrease (like the tides of the sea)
n. there are usually two high and two low tides each day
v. rise or move forward","n. 潮, 潮汐, 趋势, 潮流, 涨潮, 高潮
vt. 使随潮漂流
vi. 顺潮行驶",n:100,3,0,cet4 cet6 ky toefl ielts,3284,4010,tide
explosion,explosion,ik'splәuʒәn,"n. a violent release of energy caused by a chemical or nuclear reaction
n. the act of exploding or bursting
n. a sudden great increase
n. the noise caused by an explosion","n. 爆发, 激增, 爆炸(声)
[化] 爆炸",n:100,3,1,cet4 cet6 ky ielts,3285,3023,explosion
acre,acre,'eikә,"n. a unit of area (4840 square yards) used in English-speaking countries
n. a territory of western Brazil bordering on Bolivia and Peru
n. a town and port in northwestern Israel in the eastern Mediterranean",n. 英亩,,3,0,gk cet4 ky toefl,3286,0,acre
bite,bite,bait,"n. a wound resulting from biting by an animal or a person
n. a light informal meal
n. (angling) an instance of a fish taking the bait
n. the act of gripping or chewing off with the teeth and jaws","n. 咬, 一口
v. 咬, 刺痛, 穿透",n:42/v:58,5,1,gk cet4 ky toefl ielts,3294,3153,bite
clinic,clinic,'klinik,"n. a medical establishment run by a group of medical specialists
n. meeting for diagnosis of problems and instruction or remedial work in a particular activity
n. a healthcare facility for outpatient care","n. 诊所, 临床教学
[医] 诊所(门诊部); 临床(讲解); 临床(学)科",n:100,3,0,gk cet6 ky toefl ielts,3298,2388,clinic
tap,tap,'tæp,"n. a small metal plate that attaches to the toe or heel of a shoe (as in tap dancing)
n. a tool for cutting female (internal) screw threads
n. a plug for a bunghole in a cask
n. a light touch or stroke","n. 轻打, 水龙头
vt. 轻打, 轻敲, 敲打出, 选择, 装上嘴子, 使流出, 开发, 分接, 向...乞讨
vi. 轻叩, 轻拍, 啪塔啪塔地走
[计] 接头",n:23/v:77,3,1,gk cet4 cet6 ky toefl ielts,3299,2843,tap
mutual,mutual,'mju:tʃuәl,"s common to or shared by two or more parties
a concerning each of two or more persons or things; especially given or done in return","a. 相互的, 共有的
[经] 相互的",j:100,3,0,cet4 cet6 ky toefl ielts,3301,2799,mutual
curious,curious,'kjuәriәs,"s. beyond or deviating from the usual or expected
a. eager to investigate and learn or learn more (sometimes about others' concerns)
s. having curiosity aroused; eagerly interested in learning more","a. 好奇的, 求知的, 古怪的",j:100,3,1,gk cet4 cet6 ky toefl,3304,3112,curious
fence,fence,fens,"n. a barrier that serves to enclose an area
n. a dealer in stolen property
v. enclose with a fence
v. receive stolen goods","n. 围墙, 栅栏, 买卖赃物的人, 剑术
vt. 用篱笆围住, 练习剑术, 防护
vi. 击剑, 搪塞",v:5/n:95,3,1,gk cet4 cet6 ky,3306,2653,fence
interior,interior,in'tiәriә,"a. situated within or suitable for inside a building
s. inside and toward a center
s. of or coming from the middle of a region or country","n. 内部, 内政
a. 内部的, 心灵的, 内地的, 内政的",j:46/n:54,3,1,cet4 cet6 ky toefl ielts,3308,3476,interior
thirteen,thirteen,'θә:'ti:n,"n. the cardinal number that is the sum of twelve and one
s. being one more than twelve","num. 十三, 十三个",m:100,5,0,zk gk,3309,5649,thirteen
Jew,jew,dʒu:,n. a person belonging to the worldwide group claiming descent from Jacob (or converted to it) and connected by cultural or religious ties,"n. 犹太人, 守财奴, 犹太教信徒
vt. 欺骗, 杀价",,3,0,,3310,1794,jew
era,era,'iәrә,"n. a period marked by distinctive character or reckoned from a fixed point or event
n. a major division of geological time; an era is usually divided into two or more periods","n. 时代, 纪元, 时期",n:100,3,0,cet4 cet6 ky toefl,3312,1884,era
ceremony,ceremony,'serimәni,"n. a formal event performed on a special occasion
n. any activity that is performed in an especially solemn elaborate or formal way
n. the proper or conventional behavior on some solemn occasion","n. 典礼, 仪式, 礼节
[法] 典礼, 仪式",n:100,3,1,gk cet4 cet6 ky toefl ielts gre,3313,2670,ceremony
laughter,laughter,'lɑ:ftә,n. the activity of laughing; the manifestation of joy or mirth or scorn,"n. 笑, 笑声
[医] 笑, 大笑",n:100,3,0,gk cet4 cet6 ky,3321,3397,laughter
cinema,cinema,'sinәmә,n. a theater where films are shown,"n. 电影院, 电影",n:100,3,1,zk gk ielts,3322,8165,cinema
satellite,satellite,'sætlait,"n. man-made equipment that orbits around the earth or the moon
n. a person who follows or serves another
n. any celestial body orbiting around a planet or star
v. broadcast or disseminate via satellite","n. 人造卫星
[医] 伴行静脉, 陪静脉, 陪病部, 随体, 卫星",n:100,3,0,gk cet4 cet6 ky toefl ielts,3325,2632,satellite
nearby,nearby,'niәbai,"s. close at hand
r. not far away in relative terms","a. 附近的, 近旁的
adv. 在附近, 近旁地
prep. 在...附近",r:36/j:64,3,1,gk cet4 cet6 ky,3327,2423,nearby
competitor,competitor,kәm'petitә,n the contestant you hope to defeat,"n. 竞争者
[经] 竞争者, 竞争对手",n:100,3,0,gk cet6,3328,3259,competitor
yield,yield,ji:ld,"n. an amount of a product
v. be the cause or source of
v. give in, as to influence or pressure
v. bring in","n. 生产量, 投资收益
vt. 出产, 给予, 让出, 放弃, 使屈服
vi. 出产, 屈服, 投降, 倒塌",n:31/v:69,3,0,cet4 cet6 ky toefl ielts,3333,2652,yield
coverage,coverage,'kʌvәridʒ,"n. the total amount and type of insurance carried
n. the extent to which something is covered
n. the news as presented by reporters for newspapers or radio or television","n. 覆盖的范围, 保险总额, 新闻报导
[化] 可达范围; 覆盖度",n:100,3,0,ky toefl ielts,3338,1877,coverage
miner,miner,'mainә,n. laborer who works in a mine,"n. 矿工, 开矿机, 坑道工兵
[经] 矿工",n:100,3,0,cet4 cet6,3339,5693,miner
integrate,integrate,'intigreit,"v. make into a whole or make part of a whole
v. become one; become integrated
v. calculate the integral of; calculate by integration","vt. 综合, 使完整, 使成整体
vi. 成一体
a. 完整的, 完全的",v:100,3,0,cet4 cet6 ky toefl ielts gre,3349,3431,integrate
publishing,publishing,'pʌbliʃiŋ,"n the business of issuing printed matter for sale or distribution
v put into print
v prepare and issue for public distribution or sale
v have (one's written work) issued for publication","n. 出版, 刊印, 发行",n:100,3,1,,3351,6717,publishing
ruling,ruling,'ru:liŋ,"n the reason for a court's judgment (as opposed to the decision itself)
v exercise authority over; as of nations
v decide with authority
v be larger in number, quantity, power, status or importance
v decide on and make a declaration about
v have an affinity with; of signs of the zodiac
v mark or draw with a ruler
v keep in check
s exercising power or authority","n. 判决, 裁定, 统治
a. 统治的, 支配的, 普遍的",j:36/n:64,3,0,,3354,4026,ruling
equity,equity,'ekwiti,"n. the difference between the market value of a property and the claims held against it
n. the ownership interest of shareholders in a corporation","n. 公平, 公正
[经] 权益, 产权",n:100,3,0,ielts gre,3355,3863,equity
electoral,electoral,i'lektәrәl,"a. of or relating to elections
s. relating to or composed of electors","a. 选举人的, 选举的, (有关)选举的
[法] 选举的, 选举人的, 由选举人组成的",j:100,3,0,,3357,5088,electoral
unexpected,unexpected,.ʌnik'spektid,a. not expected or anticipated,"a. 料想不到的, 突然的, 意外的
[法] 不能预料的, 意外的",j:100,3,1,cet4 cet6 ky,3366,3567,unexpected
disappointed,disappointed,.disә'pɒintid,"v fail to meet the hopes or expectations of
s disappointingly unsuccessful",a. 失望的,j:100,3,1,,3371,3987,disappointed
clothing,clothing,'klәuðiŋ,n. a covering designed to be worn on a person's body,n. 衣服,n:100,3,1,gk cet4 ky toefl ielts,3372,2650,clothing
trap,trap,træp,"n. a device in which something (usually an animal) can be caught and penned
n. drain consisting of a U-shaped section of drainpipe that holds liquid and so prevents a return flow of sewer gas
n. something (often something deceptively attractive) that catches you unawares
n. a device to hurl clay pigeons into the air for trapshooters","n. 圈套, 陷阱, 诡计, 存水弯
vi. 设圈套, 设陷阱
vt. 诱捕, 诱骗, 抓住, 使受限制
[计] 俘获; 陷井",n:46/v:54,3,1,gk cet4 cet6 ky toefl ielts,3373,3538,trap
navy,navy,'neivi,n. an organization of military vessels belonging to a country and available for sea warfare,"n. 海军, 海军人员, 海军军力, 烟蒂",n:100,3,1,gk cet4 cet6 ky,3375,5950,navy
grip,grip,grip,"n. the friction between a body and the surface on which it moves (as between an automobile tire and the road)
n. worker who moves the camera around while a film or television show is being made
n. an intellectual hold or understanding
v. hold fast or firmly","n. 紧握, 柄, 握力, 握手方式, 手提包, 掌握, 支配, 控制
vt. 抓紧, 抱住, 吸住, 掌握
vi. 握牢, 有吸引力",v:38/n:62,3,0,cet4 cet6 ky toefl ielts,3376,3694,grip
chase,chase,tʃeis,"n. United States politician and jurist who served as chief justice of the United States Supreme Court (1808-1873)
n. a rectangular metal frame used in letterpress printing to hold together the pages or columns of composed type that are printed at one time
v. go after with the intent to catch
v. pursue someone sexually or romantically","n. 追求, 狩猎, 追逐
vt. 追捕, 追逐, 雕刻, 在...上镶嵌宝石
vi. 追赶, 奔跑",n:20/v:80,3,1,cet4 cet6 ky ielts gre,3378,3312,chase
celebration,celebration,.seli'breiʃәn,"n. a joyful occasion for special festivities to mark some happy event
n. any joyous diversion
n. the public performance of a sacrament or solemn ceremony with all appropriate ritual","n. 庆祝, 庆典",n:100,3,1,gk,3379,2996,celebration
marked,marked,mɑ:kt,"s. strongly marked; easily noticeable
s. singled out for notice or especially for a dire fate
a. having or as if having an identifying mark or a mark as specified; often used in combination","a. 有记号的, 显著的, 醒目的
[化] 有记号的; 显著的",j:100,3,0,gre,3380,6481,marked
spell,spell,spel,"n. a verbal formula believed to have magical force
v. orally recite the letters of or give the spelling of
v. indicate or signify
v. write or name the letters that comprise the conventionally accepted form of (a word or part of a word)","n. 符咒, 魅力, 轮值, 轮班, 工作时间, 一次发作
vt. 拼写, 拼成, 琢磨, 理解, 招致, 轮换, 迷住
vi. 轮换, 拼字",n:40/v:60,3,1,zk gk cet4 cet6 ky gre,3382,4299,spell
superb,superb,sju'pә:b,s. surpassingly good,"a. 极度的, 华丽的, 极好的",j:100,3,0,gk cet6 ky toefl ielts gre,3385,6911,superb
brand,brand,brænd,"n. a recognizable kind
n. identification mark on skin, made by burning
n. a piece of wood that has been burned or is burning
v. burn with a branding iron to indicate ownership; of animals","n. 商标, 牌子, 烙印
vt. 打烙印于",v:12/n:88,3,1,gk cet4 cet6 ky ielts gre,3387,2570,brand
await,await,ә'weit,v look forward to the probable occurrence of,"vt. 等候
vi. 等待着",v:100,3,0,cet4 ky,3388,3669,await
squeeze,squeeze,skwi:z,"n. the act of gripping and pressing firmly
n. a situation in which increased costs cannot be passed on to the customer
n. (slang) a person's girlfriend or boyfriend
n. a twisting squeeze","n. 紧握, 挤, 榨, 榨取, 佣金
vt. 紧握, 挤, 榨取
vi. 压榨, 榨",n:11/v:89,3,1,gk cet4 cet6 ky toefl ielts gre,3390,2891,squeeze
gear,gear,giә,"n. a toothed wheel that engages another toothed mechanism in order to change the speed or direction of transmitted motion
n. a mechanism for transmitting motion for some specific purpose (as the steering gear of a vehicle)
n. equipment consisting of miscellaneous articles needed for a particular operation or sport etc.
v. set the level or character of","n. 齿轮, 工具
vt. 以齿轮连起, 开动, 使适应, 安排
vi. 连接上, 适合",v:18/n:82,3,1,cet4 cet6 ky toefl ielts gre,3392,2607,gear
delight,delight,di'lait,"n. a feeling of extreme pleasure or satisfaction
v. take delight in","n. 高兴, 愉快
vt. 使高兴, 乐于
vi. 感到高兴(或愉快、快乐)",v:28/n:72,3,1,gk cet4 cet6 ky,3393,4890,delight
photo,photo,'fәutәu,n a representation of a person or scene in the form of a print or transparent slide; recorded by a camera on light-sensitive material,"n. 相片, 照片, 逼真的描绘
v. 照相
a. 照相的, 摄影用的, 详细记录的, 逼真的, 酷似的",n:100,5,0,zk,3394,1328,photo
wound,wound,wu:nd,"n. an injury to living tissue (especially an injury involving a cut or break in the skin)
n. a casualty to military personnel resulting from combat
n. a figurative injury (to your feelings or pride)
n. the act of inflicting a wound","n. 创伤, 伤口, 伤疤, 伤害, 痛苦
vt. 伤害, 损害, 使受伤
vi. 打伤, 伤害
wind的过去式和过去分词",v:38/n:62,4,1,zk gk cet4 cet6 ky,3399,3202,wound
butter,butter,'bʌtә,"n. an edible emulsion of fat globules made by churning milk or cream; for cooking and table use
n. a fighter who strikes the opponent with his head
v. spread butter on","n. 奶油, 黄油
vt. 涂黄油于",v:3/n:97,3,1,zk gk cet4 ky toefl,3403,2402,butter
shortage,shortage,'ʃɒ:tidʒ,"n the property of being an amount by which something is less than expected or required
n an acute insufficiency","n. 不足, 缺乏
[化] 缺额",n:100,3,0,cet4 cet6 ky toefl ielts,3405,4027,shortage
undermine,undermine,.ʌndә'main,"v destroy property or hinder normal operations
v hollow out as if making a cave or opening","vt. 在...下面挖, 渐渐破坏, 暗地里破坏
[法] 暗中破坏, 以阴谋中伤伤害",v:100,3,0,cet6 ky toefl ielts gre,3409,3697,undermine
flee,flee,fli:,v. run away quickly,"vt. 逃避, 逃跑, 逃走
vi. 逃, 消失",v:100,3,0,gk cet4 cet6 ky toefl ielts,3410,2942,flee
toy,toy,tɒi,"n. a nonfunctional replica of something else (frequently used as a modifier)
n. a device regarded as providing amusement
v. manipulate manually or in one's mind or imagination","n. 玩具, 小玩艺儿, 小型的东西, 消遣
a. 供玩耍的, 作为玩具的
vi. 玩弄, 戏弄, 调情",v:4/j:3/n:93,3,1,zk gk cet4 cet6 ky gre,3412,2418,toy
myth,myth,miθ,n. a traditional story accepted as history; serves to explain the world view of a people,"n. 神话, 虚构的事, 虚构的人",n:100,3,0,cet6 ky toefl ielts,3413,3076,myth
invasion,invasion,in'veiʒәn,"n. the act of invading; the act of an army that invades for conquest or plunder
n. any entry into an area not previously occupied
n. (pathology) the spread of pathogenic microorganisms or malignant cells to new sites in the body","n. 侵犯, 侵入, 侵害
[医] 侵袭, 侵入, 发病",n:100,3,0,cet4 cet6 ky toefl,3416,3295,invasion
fleet,fleet,fli:t,"n. group of aircraft operating together under the same ownership
n. group of motor vehicles operating together under the same ownership
n. a group of steamships operating together under the same ownership
n. a group of warships organized as a tactical unit","n. 舰队, 港湾, 小河
a. 快速的, 敏捷的, 浅的, 短暂的
adv. 浅
vi. 疾驰, 飞逝, 掠过
vt. 消磨, 变换船(或船员)的位置",v:4/j:3/n:93,3,0,cet4 cet6 ky ielts gre,3417,4446,fleet
brush,brush,brʌʃ,"n. a dense growth of bushes
n. an implement that has hairs or bristles firmly set into a handle
n. momentary contact
n. conducts current between rotating and stationary parts of a generator or motor","n. 刷子, 毛笔, 争吵
vt. 刷
vi. 擦过, 掠过
[计] 电刷",n:48/v:52,3,1,zk gk,3418,3223,brush
crystal,crystal,'kristl,"n. a solid formed by the solidification of a chemical and having a highly regular atomic structure
n. a crystalline element used as a component in various electronic devices
n. a rock formed by the solidification of a substance; has regularly repeating internal structure; external plane faces
n. glassware made of quartz","n. 水晶, 水晶装饰品, 结晶
a. 水晶的, 水晶一样的, 透明的",n:100,3,0,cet4 cet6 ky toefl ielts,3419,3574,crystal
rhythm,rhythm,'riðәm,"n. the basic rhythmic unit in a piece of music
n. recurring at regular intervals
n. the arrangement of spoken words alternating stressed and unstressed elements","n. 旋律, 节奏, 韵律, 匀称, 张弛节律
[医] 节律",n:100,3,1,cet4 cet6 ky toefl ielts,3420,3280,rhythm
innocent,innocent,'inәsәnt,"n. a person who lacks knowledge of evil
a. free from evil or guilt
s. lacking intent or capacity to injure
s. lacking in sophistication or worldliness","a. 无罪的, 不懂事的, 无知的
n. 天真的人, 笨蛋",j:93/n:7,3,1,gk cet4 cet6 ky toefl ielts,3421,2775,innocent
leap,leap,li:p,"n. a light, self-propelled movement upwards or forwards
n. an abrupt transition
n. the distance leaped (or to be leaped)
v. pass abruptly from one state or topic to another","n. 跳跃, 剧增, 急变, 被越过之物
vi. 跳跃, 突然经过
vt. 跃过, 使跃过",n:34/v:66,3,0,cet4 cet6 ky toefl ielts,3425,3621,leap
desert,desert,'dezәt. di'sә:t,"n. arid land with little or no vegetation
v. leave behind","n. 沙漠, 应得的赏罚, 功劳
a. 沙漠的, 不毛的
vt. 放弃, 遗弃, 擅离
vi. 逃掉",v:18/n:82,3,1,gk cet4 cet6 ky toefl ielts gre,3426,2196,desert
raid,raid,reid,"n. an attempt by speculators to defraud investors
v. search without warning, make a sudden surprise attack on
v. take over (a company) by buying a controlling interest of its stock
v. search for something needed or desired","n. 袭击, 突袭, 搜捕
v. 奇袭, 搜捕
[计] 廉价磁盘冗余阵列",v:28/n:72,3,0,cet4 cet6 ky toefl ielts gre,3428,5096,raid
romantic,romantic,rәu'mæntik,"n. a soulful or amorous idealist
a. belonging to or characteristic of Romanticism or the Romantic Movement in the arts","a. 浪漫的, 风流的, 传奇性的, 夸大的, 空想的, 浪漫派的",j:97/n:3,3,1,cet4 cet6 ky,3436,3135,romantic
mess,mess,mes,"n. a state of confusion and disorderliness
n. soft semiliquid food
n. a meal eaten in a mess hall by service personnel
n. a (large) military dining room where service personnel eat or relax","n. 食堂, 伙食, 用膳, 一份食品, 混乱, 乱七八糟, 困境
vt. 将...弄糟, 妨碍, 使紊乱, 使就餐
vi. 陷入困境, 搞乱, 用膳",v:32/n:68,3,1,gk cet4 cet6 ky ielts,3437,3381,mess
anniversary,anniversary,æni'vә:sәri,n. the date on which an event occurred in some previous year (or the celebration of it),n. 周年纪念,n:100,3,1,gk cet6 ky ielts,3440,3374,anniversary
therapy,therapy,'θerәpi,n. (medicine) the act of caring for someone (as by medication or remedial training etc.),"n. 治疗
[医] 疗法, 治疗",n:100,3,0,cet6 ky toefl ielts,3442,2142,therapy
controversial,controversial,.kɒntrә'vә:ʃәl,a. marked by or capable of arousing controversy,"a. 争论的, 论争的, 被议论的",j:100,3,0,gk cet6 ky toefl ielts gre,3444,3090,controversial
banking,banking,'bæŋkiŋ,"n. engaging in the business of keeping money for savings and checking accounts or for exchange or for issuing loans and credit etc.
n. transacting business with a bank; depositing or withdrawing funds or requesting a loan etc.","n. 银行业务
[经] 银行业, 银行事务",n:100,3,0,ielts,3447,3953,banking
temple,temple,templ,"n. place of worship consisting of an edifice for the worship of a deity
n. the flat area on either side of the forehead
n. an edifice devoted to special or exalted purposes","n. 圣堂, 庙宇, 教堂, 礼拜堂, 太阳穴, 鬓角
[医] 颞颥, 颞部",n:100,3,0,gk cet4 cet6 ky toefl ielts,3448,3616,temple
rebel,rebel,'rebl,"n. `Johnny' was applied as a nickname for Confederate soldiers by the Federal soldiers in the American Civil War; `greyback' derived from their grey Confederate uniforms
v. take part in a rebellion; renounce a former allegiance
v. break with established customs","n. 叛徒, 反叛者
vi. 造反, 反抗, 抵抗, 反感
a. 造反的, 反抗的",v:18/n:82,4,0,cet4 cet6 ky toefl,3456,3776,rebel
allegation,allegation,.æli'geiʃәn,"n. (law) a formal accusation against somebody (often in a court of law)
n. statements affirming or denying certain matters of fact that you are prepared to prove","n. 断言, 主张, 申辩
[法] 声明, 事实陈述, 断言",n:100,3,0,cet6 toefl,3459,3516,allegation
controversy,controversy,'kɒntrәvә:si,n. a contentious speech act; a dispute where there is strong disagreement,"n. 论争, 辩论, 论战, 争论
[法] 论战, 争论, 争吵",n:100,3,0,cet6 ky toefl ielts,3460,2876,controversy
merger,merger,'mә:dʒә,"n the combination of two or more commercial companies
n an occurrence that involves the production of a union","n. 合并, 归并
[经] 购并",n:100,3,0,ky toefl,3475,5012,merger
tournament,tournament,'tә:nәmәnt,"n. a sporting competition in which contestants play a series of games to decide the winner
n. a series of jousts between knights contesting for a prize","n. 比赛, 竞赛, 锦标赛, 联赛",n:100,3,0,gk ky toefl ielts gre,3482,2761,tournament
hire,hire,haiә,"n. a newly hired employee
n. the act of hiring something or someone
v. engage or hire for work","n. 租金, 租用, 雇用
vt. 雇请, 出租
vi. 受雇",n:5/v:95,3,1,gk cet4 cet6 ky,3488,1491,hire
hint,hint,hint,"n. an indirect suggestion
n. a slight indication
v. drop a hint; intimate by a hint","n. 暗示, 提示
v. 暗示, 示意",v:31/n:69,3,0,cet4 cet6 ky toefl ielts,3492,3909,hint
counter,counter,'kauntә,"n. table consisting of a horizontal surface over which business is transacted
n. game equipment (as a piece of wood, plastic, or ivory) used for keeping a count or reserving a space in various card or board games
n. a calculator that keeps a record of the number of times something happens
n. a person who counts things","n. 计算器, 计算者, 柜台, 筹码
a. 反方向的, 相反的
adv. 反方向地, 相反地
[计] 计数器; 计数字",v:32/j:2/n:66,3,1,gk cet4 cet6 ky ielts,3493,2830,counter
rumour,rumour,'ru:mә,"n gossip (usually a mixture of truth and untruth) passed around by word of mouth
v tell or spread rumors","n. 谣言, 传闻
vt. 谣传",,3,1,cet4 cet6 ielts,3495,0,rumour
recruit,recruit,ri'kru:t,"n. a recently enlisted soldier
n. any new member or supporter (as in the armed forces)
v. seek to employ
v. cause to assemble or enlist in the military","n. 新兵, 新手, 新会员, 补给品
vt. 恢复, 补充, 充实, 征募
vi. 征募新兵, 复原, 得到补充",n:24/v:76,3,0,cet4 cet6 ky toefl ielts gre,3496,3314,recruit
mixed,mixed,mikst,"v mix together different elements
v open (a place) to members of all races and ethnic groups
v combine (electronic signals)
v add as an additional element or part
v to bring or combine together or with something else
v mix so as to make a random order or arrangement
s consisting of a haphazard assortment of different kinds
s involving or composed of different races","a. 混合的, 形形色色的, 弄糊涂的
[计] 混合的",j:100,3,1,,3497,4174,mixed
float,float,flәut,"n. the time interval between the deposit of a check in a bank and its payment
n. the number of shares outstanding and available for trading by the public
n. an elaborate display mounted on a platform carried by a truck (or pulled by a truck) in a procession or parade
n. a hand tool with a flat face used for smoothing and finishing the surface of plaster or cement or stucco","n. 漂流物, 浮舟, 漂浮, 浮萍, 彩车
vi. 浮动, 飘动, 散播, 摇摆, 动摇, 浮动
vt. 使漂浮, 容纳, 淹没, 发行, 实行
[计] 浮动",n:23/v:77,3,1,gk cet4 cet6 ky toefl ielts,3498,3140,float
tremendous,tremendous,tri'mendәs,"s extraordinarily large in size or extent or amount or power or degree; that a whole civilization should be dependent on technology""- Walter Lippman
s extraordinarily good or great; used especially as intensifiers
s extreme in degree or extent or amount or impact","a. 巨大的, 非常的, 可怕的",j:100,3,0,cet4 cet6 ky toefl ielts gre,3501,2768,tremendous
flag,flag,flæg,"n. emblem usually consisting of a rectangular piece of cloth of distinctive design
n. a rectangular piece of fabric used as a signalling device
n. stratified stone that splits into pieces suitable as paving stones
n. a conspicuously marked or shaped tail","n. 标志, 旗标, 旗子, 信号旗, 菖蒲
vt. 悬旗, 打旗号, 铺石板
vi. 无力地下垂
[计] 标志; 属性标记命令",v:7/n:93,3,1,zk gk cet4 cet6 ky toefl ielts gre,3502,2444,flag
uniform,uniform,'ju:nifɒ:m,"n. clothing of distinctive design worn by members of a particular group as a means of identification
v. provide with uniforms
a. always the same; showing a single form or character in all occurrences
s. evenly spaced","n. 制服
a. 统一的, 一律的, 始终如一的",j:27/n:73,3,1,gk cet4 cet6 ky toefl ielts gre,3504,3043,uniform
fade,fade,feid,"n. gradually ceasing to be visible
v. become less clearly visible or distinguishable; disappear gradually or seemingly
v. lose freshness, vigor, or vitality","vi. 褪色, 消失, 凋谢
vt. 使褪色
n. 淡入, 淡出
a. 平淡的",n:2/v:98,3,0,gk cet4 cet6 ky toefl ielts gre,3506,2882,fade
tragedy,tragedy,'trædʒidi,n. drama in which the protagonist is overcome by some superior force or circumstance; excites terror or pity,"n. 悲剧, 惨案, 悲剧作品
[法] 惨事, 灾难, 不辛",n:100,3,0,cet4 cet6 ky toefl ielts gre,3508,2883,tragedy
rape,rape,reip,"n. Eurasian plant cultivated for its seed and as a forage crop
n. the act of despoiling a country in warfare
n. the crime of forcing a woman to submit to sexual intercourse against her will
v. force (someone) to have sex against their will","n. 抢夺, 掠夺, 强奸, 葡萄渣, 芸苔
vt. 掠夺, 抢夺, 强奸",v:37/n:63,3,0,ky,3510,3416,rape
reluctant,reluctant,ri'lʌktәnt,"s. disinclined to become involved
s. not eager","a. 不情愿的, 勉强的
[法] 不愿的, 勉强的, 难以处理的",j:100,3,0,cet4 cet6 ky toefl ielts,3511,3900,reluctant
superior,superior,sju:'piәriә,"n. one of greater rank or station or quality
n. the head of a religious community
n. a town in northwest Wisconsin on Lake Superior across from Duluth
a. of high or superior quality or performance","n. 长者, 占优势的人, 上级
a. 上级的, 出众的, 高傲的",j:83/n:17,3,1,gk cet4 cet6 ky toefl ielts,3513,3410,superior
freeze,freeze,fri:z,"n. the withdrawal of heat to change something from a liquid to a solid
n. weather cold enough to cause freezing
n. an interruption or temporary suspension of progress or movement
n. fixing (of prices or wages etc) at a particular level","vi. 冻结, 冷冻, 僵硬, 楞住
vt. 使结冰, 使冻住, 使呆住
n. 结冰, 凝固
[计] 冻结",n:17/v:83,3,1,zk gk cet4 cet6 ky,3516,2807,freeze
echo,echo,'ekәu,"n. the repetition of a sound resulting from reflection of the sound waves
n. (Greek mythology) a nymph who was spurned by Narcissus and pined away until only her voice remained
n. a reply that repeats what has just been said
n. a reflected television or radio or radar beam","n. 回声, 回音, 回波
vi. 发回声, 随声附和
vt. 摹仿, 重复, 反射
[计] 回显; DOS批处理命令:控制MS-DOS命令是否在屏幕上显示",n:32/v:68,3,0,cet4 cet6 ky toefl ielts,3517,3424,echo
shore,shore,ʃɒ:,"n. the land along the edge of a body of water
n. a beam or timber that is propped against a structure to provide support
v. serve as a shore to","n. 海岸, 海滨, 斜撑柱
vt. 把...送上岸, 支撑, 支持",v:16/n:84,3,0,gk cet4 cet6 ky toefl,3519,3244,shore
drift,drift,drift,"n. a force that moves something along
n. the gradual departure from an intended course due to external influences (as a ship or plane)
n. a process of linguistic change over a period of time
n. a large mass of material that is heaped up by the wind or by water currents","n. 漂流物, 漂流, 动向
v. (使)漂流",n:27/v:73,3,0,cet4 cet6 ky toefl ielts,3522,3599,drift
harbour,harbour,'hɑ:bә,"n a sheltered port where ships can take on or discharge cargo
n a place of refuge and comfort and security
v secretly shelter (as of fugitives or criminals)
v keep in one's possession; of animals
v hold back a thought or feeling about
v maintain (a theory, thoughts, or feelings)","n. 港, 避难所
v. 庇护, 藏匿, (使)入港停泊",v:100,3,0,gk cet4 cet6 ielts,3526,36866,harbour
triumph,triumph,'traiәmf,n. the exultation of victory,"n. 凯旋, 胜利, 欢欣
vi. 得胜, 成功",v:18/n:82,3,0,cet4 cet6 ky toefl ielts gre,3546,4638,triumph
businessman,businessman,'biznismæn,n. a person engaged in commercial or industrial business (especially an owner or executive),"n. 商人, 实业家, 工商业家",n:100,3,1,gk,3547,3840,businessman
testing,testing,'testiŋ,"n. the act of subjecting to experimental test in order to determine how well something works
n. an examination of the characteristics of something","n. 测试
a. 吃力的, 试验的",j:1/n:99,3,0,,3548,2501,testing
gang,gang,gæŋ,"n. an association of criminals
n. an organized group of workmen
n. tool consisting of a combination of implements arranged to work together
v. act as an organized group","n. 队, 群, 帮
vi. 成群结队, 结成一伙
vt. 使成群结队",v:4/n:96,3,0,cet4 cet6 ky ielts,3549,2614,gang
singer,singer,'siŋә,"n. a person who sings
n. United States inventor of an improved chain-stitch sewing machine (1811-1875)
n. United States writer (born in Poland) of Yiddish stories and novels (1904-1991)",n. 歌手,n:100,3,1,gk cet4 cet6,3552,2823,singer
airline,airline,'єәlain,"n. a hose that carries air under pressure
n. a commercial enterprise that provides scheduled flights for passengers","n. 航线, 航线的设备, 航空公司",n:100,4,0,zk gk cet4 ky,3554,2128,airline
provoke,provoke,prә'vәuk,"v. evoke or provoke to appear or occur
v. provide the needed stimulus for","vt. 激怒, 惹起, 诱导
[法] 刺激, 煽动, 激怒",v:100,3,0,cet6 ky toefl ielts,3558,4821,provoke
stimulate,stimulate,'stimjuleit,"v. act as a stimulant
v. stir the feelings, emotions, or peace of
v. cause to be alert and energetic
v. stir feelings in","vt. 刺激, 激励, 鼓舞
vi. 起刺激作用",v:100,3,0,cet4 cet6 ky toefl ielts,3560,4440,stimulate
eighteenth,eighteenth,ei'ti:nθ,"n. position 18 in a countable series of things
s. coming next after the seventeenth in position","num. 第十八, 十八分之一",m:100,4,0,,3564,8127,eighteenth
colonel,colonel,'kә:nәl,n. a commissioned military officer in the United States Army or Air Force or Marines who ranks above a lieutenant colonel and below a brigadier general,"n. 陆军上校, 长官",n:100,3,0,cet4 cet6 ky toefl,3566,6593,colonel
diplomatic,diplomatic,.diplә'mætik,"a. relating to or characteristic of diplomacy
a. using or marked by tact in dealing with sensitive matters or people","a. 外交的, 老练的
[法] 外交的, 外交上的, 文献上的",j:100,3,0,cet6 ky toefl ielts gre,3567,3940,diplomatic
marine,marine,mә'ri:n,"n. a member of the United States Marine Corps
n. a soldier who serves both on shipboard and on land
a. of or relating to the sea
a. of or relating to military personnel who serve both on land and at sea (specifically the U.S. Marine Corps)","n. 舰队, 水兵, 海景画
a. 海的, 海产的, 海底的, 船舶的, 海运的",j:81/n:19,3,0,cet4 cet6 ky toefl ielts gre,3580,4916,marine
virus,virus,'vaiәrәs,"n. (virology) ultramicroscopic infectious agent that replicates itself only within cells of living hosts; many are pathogenic; a piece of nucleic acid (DNA or RNA) wrapped in a thin coat of protein
n. a harmful or corrupting agency
n. a software program capable of reproducing itself and usually capable of causing great harm to files or other programs on the same computer","n. 病毒, 滤过性病毒, 毒害
[化] 病毒",n:100,3,1,gk cet4 cet6 ky toefl ielts gre,3589,2701,virus
emphasize,emphasize,'emfәsaiz,"v to stress, single out as important
v give extra weight to (a communication)","vt. 强调, 加强语气, 着重",v:100,3,1,cet4 cet6 ky toefl ielts,3599,1975,emphasize
retail,retail,'ri:teil,"n. the selling of goods to consumers; usually in small quantities and not for resale
v. be sold at the retail level
v. sell on the retail market
r. at a retail price","n. 零售
a. 零售的
vt. 零售, 详述, 传播
vi. 零售",j:88/v:12,3,0,cet4 cet6 ky toefl ielts gre,3601,3479,retail
spare,spare,spєә,"n. a score in tenpins; knocking down all ten after rolling two balls
v. refrain from harming
v. save or relieve from an experience or action
v. give up what is not strictly needed","n. 剩余, 备用品, 备件, 备用零件, 备用轮胎
a. 多余的, 备用的, 空闲的, 节约的, 瘦的
vi. 节约, 省掉, 宽恕
vt. 节约, 省用, 剩下, 饶恕, 赦免",n:3/j:40/v:57,3,1,zk gk toefl ielts,3617,4585,spare
coloured,coloured,'kʌlәd,"v modify or bias
v decorate with colors
v give a deceptive explanation or excuse for
v affect as in thought or feeling
v add color to
v change color, often in an undesired manner
a having color or a certain color; sometimes used in combination
s favoring one person or side over another
s (used of color) artificially produced; not natural
s having skin rich in melanin pigments","a. 有色的, 有...色的, 经过渲染的, 有色彩的, 伪装的, 有色人种的, 混血种的
n. 有色人种的人, 混血人
[计] 着色的",j:100,3,1,,3618,22818,coloured
stroke,stroke,strәuk,"n. (sports) the act of swinging or striking at a ball with a club or racket or bat or cue or hand
n. a sudden loss of consciousness resulting when the rupture or occlusion of a blood vessel leads to oxygen lack in the brain
n. a light touch
n. a light touch with the hands","n. 笔划, 打, 中风, 抚, 摩, 冲程
vt. 划尾桨, 抚, 摩, 划去
[计] 笔划",v:35/n:65,3,1,cet4 cet6 ky toefl ielts gre,3619,3108,stroke
intelligent,intelligent,in'telidʒәnt,"a. having the capacity for thought and reason especially to a high degree
s. possessing sound knowledge
s. endowed with the capacity to reason","a. 聪明的, 智能的, 了解的",j:100,3,1,cet4 cet6 ky toefl ielts,3621,3709,intelligent
unhappy,unhappy,.ʌn'hæpi,"a. experiencing or marked by or causing sadness or sorrow or discontent
s. causing discomfort","a. 不快乐的, 不幸的, 不适当的",j:100,3,1,gk cet4 cet6,3622,4717,unhappy
unfair,unfair,.ʌn'fєә,a. not fair; marked by injustice or partiality or deception,"a. 不公平的, 不正直的, 不正当的
[法] 不正直的, 不公平的, 偏颇的",j:100,3,1,gk cet4 cet6 toefl ielts,3625,4493,unfair
continent,continent,'kɒntinәnt,"n. one of the large landmasses of the earth
n. the European mainland
a. having control over urination and defecation","n. 大陆, 洲
a. 自制的",n:100,3,1,gk cet4 cet6 ky toefl gre,3626,4022,continent
liberty,liberty,'libәli,"n. freedom of choice
n. personal freedom from servitude or confinement or oppression","n. 自由, 特权, 许可, 冒失
[法] 自由, 自由权, 自由区域",n:100,3,0,gk cet4 cet6 ky toefl gre,3629,3835,liberty
grave,grave,greiv,"n. death of a person
n. a place for the burial of a corpse (especially beneath the ground and marked by a tombstone)
s. dignified and somber in manner or character and committed to keeping promises
s. of great gravity or crucial import; requiring serious thought","n. 墓穴, 坟墓, 终结, 死亡
a. 庄重的, 严肃的, 重大的, 低沉的
vt. 雕刻",j:28/n:72,3,1,cet4 cet6 ky ielts gre,3630,3358,grave
truck,truck,trʌk,"n. an automotive vehicle suitable for hauling
v. convey (goods etc.) by truck","n. 卡车, 货车, 对...进行交易, 来往, 实物工资, (供应市场的)蔬菜, 废物, 废话
vt. 对...进行交易, 交往, 以卡车运输
vi. 驾驶卡车, 以物易物",v:3/n:97,3,1,zk gk cet4 cet6 ky,3631,1237,truck
midnight,midnight,'midnait,n. 12 o'clock at night; the middle of the night,"n. 午夜, 子夜, 半夜
a. 午夜的, 半夜的",n:100,3,1,gk cet4 cet6 ielts,3635,3461,midnight
carrier,carrier,'kæriә,"n. someone whose employment involves carrying something
n. a self-propelled wheeled vehicle designed specifically to carry something
n. an inactive substance that is a vehicle for a radioactive tracer of the same substance and that assists in its recovery after some chemical reaction
n. a person or firm in the business of transporting people or goods or messages","n. 运送者, 邮递员, 带菌者
[计] 载波",n:100,3,0,gk cet4 cet6 ky ielts,3636,3271,carrier
painful,painful,'peinful,a. causing physical or psychological pain,"a. 痛苦的, 困难的, 令人烦恼的
[医] 疼痛的",j:100,3,1,gk cet4 cet6 ky,3638,3034,painful
courage,courage,'kʌridʒ,n. a quality of spirit that enables you to face danger or pain without showing fear,"n. 勇气, 胆量",n:100,3,1,zk gk cet4 cet6 ky,3640,3324,courage
fantasy,fantasy,'fæntәsi,"n. imagination unrestricted by reality
n. fiction with a large amount of imagination in it
v. indulge in fantasies","n. 幻想, 想象的产物
[医] 幻想",n:100,3,0,gk cet4 ky toefl ielts gre,3642,2964,fantasy
spectacular,spectacular,spek'tækjulә,"n. a lavishly produced performance
s. characteristic of spectacles or drama","a. 公开展示的, 惊人的, 壮观的
n. 奇观, 惊人之举, 展览物",j:99/n:1,3,0,cet6 ky toefl ielts gre,3644,4196,spectacular
aggressive,aggressive,ә'gresiv,"a. having or showing determination and energetic pursuit of your ends; positive in his convictions""
s. tending to spread quickly
s. characteristic of an enemy or one eager to fight","a. 侵略的, 挑畔的, 进取的
[法] 侵略的, 爱挑衅的, 行为过火的",j:100,3,1,gk cet4 cet6 ky toefl ielts gre,3648,2514,aggressive
monthly,monthly,'mʌnθli,"n. a periodical that is published every month (or 12 issues per year)
s. of or occurring or payable every month
r. occurring once a month","n. 月刊
a. 每月的, 每月一次的",r:3/j:94/n:3,3,0,cet4 ky,3652,3520,monthly
dialogue,dialogue,'daiәlɒg,"n. a conversation between two persons
n. the lines spoken by characters in drama or fiction
n. a literary composition in the form of a conversation between two people","n. 对话
vi. 对话
vt. 用对话表达",n:100,3,0,zk gk toefl ielts,3654,2794,dialogue
suicide,suicide,'sjuisaid,"n. the act of killing yourself
n. a person who kills himself intentionally","n. 自杀, 自杀者
v. 自杀
a. 自杀的",n:100,3,0,cet6 ky ielts,3655,2274,suicide
fraud,fraud,frɒ:d,"n. intentional deception resulting in injury to another person
n. something intended to deceive; deliberate trickery intended to gain an advantage","n. 欺骗, 欺诈, 诡计, 骗子
[经] 欺诈, 舞弊, 骗子",n:100,3,0,cet6 ky toefl ielts gre,3659,3551,fraud
fool,fool,fu:l,"n. a person who lacks good judgment
v. make a fool or dupe of","n. 愚人, 受骗者, 奶油拌水果
vt. 愚弄, 欺骗, 浪费
vi. 干傻事, 开玩笑, 游荡
a. 傻的",v:39/j:2/n:59,3,0,gk cet4 ky,3660,4030,fool
amazing,amazing,ә'meiziŋ,"s. surprising greatly
s. inspiring awe or admiration or wonder",a. 令人惊异的,j:100,3,1,gk toefl ielts,3667,2294,amazing
shame,shame,ʃeim,"n. a painful emotion resulting from an awareness of inadequacy or guilt
n. a state of dishonor
v. compel through a sense of shame
v. cause to be ashamed","n. 羞耻, 羞愧, 耻辱
vt. 使羞愧, 侮辱",v:15/n:85,3,1,zk gk cet4 cet6 ky,3668,3767,shame
reporter,reporter,ri'pɒ:tә,n. a person who investigates and reports or edits news stories,"n. 记者, 报告者
[化] 指示器",n:100,4,0,gk cet4 cet6 ky,3671,1286,reporter
twist,twist,twist,"n. a jerky pulling movement
n. social dancing in which couples vigorously twist their hips and arms in time to the music; was popular in the 1960s
n. turning or twisting around (in place)
v. turn in the opposite direction","n. 一扭, 扭曲, 曲折, 歪曲, 螺旋状, 新手法
vt. 拧, 扭, 捻, 编织, 使扭转, 缠绕, 盘绕, 歪曲, 使转动, 使苦恼, 使混乱, 使旋转
vi. 转向, 弯曲, 缠绕, 扭动, 呈螺旋形",n:40/v:60,3,1,gk cet4 cet6 ky toefl ielts,3673,3759,twist
hip,hip,hip,"n. either side of the body below the waist and above the thigh
n. the ball-and-socket joint between the head of the femur and the acetabulum
n. (architecture) the exterior angle formed by the junction of a sloping side and a sloping end of a roof
n. the fruit of a rose plant","n. 臀部, 蔷薇果, 忧郁
a. 熟悉内情的
vt. 使忧郁, 给(屋顶)造屋脊
interj. 喝彩声",j:7/n:93,3,1,cet6 ky,3684,2603,hip
compromise,compromise,'kɒmprәmaiz,"n. a middle way between two extremes
n. an accommodation in which both sides make concessions
v. make a compromise; arrive at a compromise; we all must compromise""
v. settle by concession","n. 妥协, 折中, 折中方案, 和解
vi. 妥协处理
vt. 危害",v:42/n:58,3,0,gk cet4 cet6 ky toefl ielts gre,3685,3751,compromise
pet,pet,pet,"n. a domesticated animal kept for companionship or amusement
n. a fit of petulance or sulkiness (especially at what is felt to be a slight)
v. stroke or caress gently
v. stroke or caress in an erotic manner, as during lovemaking","n. 宠物, 受宠爱的人, 宠坏的孩子, 不悦, 生气
a. 宠爱的, 表示亲昵的, 养着观赏的, 特别珍爱的, 格外的
vt. 宠爱, 溺爱, 抚摸
vi. 拥抱, 爱抚, 生气, 发脾气",v:9/j:4/n:87,3,1,zk gk cet4 cet6 ky toefl ielts,3686,3278,pet
killer,killer,'kilә,"n. someone who causes the death of a person or animal
n. a difficulty that is hard to deal with","n. (非正式)杀人者, 屠杀者, 猛兽, 致死(疾病), 杀手, 止痛药, 限制器, 瞄准器
[计] 删除程序; 断路器",n:100,3,0,ielts,3690,2613,killer
graduate,graduate,'grædʒueit,"n. a measuring instrument for measuring fluid volume; a glass container (cup or cylinder or flask) whose sides are marked with or divided into amounts
v. receive an academic degree upon completion of one's studies
v. confer an academic degree upon
s. of or relating to studies beyond a bachelor's degree","n. 毕业生, 量杯
a. 已得学位的, 研究生的, 毕业的
vi. 毕业, 得学位, 逐渐变为
vt. 准予...毕业, 授予...学位, 分等级, 刻刻度",v:43/n:57,3,0,gk cet4 cet6 ky toefl,3693,2115,graduate
musician,musician,mju:'ziʃәn,"n. someone who plays a musical instrument (as a profession)
n. artist who composes or conducts music as a profession","n. 音乐家, 乐师, 作曲家",n:100,3,1,gk cet4 cet6 ky,3697,2936,musician
execute,execute,'eksikju:t,"v. kill as a means of socially sanctioned punishment
v. murder in a planned fashion
v. carry out the legalities of
v. sign in the presence of witnesses","vt. 执行, 实行, 完成, 处死, 制成
[计] 执行",v:100,3,0,cet4 cet6 ky toefl ielts gre,3704,3642,execute
apartment,apartment,ә'pɑ:tmәnt,n. a suite of rooms usually on one floor of an apartment house,"n. 房间, 公寓",n:100,3,1,gk cet4 ky ielts,3711,1273,apartment
breed,breed,bri:d,"n. a special variety of domesticated animals within a species
n. a special type
v. copulate with a female, used especially of horses
v. cause to procreate (animals)","n. 种类, 品种
v. 养育, 引起, 饲养, 繁殖",n:46/v:54,3,1,cet4 cet6 ky toefl ielts gre,3721,5698,breed
juice,juice,dʒu:s,"n. the liquid part that can be extracted from plant or animal tissue by squeezing or cooking
n. energetic vitality
n. electric current
n. any of several liquids of the body","n. 汁, 活力, 体液
vt. 挤出汁来, 加汁",n:100,3,1,zk gk toefl ielts,3724,2310,juice
delegate,delegate,'deligeit,"n. a person appointed or elected to represent others
v. transfer power to someone
v. give an assignment to (a person) to a post, or assign a task to (a person)","n. 代表
vt. 委派...为代表",v:16/n:84,3,0,cet4 cet6 ky toefl ielts gre,3730,5227,delegate
allege,allege,ә'ledʒ,v. report or maintain,"vt. 宣称, 主张, 提出, 断言
[法] 断言, 指称, 指证",v:100,4,0,cet6 ky toefl ielts gre,3738,5319,allege
analyst,analyst,'ænәlist,"n. someone who is skilled at analyzing data
n. an expert who studies financial data (on credit or securities or sales or financial patterns etc.) and recommends appropriate business actions
n. a licensed practitioner of psychoanalysis","n. 分析者, 精神分析学家
[化] 分析员; 化验员",n:100,4,0,cet6,3742,1672,analyst
premium,premium,'pri:miәm,"n. payment for insurance
n. the amount that something in scarce supply is valued above its nominal value
n. a prize, bonus, or award given as an inducement to purchase products, enter competitions initiated by business interests, etc.
s. having or reflecting superior quality or value","n. 额外补贴, 奖金, 奖赏, 保险费
[医] 保险费",j:28/n:72,3,0,cet6 ky toefl ielts gre,3744,4801,premium
missile,missile,'misail,n. a rocket carrying a warhead of conventional or nuclear explosives; may be ballistic or directed by remote control,"n. 发射物, 导弹, 飞弹, 火箭
a. 可发射的",n:100,3,0,gk cet4 cet6 ky ielts gre,3749,2367,missile
associated,associated,,"v make a logical or causal connection
v keep company with; hang out with
v bring or come into association or action","a. 联合的
[计] 关联的; 结合的",j:100,3,0,,3755,4132,associated
AIDS,aids,eidz,n. a serious (often fatal) disease of the immune system transmitted through blood products especially by sexual contact or contaminated needles,"n. 爱滋病(获得性免疫缺陷综合征)
[计] 高级综合数据系统, 先进交互调试系统, 自动图解文档编制系统
美国决策学学会, 信息自动显示系统, 自动综合调试系统",,4,0,gk ielts,3757,1793,aids
tune,tune,tju:n,"n. a succession of notes forming a distinctive sequence
n. the property of producing accurately a note of a given pitch
n. the adjustment of a radio receiver or other circuit to a required frequency
v. adjust for (better) functioning","n. 歌曲, 主旋律, 心情, 声调, 和谐, 一致, 语调, 程度
vt. 为...调音, 调整, 调谐, 使一致
vi. 协调, 调谐",n:47/v:53,3,1,gk cet4 cet6 ky toefl ielts,3770,3646,tune
regret,regret,ri'gret,"v. feel sad about the loss or absence of
v. decline formally or politely
v. express with regret","n. 遗憾, 后悔, 悔恨, 抱歉, 歉意
vt. 为...感到遗憾, 后悔, 惋惜, 懊悔, 抱歉
vi. 感到抱歉",n:40/v:60,3,1,zk gk cet4 cet6 ky,3773,4595,regret
mild,mild,maild,a. moderate in type or degree or effect or force; far from extreme,"a. 温和的, 温柔的, 淡味的, 适度的, 轻微的, (肥皂等)软性的
[医] 轻的, 缓和的",j:100,3,1,gk cet4 cet6 ky toefl,3774,3819,mild
upset,upset,ʌp'set,"n. the act of disturbing the mind or body
n. a tool used to thicken or spread metal (the end of a bar or a rivet etc.) by forging or hammering or swaging
n. the act of upsetting something
v. disturb the balance or stability of","a. 弄翻的, 混乱的, 心烦的
vt. 弄翻, 颠覆, 推翻, 打乱, 使不适, 使心烦
vi. 翻倒",n:3/j:40/v:57,3,1,gk cet4 cet6 ky toefl ielts,3776,3388,upset
panic,panic,'pænik,"n. an overwhelming feeling of fear and anxiety
n. sudden mass fear and anxiety over anticipated events
v. be overcome by a sudden fear
v. cause sudden fear in or fill with sudden panic","n. 恐慌, 惊慌
a. 惊慌的, 没有理由的, 恐慌的
vt. 使惊慌, 使狂热
vi. 惊慌",v:32/n:68,3,0,gk cet6 ky toefl ielts gre,3777,4310,panic
bean,bean,bi:n,"n. any of various edible seeds of plants of the family Leguminosae used for food
n. any of various seeds or fruits that are beans or resemble beans
n. any of various leguminous plants grown for their edible seeds and pods
v. hit on the head, especially with a pitched baseball","n. 豆子
[化] 油嘴; 豆",n:100,3,0,gk cet4 cet6 ky toefl,3782,2352,bean
seventeen,seventeen,sevn'ti:n,"n. the cardinal number that is the sum of sixteen and one
s. being one more than sixteen","num. 十七, 十七个",m:100,5,0,zk gk cet4 cet6,3783,6318,seventeen
riot,riot,'raiәt,"n. a public act of violence by an unruly mob
v. take part in a riot; disturb the public peace by engaging in a riot","n. 暴动, 喧闹, 放纵
vi. 发动, 暴动, 纵情, 放荡
vt. 浪费, 挥霍",v:7/n:93,3,0,cet6 ky toefl ielts gre,3784,4848,riot
giant,giant,'dʒaiәnt,"n. any creature of exceptional size
n. an unusually large enterprise
n. a very large person; impressive in size or qualities
n. someone or something that is abnormally large and powerful","n. 巨人, 大力士, 巨大怪物
a. 庞大的, 巨大的",j:64/n:36,3,1,cet4 cet6 ky toefl,3790,2539,giant
nightmare,nightmare,'naitmєә,"n. a situation resembling a terrifying dream
n. a terrifying or deeply upsetting dream","n. 梦魇, 恶梦, 可怕的事物(或情景、人物)
[医] 梦魇, 恶梦",n:100,3,0,cet6 ky ielts gre,3794,3586,nightmare
brave,brave,breiv,"n. a North American Indian warrior
n. people who are brave
a. possessing or displaying courage; able to face and deal with danger or fear without flinching
s. brightly colored and showy","a. 勇敢的, 美好的, 华丽的
n. 勇敢者
vt. 勇敢地面对",n:4/j:83/v:13,3,1,zk gk cet4 ky,3800,4854,brave
twentieth,twentieth,'twentiiθ,"n. position 20 in a countable series of things
s. coming next after the nineteenth in position","num. 第二十, 二十分之一",m:100,4,0,zk gk,3802,4889,twentieth
teenager,teenager,'ti:nidʒә,n a juvenile between the onset of puberty and maturity,n. 十三岁到十九岁的少年,n:100,3,0,gk cet4 cet6 ky,3812,2440,teenager
scandal,scandal,'skændәl,"n. disgraceful gossip about the private lives of other people
n. a disgraceful event","n. 丑闻, 中伤, 耻辱, 反感, 流言蜚语
[法] 丑事, 丑闻, 干丑事的人",n:100,3,0,cet4 cet6 ky toefl ielts gre,3816,3052,scandal
instruct,instruct,in'strʌkt,"v. give instructions or directions for some task
v. make aware of","vt. 教, 教育, 命令, 通知
[法] 托办, 指导, 指示",v:100,3,0,gk cet4 cet6 ky toefl,3820,4243,instruct
neat,neat,ni:t,"s. clean or organized
s. showing care in execution
s. free from what is tawdry or unbecoming
s. without water","a. 整洁的, 巧妙的, 匀称的, 简洁的
n. 牛",j:100,3,1,gk cet4 cet6 ky toefl ielts,3823,4683,neat
tactic,tactic,'tæktik,n. a plan for attaining a particular goal,"n. 一项战术, 一条策略
a. 战术的, 顺序的, 排列的",n:100,3,0,ky ielts gre,3824,3288,tactic
opt,opt,ɒpt,v select as an alternative over another,vi. 选择,v:100,3,0,ky ielts,3825,4704,opt
trader,trader,'treidә,n. someone who purchases and maintains an inventory of goods to be sold,"n. 商人, 商船
[经] 交易者, 商船",n:100,3,0,cet6,3829,5021,trader
elegant,elegant,'eligәnt,"a. refined and tasteful in appearance or behavior or style
s. suggesting taste, ease, and wealth
s. displaying effortless beauty and simplicity in movement or execution","a. 优雅的, 端庄的, 高雅的",j:100,3,1,gk cet6 ky toefl ielts,3833,3942,elegant
concession,concession,kәn'seʃәn,"n. a contract granting the right to operate a subsidiary business
n. the act of conceding or yielding
n. a point conceded or yielded","n. 特许, 让步, 认可
[经] 核准, 许可, 特殊(权)",n:100,3,0,cet6 ky toefl ielts gre,3835,5001,concession
crazy,crazy,'kreizi,"n. someone deranged and possibly dangerous
s. foolish; totally unsound
s. possessed by inordinate excitement
s. bizarre or fantastic","a. 发狂的, 狂热的",j:98/n:2,3,1,zk gk cet4 cet6 ky toefl,3837,1803,crazy
concrete,concrete,'kɒnkri:t,"n. a strong hard building material composed of sand and gravel and cement and water
v. cover with cement
v. form into a solid mass; coalesce
a. capable of being perceived by the senses; not abstract or imaginary","n. 凝结物, 混凝土
a. 具体的, 实在的, 混凝土的
v. (使)凝结, 用混凝土浇筑",j:68/n:32,3,1,gk cet4 cet6 ky toefl ielts gre,3840,3310,concrete
spin,spin,spin,"n. a swift whirling motion (usually of a missile)
n. the act of rotating rapidly
n. a short drive in a car
n. a distinctive interpretation (especially as used by politicians to sway public opinion)","n. 旋转, 自旋, 疾驰, 情绪低落
vt. 纺织, 纺, 使旋转, 编造
vi. 纺纱, 吐丝, 作茧, 结网, 旋转, 自旋, 疾驰",n:27/v:73,3,1,gk cet4 cet6 ky toefl ielts gre,3841,2644,spin
lonely,lonely,'lәunli,"s. marked by dejection from being alone
s. devoid of creatures","a. 孤单的, 孤寂的, 荒凉的",j:100,3,1,zk gk cet4 cet6 ky,3842,4002,lonely
ingredient,ingredient,in'gri:diәnt,"n. a component of a mixture or compound
n. food that is a component of a mixture in cooking","n. 成分, 因素
[化] 配合剂; 拼料; 成分; 组分",n:100,3,1,cet4 cet6 ky toefl ielts gre,3844,2590,ingredient
jet,jet,dʒet,"n. an airplane powered by one or more jet engines
n. the occurrence of a sudden discharge (as of liquid)
n. a hard black form of lignite that takes a brilliant polish and is used in jewelry or ornamentation
n. atmospheric discharges (lasting 10 msec) bursting from the tops of giant storm clouds in blue cones that widen as they flash upward","n. 喷射流, 喷嘴, 煤玉
v. 射出, 迸出, 喷射
a. 黑而发亮的, 墨黑的",v:3/n:97,3,0,gk cet4 cet6 ky,3846,3144,jet
besides,besides,bi'saidz,"r. making an additional point; anyway; besides, we can't afford it""
r. in addition","prep. 除...之外
adv. 而且, 此外",i:38/r:62,3,0,zk gk cet4 ky toefl,3848,3012,besides
MS,ms,miz,n. a form of address for a woman,"美国微软公司
[计] 主存储器, 制造系统, 毫秒, 微软公司",,5,1,,3849,1145,ms
divorce,divorce,di'vɒ:s,"n. the legal dissolution of a marriage
v. get a divorce; formally terminate a marriage","n. 离婚
vt. 与...离婚",v:38/n:62,3,1,gk cet4 cet6 ky toefl ielts,3853,2978,divorce
concede,concede,kәn'si:d,"v. admit (to a wrongdoing)
v. be willing to concede
v. give over; surrender or relinquish to the physical control of another
v. acknowledge defeat","vt. 承认, 退让
vi. 让步",v:100,3,0,cet6 ky toefl ielts gre,3862,4192,concede
ray,ray,rei,"n. a branch of an umbel or an umbelliform inflorescence
n. (mathematics) a straight line extending from a point
n. any of the stiff bony spines in the fin of a fish
n. cartilaginous fishes having horizontally flattened bodies and enlarged winglike pectoral fins with gills on the underside; most swim by moving the pectoral fins","n. 光线, 射线, 闪烁, 光辉
vi. 射出光线, 浮现, 放射光线
vt. 放射, 显出",n:100,3,0,gk cet4 cet6 ky toefl,3865,4432,ray
clash,clash,klæʃ,"n. a state of conflict between persons
n. a state of conflict between colors
v. be incompatible; be or come into conflict
v. disagree violently","n. 冲突, 撞击声, 抵触
vi. 冲突, 抵触
vt. 使发出撞击声
[计] 对撞",v:32/n:68,3,0,cet6 ky ielts gre,3873,6143,clash
disclose,disclose,dis'klәuz,v. disclose to view as by removing a cover,"vt. 揭露, 透露
[法] 揭发, 揭露, 公开",v:100,3,0,cet4 cet6 ky ielts gre,3879,4420,disclose
delegation,delegation,.deli'geiʃәn,"n a group of representatives or delegates
n authorizing subordinates to make certain decisions","n. 代表团, 派遣代表团, 代表的地位(或权力)
[经] 派遣, 委任, 委托",n:100,3,0,cet4 cet6,3893,5697,delegation
coup,coup,'ku:,n. a brilliant and notable success,"n. 砰然的一击, 妙计, 出乎意料的行动, 政变
[医] 发作, 中, 击",n:100,3,0,gre,3894,4514,coup
peer,peer,piә,"n. a person who is of equal standing with another in a group
n. a nobleman (duke or marquis or earl or viscount or baron) who is a member of the British peerage
v. look searchingly","n. 同等的人, 匹敌, 贵族
vi. 凝视, 窥视, 费力地看, 隐现
vt. 与...同等, 封为贵族",v:39/n:61,3,0,cet6 ky toefl ielts gre,3899,2424,peer
subsidy,subsidy,'sʌbsidi,n. a grant paid by a government to an enterprise that benefits the public,"n. 补助金, 津贴
[经] 补助金, 津贴, 补贴",n:100,3,0,cet4 cet6 ky toefl ielts gre,3907,4252,subsidy
rescue,rescue,'reskju:,"n. recovery or preservation from loss or danger
v. free from harm or evil
v. take forcibly from legal custody","n. 援救, 解救, 营救
vt. 援救, 救出, 营救",n:50/v:50,3,1,gk cet4 cet6 ky toefl ielts gre,3918,3815,rescue
contest,contest,'kɒntest,"n. an occasion on which a winner is selected from among two or more contestants
n. a struggle between rivals
v. to make the subject of dispute, contention, or litigation","n. 竞赛, 争论
vt. 竞争, 争取, 争辩
vi. 竞争",v:17/n:83,3,1,cet4 cet6 ky ielts gre,3919,3062,contest
boom,boom,bu:m,"n. a deep prolonged loud noise
n. a state of economic prosperity
n. a sudden happening that brings good fortune (as a sudden opportunity to make money)
n. a pole carrying an overhead microphone projected over a film or tv set","n. 繁荣, 隆隆声
vi. 急速发展, 发隆隆声
vt. 使兴旺, 发隆隆声",v:16/n:84,3,0,gk ky toefl ielts gre,3920,3171,boom
deck,deck,dek,"n. any of various platforms built into a vessel
n. street name for a packet of illegal drugs
n. a porch that resembles the deck on a ship
v. be beautiful to look at","n. 甲板, (汽车后部的)行李仓
vt. 装饰, 打扮, 装甲板
[计] 纸牌背面图案",v:7/n:93,3,0,cet4 cet6 ky toefl ielts,3922,2788,deck
stamp,stamp,stæmp,"n. a type or class
n. a symbol that is the result of printing or engraving
n. machine consisting of a heavy bar that moves vertically for pounding or crushing ores
n. a block or die used to imprint a mark or design","n. 印, 邮票, 打印器, 戳子, 图章, 印花税票, 标志, 特征, 类型, 跺脚
vt. 盖章于, 顿足, 贴上邮票, 铭刻, 捣碎, 扑灭
vi. 捣碎, 跺脚",v:40/n:60,3,1,zk gk toefl gre,3923,5139,stamp
striking,striking,'straikiŋ,"n the physical coming together of two or more things
n the act of contacting one thing with another
v deliver a sharp blow, as with the hand, fist, or weapon
v have an emotional or cognitive impact upon
v hit against; come into sudden contact with
v make a strategic, offensive, assault against an enemy, opponent, or a target
v indicate (a certain time) by striking
v affect or afflict suddenly, usually adversely
v stop work in order to press demands
v touch or seem as if touching visually or audibly
v attain
v produce by manipulating keys or strings of musical instruments, also metaphorically
v cause to form (an electric arc) between electrodes of an arc lamp
v find unexpectedly
v produce by ignition or a blow
v remove by erasing or crossing out or as if by drawing a line
v cause to experience suddenly
v drive something violently into a location
v occupy or take on
v form by stamping, punching, or printing
v smooth with a strickle
v pierce with force
v arrive at after reckoning, deliberating, and weighing
s sensational in appearance or thrilling in effect
s having a quality that thrusts itself into attention","a. 醒目的, 惊人的, 打击的, 罢工的
[法] 罢工的, 罢市的, 罢课的",j:95/n:5,3,1,cet6 ky toefl ielts gre,3929,4594,striking
fierce,fierce,fiәs,s. marked by extreme intensity of emotions or convictions; inclined to react violently; fervid,"a. 凶猛的, 猛烈的, 热烈的, 暴躁的",j:100,3,0,gk cet4 cet6 ky toefl ielts,3932,4482,fierce
explode,explode,ik'splәud,"v. cause to burst with a violent release of energy
v. burst outward, usually with noise
v. show a violent emotional reaction
v. be unleashed; emerge with violence or noise","vi. 爆炸, 爆发, 激增
vt. 使爆炸",v:100,3,1,gk cet4 cet6 ky toefl ielts,3934,3106,explode
drain,drain,drein,"n. emptying something accomplished by allowing liquid to run out of it
n. tube inserted into a body cavity (as during surgery) to remove unwanted material
n. a pipe through which liquid is carried away
n. a gradual depletion of energy or resources","n. 排水沟, 消耗, 排水
vt. 排出, 喝光, 耗尽
vi. 排水, 流干",n:31/v:69,3,0,cet4 cet6 ky toefl ielts gre,3935,3601,drain
ton,ton,tʌn,"n a United States unit of weight equivalent to 2000 pounds
n a British unit of weight equivalent to 2240 pounds","n. 吨
[经] 吨",,3,1,zk gk cet4 cet6 ky,3936,0,ton
peaceful,peaceful,'pi:sful,a. not disturbed by strife or turmoil or war,"a. 平静的, 和平的, 和平时期的, 爱好和平的, 喜爱安静的
[法] 和平的, 爱好和平的, 和平时期的",j:100,3,1,gk cet4 cet6 ky,3937,3655,peaceful
edit,edit,'edit,"v. prepare for publication or presentation by correcting, revising, or adapting
v. supervise the publication of
v. cut and assemble the components of
v. cut or eliminate","vt. 编辑, 编校, 修订, 剪辑
[计] 编辑; DOS外部命令:该命令是一个用于编辑文本文件的全屏幕编辑程序",n:4/v:96,3,0,cet6 ky ielts,3943,4253,edit
casualty,casualty,'kæʒjuәlti,"n. someone injured or killed or captured or missing in a military engagement
n. someone injured or killed in an accident
n. a decrease of military personnel or equipment","n. 意外事故, 伤亡, 受害者
[化] 事故",n:100,3,0,cet6 ky toefl ielts gre,3944,4230,casualty
magic,magic,'mædʒik,n. any art that invokes supernatural powers,"n. 魔术, 魔法
a. 魔术的, 有魔力的, 不可思议的",j:53/n:47,3,1,zk gk cet4 cet6 ky toefl ielts,3949,3411,magic
decorate,decorate,'dekәreit,"v. make more attractive by adding ornament, colour, etc.
v. award a mark of honor, such as a medal, to",v. 装饰,v:100,3,1,gk cet4 cet6 ky toefl ielts gre,3957,4327,decorate
orange,orange,'ɒ:rindʒ,"n. round yellow to orange fruit of any of several citrus trees
n. orange color or pigment; any of a range of colors between red and yellow
n. any citrus tree bearing oranges
n. any pigment producing the orange color","n. 柑橘, 桔子, 橘色
a. 橘色的",j:51/n:49,3,1,zk gk,3959,3145,orange
flavour,flavour,'fleivә,"n the general atmosphere of a place or situation and the effect that it has on people
n (physics) the six kinds of quarks
n the taste experience when a savoury condiment is taken into the mouth
v lend flavor to","n. 味, 调味香料, 滋味, 香味, 气味, 风味, 情味, 情趣, 风韵
vt. 给...调味, 给...增添风趣, 加香料, 加味于",,3,1,cet4 cet6 toefl ielts,3966,0,flavour
fold,fold,fәuld,"n. an angular or rounded shape made by folding
n. a geological process that causes a bend in a stratum of rock
n. a folded part (as in skin or muscle)
n. a pen for sheep","n. 折层, 折, 羊栏, 折痕, 信徒
vt. 折叠, 包, 合拢, 交迭
vi. 折叠起来, 彻底失败
[计] 折叠; 合并",n:32/v:68,3,1,gk cet4 cet6 ky toefl gre,3975,3493,fold
forecast,forecast,'fɒ:kɑ:st,v. predict in advance,"n. 预想, 预测, 预报
vt. 预想, 预测, 预报
[计] 趋势预测",v:42/n:58,3,1,gk cet4 cet6 ky toefl ielts gre,3980,5890,forecast
rider,rider,'raidә,"n. a traveler who actively rides an animal (as a horse or camel)
n. a clause that is appended to a legislative bill
n. a traveler who actively rides a vehicle (as a bicycle or motorcycle)","n. 骑手, (文件后的)附件, 扶手
[化] 游码",n:100,3,1,cet4 cet6 gre,3987,3824,rider
flash,flash,flæʃ,"n. a sudden intense burst of radiant energy
n. a momentary brightness
n. a short vivid experience
n. a sudden brilliant understanding","n. 闪光, 闪现, 一瞬间
vi. 闪光, 闪现, 反射
vt. 使闪光, 反射",n:38/j:12/v:50,3,1,gk cet4 cet6 ky toefl ielts,4001,3500,flash
fighter,fighter,'faitә,n. a high-speed military or naval airplane designed to destroy enemy aircraft in the air,"n. 斗士, 战士, 好战者, 战斗机",n:100,3,0,gk cet6,4002,3028,fighter
rating,rating,'reitiŋ,n. standing or position on a scale,"n. 等级, 额定功率, 责骂
[经] 等级评定",n:100,3,0,cet6,4005,1819,rating
venue,venue,'venju:,"n. the scene of any event or action (especially the place of a meeting)
n. in law: the jurisdiction where a trial will be held","n. 犯罪地点, 审判地, 发生地点",n:100,3,0,toefl,4010,5389,venue
boost,boost,bu:st,"n. the act of giving hope or support to someone
n. the act of giving a push
v. give a boost to; be beneficial to
v. increase or raise","n. 推进, 吹捧
vt. 推进, 提高, 宣扬, 促进",n:30/v:70,3,0,cet4 cet6 ky toefl ielts gre,4022,3691,boost
counterpart,counterpart,'kauntәpɑ:t,"n. a person or thing having the same function or characteristics as another
n. a duplicate copy","n. 副本, 复本, 配对物, 相应物
[经] 副本, 正副二份中之一",n:100,3,0,cet6 ky toefl ielts gre,4029,3816,counterpart
advocate,advocate,'ædvәkeit,"n. a person who pleads for a cause or propounds an idea
n. a lawyer who pleads cases in court","n. 提倡者, 拥护者
vt. 主张, 提倡",v:37/n:63,3,0,gk cet4 cet6 ky toefl ielts gre,4031,2623,advocate
criticize,criticize,'kritisaiz,v. act as a critic,"v. 批评, 吹毛求疵, 非难",v:100,3,1,cet4 cet6 ky,4040,2550,criticize
interim,interim,'intәrim,"n. the time between one event, process, or period and another
s. serving during an intermediate interval of time","a. 暂时的, 临时的, 间歇的
n. 过渡时期",j:82/n:18,3,0,cet6 ky ielts gre,4055,6845,interim
republican,republican,ri'pʌblikәn,"n. a member of the Republican Party
n. an advocate of a republic (usually in opposition to a monarchy)
n. a tributary of the Kansas River that flows from eastern Colorado eastward through Nebraska and Kansas
a. relating to or belonging to the Republican Party","n. 共和主义者, 共和党员
a. 共和政体的, 共和国的, 共和主义的",n:100,4,0,cet4 cet6 ky,4062,594,republican
premier,premier,'pri:mjә,"v. be performed for the first time
v. perform a work for the first time
s. first in rank or degree
s. preceding all others in time","n. 总理, 首相
a. 首位的, 最初的",j:65/v:17/n:18,3,0,gk cet4 cet6 ky,4066,7616,premier
bye,bye,bai,n. you advance to the next round in a tournament without playing an opponent,"interj. 再会, 回头见
[计] 结束命令",u:46/n:54,3,1,zk gk,4072,18387,bye
impress,impress,im'pres,"n. the act of coercing someone into government service
v. impress positively
v. produce or try to produce a vivid impression of
v. mark or stamp with or as if with pressure","n. 印象, 特征, 印记
vt. 使有印象, 印, 铭刻, 传送, 影响, 强征
vi. 给人印象",v:100,3,1,gk cet4 cet6 ky,4079,3055,impress
shelter,shelter,'ʃeltә,"n. a structure that provides privacy and protection from danger
n. protective covering that provides protection from the weather
n. temporary housing for homeless or displaced persons
v. provide shelter for","n. 庇护所, 避难所, 庇护, 隐蔽处, 掩蔽
vt. 庇护, 保护, 隐匿
vi. 躲避",v:16/n:84,3,1,gk cet4 cet6 ky toefl ielts gre,4083,2874,shelter
advertise,advertise,'ædvәtaiz,"v. call attention to
v. make publicity for; try to sell (a product)","vt. 做广告, 通知, 公布
vi. 做广告",v:100,3,1,gk cet4 cet6 ky ielts gre,4085,5124,advertise
cutting,cutting,'kʌtiŋ,"n. a part (sometimes a root or leaf or bud) removed from a plant to propagate a new plant through rooting or grafting
n. a piece cut off from the main part of something
n. the act of diluting something
s. (of speech) harsh or hurtful in tone or character","n. 切断, 切下, 路堑
[化] 切屑",j:13/n:87,3,0,ielts,4089,5468,cutting
chaos,chaos,'keiɒs,"n. a state of extreme confusion and disorder
n. the formless and disordered state of matter before the creation of the cosmos
n. (Greek mythology) the most ancient of gods; the personification of the infinity of space preceding creation of the universe
n. (physics) a dynamical system that is extremely sensitive to its initial conditions","n. 大混乱, 混沌
[化] 混沌; 浑沌",n:100,3,0,gk cet4 cet6 ky toefl ielts gre,4091,3727,chaos
determined,determined,di'tә:mind,"s. characterized by great determination
a. having been learned or found or determined especially by investigation
s. devoting full strength and concentrated attention to
s. determined or decided upon as by an authority","a. 坚决的, 已下决心的",j:100,3,1,,4093,5917,determined
smart,smart,smɑ:t,"n. a kind of pain such as that caused by a wound or a burn or a sore
a. showing mental alertness and calculation and resourcefulness
s. painfully severe
s. quick and brisk","a. 聪明的, 漂亮的, 刺痛的, 剧烈的, 敏捷的, 巧妙的, 伶俐的, 潇洒的
n. 刺痛, 痛苦
vi. 刺痛",j:97/v:3,3,1,zk gk cet4 cet6 ky toefl ielts gre,4098,1856,smart
flood,flood,flʌd,"n. the rising of a body of water and its overflowing onto normally dry land
n. an overwhelming number or amount
n. light that is a source of artificial illumination having a broad beam; used in photography
n. a large flow","n. 洪水, 大量之水, 涨潮
vt. 淹没, 使泛滥, 注满
vi. 被淹, 溢出, 涌进",v:41/n:59,3,1,gk cet4 cet6 ky toefl,4100,3582,flood
evil,evil,'i:vl,"n. morally objectionable behavior
n. that which causes harm or destruction or misfortune; the good is oft interred with their bones""- Shakespeare
n. the quality of being morally wrong in principle or practice
a. morally bad or wrong","n. 邪恶, 不幸, 罪恶
a. 邪恶的, 不幸的, 有害的, 讨厌的",j:46/n:54,3,1,cet4 cet6 ky,4107,3447,evil
script,script,skript,"n. a written version of a play or other dramatic composition; used in preparing for a performance
n. a particular orthography or writing system
v. write a script for","n. 手迹, 手稿, 正本, 手写体
vt. 改编为演出本
[计] 手写体, 小型程序",v:6/n:94,3,0,cet6 ky ielts gre,4130,3286,script
cooking,cooking,'kukiŋ,n. the act of preparing something (as food) by the application of heat,"n. 烹饪
[化] 熬炼; 热炼; 蒸煮",n:100,3,1,ielts,4137,3270,cooking
lap,lap,læp,"n. the upper side of the thighs of a seated person
n. an area of control or responsibility
n. the part of a piece of clothing that covers the thighs
n. a flap that lies over another part","n. 膝盖, 舔, 一圈, 下摆, 衣兜, 山坳
vi. 重叠, 围住, 轻拍, 舔
vt. 包围, 抱...在膝上, 使重叠, 舔, 拍打, 泼溅
[计] 链接访问程序",v:9/n:91,3,0,gk cet4 cet6 ky ielts gre,4140,3359,lap
rice,rice,rais,"n. grains used as food either unpolished or more often polished
n. annual or perennial rhizomatous marsh grasses; seed used for food; straw used for paper
n. English lyricist who frequently worked with Andrew Lloyd Webber (born in 1944)
n. United States playwright (1892-1967)","n. 米, 米饭, 稻
vt. 将...压成米粒状",n:100,3,1,zk gk ielts,4143,2740,rice
dump,dump,dʌmp,"n. a piece of land where waste materials are dumped
n. (computer science) a copy of the contents of a computer storage device; sometimes used in debugging programs
n. a place where supplies can be stored
v. throw away as refuse","n. 垃圾场
vt. 倾倒, 倾销
vi. 倒垃圾, 倾销商品
[计] 转出; 转储; 倾卸; 切断电源",n:29/v:71,3,1,cet4 cet6 ky toefl ielts,4144,3636,dump
sponsor,sponsor,'spɒnsә,"v. assume sponsorship of
v. assume responsibility for or leadership of","n. 保证人, 赞助者, 发起者, 倡议者, 教父
vt. 发起, 赞助, 倡议",n:40/v:60,3,0,gk cet4 cet6 ky toefl ielts,4150,3453,sponsor
super,super,'sju:pә,"s. including more than a specified category
s. extremely large","n. 跑龙套角色, 冗员, 特级品, 特大号, 管理人
a. 上等的, 特大的, 超级的, 极好的, 十分的, 过分的
adv. 非常",j:98/n:2,3,0,gk cet4 cet6 ky,4154,2651,super
helicopter,helicopter,'helikɒptә,n. an aircraft without wings that obtains its lift from the rotation of overhead blades,"n. 直升机
vt. 由直升机运送
vi. 乘直升机",n:100,3,0,gk cet4 cet6 ky ielts,4159,3100,helicopter
cave,cave,keiv,"n. a geological formation consisting of an underground enclosure with access from the surface of the ground or from the sea
v. hollow out as if making a cave or opening
v. explore natural caves","n. 洞, 穴
vi. 凹陷, 塌落
vt. 挖洞, 使凹陷, 损坏...的基础",v:7/n:93,3,0,gk cet4 cet6 ky ielts,4161,3562,cave
verdict,verdict,'vә:dikt,n. (law) the findings of a jury on issues of fact submitted to it for decision; can be used in formulating a judgment,"n. 裁决, 判决, 判断性意见, 定论, 结论
[法] 定论, 判断, 意见",n:100,3,0,cet6 ky toefl ielts gre,4163,4245,verdict
killing,killing,'kiliŋ,"n. an event that causes someone to die
n. the act of terminating a life
n. a very large profit
s. very funny","n. 谋杀, 杀戮
a. 杀害的, 疲惫的, 迷人的",n:100,3,1,,4165,3283,killing
drum,drum,drʌm,"n. a musical percussion instrument; usually consists of a hollow cylinder with a membrane stretched across each end
n. the sound of a drum
n. a cylindrical metal container used for shipping or storage of liquids
n. small to medium-sized bottom-dwelling food and game fishes of shallow coastal and fresh waters that make a drumming noise","n. 鼓, 鼓声
vi. 击鼓, 作鼓声
vt. 打鼓奏出
[计] 磁鼓",v:16/n:84,3,1,zk gk cet4 cet6 ky,4171,4116,drum
comedy,comedy,'kɒmidi,n. light and humorous drama with a happy ending,"n. 喜剧, 有趣的事情",n:100,3,1,gk cet4 cet6 ky toefl ielts,4172,3216,comedy
commerce,commerce,'kɒmә:s,"n. transactions (sales and purchases) having the objective of supplying commodities (goods and services)
n. social exchange, especially of opinions, attitudes, etc.","n. 商业, 商务, 贸易
[经] 商业, 贸易, 商务",n:100,3,0,cet4 cet6 ky toefl,4189,4647,commerce
sterling,sterling,'stә:liŋ,n. British money; especially the pound sterling as the basic monetary unit of the UK,"n. 英国货币, 标准纯银
a. 英国货币的, 标准纯银的, 含标准成分的",j:11/n:89,4,0,ielts,4191,32085,sterling
medal,medal,'medl,n an award for winning a championship or commemorating some other event,"n. 奖牌, 勋章
vt. 授勋予",n:100,3,0,gk cet4 cet6 ky ielts gre,4212,3451,medal
sauce,sauce,sɒ:s,"n. flavorful relish or dressing or topping served as an accompaniment to food
v. behave saucily or impudently towards
v. dress (food) with a relish
v. add zest or flavor to, make more interesting","n. 酱油, 调味汁, 酱
vt. 给...调味, 使增加趣味",v:1/n:99,3,1,gk cet4 cet6 ky ielts,4226,2289,sauce
broadcasting,broadcasting,'brɒ:dkæstiŋ,n. taking part in a radio or tv program,"n. 广播
[电] 广播",n:100,3,0,,4227,8315,broadcasting
sanction,sanction,'sæŋkʃәn,"n. formal and explicit approval
n. a mechanism of social control for enforcing a society's standards
n. the act of final authorization
v. give authority or permission to","n. 核准, 制裁, 处罚, 约束力
vt. 制定制裁规则, 认可, 核准, 同意",v:18/n:82,4,0,cet6 ky toefl ielts gre,4228,3217,sanction
rally,rally,'ræli,"n. a large gathering of people intended to arouse enthusiasm
n. the feat of mustering strength for a renewed effort
n. a marked recovery of strength or spirits during an illness
n. an automobile race run over public roads","n. 重振旗鼓, 集合, 群众集会, 跌停回升
v. 重整旗鼓, 集合, 恢复精神, 团结, 挖苦, 嘲笑",v:44/n:56,3,0,cet6 ky toefl ielts gre,4229,4619,rally
gay,gay,gei,"s. full of or showing high-spirited merriment
s. given to social pleasures often including dissipation
s. offering fun and gaiety
s. homosexual or arousing homosexual desires","a. 欢快的, 艳丽的, 快乐的, 放荡的",j:86/n:14,4,0,gk cet4 cet6 ky,4231,2056,gay
debut,debut,'deibju:,"n. the presentation of a debutante in society
v. present for the first time to the public
v. appear for the first time in public
v. make one's debut","n. 初次登台, 开张
v. 初次登台",v:14/n:86,3,0,gre,4249,4455,debut
missing,missing,'misiŋ,s. not able to be found,"a. 不见的, 缺少的
[法] 行踪不明的, 失踪的, 遗失的",j:100,3,1,cet4 cet6 ky,4261,3499,missing
seventh,seventh,'sevnθ,"n. position seven in a countable series of things
n. the musical interval between one note and another seven notes away from it
s. coming next after the sixth and just before the eighth in position","num. 第七, 七分之一",m:100,4,0,zk gk,4271,4110,seventh
praise,praise,preiz,"n. an expression of approval and commendation
n. offering words of homage as an act of worship
v. express approval of","n. 赞美, 称赞, 崇拜
vt. 称赞, 赞美
vi. 赞扬, 表扬",n:40/v:60,3,1,zk gk cet4 cet6 ky toefl,4285,3719,praise
inspect,inspect,in'spekt,v. look over carefully,"vt. 检查, 检阅, 检验
vi. 检查",v:100,3,0,gk cet4 cet6 ky toefl,4286,5031,inspect
penny,penny,'peni,"n. a fractional monetary unit of Ireland and the United Kingdom; equal to one hundredth of a pound
n. a coin worth one-hundredth of the value of the basic unit","n. 便士, 一分, 小钱, 点滴
[经] 便士",,3,1,zk gk cet4 cet6 ky ielts,4306,0,penny
mask,mask,mæsk,"n. a covering to disguise or conceal the face
n. activity that tries to conceal something
n. a protective covering worn over the face
v. put a mask on or cover with a mask","n. 面具, 假面具, 掩饰, 石膏面模
vt. 戴面具, 掩饰, 使模糊
vi. 化装, 戴面具, 掩饰, 参加化装舞会
[计] 屏蔽; 掩码",v:16/n:84,3,0,gk cet4 cet6 ky toefl ielts gre,4312,2893,mask
pump,pump,pʌmp,"n. a mechanical device that moves fluid or gas by pressure or suction
n. a low-cut shoe without fastenings
v. operate like a pump; move up and down, like a handle or a pedal
v. deliver forth","n. 抽水机, 打气筒, 泵, 抽吸
vt. 用唧筒抽水, 打气, 盘问, 倾注, 使疲惫
vi. 抽水, 上下(或往复)运动",v:44/n:56,3,0,gk cet4 cet6 ky toefl ielts,4317,3444,pump
pan,pan,pæn,"n. cooking utensil consisting of a wide metal vessel
n. (Greek mythology) god of fields and woods and shepherds and flocks; represented as a man with goat's legs and horns and ears; identified with Roman Sylvanus or Faunus
n. shallow container made of metal
n. chimpanzees; more closely related to Australopithecus than to other pongids","n. 平锅, 浅盘, 盆地, 硬土层, 拍摄全景
v. 上下左右移动, 摇镜头, 淘洗, 淘金",v:11/n:89,3,1,gk cet4 cet6 ky gre,4319,2479,pan
hunt,hunt,hʌnt,"n. Englishman and Pre-Raphaelite painter (1827-1910)
n. United States architect (1827-1895)
n. British writer who defended the Romanticism of Keats and Shelley (1784-1859)
n. an association of huntsmen who hunt for sport","n. 狩猎, 追捕, 搜寻, 猎区
vt. 狩猎, 打猎, 搜索
vi. 打猎, 猎食, 搜寻",n:37/v:63,3,1,gk cet4 cet6 ky ielts,4330,3420,hunt
trail,trail,treil,"n. a track or mark left by something that has passed
n. a path or track roughly blazed through wild or hilly country
v. move, proceed, or walk draggingly or slowly
v. hang down so as to drag along the ground","n. 踪迹, 痕迹, 一串, 尾部, 小径, 持枪姿势
vt. 拖, 尾随, 追踪, 落后于, 开出路
vi. 拖曳, 垂下, 落后, 飘出, 蔓生",v:24/n:76,3,0,cet4 cet6 ky toefl ielts,4331,1646,trail
qualified,qualified,'kwɒlifaid,"a. meeting the proper standards and requirements and training for an office or position or task
a. limited or restricted; not absolute","a. 有资格的
[经] 合格的, 有条件的, 有限制的",j:100,3,1,toefl gre,4333,5981,qualified
banker,banker,'bæŋkә,"n. a financier who owns or is an executive in a bank
n. the person in charge of the bank in a gambling game","n. 银行家, 庄家
[经] 银行业者, 银行家",n:100,3,0,cet6 toefl,4334,4421,banker
hook,hook,huk,"n. a catch for locking a door
n. a sharp curve or crook; a shape resembling a hook
n. a mechanical device that is curved or bent to suspend or hold or pull something
n. a curved or bent implement for suspending or pulling something","n. 钩, 钩状, 镰刀, 陷阱
vt. 挂...于钩上, 钩住, 引上钩, 偷窃
vi. 弯成钩状, 钩紧
[计] 钩",v:48/n:52,3,1,gk cet4 cet6 ky toefl,4337,3791,hook
abortion,abortion,ә'bɒ:ʃәn,n. termination of pregnancy,"n. 流产, 堕胎, 失败, 夭折, 中止
[医] 流产, 小产; 顿挫",n:100,3,0,gk ielts,4341,1969,abortion
corruption,corruption,kә'rʌpʃәn,"n. decay of matter (as by rot or oxidation)
n. moral perversion; impairment of virtue and moral principles
n. destroying someone's (or some group's) honesty or loyalty; undermining moral integrity
n. inducement (as of a public official) by improper means (as bribery) to violate duty (as by commiting a felony)","n. 腐败, 堕落, 贪污
[计] 论误",n:100,3,0,toefl,4342,3743,corruption
slice,slice,slais,"n. a share of something
n. a golf shot that curves to the right for a right-handed golfer
n. a thin flat piece cut off of some object
n. a spatula for spreading paint or ink","n. 薄的切片, 一部分, 菜刀
vt. 切成薄片, 切下
vi. 切
[计] 片",v:44/n:56,3,1,gk cet4 cet6 ky toefl ielts gre,4346,3333,slice
smash,smash,smæʃ,"n. a serious collision (especially of motor vehicles)
v. hit hard
v. break into pieces, as by striking or knocking over
v. hit violently","n. 打碎, 粉碎, 打碎时哗啦声, 猛击, 扣球, 杀球, 经营失败, 破产, 硬币, 假硬币
a. 非常轰动的, 了不起的
vt. 打碎, 粉碎, 击溃, 使破产, 使裂变, 使用假硬币
vi. 碎裂, 猛撞, 破产, 扣球, 杀球
adv. 轰隆一声, 哗啦一声",n:13/v:87,3,1,cet4 cet6 ky toefl ielts,4350,5113,smash
halt,halt,hɒ:lt,v. cause to stop,"n. 停止, 立定, 休息
vt. 使停止, 使立定
vi. 立定, 停止, 蹒跚, 踌躇, 有缺点
[计] 停止",n:39/v:61,3,0,cet4 cet6 ky toefl ielts,4352,5267,halt
runner,runner,'rʌnә,"n. someone who travels on foot by running
n. a person who is employed to deliver messages or documents
n. a trained athlete who competes in foot races
n. a long narrow carpet","n. 跑步者, 赛跑者, 送信人, 走私船, 操作者, 滑槽
[化] 碾碎机; 压碎机",n:100,3,1,gk cet4 cet6,4368,4214,runner
auction,auction,'ɒ:kʃәn,"n. a variety of bridge in which tricks made in excess of the contract are scored toward game; now generally superseded by contract bridge
n. the public sale of something to the highest bidder
v. sell at an auction","n. 拍卖
vt. 拍卖",v:15/n:85,3,0,ky ielts gre,4370,4632,auction
naval,naval,'neivl,a. connected with or belonging to or used in a navy,"a. 海军的, 军舰的, 有舰队的
[法] 海军的, 军舰的, 船的",j:100,3,0,cet4 cet6 ky toefl ielts,4376,4941,naval
embassy,embassy,'embәsi,"n. a diplomatic building where ambassadors live or work
n. an ambassador and his entourage collectively","n. 大使馆, 大使馆全体人员
[经] 大使馆",n:100,3,0,gk cet6 ky ielts,4389,5731,embassy
terrorist,terrorist,'terәrist,n. a radical who employs terror as a political weapon; usually organizes with other terrorists in small cells; often uses religion as a cover for terrorist activities,"n. 恐怖分子
[法] 恐怖份子, 恐怖主义",j:47/n:53,3,0,cet6,4396,2841,terrorist
segment,segment,'segmәnt,"n. one of the parts into which something naturally divides
v. divide into segments
v. divide or split up","n. 片段, 部分, 分节, 段
v. 分割, 分裂
[计] 段",v:3/n:97,3,0,cet4 cet6 ky toefl ielts gre,4404,2922,segment
takeover,takeover,,n. a change by sale or merger in the controlling interest of a corporation,"n. 接管, 接收
[经] 接收",n:100,3,0,,4428,7170,takeover
referendum,referendum,.refә'rendәm,n. a legislative act is referred for final approval to a popular vote by the electorate,n. （就重大政治或社会问题进行的）全民公决，全民投票,n:100,3,0,ielts,4445,6758,referendum
weaken,weaken,'wi:kәn,"v. lessen the strength of
v. become weaker","vt. 削弱, 减弱, 使虚弱
vi. 变弱, 变软弱",v:100,3,0,cet4 cet6,4459,4486,weaken
mobile,mobile,'mәubil,"n. a river in southwestern Alabama; flows into Mobile Bay
n. a port in southwestern Alabama on Mobile Bay
n. sculpture suspended in midair whose delicately balanced parts can be set in motion by air currents
s. migratory","a. 移动的, 易变的, 机动的
n. 活动物体",j:85/n:15,3,1,gk cet4 cet6 ky toefl ielts gre,4468,4686,mobile
barrel,barrel,'bærәl,"n. a tube through which a bullet travels when a gun is fired
n. a cylindrical container that holds liquids
n. a bulging cylindrical shape; hollow with flat ends
n. the quantity that a barrel (of any size) will hold","n. 桶
vt. 装入桶内",v:5/n:95,3,0,cet4 cet6 ky toefl ielts,4469,3084,barrel
calm,calm,kɑ:m,"v. make calm or still
v. become quiet or calm, especially after a state of agitation
s. not agitated; without losing self-possession
a. (of weather) free from storm or wind","n. 平稳, 风平浪静
a. 平静的, 冷静的
vi. 平静下来, 镇静
vt. 使平静",n:26/j:33/v:41,3,1,gk cet4 cet6 ky toefl,4472,4189,calm
entertain,entertain,.entә'tein,"v. provide entertainment for
v. take into consideration, have in view","vt. 娱乐, 招待, 怀抱
vi. 款待",v:100,3,1,cet4 cet6 ky toefl,4478,4949,entertain
shed,shed,ʃed,"n. an outbuilding with a single story; used for shelter or storage
v. get rid of
v. cast off hair, skin, horn, or feathers","n. 车棚, 小屋, 脱落之物, 分水岭
vt. 使流出, 放射, 脱落, 散发, 摆脱
vi. 流出, 散布, 脱落",n:37/j:1/v:62,3,0,cet4 cet6 ky toefl ielts gre,4479,4356,shed
fare,fare,fєә,"n. the sum charged for riding in a public conveyance
n. a paying (taxi) passenger
n. the food and drink that are regularly served or consumed
v. eat well","n. 费用, 旅客, 食物
vi. 进展, 进步, 经营, 过活",v:35/n:65,3,0,gk cet4 cet6 ky ielts,4481,4776,fare
headline,headline,'hedlain,"n. the heading or caption of a newspaper article
v. publicize widely or highly, as if with a headline
v. provide (a newspaper page or a story) with a headline","n. 大标题, 新闻摘要
vt. 为...做标题, 写标题",v:9/n:91,3,0,gk cet4 cet6 ky,4488,3293,headline
eager,eager,'i:gә,a. having or showing keen interest or intense desire or impatient expectancy,"a. 热心的, 渴望的, 热望的",j:100,3,0,gk cet4 cet6 ky toefl,4501,3123,eager
bunch,bunch,bʌntʃ,"n. a grouping of a number of similar things
n. any collection in its entirety
v. gather or cause to gather into a cluster","n. 串, 束
[医] 骨肿块(马)",v:7/n:93,3,1,gk cet4 cet6 ky toefl ielts,4503,2658,bunch
manufacture,manufacture,.mænju'fæktʃә,"v. put together out of artificial or natural components or parts; He manufactured a popular cereal""
v. produce naturally
v. create or produce in a mechanical way","n. 产品, 制造
vt. 制造, 假造
vi. 制造",n:24/v:76,3,1,cet4 cet6 ky toefl ielts,4506,5134,manufacture
rear,rear,riә,"n. the back of a military formation or procession
n. the side of an object that is opposite its front
n. the side that goes last or is not normally seen
v. stand up on the hind legs, of quadrupeds","n. 后面, 背后, 后方
a. 后面的, 背面的, 后方的
vt. 养育, 培养, 饲养, 举起, 树立, 栽种
vi. 高耸, 暴跳",j:49/v:19/n:32,3,1,cet4 cet6 ky toefl ielts,4511,4033,rear
overwhelming,overwhelming,.әuvә'hwelmiŋ,"v overcome, as with emotions or perceptual stimuli
v charge someone with too many tasks
v cover completely or make imperceptible
v overcome by superior force
s so strong as to be irresistible
s very intense","a. 压倒性的, 无法抵抗的",j:100,3,0,cet6 ky,4523,3571,overwhelming
stem,stem,stem,"n. the tube of a tobacco pipe
v. grow out of, have roots in, originate in
v. cause to point inward
v. stop the flow of a liquid","n. 茎, 干, 柄, 船首, 血统, 堵塞物
vt. 摘掉茎, 装柄于, 阻止, 堵住, 逆行
vi. 堵住, 逆行",v:43/n:57,3,0,cet4 cet6 ky toefl ielts gre,4527,3414,stem
plunge,plunge,plʌndʒ,"n. a steep and rapid fall
v. dash violently or with great speed or impetuosity
v. begin with vigor
v. cause to be immersed","n. 钻进, 跳进, 跳水, 跳水池, 猛跌, 落下, 投入, 开始从事, 盲目投资
vi. 投入, 投身于, 跳进, 陷入, 下降
vt. 使投入, 使插入, 使陷入, 使遭受",n:20/v:80,3,0,cet4 cet6 ky toefl ielts gre,4534,4610,plunge
excess,excess,ik'ses,"n. a quantity much larger than is needed
n. immoderation as a consequence of going beyond sufficient or permitted limits
s. more than is needed, desired, or required","n. 过度, 剩于, 超过, 超额
a. 过量的, 额外的",j:53/n:47,3,0,cet4 cet6 ky toefl ielts gre,4540,5741,excess
pin,pin,pin,"n. a piece of jewelry that is pinned onto the wearer's garment
n. informal terms for the leg
n. cylindrical tumblers consisting of two parts that are held in place by springs; when they are aligned with a key the bolt can be thrown
n. flagpole used to mark the position of the hole on a golf green","n. 大头针, 针, 别针, 栓, 销子, 图钉, 插头, 管脚, 品(液量单位)
vt. 将...用针别住, 钉住, 压住, 牵制, 使不能动, 归罪于
a. 针的, 销子的, 闩的",v:44/n:56,3,1,gk cet4 cet6 ky ielts,4542,4347,pin
substitute,substitute,'sʌbstitju:t,"n. a person or thing that takes or can take the place of another
n. an athlete who plays only when a starter on the team is replaced
v. put in the place of another; switch seemingly equivalent items
v. be a substitute","n. 代理, 代理人, 代用品, 代替者, 代替物
vt. 代替
vi. 替代, 取代, 代用
a. 代替的, 代用的, 代用品的
[计] 置换; 替代",n:42/j:13/v:45,3,1,gk cet4 cet6 ky toefl ielts gre,4548,5613,substitute
moderate,moderate,'mɒdәrәt,"v. preside over
v. make less fast or intense
a. being within reasonable or average limits; not excessive or extreme
s. not extreme","a. 适度的, 稳健的, 中等的, 节制的
vt. 节制, 减轻, 使缓和
vi. 变缓和, 主持会议",n:12/j:72/v:16,3,0,cet4 cet6 ky toefl ielts,4567,3264,moderate
kilometre,kilometre,'kilәjmi:tә(r),n a metric unit of length equal to 1000 meters (or 0.621371 miles),"n. 公里, 千米",,3,1,zk ky,4574,0,kilometre
racial,racial,'reiʃәl,"a. of or related to genetically distinguished groups of people
a. of or characteristic of race or races or arising from differences among groups","a. 人种的, 种族的
[医] 种族的",j:100,3,0,gk cet4 cet6 ky,4592,2243,racial
allied,allied,ә'laid,"s. related by common characteristics or ancestry
a. of or relating to or denoting the Allies in World War II
a. of or relating to or denoting the Allies in World War I
s. united in a confederacy or league","a. 联盟的, 联姻的, 联系起来的",j:100,3,1,cet6 ky,4605,5905,allied
ambassador,ambassador,æm'bæsәdә,"n. a diplomat of the highest rank; accredited as representative from one country to another
n. an informal representative","n. 大使
[法] 大使, 使节, 代理",n:100,3,0,gk cet6 ky ielts,4614,4520,ambassador
yacht,yacht,jɒt,"n. an expensive vessel propelled by sail or power and used for cruising or racing
v. travel in a yacht","n. 快艇, 游艇
vi. 驾游艇, 乘游艇",n:100,3,0,cet6 gre,4621,7495,yacht
faction,faction,'fækʃәn,n. a dissenting clique,"n. 小派系, 内讧
[法] 宗派, 派别, 小集团",n:100,3,0,cet6 toefl gre,4622,5641,faction
I,i,ai,n. the 9th letter of the Roman alphabet,"pron. 我
[计] 电流, 中断, 指令, 指示符",p:100,5,1,zk gk,4624,11,i
commentator,commentator,'kɔmenteitә,n. a writer who reports and analyzes events of the day,"n. 评论员, 实况广播员, 注释者, 时事评论员",n:100,3,0,toefl,4631,5355,commentator
wicket,wicket,'wikit,"n. cricket equipment consisting of a set of three stumps topped by crosspieces; used in playing cricket
n. a small arch used as croquet equipment
n. small gate or door (especially one that is part of a larger door)
n. small opening (like a window in a door) through which business can be transacted","n. 小门, 腰门, 售票窗",n:100,3,0,,4660,27333,wicket
behalf,behalf,bi'hɑ:f,"n. as the agent of or on someone's part (usually expressed as ""on behalf of"" rather than ""in behalf of""); 
n. for someone's benefit (usually expressed as `in behalf' rather than `on behalf' and usually with a possessive)","n. 利益, 方面",i:69/n:31,3,1,gk cet4 cet6 ky toefl ielts,4681,4434,behalf
forth,forth,fɒ:θ,"n. a river in southern Scotland that flows eastward to the Firth of Forth
r. forward in time or order or degree
r. out into view","adv. 往前, 以后, 向外",r:100,3,0,cet4 cet6 ky toefl,4689,1834,forth
sack,sack,sæk,"n. a bag made of paper or plastic for holding customer's purchases
n. the quantity contained in a sack
n. any of various light dry strong white wine from Spain and Canary Islands (including sherry)
n. a woman's full loose hiplength jacket","n. 麻布袋, 洗劫
vt. 把...装入袋, 洗劫",v:15/n:85,3,1,cet4 cet6 ky toefl ielts gre,4693,4467,sack
deliberate,deliberate,di'libәrәt,s. carefully thought out in advance,"a. 深思熟虑的, 故意的, 从容的
v. 仔细考虑",j:75/v:25,3,1,cet4 cet6 ky toefl ielts gre,4700,6343,deliberate
slim,slim,slim,"v take off weight
s being of delicate or slender build
s small in quantity","a. 瘦的, 苗条的, 微小的, 稀少的, 微薄的
vi. 变苗条
vt. 使苗条",j:88/v:12,3,0,gk cet6 ky toefl ielts,4710,5312,slim
eighth,eighth,eitθ,"n. position eight in a countable series of things
s. coming next after the seventh and just before the ninth in position","num. 第八, 八分之一",m:100,4,0,zk gk,4714,4425,eighth
offering,offering,'ɒfәriŋ,n. money contributed to a religious organization,"n. 提供, 奉献物, 牲礼, 上市的股票(或证券等)
[经] 出售物",n:100,3,0,,4716,3988,offering
chat,chat,tʃæt,n. an informal conversation,"n. 闲谈
vi. 闲谈, 聊天",n:37/v:63,3,1,gk ky toefl ielts,4730,5055,chat
bat,bat,bæt,"n. nocturnal mouselike mammal with forelimbs modified to form membranous wings and anatomical adaptations for echolocation by which they navigate
n. (baseball) a turn trying to get a hit
n. a club used for hitting a ball in various games
v. strike with, or as if with a baseball bat","n. 蝙蝠, 球棒
v. 用球棒打, 眨眼
[计] 成批",v:29/n:71,3,0,gk cet4 ky,4758,3692,bat
surplus,surplus,'sә:plәs,"n a quantity much larger than is needed
s more than is needed, desired, or required","n. 剩余, 过剩, 盈余
a. 过剩的, 剩余的",j:28/n:72,3,0,gk cet4 cet6 ky toefl ielts gre,4815,6243,surplus
actress,actress,'æktris,n. a female actor,n. 女演员,n:100,3,0,gk cet4 ky,4829,3236,actress
rage,rage,reidʒ,"n. a state of extreme anger
n. something that is desired intensely
n. violent state of the elements
v. be violent; as of fires and storms","n. 愤怒, 情绪激动, 狂暴
vi. 大怒, 狂吹, 流行",v:29/n:71,3,0,cet4 cet6 ky toefl ielts gre,4836,3984,rage
convict,convict,kәn'vikt,"n. a person serving a sentence in a jail or prison
n. a person who has been convicted of a criminal offense
v. find or declare guilty","n. 囚犯, 罪犯
vt. 宣告有罪, 使知罪",n:13/v:87,3,0,cet6 ky toefl ielts gre,4837,3678,convict
vitamin,vitamin,'vaitәmin,n. any of a group of organic substances essential in small quantities to normal metabolism,"n. 维生素
[化] 维生素",n:100,3,0,cet4 cet6 ky,4866,3715,vitamin
fiscal,fiscal,'fiskәl,a. involving financial matters,"a. 财政的, 国库的
[经] 财政上的, 会计的, 国库的",j:100,3,0,gre,4888,3635,fiscal
soccer,soccer,'sɒkә,n. a football game in which two teams of 11 players try to kick or head a ball into the opponents' goal,n. 英式足球,n:100,3,0,gk cet4 cet6 ky,4895,3353,soccer
Islamic,islamic,iz'læmik,a of or relating to or supporting Islamism,"a. 伊斯兰教的, 穆斯林的",j:100,3,0,,4904,2596,islamic
guerrilla,guerrilla,gә'rilә,n. a member of an irregular armed force that fights a stronger force by sabotage and harassment,n. 游击队,n:100,3,0,,4905,5442,guerrilla
bargain,bargain,'bɑ:gin,"n. an agreement between parties (usually arrived at after discussion) fixing obligations of each
n. an advantageous purchase
v. come to terms; arrive at an agreement","n. 交易, 买卖协定, 特价商品
v. 讲价, 交易",v:29/n:71,3,1,gk cet4 cet6 ky ielts gre,4926,4962,bargain
renew,renew,ri'nju:,"v reestablish on a new, usually improved, basis or make new or like new
v cause to appear in a new form","vt. 使更新, 使恢复, 复兴, 修补, 补充, 继续, 重订, 重申, 续借
vi. 更新, 重新开始",v:100,3,0,cet4 cet6 ky toefl,4932,5526,renew
foreigner,foreigner,'fɒ:rinә,"n. a person who comes from a foreign country; someone who does not owe allegiance to your country
n. someone who is excluded from or is not a member of a group","n. 外国人, 外地人
[法] 外国人, 进口货, 外国货",n:100,3,0,zk gk cet4 cet6 ky,4934,4887,foreigner
overnight,overnight,'әuvәnait,"r. during or for the length of one night
r. happening in a short time or with great speed","n. 前一天晚上, 一夜的逗留
a. 通宵的, 晚上的, 前夜的
adv. 在前一夜, 整夜, 昨晚一晚上",n:1/r:65/v:1/j:33,3,0,cet4 cet6 ky,4937,4742,overnight
instant,instant,'instәnt,s. in or of the present month,"n. 立即, 瞬间
a. 紧急的, 立即的, 即时的",j:50/n:50,3,0,gk cet4 cet6 ky toefl,4938,4453,instant
incredible,incredible,in'kredәbl,a. beyond belief or understanding,a. 难以置信的,j:100,3,0,cet6 ky toefl ielts,4939,3026,incredible
exhaust,exhaust,ig'zɒ:st,"n. gases ejected from an engine as waste products
n. system consisting of the parts of an engine through which burned gases or steam are discharged
v. wear out completely
v. use up the whole supply of","n. 排气, 排气装置, 废气
vt. 抽完, 用尽, 耗尽, 使精疲力尽
vi. 排气",n:28/v:72,3,0,cet4 cet6 ky toefl ielts gre,4940,4734,exhaust
boil,boil,bɒil,"n. a painful sore with a hard core filled with pus
v. come to the boiling point and change from a liquid to vapor
v. immerse or be immersed in a boiling liquid, often for cooking purposes
v. bring to, or maintain at, the boiling point","n. 煮沸, 沸腾, 疖
v. 煮沸, 激动",n:36/v:64,3,1,gk cet4 ky toefl ielts,4944,4258,boil
trigger,trigger,'trigә,"n. a device that activates or releases or causes something to happen
n. an act that sets in motion some course of events
v. release or pull the trigger on","n. 触发器, 扳机
vt. 触发, 发射, 引起
vi. 松开扳柄
[计] 切换开关",n:38/v:62,3,0,cet6 ky toefl ielts gre,4962,3666,trigger
alert,alert,ә'lә:t,"n. condition of heightened watchfulness or preparation for action
n. a warning serves to make you more alert to danger
a. engaged in or accustomed to close observation
s. quick and energetic","a. 警觉的, 灵敏的, 留心的
n. 警报
vt. 使警觉, 通知, 使意识到",n:17/j:40/v:43,3,0,cet4 cet6 ky toefl gre,4966,5318,alert
pill,pill,pil,"n. something that resembles a tablet of medicine in shape or size
n. a dose of medicine in the form of a small pellet
n. a unpleasant or tiresome person
n. something unpleasant or offensive that must be tolerated or endured","n. 药丸, 弹丸, 屈辱, 胡说
v. 做成药丸, 形成丸状, 服药丸, 挫败, 抢劫",n:100,3,1,gk cet4 cet6 ky toefl,4969,3425,pill
confrontation,confrontation,.kɔnfrʌn'teiʃәn,"n. a bold challenge
n. discord resulting from a clash of ideas or opinions
n. a hostile disagreement face-to-face
n. the act of hostile groups opposing each other",n. 对抗；对质；面对,n:100,3,0,cet6,5001,4459,confrontation
backing,backing,'bækiŋ,"n. the act of providing approval and support
n. something forming a back that is added for strengthening","n. 后退, 衬背, 后援, 支持者
[化] 衬垫",j:1/n:99,3,0,,5020,8295,backing
amateur,amateur,'æmәtә,"n. someone who pursues a study or sport as a pastime
n. an athlete who does not play for pay
s. engaged in as a pastime","n. 业余爱好者, 外行, 爱好者
[电] 业余家",j:61/n:39,3,0,gk cet6 ky toefl ielts gre,5030,5795,amateur
surrender,surrender,sә'rendә,"n. the delivery of a principal into lawful custody
v. give up or agree to forgo to the power or possession of another
v. relinquish possession or control over","vt. 交出, 放弃, 使投降, 让与
vi. 投降, 自首
n. 交出, 放弃, 投降",n:30/v:70,3,0,cet4 cet6 ky toefl ielts gre,5031,5024,surrender
prior,prior,'praiә,n. the head of a religious order; in an abbey the prior is next below the abbot,"a. 更重要的, 较早的, 在先的
n. 小隐修院院长, 大隐修院副院长",i:60/r:4/j:34/n:2,3,1,cet4 cet6 ky toefl ielts,5045,2856,prior
civilian,civilian,si'viljәn,"n. a nonmilitary citizen
a. associated with civil life or performed by persons who are not active members of the military","n. 平民, 民法专家
a. 平民的, 百姓的, 民用的",j:55/n:45,3,0,gk cet4 cet6 ky toefl ielts gre,5055,3219,civilian
spur,spur,spә:,"n. any sharply pointed projection
n. tubular extension at the base of the corolla in some flowers
n. a sharp prod fixed to a rider's heel and used to urge a horse onward
v. incite or stimulate","n. 马刺, 刺激物, 鼓舞
vt. 刺激, 激励, 用马刺策(马)前进
vi. 用马刺驱马, 疾驰",n:31/v:69,3,0,cet4 cet6 ky toefl ielts gre,5066,6458,spur
motivate,motivate,'mәutiveit,v. give an incentive for action,"vt. 给与动机, 刺激, 提高...的学习欲望, 促动
[经] 促动, 激发, 激励",v:100,3,0,cet4 cet6 ky toefl ielts,5069,3534,motivate
cheer,cheer,tʃiә,"n. a cry or shout of approval
v. give encouragement to
v. show approval or good wishes by shouting
v. cause (somebody) to feel happier or more cheerful","n. 愉快, 振奋, 欢呼
vi. 欢呼, 喝彩, 快活起来
vt. 使振奋, 欢呼",n:36/v:64,3,0,zk gk cet4 cet6 ky ielts,5070,4621,cheer
jail,jail,dʒeil,n. a correctional institution used to detain persons who are in the lawful custody of the government (either accused persons awaiting trial or convicted persons serving a sentence),"n. 监牢, 监狱, 拘留所
vt. 监禁, 下狱",v:24/n:76,3,0,cet4 cet6 ielts,5079,2528,jail
exile,exile,'eksail,"n. a person who is voluntarily absent from home or country
n. a person who is expelled from home or country by authority
n. the act of expelling a person from their native land","n. 放逐, 流放, 被放逐者
vt. 放逐, 流放, 使背井离乡",v:16/n:84,3,0,cet6 ky toefl ielts,5086,5273,exile
seventeenth,seventeenth,sevn'ti:nθ,"n. position 17 in a countable series of things
s. coming next after the sixteenth in position","num. 第十七, 十七分之一",m:100,4,0,,5103,10125,seventeenth
broadcast,broadcast,'brɒ:dkæst,"n. message that is transmitted by radio or television
n. a radio or television show
v. sow over a wide area, especially by hand","n. 广播, 传播
a. 广播的
v. 广播
adv. 经广播, 四散地
[计] 广播命令, 广播",v:38/j:2/n:60,3,1,gk cet4 ky toefl,5111,3617,broadcast
reporting,reporting,ri'pɒ:tiŋ,"n the news as presented by reporters for newspapers or radio or television
v to give an account or representation of in words
v announce as the result of an investigation or experience or finding
v announce one's presence
v make known to the authorities
v be responsible for reporting the details of, as in journalism
v complain about; make a charge against","n. 报道
[经] 报告, 汇报",j:1/n:99,4,0,,5124,3882,reporting
worldwide,worldwide,'wә:ldwaid,s. spanning or extending throughout the entire world,a. 全世界的,r:53/j:47,3,0,gk cet4 ky toefl,5136,4457,worldwide
pact,pact,pækt,n a written agreement between two states or sovereigns,"n. 契约, 协定, 条约
[化] 合同",n:100,3,0,ky toefl gre,5146,6682,pact
presidency,presidency,'prezidәnsi,"n. the tenure of a president
n. the office and function of president","n. 总统职权, 总裁职位",n:100,3,0,cet6 toefl,5207,3432,presidency
luxury,luxury,'lʌkʃәri,"n. something that is an indulgence rather than a necessity
n. wealth as evidenced by sumptuous living","n. 奢侈, 豪华
a. 奢侈的, 豪华的",j:52/n:48,3,0,cet4 cet6 ky toefl ielts gre,5235,5575,luxury
tenth,tenth,tenθ,"n. position ten in a countable series of things
s. coming next after the ninth and just before the eleventh in position","num. 第十, 十分之一",m:100,4,0,zk,5237,7565,tenth
cautious,cautious,'kɒ:ʃәs,"a. showing careful forethought; never making swift decisions""
s. avoiding excess","a. 谨慎的, 小心的",j:100,3,0,gk cet4 cet6 ky toefl ielts,5239,5231,cautious
cure,cure,kjuә,"v. prepare by drying, salting, or chemical processing in order to preserve
v. make (substances) hard and improve their usability
v. be or become preserved","n. 治疗, 治愈, 治疗法
vt. 治疗, 治愈, 改正, 腌制, 加工处理, 使硫化
vi. 受治疗, 被加工处理, 被硫化",v:50/n:50,3,1,gk cet4 cet6 ky toefl ielts,5242,4579,cure
coming,coming,'kʌmiŋ,"n the act of drawing spatially closer to something
n arrival that has been awaited (especially of something momentous)
n the temporal property of becoming nearer in time
n the moment of most intense pleasure in sexual intercourse
v move toward, travel toward something or somebody or approach something or somebody
v reach a destination; arrive by movement or progress
v come to pass; arrive, as in due course
v reach or enter a state, relation, condition, use, or position
v to be the product or result
v be found or available; The furniture comes unassembled""
v come forth
v be a native of
v extend or reach
v exist or occur in a certain point in a series
v cover a certain distance
v come under, be classified or included
v happen as a result
v add up in number or quantity
v develop into
v be received
v come to one's mind; suggest itself
v come from; be connected by a relationship of blood, for example
v proceed or get along
v experience orgasm
v have a certain priority
s of the relatively near future","n. 来临
a. 就要来的, 接着的",j:62/n:38,5,0,,5247,4720,coming
thorough,thorough,'θʌrә,s. painstakingly careful and accurate,"a. 十分的, 彻底的",j:100,3,1,gk cet4 cet6 ky toefl ielts,5257,5852,thorough
homeless,homeless,'hәumlis,"n. someone unfortunate without housing
n. poor people who unfortunately do not have a home to live in
s. without nationality or citizenship","a. 无家的, 无养主的",j:100,3,0,,5273,3350,homeless
underground,underground,'ʌndәgraund,"n. a secret group organized to overthrow a government or occupation force
r. in or into hiding or secret operation
r. beneath the surface of the earth","n. 地下, 地铁, 地道, 秘密活动
a. 地下的, 秘密的
adv. 在地下, 秘密地",r:33/j:64/n:3,3,1,zk gk toefl ielts,5281,5341,underground
sacrifice,sacrifice,'sækrifais,"n. personnel that are sacrificed (e.g., surrendered or lost in order to gain an objective)
n. a loss entailed by giving up or selling something at less than its value
n. the act of killing (an animal or person) in order to propitiate a deity
n. (baseball) an out that advances the base runners","n. 牺牲, 供奉, 祭品
vt. 牺牲, 祭祀, 贱卖
vi. 献祭",v:47/n:53,3,0,gk cet4 cet6 ky ielts gre,5282,4068,sacrifice
deadline,deadline,'dedlain,n. the point in time at which something must be completed,"n. 最后期限, 截止期限
[经] 截止日期",n:100,3,0,gk ky ielts,5295,4032,deadline
lobby,lobby,'lɒbi,"n. the people who support some common cause or business or principle or sectional interest
n. a group of people who try actively to influence legislation
v. detain in conversation by or as if by holding on to the outer garments of; as for political or economic favors","n. 大厅, 休息室, 游说议员者
vi. 游说议员, 游说
vt. 游说",v:36/n:64,3,0,cet6 ky toefl ielts gre,5302,3736,lobby
punch,punch,pʌntʃ,"n. (boxing) a blow with the fist
n. an iced mixed drink usually containing alcohol and prepared for multiple servings; normally served in a punch bowl
n. a tool for making holes or indentations
v. deliver a quick blow to","n. 打洞器, 钻孔机, 冲压机, 冲床, 潘趣酒
vt. 以拳重击, 开洞, 冲压
vi. 用拳猛击",n:44/v:56,3,1,cet4 cet6 ky toefl gre,5322,4348,punch
gradual,gradual,'grædʒuәl,"n. (Roman Catholic Church) an antiphon (usually from the Book of Psalms) immediately after the epistle at Mass
a. proceeding in small stages
a. (of a topographical gradient) not steep or abrupt","a. 逐渐的, 渐增的
n. 弥撒升阶圣歌",j:100,3,1,cet4 cet6 ky ielts,5327,6796,gradual
injured,injured,'indʒәd,a. harmed,"a. 受伤的, 受损害的, 被触怒的
[法] 受害的, 被害的",j:100,3,1,,5333,5517,injured
ruin,ruin,ruin,"n. an irrecoverable state of devastation and destruction
n. a ruined building
n. an event that results in destruction
v. destroy or cause to fail","n. 毁灭, 推翻, 废墟
vi. 毁灭, 衰败, 破坏, 破产, 堕落
vt. 使毁灭, 毁坏, 使破产",n:43/v:57,3,1,gk cet4 cet6 ky toefl,5346,4197,ruin
retreat,retreat,ri'tri:t,"n. (military) withdrawal of troops to a more favorable position to escape the enemy's superior forces or after a defeat
n. a place of privacy; a place affording peace and quiet
n. (military) a signal to begin a withdrawal from a dangerous position
n. (military) a bugle call signaling the lowering of the flag at sunset","n. 休息寓所, 撤退, 隐居, 退避
vi. 撤退, 隐退, 向后倾
vt. 退(棋)",v:48/n:52,3,0,cet4 cet6 ky toefl ielts gre,5347,4787,retreat
broker,broker,'brәukә,v. act as a broker,"n. 掮客, 经纪人
[经] 经纪人, 掮客",v:9/n:91,3,0,gre,5375,4073,broker
amid,amid,ә'mid,"prep. See Amidst.
prep. In the midst or middle of; surrounded or encompassed by;
   among.","prep. 在其间, 在其中
[经] 在...中",i:100,3,0,cet6 ky toefl ielts,5382,3825,amid
prosecute,prosecute,'prɒsikju:t,"v. conduct a prosecution in a court of law
v. bring a criminal action against (in a trial)
v. carry out or participate in an activity; be involved in","vt. 告发, 起诉, 彻底进行, 执行, 从事
vi. 告发, 起诉, 作检察官",v:100,3,0,ky toefl ielts gre,5409,5089,prosecute
hostage,hostage,'hɒstidʒ,n. a prisoner who is held by one party to insure that another party will meet specified terms,"n. 人质, 抵押品
[经] 人质, 抵押品",n:100,4,0,cet6 ky ielts,5420,3972,hostage
pepper,pepper,'pepә,"n. climber having dark red berries (peppercorns) when fully ripe; southern India and Sri Lanka; naturalized in northern Burma and Assam
n. pungent seasoning from the berry of the common pepper plant of East India; use whole or ground
n. sweet and hot varieties of fruits of plants of the genus Capsicum
v. add pepper to","n. 胡椒粉, 胡椒, 辣椒
[化] 胡椒; 辣椒; 花椒",v:4/n:96,3,1,gk cet4 cet6 ky,5443,1923,pepper
immigration,immigration,.imi'greiʃәn,"n. migration into a place (especially migration to a country of which you are not a native in order to settle there)
n. the body of immigrants arriving during a specified interval","n. 移民, 移居
[医] 移民",n:100,3,0,gk cet6 toefl,5448,2431,immigration
ballot,ballot,'bælәt,"n. a document listing the alternatives that is used in voting
v. vote by ballot","n. 投票, 投票用纸, 抽签
vi. 投票, 抽签
vt. 投票选出, 拉选票",v:1/n:99,3,0,cet6 ky toefl ielts gre,5454,3706,ballot
accepted,accepted,әk'septid,s. generally approved or compelling recognition,"a. 公认的, 一般承认的
[经] 已承兑, 已认付",j:100,4,0,,5565,6728,accepted
blast,blast,blæst,"n. a very long fly ball
n. an explosion (as of dynamite)
v. make a strident sound
v. use explosives on","n. 一阵风, 爆炸, 枯萎病
vt. 炸, 使枯萎
vi. 炸, 猛攻, 猛烈抨击, 枯萎",v:47/n:53,3,0,cet4 cet6 ky toefl ielts gre,5574,4739,blast
accord,accord,ә'kɒ:d,"n. concurrence of opinion
n. sympathetic compatibility
v. allow to have","n. 一致, 调和, 协定
vt. 给与, 使一致
vi. 相符合",v:41/n:59,5,0,cet4 cet6 ky toefl ielts gre,5594,6075,accord
combat,combat,'kɒmbæt,n. an engagement fought between two military forces,"n. 争斗, 战斗
vi. 战斗, 争斗
vt. 与...战斗, 与...斗争",v:36/n:64,3,0,cet6 ky ielts gre,5622,3412,combat
winning,winning,'winiŋ,n. succeeding with great difficulty,"n. 胜利, 获得, 成功, 赢得物
a. 得胜的, 胜利的",j:100,3,1,,5624,5349,winning
ninth,ninth,nainθ,"n. position nine in a countable series of things
s. coming next after the eighth and just before the tenth in position","num. 第九, 九分之一",m:100,4,0,zk gk,5636,5059,ninth
spray,spray,sprei,"n. a pesticide in suspension or solution; intended for spraying
n. a quantity of small objects flying through the air
n. flower arrangement consisting of a single branch or shoot bearing flowers and foliage
n. water in small drops in the atmosphere; blown from waves or thrown up by a waterfall","n. 水沫, 浪花, 水花, 喷雾, 喷雾器, 小树枝
vt. 喷雾, 扫射, 喷射
vi. 喷, 溅开",v:45/n:55,3,1,gk cet4 cet6 ky toefl ielts,5640,4417,spray
immune,immune,i'mju:n,"n. a person who is immune to a particular infection
a. relating to the condition of immunity
s. secure against
s. relating to or conferring immunity (to disease or infection)","a. 免疫的, 免除的, 不受影响的
n. 免疫者",j:100,3,0,cet6 ky toefl ielts gre,5649,4200,immune
chop,chop,tʃɒp,"n. the irregular motion of waves (usually caused by wind blowing in a direction opposite to the tide)
n. a small cut of meat including part of a rib
n. a jaw
n. a tennis return made with a downward motion that puts backspin on the ball","n. 肋条肉, 排骨, 砍, 戳记, 商标
vt. 剁碎, 砍, 切击, 割断
vi. 砍, 突然转向",n:35/v:65,3,1,cet4 cet6 ky toefl ielts,5669,3964,chop
pledge,pledge,pledʒ,"n. a deposit of personal property as security for a debt
n. someone accepted for membership but not yet fully admitted to the group
n. a drink in honor of or to the health of a person or event
v. promise solemnly and formally","n. 诺言, 保证, 誓言, 抵押, 信物, 保人, 祝愿
vt. 许诺, 保证, 使发誓, 抵押, 典当, 举杯祝...健康",n:46/v:54,3,0,cet6 ky toefl ielts gre,5695,5198,pledge
cough,cough,kɒf,"n. a sudden noisy expulsion of air from the lungs that clears the air passages; a common symptom of upper respiratory infection or bronchitis or pneumonia or tuberculosis
v. exhale abruptly, as when one has a chest cold or congestion","n. 咳嗽
vi. 咳嗽
vt. 咳出",n:37/v:63,3,1,zk gk cet4 ky ielts,5757,6157,cough
jazz,jazz,dʒæz,"n. a genre of popular music that originated in New Orleans around 1900 and developed through increasingly complex styles
n. a style of dance music popular in the 1920s; similar to New Orleans jazz but played by large bands
v. play something in the style of jazz","n. 爵士乐, 喧闹
a. 爵士乐的, 喧吵的
vi. 演奏爵士乐, 跳爵士舞, 游荡
vt. 奏爵士乐, 使活泼",v:1/n:99,3,0,gk cet4 ky gre,5759,3848,jazz
hunter,hunter,'hʌntә,"n. someone who hunts game
n. a person who searches for something
n. a watch with a hinged metal lid to protect the crystal","n. 猎人, 猎犬, 追求者",n:100,3,0,gk,5802,3030,hunter
stadium,stadium,'steidiәm,n. a large structure for open-air sports or entertainments,"n. 露天大型运动场
[医] 期, 病期",n:100,3,0,gk cet4 cet6 ky ielts,5803,4128,stadium
nationalist,nationalist,'næʃәnәlist,"n. an advocate of national independence of or a strong national government
s. devotion to the interests or culture of a particular nation including promoting the interests of one country over those of others","n. 国家主义者, 民族主义者",j:54/n:46,4,0,,5881,7163,nationalist
bore,bore,bɒ:,"n. a person who evokes boredom
n. diameter of a tube or gun barrel
n. a hole or passage made by a drill; usually made for exploratory purposes
v. cause to be bored","n. 令人讨厌的人, 激浪, 枪膛, 孔
vt. 使烦扰, 钻孔
vi. 钻孔
bear的过去式
[计] 内径; 孔径",n:16/v:84,3,1,cet4 cet6 ky toefl ielts gre,5929,4946,bore
offensive,offensive,ә'fensiv,"s. violating or tending to violate or offend against
a. for the purpose of attack rather than defense
a. causing anger or annoyance
a. unpleasant or disgusting especially to the senses","a. 令人不快的, 侮辱的, 攻击性的
[法] 攻击的, 进攻的, 冒犯的",j:89/n:11,3,1,cet6 ky toefl gre,5947,3168,offensive
leak,leak,li:k,"n. an accidental hole that allows something (fluid or light etc.) to enter or escape
n. soft watery rot in fruits and vegetables caused by fungi
n. a euphemism for urination
n. unauthorized (especially deliberate) disclosure of confidential information","n. 漏洞, 漏处, 漏出, 泄漏
vi. 漏, 泄漏
vt. 使渗漏",n:46/v:54,3,0,gk cet4 cet6 ky toefl ielts gre,5948,5165,leak
