word,sw,phonetic,definition,translation,pos,collins,oxford,tag,bnc,frq,word_lower
a,a,ei,"n. the 1st letter of the Roman alphabet
n. the blood group whose red cells carry the A antigen","第一个字母 A; 一个; 第一的
art. [计] 累加器, 加法器, 地址, 振幅, 模拟, 区域, 面积, 汇编, 组件, 异步",a:99/t:1,5,1,zk gk,5,5,a
ability,ability,ә'biliti,"n. the quality of being able to perform; a quality that permits or facilitates achievement or accomplishment
n. possession of the qualities (especially mental qualities) required to do something or get something done","n. 能力, 才干
[经] 能力, 才能",n:100,4,1,zk gk cet4 ky toefl ielts,946,783,ability
able,able,'eibl,"a. (usually followed by `to') having the necessary means or skill or know-how or authority to do something
s. have the skills and qualifications to do things well
s. having inherent physical or mental ability or capacity
s. having a strong healthy body","a. 能干的, 能够的",j:100,5,1,zk gk,295,385,able
about,about,ә'baut,"s. on the move
r. all around or on all sides
r. in the area or vicinity
r. used of movement to or among many different places or in no particular direction","prep. 在...周围, 大约, 有关, 关于
adv. 大约, 四处, 在附近, 周围",i:80/r:20,5,1,zk gk,63,46,about
above,above,ә'bʌv,"n. an earlier section of a written text
s. appearing earlier in the same text
r. at an earlier place
r. in or to a place that is higher","prep. 在上方, 超出
adv. 在上面
a. 上述的, 上面的",i:61/r:33/j:6,4,1,zk gk,733,893,above
abroad,abroad,ә'brɒ:d,"s. in a foreign country
r. to or in a foreign country","adv. 往国外, 到室外, 到处
a. 往国外的, 在室外的, 广泛四散的",r:100,3,1,zk gk toefl,2243,3363,abroad
absent,absent,'æbsәnt,"v. go away or leave
a. not being in a specified place
s. lost in thought; showing preoccupation","a. 缺席的, 不在的, 缺乏的, 漫不经心的
vt. 使缺席",j:86/v:14,2,1,zk gk cet4 cet6 ky toefl,4300,5516,absent
accent,accent,'æksәnt,"n. distinctive manner of oral expression
n. a diacritical mark used to indicate stress or placed above a vowel to indicate a special pronunciation","n. 重音, 口音, 特点, 注重点
vt. 重读, 加重音号于, 强调",v:11/n:89,2,1,zk gk cet4 ky,3701,4140,accent
accept,accept,әk'sept,"v. consider or hold as true
v. receive willingly something given or offered
v. give an affirmative reply to; respond favorably to
v. react favorably to; consider right and proper","vt. 接受, 承认, 同意, 相信, 赞成, 承担, 承兑, 采纳, 接纳, 容忍
vi. 同意",v:100,5,1,zk gk cet4 ky,488,766,accept
accident,accident,'æksidәnt,"n. an unfortunate mishap; especially one causing damage or injury
n. anything that happens suddenly or by chance without an apparent cause","n. 意外事件, 机遇, 事故, 次要方面
[化] 意外事故; 事故",n:100,3,1,zk gk cet4 ky toefl,1187,1707,accident
ache,ache,eik,"n. a dull persistent (usually moderately intense) pain
v. have a desire for something or someone who is not present
v. be the source of pain","n. 疼痛
vi. 痛, 哀怜, 渴望",n:42/v:58,2,0,zk gk cet4 ky,8267,7717,ache
achieve,achieve,ә'tʃi:v,v. to gain with effort,"vt. 完成, 达到
vi. 如愿以偿",v:100,4,1,zk gk cet4 cet6 ky toefl ielts,592,1152,achieve
across,across,ә'krɒs,"r. to the opposite side
r. transversely","prep. 越过, 穿过, 与...相交叉, 在...的对面
adv. 交叉, 到另一边, 在对面, 成十字",i:91/r:9,5,1,zk gk,448,377,across
act,act,ækt,"n. a legal document codifying the result of deliberations of a committee or society or legislative body
n. something that people do or cause to happen
n. a subdivision of a play or opera or ballet
n. a short theatrical performance that is part of a longer program","n. 行动, 行为, 幕, 法案
vi. 行动, 表演, 假装, 见效, 表现, 担当
vt. 扮演, 装作
[计] 先进通信技术, 先进计算机工艺, 自动代码翻译技术",n:43/v:57,5,1,zk gk cet4 ky,371,837,act
action,action,'ækʃәn,"n. something done (usually as opposed to something said)
n. the state of being active
n. the series of events that form a plot
n. the trait of being active and energetic and forceful","n. 行动, 活动, 动作, 作用, 战斗, 行为, 诉讼
vt. 对...起诉
[计] 方式",n:100,5,1,zk gk cet4 cet6 ky toefl ielts,340,502,action
active,active,'æktiv,"n. a person who is a participating member of an organization
a. tending to become more severe or wider in scope
s. engaged in or ready for military or naval operations
a. disposed to take action or effectuate change","a. 活跃的, 起作用的, 积极的, 有效的, 主动的, 活性的, 现行的, 现役的
n. 主动语态, 积极分子",j:99/n:1,4,1,zk gk cet4 ky toefl,1316,1444,active
activity,activity,æk'tiviti,"n. any specific behavior
n. (chemistry) the capacity of a substance to take part in a chemical reaction","n. 活动, 行动, 活跃, 活力
[计] 活动",n:100,4,1,zk gk cet4 ky ielts,412,537,activity
add,add,æd,"v. make an addition (to); join or combine or unite with others; increase the quality, quantity, size or scope of
v. state or say further
v. make an addition by combining numbers
v. constitute an addition","vt. 增加, 添加, 附带说明, 计算...总和
vi. 做加法, 积累而成, 增添
[计] 加法",v:100,5,1,zk gk cet4 ky,330,340,add
address,address,ә'dres,"n. (computer science) the code that identifies where a piece of information is stored
n. the place where a person or organization can be found or communicated with
n. the act of delivering a formal spoken communication to an audience
n. the manner of speaking to another individual","n. 住址, 演说, 举止, 灵巧, 求爱
vt. 发表(演说或讲话), 对付, 写地址
[计] 地址, 寻址",n:33/v:67,4,1,zk gk cet4 cet6 ky toefl ielts gre,1522,1028,address
advantage,advantage,әd'vɑ:ntidʒ,"n. the quality of having a superior or more favorable position
n. (tennis) first point scored after deuce
n. benefit resulting from some event or action
v. give an advantage to","n. 优点, 便利, 好处, 优势
vt. 有助于",v:1/n:99,4,1,zk gk cet4 ky,969,1301,advantage
advertisement,advertisement,.ædvә'taizmәnt,n a public promotion of some product or service,"n. 广告, 启事, 广告宣传
[法] 广告, 公告, 告示",n:100,2,1,zk gk cet4 ielts,3277,5957,advertisement
advice,advice,әd'vais,n. a proposal for an appropriate course of action,"n. 忠告, 劝告, 意见, 报道, 通知
[经] 通知书, 通知, 建议",n:100,4,1,zk gk cet4 cet6 ky toefl ielts,962,1641,advice
advise,advise,әd'vaiz,v. inform (somebody) of something,"vt. 劝告, 给...出主意, 通知, 建议
vi. 提意见, 商量",v:100,3,1,zk gk cet4 cet6 ky toefl,1728,2552,advise
afford,afford,ә'fɒ:d,"v. be able to spare or give up
v. have the financial means to do something or buy something
v. afford access to","vt. 买得起, 足以, 给予",v:100,3,1,zk gk cet4 cet6 ky toefl ielts,1722,1846,afford
afraid,afraid,ә'freid,"a. filled with fear or apprehension
s. filled with regret or concern; used often to soften an unpleasant statement
s. feeling worry or concern or insecurity
s. having feelings of aversion or unwillingness","a. 害怕的, 恐怕的, 遗憾的",j:100,3,1,zk gk,1562,1400,afraid
after,after,'ɑ:ftә,"s. located farther aft
r. behind or in the rear","prep. 在...之后, 由于
conj. 在...之后
adv. 后来",i:68/c:31/r:1,5,1,zk gk,96,120,after
afternoon,afternoon,'ɑ:ftә'nu:n,n. the part of the day between noon and evening,"n. 午后, 下午",n:100,4,1,zk gk,1118,1191,afternoon
again,again,ә'gein,r. anew,"adv. 再一次, 又, 到原处",r:100,5,1,zk gk,156,184,again
against,against,ә'geinst,"prep. Abreast; opposite to; facing; towards; as, against the
   mouth of a river; -- in this sense often preceded by over.
prep. From an opposite direction so as to strike or come in
   contact with; in contact with; upon; as, hail beats against the roof.
prep. In opposition to, whether the opposition is of
   sentiment or of action; on the other side; counter to; in contrariety
   to; hence, adverse to; as, against reason; against law; to run a race
   against time.
prep. By of before the time that; in preparation for; so as
   to be ready for the time when.","prep. 反对, 对着, 倚靠",i:100,5,1,zk gk cet4 ky,155,180,against
age,age,eidʒ,"n. how long something has existed
n. a time of life (usually defined in years) at which some particular qualification or power arises
v. begin to seem older; get older
v. make older","n. 年龄, 老年, 成年, 寿命, 时代, 时期
v. 变老, 成熟",v:7/n:93,5,1,zk gk toefl ielts,363,386,age
ago,ago,ә'gәu,"s. gone by; or in the past
r. in the past",adv. 以前,r:100,5,1,zk gk,504,316,ago
agree,agree,ә'gri:,"v. be in accord; be in agreement
v. consent or assent to a condition, or agree to do something
v. show grammatical agreement
v. be agreeable or suitable","vi. 同意, 赞成, 应允, 适合
vt. 承认, 认定, 同意",v:100,5,1,zk gk,401,514,agree
agreement,agreement,ә'gri:mәnt,"n. the statement (oral or written) of an exchange of promises
n. compatibility of observations
n. harmony of people's opinions or actions or characters
n. the thing arranged or agreed to","n. 同意, 合约, 协议
[经] 契约, 协议, 协定",n:100,4,1,zk gk ielts,623,1059,agreement
air,air,єә,"n. a mixture of gases (especially oxygen) required for breathing; the stuff that the wind consists of
n. the region above the ground
n. a distinctive but intangible quality surrounding a person or thing
n. once thought to be one of four elements composing the universe (Empedocles)","n. 空气, 旋律, 态度
vt. 晾, 使通风, 夸耀",v:3/n:97,5,1,zk gk toefl ielts,527,370,air
airline,airline,'єәlain,"n. a hose that carries air under pressure
n. a commercial enterprise that provides scheduled flights for passengers","n. 航线, 航线的设备, 航空公司",n:100,4,0,zk gk cet4 ky,3554,2128,airline
airplane,airplane,'єәplein,n. an aircraft that has a fixed wing and is powered by propellers or jets,"n. 飞机
[机] 飞机",n:100,2,0,zk gk cet4,21702,3519,airplane
airport,airport,'єәpɒ:t,n. an airfield equipped with control tower and hangars as well as accommodations for passengers and cargo,"n. 飞机场
[机] 航空站, 机场",n:100,4,1,zk gk ielts,2541,1765,airport
alive,alive,ә'laiv,"a. possessing life
s. (often followed by `with') full of life and spirit
s. (followed by `to' or `of') aware of
s. capable of erupting","a. 活着的, 活泼的, 敏感的, 热闹的",j:100,3,1,zk gk cet4 cet6 ky,2080,1532,alive
all,all,ɒ:l,"a. quantifier; used with either mass or count nouns to indicate the whole number or amount of or every one of a class
s. completely given to or absorbed by","a. 所有的, 全部的, 一切的
adv. 全部, 全然
pron. 全部
n. 全部",r:17/d:83,5,1,zk gk ielts,39,43,all
allow,allow,ә'lau,"v. let have
v. give or assign a resource to a particular person or cause
v. allow or plan for a certain possibility; concede the truth or validity of something
v. grant as a discount or in exchange","vt. 允许, 同意给予, 承认
vi. 容许, 猜想
[计] 允许命令",v:100,5,1,zk gk cet4 ky,257,339,allow
almost,almost,'ɒ:lmәust,r (of actions or states) slightly short of or not quite accomplished; all but,"adv. 几乎, 差不多",r:100,5,1,zk gk,280,291,almost
alone,alone,ә'lәun,"s. isolated from others
s. lacking companions or companionship
s. exclusive of anyone or anything else
s. radically distinctive and without equal","a. 孤独的, 单独的, 独自的
adv. 独自地",r:60/j:40,4,1,zk gk cet4 ky toefl ielts,1297,1097,alone
along,along,ә'lɒŋ,"r. with a forward motion
r. in accompaniment or as a companion
r. to a more advanced state
r. in addition (usually followed by `with')","adv. 平行地, 向前
prep. 沿着",i:72/r:28,5,1,zk gk,823,447,along
aloud,aloud,ә'laud,r. using the voice; not silently,"adv. 出声地, 大声地",r:100,1,1,zk gk cet4 ky,5849,5694,aloud
already,already,ɒ:l'redi,r. prior to a specified or implied time,"adv. 已经, 早已",r:100,5,1,zk gk,255,334,already
also,also,'ɒ:lsәu,r in addition,"adv. 也, 并且, 同样地",r:100,5,1,zk gk,77,87,also
although,although,ɒ:l'ðou,"conj. Grant all this; be it that; supposing that;
   notwithstanding; though.","conj. 虽然, 尽管",c:100,5,1,zk gk cet4 ky,197,378,although
always,always,'ɒ:lweiz,"r. at all times; all the time and on every occasion
r. at any time or in any event
r. forever; throughout all time","adv. 总是, 始终",r:100,5,1,zk gk,185,206,always
America,america,ә'merikә,n. North America and South America and Central America,"n. 美洲, 美国",,0,0,zk gk ielts,973,0,america
American,american,ә'merikәn,"n. a native or inhabitant of the United States
n. a native or inhabitant of a North American or Central American or South American country
a. of or relating to the United States of America or its people or language or culture","n. 美国人
a. 美国的, 美洲的",j:74/n:26,0,0,zk gk ielts,636,176,american
among,among,ә'mʌŋ,prep. Alt. of Amongst,prep. 在...之中,i:100,5,1,zk gk,418,279,among
ancient,ancient,'einʃәnt,"n. a very old person
n. a person who lived in ancient times
s. belonging to times long past especially of the historical period before the fall of the Western Roman Empire
s. very old","a. 古代的, 古老的, 年老的, 旧的",j:97/n:3,3,1,zk gk cet4 cet6 ky ielts,1841,1817,ancient
and,and,ænd,"conj. A particle which expresses the relation of connection or
   addition. It is used to conjoin a word with a word, a clause with a
   clause, or a sentence with a sentence.
conj. In order to; -- used instead of the infinitival to,
   especially after try, come, go.
conj. It is sometimes, in old songs, a mere expletive.
conj. If; though. See An, conj.","conj. 和, 与
[计] 与",c:99/n:1,5,1,zk gk,4,3,and
angry,angry,'æŋgri,"a. feeling or showing anger
s. (of the elements) as if showing violent anger
s. severely inflamed and painful","a. 生气的, 愤怒的",j:100,3,1,zk gk ielts,2084,1705,angry
animal,animal,'ænimәl,"n. a living organism characterized by voluntary movement
s. marked by the appetites and passions of the body","n. 动物
[医] 动物",j:1/n:99,4,1,zk gk ielts,652,728,animal
another,another,ә'nʌðә,s. any of various alternatives; some other,"a. 另外的, 再一的, 不同的
pron. 又一个, 另一个, 类似的另一个",p:6/d:94,5,1,zk gk,150,145,another
answer,answer,'ɑ:nsә,"n. a statement (either spoken or written) that is made to reply to a question or request or criticism or accusation
n. the speech act of replying to a question
n. the principal pleading by the defendant in response to plaintiff's complaint; in criminal law it consists of the defendant's plea of `guilty' or `not guilty' (or nolo contendere); in civil law it must contain denials of all allegations in the plaintiff's complaint that the defendant hopes to controvert and it can contain affirmative defenses or counterclaims
n. a nonverbal reaction","n. 答案, 回答, 回报, 答辩
vt. 回答, 反驳, 适应, 响应, 符合
vi. 回答, 答应, 负责, 符合, 成功
[计] 用户问题及答案新闻组",i:2/v:48/n:50,5,1,zk gk,808,767,answer
ant,ant,ænt,n. social insect living in organized colonies; characteristically the males and fertile queen have wings during breeding season; wingless sterile females are the workers,n. 蚂蚁,n:100,1,0,zk gk cet4 ky,5833,5811,ant
any,any,'eni,"s. one or some or every or all without specification
r. to any degree or extent","a. 任何的
pron. 任何",r:2/d:98,5,1,zk gk,78,109,any
anybody,anybody,'enibɒdi,"n. Any one out of an indefinite number of persons; anyone;
   any person.
n. A person of consideration or standing.","pron. 任何人
n. 重要人物",p:100,3,0,zk gk,1840,1380,anybody
anyone,anyone,'eniwʌn,"n. One taken at random rather than by selection; anybody.
   [Commonly written as two words.]",pron. 任何人,p:100,4,1,zk gk cet4 ky,662,659,anyone
anything,anything,'eniθiŋ,"n. Any object, act, state, event, or fact whatever; thing of
   any kind; something or other; aught; as, I would not do it for
   anything.
n. Expressing an indefinite comparison; -- with as or like.
adv. In any measure; anywise; at all.",pron. 任何事,p:96/r:4,5,1,zk gk,315,331,anything
anyway,anyway,'eniwei,"r used to indicate that a statement explains or supports a previous statement; anyhow, they're quiet""; anyway, it's gone""; in any case, there was a brief scuffle""
r in any way whatsoever","adv. 无论如何, 至少",r:100,4,1,zk cet4 ky,834,1393,anyway
anywhere,anywhere,'enihwєә,r. at or in or to any place; (`anyplace' is used informally for `anywhere'),adv. 无论何处,r:100,3,1,zk gk cet4 ky,2157,1879,anywhere
appear,appear,ә'piә,"v. come into sight or view
v. be issued or published
v. seem to be true, probable, or apparent
v. come into being or existence, or appear on the scene","vi. 出现, 显得, 来到
[法] 出庭, 到案, 出现",v:100,5,1,zk gk cet4 ky toefl,290,395,appear
apple,apple,'æpl,"n. fruit with red or yellow or green skin and sweet to tart crisp whitish flesh
n. native Eurasian tree widely cultivated in many varieties for its firm rounded edible fruits","n. 苹果, 家伙
[医] 苹果",n:100,3,1,zk gk,2446,2695,apple
April,april,'eiprәl,n. the month following March and preceding May,n. 四月,,4,1,zk gk ielts,684,0,april
area,area,'єәriә,"n. a particular geographical region of indefinite boundary (usually serving some special purpose or distinguished by its people or culture or geography)
n. a subject of study
n. a part of an animal that has a special function or is supplied by a given artery or nerve
n. a part of a structure having some specific characteristic or function","n. 区域, 面积, 范围, 空地
[计] 区域",n:100,5,1,zk gk cet4 ky ielts,149,230,area
arm,arm,ɑ:m,"n. a human limb; technically the part of the superior limb between the shoulder and the elbow but commonly used to refer to the whole superior limb
n. any projection that is thought to resemble a human arm
n. the part of an armchair or sofa that supports the elbow and forearm of a seated person
v. prepare oneself for a military confrontation","n. 手臂, 袖子, 狭长港湾, 武器
vt. 武装, 装备
vi. 武装起来
[计] ARM 处理器；异步应答方式; 自动货品销路管理",v:6/n:94,5,1,zk gk,491,491,arm
army,army,'ɑ:mi,"n. a permanent organization of the military land forces of a nation or state
n. a large number of people united for some specific purpose","n. 军队, 陆军",n:100,5,1,zk gk cet4 ky ielts,818,1539,army
around,around,ә'raund,"r. by a circular or circuitous route
r. in a circle or circular motion
r. to a particular destination either specified or understood
r. in circumference","prep. 包围, 在...周围, 四处
adv. 兜着圈子, 在附近, 到处",i:53/r:47,5,1,zk gk,397,264,around
arrive,arrive,ә'raiv,"v. reach a destination; arrive by movement or progress
v. succeed in a big way; get to the top","vi. 到达, 抵达",v:100,4,1,zk gk,708,810,arrive
art,art,ɑ:t,"n. the products of human creativity; works of art collectively
n. the creation of beautiful or significant things
n. a superior skill that you can learn by study and practice and observation","n. 艺术, 人文科学, 技术, 巧妙, 诡计, 美术
[计] 实际保持时间, 特许权和资源表, 平均检索时间, 平均运行时间",n:100,5,1,zk gk cet4 ky ielts,477,346,art
article,article,'ɑ:tikl,"n. nonfictional prose forming an independent part of a publication
n. one of a class of artifacts
n. a separate section of a legal document (as a statute or contract or will)
n. (grammar) a determiner that may indicate the specificity of reference of a noun phrase","n. 文章, 冠词, 物品, 物件, 条款, 契约
[计] 信件",n:100,4,1,zk gk cet4 ky toefl ielts,1027,731,article
as,as,æz,"n a very poisonous metallic element that has three allotropic forms; arsenic and arsenic compounds are used as herbicides and insecticides and various alloys; found in arsenopyrite and orpiment and realgar
n a United States territory on the eastern part of the island of Samoa
n a metric unit of length equal to one ten billionth of a meter (or 0.0001 micron); used to specify wavelengths of electromagnetic radiation
n any of several fat-soluble vitamins essential for normal vision; prevents night blindness or inflammation or dryness of the eyes
n one of the four nucleotides used in building DNA; all four nucleotides have a common phosphate group and a sugar (ribose)
n (biochemistry) purine base found in DNA and RNA; pairs with thymine in DNA and with uracil in RNA
n the basic unit of electric current adopted under the Systeme International d'Unites
n the 1st letter of the Roman alphabet
n the blood group whose red cells carry the A antigen
r to the same degree (often followed by `as')","adv. 同样地, 例如
prep. 做为, 当作
conj. 当...之时, 以...的方式, 像...一样, 因为
[计] 高级系统, 先进系统, 辅助存储器, 自治系统",i:34/c:53/r:13,5,1,zk gk ielts,33,33,as
Asia,asia,'eiʒә,"n. the largest continent with 60% of the earth's population; it is joined to Europe on the west to form Eurasia; it is the site of some of the world's earliest civilizations
n. the nations of the Asian continent collectively",n. 亚洲,,0,0,zk gk ielts,2720,0,asia
Asian,asian,'eiʃәn,"n. a native or inhabitant of Asia
a. of or relating to or characteristic of Asia or the peoples of Asia or their languages or culture","n. 亚洲人
a. 亚洲的, 亚洲人的",j:86/n:14,0,0,zk gk,3725,2351,asian
ask,ask,ɑ:sk,"v. inquire about
v. make a request or demand for something to somebody
v. direct or put; seek an answer to
v. consider obligatory; request and expect","vi. 问, 要求
vt. 问, 要求, 邀请, 需要",v:100,5,1,zk gk,141,131,ask
asleep,asleep,ә'sli:p,"a. in a state of sleep
s. lacking sensation
s. dead
r. into a sleeping state","a. 睡着的, 长眠的, 麻木的
adv. 熟睡地",j:100,2,1,zk gk cet4 ky,3043,3081,asleep
at,at,æt,n. 100 at equal 1 kip in Laos,"prep. 在, 向, 对
[计] 地址转换器, 异常传输, 自动订票",i:100,5,1,zk gk,22,22,at
Atlantic,atlantic,әt'læntik,"n. the 2nd largest ocean; separates North and South America on the west from Europe and Africa on the east
a. relating to or bordering the Atlantic Ocean","n. 大西洋
a. 大西洋的",,0,0,zk gk cet4,3289,0,atlantic
attention,attention,ә'tenʃәn,"n. the process whereby a person concentrates on some features of the environment to the (relative) exclusion of others
n. a general interest that leads people to want to know more
n. a courteous act indicating affection
n. the faculty or power of mental concentration","n. 注意, 注意力
[计] 引起注意信号",n:100,4,1,zk gk cet4 ky toefl ielts,714,591,attention
august,august,ɒ:'gʌst. 'ɒ:gәst,"n. the month following July and preceding September
s. of or befitting a lord
s. profoundly honored","n. 八月
a. 威严的, 令人敬畏的",j:100,4,1,zk gk ielts gre,1239,22206,august
aunt,aunt,ɑ:nt,n. the sister of your father or mother; the wife of your uncle,"n. 阿姨, 姨妈, 舅妈, 姑妈, 伯母",n:100,4,1,zk gk,2569,4166,aunt
Australia,australia,ɒ'streiljә,"n. a nation occupying the whole of the Australian continent; Aboriginal tribes are thought to have migrated from southeastern Asia 20,000 years ago; first Europeans were British convicts sent there as a penal colony
n. the smallest continent; between the South Pacific and the Indian Ocean","n. 澳洲, 澳大利亚",,0,0,zk gk ielts,1834,0,australia
Australian,australian,ɒ'streiljәn,"n. a native or inhabitant of Australia
n. the Austronesian languages spoken by Australian aborigines
a. of or relating to or characteristic of Australia or its inhabitants or its languages","n. 澳大利亚人
a. 澳大利亚的, 澳洲的, 澳洲人的",j:84/n:16,0,0,zk gk ielts,3122,5172,australian
autumn,autumn,'ɒ:tәm,n the season when the leaves fall from the trees,"n. 秋天, 成熟期",n:100,3,1,zk gk,2252,5010,autumn
available,available,ә'veilәbl,"a. obtainable or accessible and ready for use or service
s. not busy; not otherwise committed
s. convenient for use or disposal","a. 可利用的, 可获得的, 有效的
[医] 有效的, 可得的",j:100,5,1,zk gk cet4 cet6 ky toefl ielts gre,334,622,available
avoid,avoid,ә'vɒid,"v. stay clear from; keep away from; keep out of the way of someone or something
v. refrain from doing something","vt. 避免, 防止, 撤消
[法] 避免, 回避, 躲开",v:100,4,1,zk gk cet4 ky toefl ielts gre,835,908,avoid
awake,awake,ә'weik,a. not in a state of sleep; completely conscious,"a. 醒着的
vt. 唤醒, 唤起, 使意识到
vi. 醒来, 被唤起, 意识到",j:68/v:32,2,1,zk gk cet4 cet6 ky,4786,4647,awake
away,away,ә'wei,"s. not present; having left
a. used of an opponent's ground
s. (of a baseball pitch) on the far side of home plate from the batter
r. from a particular thing or place or position (`forth' is obsolete)",adv. 离去,i:26/r:73/j:1,5,1,zk gk,237,269,away
baby,baby,'beibi,"n. a very young child (birth to 1 year) who has not yet begun to walk or talk
n. the youngest member of a group (not necessarily young)
n. an unborn child; a human fetus
n. (slang) sometimes used as a term of address for attractive young women","n. 婴孩
[医] 婴儿",v:1/n:99,4,1,zk gk,869,588,baby
back,back,bæk,"n. the posterior part of a human (or animal) body from the neck to the end of the spine
n. the part of something that is furthest from the normal viewer
n. (football) a person who plays in the backfield
n. the part of a garment that covers the back of your body","a. 后面的
vt. 使后退, 支持
vi. 倒退, 背靠
adv. 向后地
n. 背部, 后面",r:71/v:3/j:2/n:24,5,1,zk gk ielts,105,108,back
background,background,'bækgraund,"n. a person's social heritage: previous experience or training
n. the part of a scene (or picture) that lies behind objects in the foreground
n. information that is essential to understanding a situation or problem
n. extraneous signals that can be confused with the phenomenon to be observed or measured","n. 背景, 背景资料
[计] 背景, 后台",n:100,3,1,zk gk cet4 ky toefl ielts,1369,1402,background
bad,bad,bæd,"n. that which is below standard or expectations as of ethics or decency
a. having undesirable or negative qualities
s. very intense
s. feeling physical discomfort or pain (`tough' is occasionally used colloquially for `bad')","a. 坏的
n. 坏
adv. 坏地",r:3/j:96/n:1,5,1,zk gk,349,282,bad
bag,bag,bæg,"n. a flexible container with a single opening
n. the quantity of game taken in a particular period (usually by one person)
n. a container used for carrying money and small personal items or accessories (especially by women)
n. the quantity that a bag will hold","n. 袋子, 袋状物
vt. 使膨大, 装袋, 猎获",v:3/n:97,4,1,zk gk,1292,1008,bag
ball,ball,bɒ:l,"n. round object that is hit or thrown or kicked in games
n. an object with a spherical shape
n. the people assembled at a lavish formal dance
n. a spherical object used as a plaything","n. 球, 舞会, 球状物
v. 捏成球形",v:1/n:99,4,1,zk gk,1121,912,ball
balloon,balloon,bә'lu:n,"n. large tough nonrigid bag filled with gas or heated air
n. small thin inflatable rubber bag with narrow neck
v. ride in a hot-air balloon
v. become inflated","n. 气球
vt. 使成气球状
vi. 膨胀如气球, 激增",v:11/n:89,2,0,zk gk cet4 ky toefl ielts gre,5623,4774,balloon
bamboo,bamboo,bæm'bu:,"n. the hard woody stems of bamboo plants; used in construction and crafts and fishing poles
n. woody tropical grass having hollow woody stems; mature canes used for construction and furniture","n. 竹子
[医] 竹类",n:100,1,0,zk gk cet6 ielts,12165,8248,bamboo
banana,banana,bә'nɑ:nә,"n. any of several tropical and subtropical treelike herbs of the genus Musa having a terminal crown of large entire leaves and usually bearing hanging clusters of elongated fruits
n. elongated crescent-shaped yellow fruit with soft sweet flesh",n. 香蕉,n:100,2,0,zk gk,5663,4677,banana
bank,bank,bæŋk,"n. sloping land (especially the slope beside a body of water)
n. a long ridge or pile
n. an arrangement of similar objects in a row or in tiers
n. a supply or stock held in reserve for future use (especially in emergencies)","n. 银行, 堤, 岸
[医] 库",v:4/n:96,1,1,zk gk ielts,406,663,bank
baseball,baseball,'beisbɒ:l,"n. a ball game played with a bat and ball between two teams of nine players; teams take turns at bat trying to score runs
n. a ball used in playing baseball","n. 棒球
[计] 棒球系统",n:100,3,0,zk gk cet4 cet6 ky ielts,10008,1373,baseball
basic,basic,'beisik,"n. a popular programming language that is relatively easy to learn; an acronym for beginner's all-purpose symbolic instruction code; no longer in general use
n. (usually plural) a necessary commodity for which demand is constant
a. pertaining to or constituting a base or basis
s. reduced to the simplest and most significant form possible without loss of generality","n. 基本原理, 要素, 基本规律
a. 基本的, 碱性的
(计算机)BASIC语言",j:100,4,1,zk gk cet4 ky toefl ielts,911,1144,basic
basket,basket,'bɑ:skit,"n. a container that is usually woven and has handles
n. the quantity contained in a basket
n. horizontal circular metal hoop supporting a net through which players try to throw the basketball
n. a score in basketball made by throwing the ball through the hoop","n. 篮, 篮子
vt. 装入篮",n:100,2,0,zk gk,3828,3255,basket
basketball,basketball,'bɑ:skitbɒ:l,"n. a game played on a court by two opposing teams of 5 players; points are scored by throwing the ball through an elevated horizontal hoop
n. an inflated ball used in playing basketball",n. 篮球,n:100,2,0,zk gk,16051,1799,basketball
bathroom,bathroom,'bɑ:θru:m,n. a room (as in a residence) containing a bathtub or shower and usually a washbasin and toilet,"n. 浴室, 厕所",n:100,3,1,zk gk cet4 ky ielts,2821,2404,bathroom
be,be,bi:,"v. have the quality of being; (copula, used with an adjective or a predicate noun)
v. be identical to; be someone or something
v. occupy a certain position or area; be somewhere
v. happen, occur, take place; this was during the visit to my parents' house""","v. 是, 表示, 在
[计] 后端, 总线允许",v:100,5,1,zk gk,2,2,be
beach,beach,bi:tʃ,"n. an area of sand sloping down to the water of a sea or lake
v. land on a beach",n. 海滩,v:2/n:98,3,1,zk gk cet4 ky ielts,1900,1937,beach
beat,beat,bi:t,"n. a regular route for a sentry or policeman
n. a single pulsation of an oscillation produced by adding two waves of different frequencies; has a frequency equal to the difference between the two oscillations
n. the sound of stroke or blow
n. a regular rate of repetition","n. 心跳(声), 打, 敲打声, 拍子
v. 打, 拍打, 打败
a. 疲乏的, 颓废的
beat的过去式
[计] 拍; 节拍",n:26/v:74,5,1,zk gk toefl ielts gre,1207,1036,beat
beautiful,beautiful,'bju:tiful,"a. delighting the senses or exciting intellectual or emotional admiration
s. (of weather) highly enjoyable",a. 美丽的,j:100,4,1,zk gk ielts,1161,992,beautiful
because,because,bi'kɒ:z,"conj. By or for the cause that; on this account that; for the
   reason that.
conj. In order that; that.",conj. 因为,i:15/c:85,5,1,zk gk,101,89,because
become,become,bi'kʌm,"v. enter or assume a certain state or condition
v. undergo a change or development
v. come into existence
v. enhance the appearance of","vi. 变成, 变得
vt. 适合",v:100,5,1,zk gk ielts,122,139,become
bed,bed,bed,"n. a piece of furniture that provides a place to sleep
n. a plot of ground in which plants are growing
n. a depression forming the ground under a body of water
n. (geology) a stratum of rock (especially sedimentary rock)","n. 床, 睡眠处, 河床, 底座, 路基, 一层
vt. 提供宿处, 栽种, 安装
vi. 睡, 形成坚实的一层",v:1/n:99,4,1,zk gk,563,683,bed
bedroom,bedroom,'bedrum,n. a room used primarily for sleeping,n. 卧室,n:100,3,1,zk gk ielts,1570,1869,bedroom
bee,bee,bi:,"n. any of numerous hairy-bodied insects including social and solitary species
n. a social gathering to carry out some communal task or to hold competitions","n. 蜜蜂, 聚会",n:100,2,0,zk gk cet4 ky,4770,4247,bee
beef,beef,bi:f,"n. cattle that are reared for their meat
n. meat from an adult domestic bovine","n. 牛肉, 肌肉
vt. 养(牛), 宰(牛)
vi. 抱怨, 告发",v:6/n:94,2,1,zk gk,4295,3505,beef
before,before,bi'fɒ:,"r earlier in time; previously
r at or in the front","prep. 在...之前
conj. 在...之前
adv. 在前",i:51/c:31/r:18,5,1,zk gk,198,219,before
begin,begin,bi'gin,"n. Israeli statesman (born in Russia) who (as prime minister of Israel) negotiated a peace treaty with Anwar Sadat (then the president of Egypt) (1913-1992)
v. have a beginning, in a temporal, spatial, or evaluative sense
v. set in motion, cause to start
v. begin to speak or say","v. 开始
[计] 开始",v:100,5,1,zk gk,193,164,begin
behaviour,behaviour,bi'heivjә,"n the action or reaction of something (as a machine or substance) under specified circumstances
n (behavioral attributes) the way a person behaves toward other people
n (psychology) the aggregate of the responses or reactions or movements made by an organism in any situation
n manner of acting or controlling yourself","n. 行为, 举止
[计] 特性, 性能, 特点, 行为, 动作, 状态",,4,1,zk gk toefl,787,10352,behaviour
behind,behind,bi'haind,"s. having the lower score or lagging position in a contest
r. in or to or toward the rear
r. remaining in a place or condition that has been left or departed from
r. of timepieces","adv. 在后地
prep. 在...背后",i:84/r:15/n:1,5,1,zk gk,489,421,behind
believe,believe,bi'li:v,"v. accept as true; take to be true
v. be confident about something
v. follow a credo; have a faith; be a believer
v. credit with veracity",v. 相信,v:100,5,1,zk gk,252,212,believe
bell,bell,bel,"n. a hollow device made of metal that makes a ringing sound when struck
n. the sound of a bell being struck
n. (nautical) each of the eight half-hour units of nautical time signaled by strokes of a ship's bell; eight bells signals 4:00, 8:00, or 12:00 o'clock, either a.m. or p.m.
n. the shape of a bell","n. 铃, 钟
[计] 响铃命令",v:1/n:99,3,1,zk gk,2829,2646,bell
below,below,bi'lәu,"r. in or to a place that is lower
r. at a later place
r. (in writing) see below","prep. 在下面
adv. 在下面",i:41/r:59,4,1,zk gk toefl,1136,1450,below
beside,beside,bi'said,"n. At the side of; on one side of.
n. Aside from; out of the regular course or order of; in a
   state of deviation from; out of.
n. Over and above; distinct from; in addition to.
adv. On one side.
adv. More than that; over and above; not included in the
   number, or in what has been mentioned; moreover; in addition.",prep. 在旁边,i:99/r:1,3,1,zk gk,1623,1981,beside
besides,besides,bi'saidz,"r. making an additional point; anyway; besides, we can't afford it""
r. in addition","prep. 除...之外
adv. 而且, 此外",i:38/r:62,3,0,zk gk cet4 ky toefl,3848,3012,besides
between,between,bi'twi:n,"r. in the interval
r. in between",prep. 在...之间,i:98/r:1/j:1,5,1,zk gk,97,140,between
beyond,beyond,bi'jɒnd,"r. farther along in space or time or degree
r. on the farther side from the observer
r. in addition","prep. 超过, 在那一边, 迟于
adv. 在远处
n. 更远处",i:90/r:10,4,1,zk gk cet4 ky,944,746,beyond
bicycle,bicycle,'baisikl,"n. a wheeled vehicle that has two wheels and is moved by foot pedals
v. ride a bicycle",n. 自行车,v:10/n:90,2,1,zk gk cet4 ky ielts,5312,4366,bicycle
big,big,big,"s. significant
s. loud and firm
s. conspicuous in position or importance
s. prodigious","a. 大的, 重要的
adv. 大量地",r:1/j:99,5,1,zk gk,260,162,big
bike,bike,baik,"n a motor vehicle with two wheels and a strong frame
n a wheeled vehicle that has two wheels and is moved by foot pedals
v ride a bicycle","n. 自行车, 脚踏车",v:7/n:93,3,0,zk,3241,2163,bike
bill,bill,bil,"n. a statute in draft before it becomes law
n. an itemized statement of money owed for goods shipped or services rendered
n. a piece of paper money (especially one issued by a central bank)
n. the entertainment offered at a public presentation","n. 帐单, 清单, 钞票, 鸟嘴, 广告, 法案, 票据
vt. 开帐单, (用招贴)宣布",v:5/n:95,4,1,zk gk cet4 ky toefl ielts,837,8026,bill
bird,bird,bә:d,"n. warm-blooded egg-laying vertebrates characterized by feathers and forelimbs modified as wings
n. the flesh of a bird or fowl (wild or domestic) used as food
v. watch and study birds in their natural habitat","n. 鸟, 羽毛球
vi. 打鸟",n:100,4,1,zk gk,1072,1122,bird
birth,birth,bә:θ,"n. the time when something begins (especially life)
n. the event of being born
n. a baby born; an offspring","n. 出生, 起源
[医] 生产, 分娩",v:2/n:98,3,1,zk gk cet4 ky ielts,1590,1499,birth
birthday,birthday,'bә:θdei,"n. an anniversary of the day on which a person was born (or the celebration of it)
n. the date on which a person was born",n. 生日,n:100,3,1,zk gk,2488,2433,birthday
biscuit,biscuit,'biskit,n. small round bread leavened with baking-powder or soda,"n. 饼干
[化] 素坯; 饼干",n:100,2,1,zk gk cet4 ky,4203,8068,biscuit
bit,bit,bit,"n. a small fragment of something broken off from the whole
n. piece of metal held in horse's mouth by reins and used to control the horse while riding
n. a unit of measurement of information (from binary + digit); the amount of information in a system having two equiprobable states
n. the part of a key that enters a lock and lifts the tumblers","n. 少量, 马嚼子, 辅币
vt. 给马上嚼子, 控制
bite的过去式和过去分词
[计] 比特, 二进制数位, 机内测试",r:44/n:56,5,1,zk gk gre,585,952,bit
bitter,bitter,'bitә,"n. English term for a dry sharp-tasting ale with strong flavor of hops (usually on draft)
n. the taste experience when quinine or coffee is taken into the mouth
v. make bitter
s. very difficult to accept or bear","a. 苦的, 痛苦的, 怀恨的
adv. 刺骨
v. (使)变苦",j:97/n:3,3,1,zk gk cet4 ky toefl ielts,3095,3580,bitter
black,black,blæk,"n. the quality or state of the achromatic color of least lightness (bearing the least resemblance to white)
n. British chemist who identified carbon dioxide and who formulated the concepts of specific heat and latent heat (1728-1799)
n. popular child actress of the 1930's (born in 1928)
n. a person with dark skin who comes from Africa (or whose ancestors came from Africa)","n. 黑色, 黑颜料
a. 黑色的",j:88/v:2/n:10,5,1,zk gk ielts,426,253,black
blackboard,blackboard,'blækbɒ:d,n. sheet of slate; for writing with chalk,n. 黑板,n:100,1,0,zk gk,11944,13322,blackboard
blind,blind,blaind,"n. people who have severe visual impairments, considered as a group
n. a hiding place sometimes used by hunters (especially duck hunters)
n. a protective covering that keeps things out or hinders sight
v. render unable to see","n. 蒙蔽物, 窗帘
a. 盲目的, 瞎的, 不加思考的
vt. 使失明, 蒙蔽, 遮暗
adv. 盲目地",n:12/j:75/v:13,3,1,zk gk cet4 cet6 ky ielts,2926,2716,blind
blood,blood,blʌd,"n. the fluid (red in vertebrates) that is pumped through the body by the heart and contains plasma, blood cells, and platelets
n. temperament or disposition
n. people viewed as members of a group
v. smear with blood, as in a hunting initiation rite, where the face of a person is smeared with the blood of the kill","n. 血, 血统, 流血, 气质, 生命
vt. 使出血, 用血涂",v:1/n:99,4,1,zk gk cet4 ky ielts,980,692,blood
blow,blow,blәu,"n. a powerful stroke with the fist or a weapon
n. an impact (as from a collision)
n. forceful exhalation through the nose or mouth
v. exhale hard","n. 吹, 打击, 殴打, 花开
v. 吹, 风吹, 吹响, 开花",n:22/v:78,3,1,zk gk toefl,1822,1414,blow
board,board,bɒ:d,"n. a committee having supervisory powers
n. a stout length of sawn timber; made in a wide variety of sizes and used for many purposes
n. a flat piece of material designed for a special purpose
n. food or meals in general","n. 木板, 甲板, 膳食, 会议桌
vt. 乘船, 供膳食, 用板覆盖
vi. 搭伙
[计] 板",v:8/n:92,4,1,zk gk cet4 cet6 ky toefl ielts,611,667,board
boat,boat,bәut,"n. a small vessel for travel on water
v. ride in a boat on water","n. 船
vi. 乘船
vt. 以船运",v:2/n:98,4,1,zk gk ielts,1303,1231,boat
body,body,'bɒdi,"n. the entire structure of an organism (an animal, plant, or human being)
n. a group of persons associated by some common tie or occupation and regarded as an entity
n. a natural object consisting of a dead animal or person
n. an individual 3-dimensional object that has mass and that is distinguishable from other objects","n. 身体, 人, 尸体, 主要部分, 团体
vt. 赋以形体
[计] 体",v:1/n:99,5,1,zk,274,313,body
book,book,buk,"n. a written work or composition that has been published (printed on pages bound together)
n. physical objects consisting of a number of pages bound together
n. a collection of playing cards satisfying the rules of a card game
n. a collection of rules or prescribed standards on the basis of which decisions are made","n. 书, 书籍, 帐簿, 名册, 工作簿
v. 登记, 预订
[计] 工作簿",v:2/n:98,5,1,zk gk ielts,235,241,book
boring,boring,'bɒ:riŋ,"n. the act of drilling a hole in the earth in the hope of producing petroleum
s. so lacking in interest as to cause mental weariness","a. 烦人的, 无聊的, 无趣的
[机] 成孔期, 搪孔",j:100,2,1,zk gk toefl gre,4124,4915,boring
born,born,bɒ:n,"n. British nuclear physicist (born in Germany) honored for his contributions to quantum mechanics (1882-1970)
a. brought into existence","a. 天生的
bear的过去分词",j:4/v:96,4,0,zk gk cet4 ky,1206,1088,born
borrow,borrow,'bɒrәu,v. get temporarily,"vt. 借, 借入, 借用
vi. 借
[计] 借位; 借位数",v:100,3,1,zk gk,2639,3214,borrow
boss,boss,bɒs,"n. a person responsible for hiring workers
n. a person who exercises control and makes decisions
s. exceptionally good","n. 老板, 上司, 岩瘤, 浮雕, 母牛
vt. 指挥, 控制, 浮雕",v:3/n:97,4,1,zk gk cet4 ky,2227,2324,boss
both,both,bәuθ,s. (used with count nouns) two considered together; the two,"a. 两者的
adv. 两者都
pron. 两者",r:43/d:57,5,1,zk gk,229,255,both
bottle,bottle,'bɒtl,"n. a glass or plastic vessel used for storing drinks or other liquids; typically cylindrical without handles and with a narrow neck that can be plugged or capped
n. the quantity contained in a bottle
n. a vessel fitted with a flexible teat and filled with milk or formula; used as a substitute for breast feeding infants and very young children
v. store (liquids or gases) in bottles","n. 瓶子, 酒瓶
vt. 装瓶, 抑制, 围困",v:3/n:97,4,1,zk gk,1584,1740,bottle
bottom,bottom,'bɒtәm,"n. the lower side of anything
n. the lowest part of anything
n. the second half of an inning; while the home team is at bat
n. a cargo ship","n. 底部
a. 底部的
vt. 给...装底, 查明真相
vi. 到达底部, 建立基础",j:32/v:3/n:65,4,1,zk gk cet4 ky,1555,1511,bottom
bowl,bowl,bәul,"n. a round vessel that is open at the top; used chiefly for holding food or liquids; 
n. a concave shape with an open top
n. a dish that is round and open at the top for serving foods
n. the quantity contained in a bowl","n. 碗, 木球, 大酒杯
v. 滚木球, 快而稳地行驶",v:5/n:95,3,1,zk gk cet4 ky toefl,2707,1829,bowl
box,box,bɒks,"n. a (usually rectangular) container; may have a lid
n. private area in a theater or grandstand where a small group can watch the performance
n. the quantity contained in a box
n. a rectangular drawing","n. 盒子, 箱, 方框, 一巴掌
vt. 装...入盒中, 装箱, 打耳光
vi. 拳击
[计] 方框",v:4/n:96,4,1,zk gk,874,795,box
boy,boy,bɒi,"n. a friendly informal reference to a grown man
n. (ethnic slur) offensive and disparaging term for Black man","n. 男孩
[法] 男孩, 少年, 儿子",n:100,5,1,zk gk,462,382,boy
brain,brain,brein,"n. that part of the central nervous system that includes all the higher nervous centers; enclosed within the skull; continuous with the spinal cord
n. mental ability
n. the brain of certain animals used as meat
v. hit on the head","n. 脑
vt. 打碎脑部",v:1/n:99,4,1,zk gk cet4 ky toefl,1643,1189,brain
brave,brave,breiv,"n. a North American Indian warrior
n. people who are brave
a. possessing or displaying courage; able to face and deal with danger or fear without flinching
s. brightly colored and showy","a. 勇敢的, 美好的, 华丽的
n. 勇敢者
vt. 勇敢地面对",n:4/j:83/v:13,3,1,zk gk cet4 ky,3800,4854,brave
bread,bread,bred,"n. food made from dough of flour or meal and usually raised with yeast or baking powder and then baked
v. cover with bread crumbs","n. 面包, 生计, 食物
vt. 裹以面包屑",v:1/n:99,3,1,zk gk,2292,2113,bread
break,break,breik,"n. an unexpected piece of good luck
n. the occurrence of breaking
n. an abrupt change in the tone or register of the voice (as at puberty or due to emotion)
n. the opening shot that scatters the balls in billiards or pool","n. 休息, 中断, 破裂处, 绝交, 破晓, 突变
vt. 打破, 弄破, 弄坏, 破坏, 违反, 打断, 削弱, 放弃
vi. 破碎, 决裂, 破晓, 突变, 变弱, 暂停
n. 分隔符
[计] 分隔符; 中断; DOS内部命令:设定扫描中断按键的时机",n:34/v:66,5,1,zk gk ielts,519,494,break
breakfast,breakfast,'brekfәst,"n. the first meal of the day (usually in the morning)
v. eat an early morning meal
v. provide breakfast for",n. 早餐,v:4/n:96,3,1,zk gk ielts,2019,2382,breakfast
breath,breath,breθ,"n. the process of taking in and expelling air during breathing
n. the air that is inhaled and exhaled in respiration
n. a short respite
n. a slight movement of the air","n. 呼吸, 气息, 瞬间
[医] 呼气, 呵气, 口气, 呼吸",v:2/n:98,3,1,zk gk cet4 ky toefl,1768,1628,breath
breathe,breathe,bri:ð,"v. draw air into, and expel out of, the lungs
v. be alive
v. impart as if by breathing
v. allow the passage of air through","vi. 呼吸, 生存, 低语
vt. 呼吸, 使喘息, 发散, 低声说",v:100,3,1,zk gk cet4 ky toefl,2434,2264,breathe
bridge,bridge,bridʒ,"n. a structure that allows people or vehicles to cross an obstacle such as a river or canal or railway etc.
n. a circuit consisting of two branches (4 arms arranged in a diamond configuration) across which a meter is connected
n. something resembling a bridge in form or function
n. the hard ridge that forms the upper part of the nose","n. 桥, 舰桥, 桥梁, 桥牌
vt. 架桥于, 跨越
[计] 桥, 网桥, 桥接器",v:10/n:90,4,1,zk gk ielts,1434,1687,bridge
bright,bright,brait,"a. emitting or reflecting light readily or in large amounts
s. having striking color
s. characterized by quickness and ease in learning
s. having lots of light either natural or artificial","a. 明亮的, 聪明的, 鲜明的, 欢快的
adv. 明亮地, 欢快地",j:100,4,1,zk gk,1526,1308,bright
bring,bring,briŋ,"v. take something or somebody with oneself somewhere
v. cause to come into a particular state or condition
v. cause to happen or to occur as a consequence
v. go or come after and bring or take back","vt. 带来, 产生, 促使, 提出
vi. 生产",v:100,5,1,zk gk ielts,195,215,bring
brother,brother,'brʌðә,"n. a male with the same parents as someone else
n. a male person who is a fellow member (of a fraternity or religion or other group)
n. used as a term of address for those male persons engaged in the same movement
n. (Roman Catholic Church) a title given to a monk and used as form of address",n. 兄弟,n:100,5,1,zk gk,827,614,brother
brown,brown,braun,"n. an orange of low brightness and saturation
n. Scottish botanist who first observed the movement of small particles in fluids now known a Brownian motion (1773-1858)
n. abolitionist who was hanged after leading an unsuccessful raid at Harper's Ferry, Virginia (1800-1859)
v. fry in a pan until it changes color","n. 褐色
a. 褐色的
v. (使)变褐色",n:7/j:86/v:7,5,1,zk gk toefl,2018,1769,brown
brush,brush,brʌʃ,"n. a dense growth of bushes
n. an implement that has hairs or bristles firmly set into a handle
n. momentary contact
n. conducts current between rotating and stationary parts of a generator or motor","n. 刷子, 毛笔, 争吵
vt. 刷
vi. 擦过, 掠过
[计] 电刷",n:48/v:52,3,1,zk gk,3418,3223,brush
build,build,bild,"v. build or establish something abstract
v. improve the cleansing action of
v. order, supervise, or finance the construction of
v. give form to, according to a plan","v. 建立, 建筑
n. 构造, 体格",n:2/v:98,5,1,zk gk,415,408,build
building,building,'bildiŋ,"n. a structure that has a roof and walls and stands more or less permanently in one place
n. the occupants of a building","n. 建筑物, 建筑
[法] 营造, 建筑, 建筑物",n:100,5,1,zk gk ielts,420,501,building
burn,burn,bә:n,"n. pain that feels hot as if it were on fire
n. an injury caused by exposure to heat or chemicals or radiation
n. a place or area that has been burned (especially on a person's body)
n. damage inflicted by fire","vt. 烧, 烧毁, 烧伤
vi. 燃烧, 发热, 烧毁
n. 烧伤, 烙印",n:13/v:87,4,1,zk gk cet4 cet6 ky,1754,1422,burn
bus,bus,bʌs,"n. a vehicle carrying many passengers; used for public transport
n. a car that is old and unreliable
v. send or move around by bus
v. ride in a bus","n. 公共汽车
[计] 总线; 汇流条; 母线",v:2/n:98,3,1,zk gk ielts,1399,1453,bus
business,business,'biznis,"n. a commercial or industrial enterprise and the people who constitute it
n. a rightful concern or responsibility
n. an immediate objective
n. the volume of commercial activity","n. 生意, 事情, 业务, 商业, 商行, 职责
[经] 企业, 商业, 营业",n:100,5,1,zk gk cet4 cet6 ky ielts,215,246,business
busy,busy,'bizi,"v. keep busy with
a. actively or fully engaged or occupied
s. overcrowded or cluttered with detail
s. crowded with or characterized by much activity","a. 忙碌的, 热闹的, 没空的
vt. 使忙
vi. 忙碌
[计] 忙; 忙碌",j:93/v:7,3,1,zk gk,1753,1924,busy
but,but,bʌt,r and nothing more,"prep. 除了
conj. 但是
adv. 仅仅",i:2/c:98,5,1,zk gk,24,23,but
butter,butter,'bʌtә,"n. an edible emulsion of fat globules made by churning milk or cream; for cooking and table use
n. a fighter who strikes the opponent with his head
v. spread butter on","n. 奶油, 黄油
vt. 涂黄油于",v:3/n:97,3,1,zk gk cet4 ky toefl,3403,2402,butter
butterfly,butterfly,'bʌtәflai,"n. diurnal insect typically having a slender body with knobbed antennae and broad colorful wings
n. a swimming stroke in which the arms are thrown forward together out of the water while the feet kick up and down
v. flutter like a butterfly
v. cut and spread open, as in preparation for cooking","n. 蝴蝶
[医] 蝶式棉块, 翼形皮癣, 纸蝶",n:100,2,0,zk gk cet4 ky toefl ielts,5314,4923,butterfly
buy,buy,bai,"v. obtain by purchase; acquire by means of a financial transaction
v. be worth or be capable of buying
v. acquire by trade or sacrifice or exchange
v. accept as true","vt. 买, 获得
vi. 买
n. 购买, 买得的东西",n:2/v:98,5,1,zk gk,351,397,buy
by,by,bai,r. so as to pass a given point,"prep. 被, 经, 由, 在...之旁
adv. 经过, 在近处",i:97/r:3,5,1,zk gk,20,30,by
bye,bye,bai,n. you advance to the next round in a tournament without playing an opponent,"interj. 再会, 回头见
[计] 结束命令",u:46/n:54,3,1,zk gk,4072,18387,bye
cabbage,cabbage,'kæbidʒ,"n. any of various types of cabbage
n. any of various cultivars of the genus Brassica oleracea grown for their edible leaves or flowers","n. 卷心菜
[医] 卷心菜, 甘兰",n:100,2,0,zk gk cet4 ky,8667,6982,cabbage
cake,cake,keik,"n. a block of solid substance (such as soap or wax)
n. baked goods made from or based on a mixture of flour, sugar, eggs, and fat","n. 蛋糕, 块, 饼
vt. 使结块, 加块状物于
vi. 结块",v:4/n:96,3,1,zk gk cet4 ky,2309,2540,cake
call,call,kɒ:l,"n. a telephone connection
n. a special disposition (as if from a divine source) to pursue a particular course
n. a demand especially in the phrase ""the call of duty""
n. a brief social visit","n. 呼叫, 访问, 打电话, 号召, 召集, 要求
vt. 呼叫, 召集, 打电话
vi. 叫喊, 访问, 叫牌
[计] 调用; 呼叫; DOS内部命令:在批处理文件中调用另一个批处理文件",n:17/v:83,5,1,zk gk ielts,161,122,call
camel,camel,'kæml,n. cud-chewing mammal used as a draft or saddle animal in desert regions,"n. 骆驼, 打捞浮筒",n:100,1,0,zk gk cet4 cet6 ky toefl,7869,6953,camel
camera,camera,'kæmәrә,n. equipment for taking photographs (usually consisting of a lightproof box with a lens at one end and light-sensitive film at the other),"n. 照相机, 摄影机, 密谈室, 暗箱
[计] 摄影",n:100,4,1,zk gk cet4 cet6 ky ielts,2246,949,camera
camp,camp,kæmp,"n. temporary living quarters specially built by the army for soldiers
n. a group of people living together in a camp
n. temporary lodgings in the country for travelers or vacationers
n. a penal institution (often for forced labor)","n. 露营, 帐篷
vi. 露营, 扎营
vt. 使扎营",v:4/j:2/n:94,4,1,zk gk cet4 cet6 ky toefl ielts,2079,1188,camp
can,can,kæn,"n. airtight sealed metal container for food or drink or paint etc.
n. the quantity contained in a can
n. a buoy with a round bottom and conical top
v. preserve in a can or tin","vt. 装罐
n. 罐头, 容器
aux. 能, 可以
[计] 作废字符",n:2/v:98,2,1,zk gk toefl,35,37,can
Canada,canada,'kænәdә,n. a nation in northern North America; the French were the first Europeans to settle in mainland Canada,n. 加拿大,,0,0,zk gk,2754,0,canada
cancel,cancel,'kænsәl,"v. postpone indefinitely or annul something that was scheduled
v. make up for
v. declare null and void; make ineffective
v. make invalid for use","n. 取消, 撤消, 盖销(邮票)
vt. 取消, 删去, 抵销, 盖销
vi. 相互抵销
[计] 作废",v:100,3,1,zk gk cet4 cet6 ky toefl ielts,3183,3915,cancel
cancer,cancer,'kænsә,"n. any malignant growth or tumor caused by abnormal and uncontrolled cell division; it may spread to other parts of the body through the lymphatic system or the blood stream
n. (astrology) a person who is born while the sun is in Cancer
n. a small zodiacal constellation in the northern hemisphere; between Leo and Gemini
n. the fourth sign of the zodiac; the sun is in this sign from about June 21 to July 22","n. 癌, 恶性肿瘤
[医] 癌",n:100,4,1,zk cet4 cet6 ky,1943,1029,cancer
candle,candle,'kændl,"n. stick of wax with a wick in the middle
n. the basic unit of luminous intensity adopted under the Systeme International d'Unites; equal to 1/60 of the luminous intensity per square centimeter of a black body radiating at the temperature of 2,046 degrees Kelvin
v. examine eggs for freshness by holding them against a light","n. 蜡烛
vt. 对着光检查",n:100,2,0,zk gk cet4 cet6 ky ielts,4173,3928,candle
candy,candy,'kændi,n. a rich sweet made of flavored sugar and often combined with fruit or nuts,"n. 糖果, 冰糖
vt. 用糖煮, 使结晶为砂糖
vi. 结晶为砂糖",v:2/n:98,1,1,zk gk cet4 ky,10657,3446,candy
cap,cap,kæp,"n. a tight-fitting headdress
n. a top (as for a bottle)
n. something serving as a cover or protection
n. a fruiting structure resembling an umbrella or a cone that forms the top of a stalked fleshy fungus such as a mushroom","n. 盖子, 帽子
vt. 戴帽子, 覆盖, 胜过
vi. 脱帽致意
[计] 调用程序分析, 容量, 代码分析程序, 计算机辅助生产, 计算机辅助印刷",v:14/n:86,3,1,zk gk cet4 cet6 ky toefl,2955,2306,cap
capital,capital,'kæpitәl,"n. assets available for use in the production of further assets
n. wealth in the form of money or property owned by a person or business and human resources of economic value
n. a seat of government
n. one of the large alphabetic characters used as the first letter in writing or printing proper names and sometimes for emphasis; capitals were kept in the upper half of the type case and so became known as upper-case letters""","n. 首都, 大写字母, 资本
a. 首都的, 重要的",j:2/n:98,5,1,zk gk cet4 cet6 ky ielts,729,1061,capital
captain,captain,'kæptin,"n. an officer holding a rank below a major but above a lieutenant
n. the naval officer in command of a military ship
n. a policeman in charge of a precinct
n. the leader of a group of people","n. 船长, 指挥官, 海军上校, 首领
vt. 率领, 指挥",v:2/n:98,4,1,zk gk cet4 cet6 ky,1680,3347,captain
car,car,kɑ:,"n. a motor vehicle with four wheels; usually propelled by an internal combustion engine
n. a wheeled vehicle adapted to the rails of railroad
n. the compartment that is suspended from an airship and that carries personnel and the cargo and the power plant
n. where passengers ride up and down","n. 汽车, 客车
[机] 车",n:100,5,1,zk gk,247,289,car
card,card,kɑ:d,"n. one of a set of small pieces of stiff paper marked in various ways and used for playing games or for telling fortunes
n. a card certifying the identity of the bearer
n. a rectangular piece of stiff paper used to send messages (may have printed greetings or pictures)
n. thin cardboard, usually rectangular","n. 卡片, 纸牌, 节目单, 明信片, 梳棉机
vt. 备置卡片, 记于卡片上, 梳理
[计] 卡片, 卡",v:1/n:99,4,1,zk gk ielts,1035,892,card
care,care,kєә,"n. the work of providing treatment for or attending to someone or something
n. a cause for feeling concern
n. attention and management implying responsibility for safety
n. activity involved in maintaining something in good working order","n. 小心, 照料, 忧虑
vi. 关心, 介意
vt. 在意, 喜欢",v:33/n:67,5,1,zk gk ielts,505,434,care
careful,careful,'kєәful,"a. exercising caution or showing care or attention
s. cautiously attentive
s. unhurried and with care and dignity
s. full of cares or anxiety","a. 小心的, 谨慎的",j:100,4,1,zk gk toefl,1777,1952,careful
careless,careless,'kєәlis,"a. marked by lack of attention or consideration or forethought or thoroughness; not careful
s. effortless and unstudied
s. (usually followed by `of') without due thought or consideration","a. 粗心的, 不关心的, 无忧无虑的",j:100,1,1,zk gk cet4 toefl,7681,9928,careless
carry,carry,'kæri,"n. the act of carrying something
v. have with oneself; have on one's person
v. serve as a means for expressing something
v. bear or be able to bear the weight, pressure,or responsibility of","n. 进位, 射程, 运载
vt. 携带, 运送, 支持, 传送, 包含
vi. 被携带, 能达到
[计] 进位; 进位数",n:1/v:99,5,1,zk gk ielts,283,487,carry
cat,cat,kæt,"n. feline mammal usually having thick soft fur and no ability to roar: domestic cats; wildcats
n. a spiteful woman gossip
v. beat with a cat-o'-nine-tails","n. 猫, 恶妇
vi. 呕吐
计算机辅助教育, 计算机辅助测试, 计算机辅助翻译, 计算机辅助排版
[计] 计算机辅助教学, 计算机辅助翻译, 计算机辅助排字, 计算机辅助测试",n:100,3,1,zk gk,1712,1775,cat
catch,catch,kætʃ,"n. a drawback or difficulty that is not readily evident
n. the quantity that was caught
n. a person regarded as a good matrimonial prospect
n. anything that is caught (especially if it is worth catching)","n. 捕捉, 陷阱, 捕捉之物, 抓, 拉手
vt. 捕捉, 赶上, 感染, 听清楚
vi. 抓住, 燃着",n:9/v:91,4,1,zk gk ielts,681,586,catch
cause,cause,kɒ:z,"n. events that provide the generative force that is the origin of something
n. a justification for something existing or happening
v. give rise to; cause to happen or occur, not always intentionally","n. 原因, 目标
vt. 引起, 使产生, 使遭受",n:38/v:62,5,1,zk gk cet4 cet6 ky toefl ielts,476,601,cause
CD,cd,,"n a soft bluish-white ductile malleable toxic bivalent metallic element; occurs in association with zinc ores
n the basic unit of luminous intensity adopted under the Systeme International d'Unites; equal to 1/60 of the luminous intensity per square centimeter of a black body radiating at the temperature of 2,046 degrees Kelvin
n a debt instrument issued by a bank; usually pays interest
n a digitally encoded recording on an optical disk that is smaller than a phonograph record; played back by a laser
s being one hundred more than three hundred","n. 镭射碟, 镭射唱片
[计] 光盘, 压缩盘, 载波检测, DOS内部命令:显示或改变当前目录",,3,1,zk gk ielts,32141,0,cd
ceiling,ceiling,'si:liŋ,"n. the overhead upper surface of a covered space
n. (meteorology) altitude of the lowest layer of clouds
n. an upper limit on what is allowed
n. maximum altitude at which a plane can fly (under specified conditions)","n. 天花板
[经] 顶点, 顶线, 上限",n:100,2,1,zk gk cet4 cet6 ky toefl,2874,2641,ceiling
celebrate,celebrate,'selibreit,v. have a celebration,"v. 庆祝, 祝贺, 举行",v:100,3,1,zk gk cet4 cet6 ky toefl,2443,2019,celebrate
cent,cent,sent,n. a fractional monetary unit of several countries,"n. 分
[经] 美分",,2,1,zk gk cet4 cet6 ky,10111,0,cent
centre,centre,'sentә,n. a low-lying region in central France,"n. 中心, 中心点, 中锋
a. 中央的, 位在正中的
vt. 集中, 定中心
vi. 居中",,5,1,zk gk cet4 cet6 ky ielts,327,0,centre
century,century,'sentʃuri,n. a period of 100 years,"n. 世纪, 百年",n:100,5,1,zk gk cet4 cet6 ky ielts,407,605,century
certain,certain,'sә:tәn,"s. definite but not specified or identified
a. having or feeling no doubt or uncertainty; confident and assured
a. established beyond doubt or question; definitely known
a. certain to occur; destined or inevitable","a. 确定的, 某一个的, 必然的
[法] 确凿的, 无疑的, 可靠的",r:2/j:98,3,1,zk gk cet4 ky,440,577,certain
chair,chair,tʃєә,"n. a seat for one person, with a support for the back
n. a particular seat in an orchestra
v. act or preside as chair, as of an academic department in a university","n. 椅子, 显要的席位, 主席
vt. 使入座, 使就任要职",v:5/n:95,4,1,zk gk ielts,1029,946,chair
chairman,chairman,'tʃєәmәn,"n the officer who presides at the meetings of an organization
v act or preside as chair, as of an academic department in a university","n. 主席, 会长
[经] 主席",n:100,4,1,zk gk cet4 cet6 ky,864,1372,chairman
chalk,chalk,tʃɒ:k,"n. a soft whitish calcite
n. a pure flat white with little reflectance
n. a piece of calcite or a similar substance, usually in the shape of a crayon, that is used to write or draw on blackboards or other flat surfaces
v. write, draw, or trace with chalk","n. 粉笔, 白垩
vt. 用粉笔写, 记录",v:17/n:83,1,0,zk gk cet4 cet6 ky toefl,5988,9095,chalk
chance,chance,tʃæns. tʃɑ:ns,"n. a risk involving danger
v. be the case by chance","n. 机会, 意外, 可能性
vi. 偶然发生
vt. 冒险",v:1/n:99,5,1,zk gk cet4 ky toefl ielts,617,613,chance
change,change,tʃeindʒ,"n. an event that occurs when something passes from one state or phase to another
n. a relational difference between states; especially between states before and after some event
n. the action of changing something
n. the result of alteration or modification","n. 变化, 找回的零钱, 找头, 更换
vt. 改变, 更换, 兑换",n:48/v:52,5,1,zk gk,226,306,change
chant,chant,tʃænt. tʃɑ:nt,"n. a repetitive song in which as many syllables as necessary are assigned to a single tone
v. recite with musical intonation; recite as a chant or a psalm","n. 圣歌, 赞美诗
v. 吟唱, 诵扬",n:35/v:65,2,0,zk gk ielts gre,8567,6880,chant
cheap,cheap,tʃi:p,"a. relatively low in price or charging low prices
s. embarrassingly stingy","a. 便宜的, 不值钱的, 可鄙的
adv. 便宜地",r:1/j:99,4,1,zk gk,1389,1930,cheap
cheat,cheat,tʃi:t,"n. a deception for profit to yourself
v. deprive somebody of something by deceit
v. defeat someone through trickery or deceit
v. engage in deceitful behavior; practice trickery or fraud","n. 欺骗, 作弊, 骗子
v. 欺骗, 逃脱, 骗取",n:11/v:89,2,1,zk gk cet4 cet6 ky,5936,4369,cheat
check,check,tʃek,"n. a written order directing a bank to pay money
n. the bill in a restaurant
n. the act of inspecting or verifying
n. a mark left after a small piece has been chopped or broken off of something","n. 检查, 支票, 阻止物, 寄物牌, 象棋中将军
vt. 检查, 阻止, 核对, 寄存, 托运
vi. 逐项相符, 开支票
[计] 复选",n:30/v:70,4,1,zk gk toefl ielts gre,997,854,check
cheer,cheer,tʃiә,"n. a cry or shout of approval
v. give encouragement to
v. show approval or good wishes by shouting
v. cause (somebody) to feel happier or more cheerful","n. 愉快, 振奋, 欢呼
vi. 欢呼, 喝彩, 快活起来
vt. 使振奋, 欢呼",n:36/v:64,3,0,zk gk cet4 cet6 ky ielts,5070,4621,cheer
cheese,cheese,tʃi:z,"n. a solid food prepared from the pressed curd of milk
v. used in the imperative (get away, or stop it)
v. wind onto a cheese","n. 乳酪
[化] 干酪",n:100,3,1,zk gk cet4 ky ielts,2717,2104,cheese
chemistry,chemistry,'kemistri,"n. the science of matter; the branch of the natural sciences dealing with the composition of substances and their properties and reactions
n. the chemical composition and properties of a substance or object
n. the way two individuals relate to each other","n. 化学, 化学过程
[化] 化学",n:100,2,1,zk gk cet4 cet6 ky ielts,3555,4736,chemistry
chess,chess,tʃes,"n. weedy annual native to Europe but widely distributed as a weed especially in wheat
n. a board game for two players who move their 16 pieces according to specific rules; the object is to checkmate the opponent's king","n. 国际象棋
[建] 雀麦",n:100,2,0,zk gk cet4 cet6 ky,7065,6948,chess
chest,chest,tʃest,n. box with a lid; used for storage; usually large and sturdy,"n. 胸, 胸部, 衣柜, 箱子
[医] 胸, 胸廓",n:100,3,1,zk gk cet4 cet6 ky toefl ielts,2213,1717,chest
chicken,chicken,'tʃikin,"n. the flesh of a chicken used for food
n. a domestic fowl bred for flesh or eggs; believed to have been developed from the red jungle fowl
n. a foolhardy competition; a dangerous activity that is continued until one competitor becomes afraid and stops
s. easily frightened","n. 小鸡, 鸡肉",v:2/j:2/n:96,3,1,zk gk cet4 cet6 ky,3030,1538,chicken
child,child,tʃaild,"n. a young person of either sex
n. a human offspring (son or daughter) of any age
n. an immature childish person
n. a member of a clan or tribe","n. 孩子, 产物, 追随者
[医] 儿童",n:100,5,1,zk gk ielts,114,115,child
China,china,'tʃainә,"n. a communist nation that covers a vast territory in eastern Asia; the most populous country in the world
n. high quality porcelain originally made only in China","n. 中国, 瓷器
a. 中国的",n:100,2,0,zk gk,1973,7946,china
Chinese,chinese,tʃai'ni:z,"n. any of the Sino-Tibetan languages spoken in China; regarded as dialects of a single language (even though they are mutually unintelligible) because they share an ideographic writing system
n. a native or inhabitant of Communist China or of Nationalist China
a. of or pertaining to China or its peoples or cultures","n. 中文, 中国话, 中国人
a. 中国的, 中国话的",j:96/n:4,0,0,zk gk ielts,2214,1218,chinese
chocolate,chocolate,'tʃɒkәlit,"n. a food made from roasted ground cacao beans
n. a medium brown to dark-brown color","n. 巧克力
a. 巧克力制的",n:100,3,1,zk gk cet4 ky ielts,3142,2636,chocolate
choice,choice,tʃɒis,"n. the person or thing chosen or selected
n. the act of choosing or selecting
s. of superior grade
s. appealing to refined taste","n. 选择, 精选品, 选择权
a. 精选的, 挑三拣四的, 上等的
[计] DOS内部命令:在批处理文件中
该命令用于提示用户作出选择, 决定批处理文件的流程",j:1/n:99,4,1,zk gk cet4 cet6 ky toefl ielts gre,725,630,choice
choose,choose,tʃu:z,"v. pick out, select, or choose from a number of alternatives
v. select as an alternative over another
v. see fit or proper to act in a certain way; decide to act in a certain way","vt. 选择, 宁愿, 欲
vi. 作出选择, 愿意
[计] 选取",v:100,4,1,zk gk cet4 ky toefl,594,600,choose
chopsticks,chopsticks,'tʃɒpstiks,n one of a pair of slender sticks used as oriental tableware to eat food with,n. 筷子,n:100,0,0,zk gk,0,17509,chopsticks
Christmas,christmas,'krismәs,"n. period extending from Dec. 24 to Jan. 6
n. a Christian holiday celebrating the birth of Christ; a quarter day in England, Wales, and Ireland",n. 圣诞节,,4,0,zk gk cet4 ky,1142,1232,christmas
church,church,tʃә:tʃ,"n. one of the groups of Christians who have their own beliefs and forms of worship
n. a place for public (especially Christian) worship
n. the body of people who attend or belong to a particular local church
v. perform a special church rite or service for","n. 教堂, 礼拜, 教会
vt. 使人接受宗教仪式
a. 教堂的",n:100,4,1,zk gk cet4 ky ielts,393,648,church
cinema,cinema,'sinәmә,n. a theater where films are shown,"n. 电影院, 电影",n:100,3,1,zk gk ielts,3322,8165,cinema
circle,circle,'sә:kl,"n. ellipse in which the two axes are of equal length; a plane curve generated by one point moving at a constant distance from a fixed point
n. something approximating the shape of a circle
n. a curved section or tier of seats in a hall or theater or opera house; usually the first tier above the orchestra
n. any circular or rotating mechanism","n. 圆周, 社交圈, 循环, 范围
vt. 围着, 环绕
vi. 盘旋, 循环",v:18/n:82,4,1,zk gk cet4 cet6 ky toefl ielts,1832,1506,circle
city,city,'siti,"n. a large and densely populated urban area; may include several independent administrative districts
n. an incorporated administrative district established by state charter
n. people living in a large densely populated municipality","n. 城市, 市
[法] 都市, 城市, 市",n:100,4,1,zk gk ielts,331,290,city
clap,clap,klæp,"v. put quickly or forcibly
v. cause to strike the air in flight
v. clap one's hands together
v. strike the air in flight","n. 拍手, 拍手声, 霹雳声, 花柳病
v. 鼓掌, (使)啪地关上",n:10/v:90,1,1,zk gk cet4 cet6 ky toefl,8015,6723,clap
class,class,klɑ:s,"n. a collection of things sharing a common attribute
n. a body of students who are taught together
n. people having the same social, economic, or educational status
n. a league ranked by quality","n. 班级, 阶级, 种类, 课
vt. 分类
[计] 类别; 类; 种类; 类程",v:1/n:99,5,1,zk gk ielts,387,431,class
classmate,classmate,'klɑ:smeit,n an acquaintance that you go to school with,n. 同班同学,n:100,1,0,zk gk cet4 ky,18807,5247,classmate
classroom,classroom,'klɑ:sru:m,n. a room in a school where lessons take place,n. 教室,n:100,2,1,zk gk ielts,2842,1479,classroom
clean,clean,kli:n,"v. make clean by removing dirt, filth, or unwanted substances from
v. remove unwanted substances from, such as feathers or pits
v. be cleanable
v. deprive wholly of money in a gambling game, robbery, etc.","a. 干净的, 清白的, 简洁的
adv. 清洁地, 完全地
vt. 清理, 使干净, 出空
vi. 被搞干净
n. 打扫",n:1/j:56/v:43,4,1,zk gk toefl ielts,1780,1514,clean
clear,clear,kliә,"n. the state of being free of suspicion
v. make a way or path by removing objects
v. remove
v. be debited and credited to the proper bank accounts","a. 清楚的, 明确的, 澄清的
adv. 清晰地
vt. 澄清, 清除障碍
vi. 放晴, 变清澈
n. 空隙
[计] 清除",r:5/j:75/v:20,5,1,zk gk ielts,390,563,clear
clever,clever,'klevә,s. showing inventiveness and skill,"a. 聪明的, 精明的",j:100,3,1,zk gk cet4 ky ielts,3025,4978,clever
climb,climb,klaim,"n. an event that involves rising to a higher point (as in altitude or temperature or intensity etc.)
n. the act of climbing something
v. go upward with gradual or continuous progress
v. move with difficulty, by grasping","v. 攀登, 上升, 爬
n. 攀登, 爬升",n:9/v:91,3,1,zk gk cet4 cet6 ky,1646,1566,climb
clock,clock,klɒk,"n. a timepiece that shows the time of day
v. measure the time or duration of an event or action or the person who performs an action in a certain period of time","n. 时钟, 计时器, (袜子上的)绣花边花
vt. 绣花样, 记时, 记录
vi. 记录时间
[计] 时钟",v:6/n:94,3,1,zk gk cet4 ky ielts,2543,2635,clock
clone,clone,klәun,"n. a group of genetically identical cells or organisms derived from a single cell or individual by some kind of asexual reproduction
v. make multiple identical copies of","n. 无性系
[计] 代用件",v:37/n:63,1,0,zk gk ky,7440,9023,clone
close,close,klәuz,"v. move so that an opening or passage is obstructed; make shut
v. become closed
v. finish or terminate (meetings, speeches, etc.)
v. complete a business deal, negotiation, or an agreement","n. 结束, 完结
a. 靠近的, 亲近的, 亲密的, 严密的, 关闭的, 狭窄的, 秘密的
vt. 关, 结束, 使靠近, 封闭, 使接近
vi. 关闭, 结束, 靠近
adv. 接近地, 紧密地
[计] 关闭",n:3/r:28/j:29/v:40,3,1,zk gk toefl,647,649,close
clothes,clothes,klәuðz,"n clothing in general
v provide with clothes or put clothes on
v furnish with power or authority; of kings or emperors
v cover as if with clothing",n. 衣服,n:100,4,1,zk gk ielts,1315,1434,clothes
cloud,cloud,klaud,"n. any collection of particles (e.g., smoke or dust) or gases that is visible
n. a visible mass of water or ice particles suspended at a considerable altitude
n. out of touch with reality
n. a cause of worry or gloom or trouble","n. 云, 阴暗, 烟雾, 疑团
vt. 以云遮敝, 笼罩, 使黯然
vi. 乌云密布, 阴沉",v:7/n:93,3,1,zk gk,2333,1914,cloud
cloudy,cloudy,'klaudi,"s. lacking definite form or limits
a. full of or covered with clouds
s. (of liquids) clouded as with sediment","a. 多云的, 有愁容的, 云的, 浑浊的
[建] (混)浊的",j:100,1,0,zk gk,11760,10229,cloudy
club,club,klʌb,"n. a formal association of people with similar interests
n. stout stick that is larger at one end
n. a playing card in the minor suit that has one or more black trefoils on it
v. unite with a common purpose","n. 俱乐部, 木棍, 球棒
vt. 用棍棒打, 缴纳
vi. 联合起来
a. 俱乐部的",v:2/n:98,5,1,zk gk cet4 ky ielts,493,1257,club
coach,coach,kәutʃ,"n. (sports) someone in charge of training an athlete or a team
n. a person who gives private instruction (as in singing, acting, etc.)
n. a carriage pulled by four horses with one driver
v. teach and supervise (someone); act as a trainer or coach (to), as in sports","n. 四轮大马车, 教练
vt. 训练, 指导
vi. 坐马车旅行, 作指导",v:29/n:71,4,1,zk gk cet4 cet6 ky toefl ielts,2347,1033,coach
coal,coal,kәul,"n. fossil fuel consisting of carbonized vegetable matter deposited in the Carboniferous period
v. supply with coal
v. take in coal","n. 煤, 木炭
v. 加煤",n:100,3,1,zk gk cet4 cet6 ky,1761,3336,coal
coast,coast,kәust,"n. a slope down which sleds may coast
n. the area within view
v. move effortlessly; by force of gravity","n. 海岸, 滑坡
v. 沿海岸而行",v:4/n:96,4,1,zk gk cet4 cet6 ky,1854,2436,coast
coat,coat,kәut,"n. an outer garment that has sleeves and covers the body from shoulder down; worn outdoors
n. growth of hair or wool or fur covering the body of an animal
v. put a coat on; cover the surface of; furnish with a surface
v. cover or provide with a coat","n. 外套
vt. 外面覆盖, 给...穿外套",v:19/n:81,3,1,zk gk cet4 ky toefl,2138,2247,coat
coffee,coffee,'kɒfi,"n. a beverage consisting of an infusion of ground coffee beans
n. any of several small trees and shrubs native to the tropical Old World yielding coffee beans","n. 咖啡, 咖啡色
[医] 咖啡, 咖啡豆",n:100,3,1,zk gk ielts,1403,1388,coffee
coin,coin,kɒin,"n. a flat metal piece (usually a disc) used as money
v. make up","n. 硬币, 金钱, 货币
vt. 铸币, 创造, 杜撰",v:20/n:80,1,1,zk gk cet4 cet6 ky toefl ielts,2964,4376,coin
coke,coke,kәuk,"n. carbon fuel produced by distillation of coal
n. street names for cocaine
v. become coke","n. 可口可乐, 焦炭
v. (使)成焦炭",n:100,1,0,zk gk,7803,12273,coke
cold,cold,kәuld,"n. a mild viral infection involving the nose and respiratory passages (but not the lungs)
n. the sensation produced by low temperatures
a. having a low or inadequate temperature or feeling a sensation of coldness or having been made cold by e.g. ice or refrigeration
a. extended meanings; especially of psychological coldness; without human warmth or emotion","n. 感冒, 寒冷
a. 寒冷的, 冷淡的, 冷静的
adv. 完全地",r:1/j:83/n:16,4,1,zk gk cet4 ky,972,885,cold
collect,collect,kә'lekt,"n. a short prayer generally preceding the lesson in the Church of Rome or the Church of England
v. call for and obtain payment of
v. get or bring together
v. gather or collect","v. 收集, 聚集, 集中, 搜集
a. 由收到者付款的
adv. 由收到者付款地",n:1/v:99,4,1,zk gk cet4 cet6 ky,1222,1318,collect
college,college,'kɒlidʒ,"n. the body of faculty and students of a college
n. an institution of higher education created to educate and grant degrees; often a part of a university
n. a complex of buildings in which an institution of higher education is housed","n. 学院, 大学, 学会",n:100,4,1,zk gk ielts,802,415,college
colour,colour,'kʌlә,"n any material used for its color
n a race with skin pigmentation different from the white race (especially Blacks)
n (physics) the characteristic of quarks that determines their role in the strong interaction
n interest and variety and intensity
n the timbre of a musical sound
n a visual attribute of things that results from the light they emit or transmit or reflect
n an outward or token appearance or form that is deliberately misleading
n the appearance of objects (or light sources) described in terms of a person's perception of their hue and lightness (or brightness) and saturation
v modify or bias
v decorate with colors
v give a deceptive explanation or excuse for
v affect as in thought or feeling
v add color to
v change color, often in an undesired manner
a having or capable of producing colors","n. 颜色, 面色, 颜料, 外貌
vt. 把...涂上颜色, 粉饰, 使脸红, 歪曲
vi. 变色",,5,1,zk gk,642,0,colour
come,come,kʌm,"v. move toward, travel toward something or somebody or approach something or somebody
v. come to pass; arrive, as in due course
v. reach or enter a state, relation, condition, use, or position
v. to be the product or result","vi. 过来, 来, 到达, 出现, 开始
interj. 喂",v:100,5,1,zk gk ielts,65,70,come
comfortable,comfortable,'kʌmfәtәbl,"a. providing or experiencing physical well-being or relief (`comfy' is informal)
a. free from stress or conducive to mental ease; having or affording peace of mind
s. more than adequate
s. sufficient to provide comfort","a. 舒服的, 轻松的
n. 盖被",j:100,3,1,zk gk cet4 cet6 ky ielts,2195,1701,comfortable
common,common,'kɒmәn,"a. belonging to or participated in by a community as a whole; public
a. having no special distinction or quality; widely known or commonly encountered; average or ordinary or usual
s. common to or shared by two or more parties
s. commonly encountered","a. 通常的, 共同的, 通俗的, 公共的
[计] 公用块",r:6/j:94,1,1,zk gk cet4 cet6 ky ielts,554,710,common
communicate,communicate,kә'mju:nikeit,"v. transmit information
v. transmit thoughts or feelings
v. join or connect
v. be in verbal contact; interchange information or ideas","vt. 显露, 传达, 感染
vi. 通讯",v:100,3,1,zk gk cet4 cet6 ky toefl gre,3006,2672,communicate
communication,communication,kә.mju:ni'keiʃәn,"n. the activity of communicating; the activity of conveying information
n. something that is communicated by or to or between people or groups
n. a connection allowing access between persons or places","n. 交流, 交通, 通讯
[计] 通信",n:100,3,1,zk gk cet4 cet6 ky toefl ielts,1039,1250,communication
company,company,'kʌmpәni,"n. an institution created to conduct business
n. small military unit; usually two or three platoons
n. the state of being with someone
n. organization of performers and associated personnel (especially theatrical)","n. 公司, 友伴, 交往, 连队, 朋友, 一群
vt. 陪伴
vi. 交往",n:100,5,1,zk gk toefl ielts,151,189,company
compare,compare,kәm'pєә,"v. examine and note the similarities or differences of
v. be comparable
v. consider or describe as similar, equal, or analogous
v. to form the comparative or superlative form on an adjective or adverb","vt. 比较, 比喻, 对照
vi. 相比
n. 比较
[计] 比较",v:100,3,1,zk gk cet4 cet6 ky toefl ielts,773,831,compare
competition,competition,.kɒmpi'tiʃәn,"n. a business relation in which two parties compete to gain customers
n. the act of competing as for profit or a prize","n. 竞争, 竞赛
[经] 竞争, 竞销, 比赛",n:100,4,1,zk gk cet4 cet6 ky toefl ielts,992,1345,competition
complete,complete,kәm'pli:t,"v. come or bring to a finish or an end; others finished in over 4 hours""
v. bring to a whole, with all the necessary parts or elements
v. complete a pass
v. write all the required information onto a form","a. 完全的, 十足的, 完成的
vt. 完成, 完工, 使圆满",j:44/v:56,5,1,zk gk cet4 cet6 ky toefl ielts,998,1207,complete
composition,composition,kɒmpә'ziʃәn,"n. the spatial property resulting from the arrangement of parts in relation to each other and to the whole
n. a mixture of ingredients
n. an essay (especially one written as an assignment)
n. something that is created by arranging several things to form a unified whole","n. 作文, 创作, 组成
[化] 成分; 组成",n:100,1,0,zk gk cet4 cet6 ky toefl ielts,2911,3000,composition
computer,computer,kәm'pju:tә,n. a machine for performing calculations automatically,"n. 电脑, 电子计算机
[计] 计算机",n:100,4,1,zk gk ielts,580,589,computer
concert,concert,'kɒnsәt,"n. a performance of music by players or singers not involving theatrical staging
v. contrive (a plan) by mutual agreement
v. settle by agreement","n. 音乐会, 和声, 一致
vt. 协力, 协调
vi. 协力
[计] 美国北卡罗来纳州Internet网",n:100,3,1,zk gk cet4 cet6 ky toefl ielts,2941,2515,concert
condition,condition,kәn'diʃәn,"n. a state at a particular time
n. an assumption on which rests the validity or effect of something else
n. a mode of being or form of existence of a person or thing
n. the state of (good) health (especially in the phrases `in condition' or `in shape' or `out of condition' or `out of shape')","n. 情况, 条件
vt. 使健康, 以...为条件, 决定, 使适应
[计] 条件",v:2/n:98,5,1,zk gk cet4 cet6 ky toefl ielts,399,629,condition
conference,conference,'kɒnfәrәns,"n. a prearranged meeting for consultation or exchange of information or discussion (especially one with a formal agenda)
n. a discussion among participants who have an agreed (serious) topic","n. 会议
[经] 会议, 讨论会, 协商会",n:100,5,1,zk gk cet4 cet6 ky toefl ielts gre,890,965,conference
connect,connect,kә'nekt,"v. connect, fasten, or put together two or more pieces
v. be or become joined or united or linked
v. join by means of communication equipment
v. land on or hit solidly","v. 连接, 联合, 联系",v:100,2,1,zk gk cet4 cet6 ky toefl,2042,1636,connect
consider,consider,kәn'sidŋ,"v. take into consideration for exemplifying purposes
v. show consideration for; take into account
v. think about carefully; weigh
v. regard or treat with consideration, respect, and esteem","v. 考虑, 思考, 认为",v:100,5,1,zk gk cet4 cet6 ky toefl,312,394,consider
continue,continue,kәn'tinju:,"v. continue a certain state, condition, or activity
v. continue talking
v. keep or maintain in unaltered condition; cause to remain or last
v. do something repeatedly and showing no intention to stop","vi. 继续, 延续, 延长
vt. 使继续, 使延长",v:100,5,1,zk gk cet4 cet6 ky,323,293,continue
control,control,kәn'trәul,"n. power to direct or determine
n. a relation of constraint of one entity (thing or person or group) by another
n. (physiology) regulation or maintenance of a function or action or reflex etc
n. the activity of managing or exerting control over something","n. 控制, 管理, 克制, 控制器, 操纵装置
vt. 控制, 操纵, 抑制
[计] 控制; 控制器",v:32/n:68,5,1,zk gk cet4 ky ielts gre,339,432,control
conversation,conversation,.kɒnvә'seiʃәn,n. the use of speech for informal exchange of views or ideas or information etc.,"n. 会话, 说话, 交谈
[法] 交谈, 社交, 性交",n:100,3,1,zk gk toefl ielts,1465,1164,conversation
cook,cook,kuk,"n. someone who cooks food
n. English navigator who claimed the east coast of Australia for Britain and discovered several Pacific islands (1728-1779)
v. prepare a hot meal
v. prepare for eating by applying heat","n. 厨子, 厨师
vt. 烹调, 煮饭, 加热
vi. 在煮着",n:20/v:80,4,1,zk gk,2338,1419,cook
cooker,cooker,'kukә,n. a utensil for cooking,"n. 炊事用具, 炉灶, 锅, 炊具, 烹饪用水果, 窜改者, 伪造者
[化] 蒸锅",n:100,1,1,zk gk,7276,13730,cooker
cool,cool,ku:l,"n. the quality of being at a refreshingly low temperature
v. make cool or cooler
v. loose heat
v. lose intensity","n. 凉爽, 凉爽的空气
a. 凉爽的, 冷淡的, 冷静的
vi. 冷却, 平息
vt. 使冷却, 使平静",n:3/r:3/j:70/v:24,4,1,zk gk,2478,1451,cool
copy,copy,'kɒpi,"n. a thing made to be similar or identical to another thing
n. matter to be printed; exclusive of graphical materials
n. material suitable for a journalistic account
v. copy down as is","n. 副本, 摹仿, 一册
v. 复印, 抄袭, 复制
[计] 副本; 复制; DOS内部命令:复制文件
将几个文件合并成一个文件, 以及将文件传至外设或在设备之间传送",v:22/n:78,4,1,zk gk toefl ielts,1175,1927,copy
corner,corner,'kɒ:nә,"n. a place off to the side of an area
n. the point where two lines meet or intersect
n. an interior angle formed by two meeting walls
n. the intersection of two streets","n. 角落, 转角, 窘境
vt. 迫至一隅, 垄断, 使陷入绝境
vi. 相交成角, 垄断
[计] 边角",v:3/n:97,4,1,zk gk,1104,1127,corner
correct,correct,kә'rekt,"v. make right or correct
v. treat a defect
a. free from error; especially conforming to fact or truth
s. socially right or correct","a. 正确的, 合适的
vt. 改正, 订正",j:69/v:31,4,1,zk gk cet4 ky toefl,1580,1794,correct
cost,cost,kɒst,"n. the total spent for goods or services including money and time and labor
v. be priced at
v. require to lose, suffer, or sacrifice","n. 代价, 价值, 费用
vi. 花费
vt. 使失去, 值, 使花费",v:33/n:67,5,1,zk gk ielts,342,550,cost
cotton,cotton,'kɒtn,"n. soft silky fibers from cotton plants in their raw state
n. fabric woven from cotton fibers
n. erect bushy mallow plant or small tree bearing bolls containing seeds with many long hairy fibers
n. thread made of cotton fibers","n. 棉花
vi. 和谐, 有好感, 理解",v:1/n:99,3,1,zk gk cet4 ky toefl ielts,3222,3136,cotton
cough,cough,kɒf,"n. a sudden noisy expulsion of air from the lungs that clears the air passages; a common symptom of upper respiratory infection or bronchitis or pneumonia or tuberculosis
v. exhale abruptly, as when one has a chest cold or congestion","n. 咳嗽
vi. 咳嗽
vt. 咳出",n:37/v:63,3,1,zk gk cet4 ky ielts,5757,6157,cough
could,could,kud,"imp. of Can
imp. Was, should be, or would be, able, capable, or
   susceptible. Used as an auxiliary, in the past tense or in the
   conditional present.","aux. 可以, 能",v:100,5,1,zk,55,71,could
count,count,kaunt,"n. the total number counted
n. the act of counting; reciting numbers in ascending order
n. a nobleman (in various countries) having rank equal to a British earl
v. determine the number or amount of","vt. 计算, 视为
vi. 计数
n. 计算, 合计, 计数, 伯爵
[计] 计数",n:32/v:68,1,1,zk gk cet4 cet6 ky,1830,1331,count
country,country,'kʌntri,"n. the territory occupied by a nation
n. an area outside of cities and towns","n. 国家, 乡村, 地区, 故乡
a. 乡下的, 农村的
[计] DOS外部命令:用于设定国家代码, 包括日期时间及货币格式",n:100,5,1,zk gk ielts,175,166,country
countryside,countryside,'kʌntrisaid,n. rural regions,"n. 乡下地方, 乡下居民",n:100,3,1,zk gk ielts,2249,5320,countryside
couple,couple,'kʌpl,"n. a pair who associate with one another
n. a pair of people who live together
n. a small indefinite number
n. two items of the same kind","n. 对, 夫妇, 数个
vt. 使成双, 连接, 使成婚, 把...联系起来
vi. 结合, 成婚",v:6/n:94,4,1,zk gk cet4 ky toefl,727,531,couple
courage,courage,'kʌridʒ,n. a quality of spirit that enables you to face danger or pain without showing fear,"n. 勇气, 胆量",n:100,3,1,zk gk cet4 cet6 ky,3640,3324,courage
course,course,kɒ:s,"n. education imparted in a series of lessons or meetings
n. a connected series of events or actions or developments
n. general line of orientation
n. a mode of action","n. 课程, 路线, 过程, 一道菜, 道路
v. 追, (使)跑",r:59/v:2/n:39,5,1,zk gk cet4 cet6 ky ielts,347,418,course
cousin,cousin,'kʌzәn,n. the child of your aunt or uncle,"n. 堂兄弟姊妹, 表兄弟姊妹
[法] 同辈表亲或堂亲",n:100,4,1,zk gk cet4 cet6 ky,3010,2714,cousin
cover,cover,'kʌvә,"n. the act of concealing the existence of something by obstructing the view of it
n. fire that makes it difficult for the enemy to fire on your own individuals or formations
n. a recording of a song that was first recorded or made popular by somebody else
n. a false identity and background (especially one created for an undercover agent)","n. 盖子, 封面, 藉口
vt. 覆盖, 掩饰, 保护, 掩护, 包括
vi. 覆盖",n:25/v:75,5,1,zk gk toefl ielts,525,560,cover
cow,cow,kau,"n. female of domestic cattle: ""`moo-cow' is a child's term""
n. mature female of mammals of which the male is called `bull'
n. a large unpleasant woman","n. 母牛, 母兽
vt. 威胁",v:3/n:97,3,1,zk gk cet4 cet6 ky gre,2944,3078,cow
crayon,crayon,'kreiәn,"n. writing implement consisting of a colored stick of composition wax used for writing and drawing
v. write, draw, or trace with a crayon","n. 蜡笔, 蜡笔画
vt. 以蜡笔作画",n:100,1,0,zk gk toefl gre,15597,12296,crayon
crazy,crazy,'kreizi,"n. someone deranged and possibly dangerous
s. foolish; totally unsound
s. possessed by inordinate excitement
s. bizarre or fantastic","a. 发狂的, 狂热的",j:98/n:2,3,1,zk gk cet4 cet6 ky toefl,3837,1803,crazy
create,create,kri:'eit,"v. bring into existence
v. pursue a creative activity; be engaged in a creative activity
v. invest with a new title, office, or rank
v. create by artistic means","vt. 创造, 建造, 引起, 任命",v:100,5,1,zk gk cet4 cet6 ky ielts,449,332,create
cross,cross,krɒs,"n. a wooden structure consisting of an upright post with a transverse piece
n. a representation of the structure on which Jesus was crucified; used as an emblem of Christianity or in heraldry
n. any affliction that causes great suffering
v. fold so as to resemble a cross","n. 十字架, 十字架形物件, 交叉, 十字标, 交叉路, 磨难, 杂交
a. 生气的, 交叉的, 相反的
v. 交叉, 横过, 越过
[计] 交叉, 十字标",n:22/j:2/v:76,2,1,zk gk cet4 cet6 ky toefl gre,1352,1391,cross
cruel,cruel,'kru:әl,s (of persons or their actions) able or disposed to inflict pain or suffering,"a. 残酷的, 令人极痛苦的
[法] 残忍的, 残酷的",j:100,2,1,zk gk cet4 cet6 ky toefl,4471,4762,cruel
cry,cry,krai,"n. a loud utterance; often in protest or opposition
n. a loud utterance of emotion (especially when inarticulate)
n. a fit of weeping
n. the characteristic utterance of an animal","n. 叫声, 哭声, 大叫
vi. 哭, 叫, 喊
vt. 叫喊, 大声说, 哭出",n:23/v:77,4,1,zk gk,1518,1351,cry
culture,culture,'kʌltʃә,"n. a particular society at a particular time and place
n. the tastes in art and manners that are favored by a social group
n. (biology) the growing of microorganisms in a nutrient medium (such as gelatin or agar)
n. the attitudes and behavior that are characteristic of a particular social group or organization","n. 文化, 修养, 耕种
vt. 耕种, 培养",n:100,4,1,zk gk cet4 cet6 ky toefl ielts,983,611,culture
cup,cup,kʌp,"n. a small open container usually used for drinking; usually has a handle
n. the quantity a cup will hold
n. any cup-shaped concavity
n. a United States liquid unit equal to 8 fluid ounces","n. 杯子, 茶杯, 优胜杯
vt. 使成杯状, 为...拔火罐",n:100,5,1,zk gk ielts,749,780,cup
cut,cut,kʌt,"n. a share of the profits
n. (film) an immediate transition from one shot to the next
n. a trench resembling a furrow that was made by erosion or excavation
n. a step on some scale","n. 切口, 割伤, 降低, 切, 割, 砍, 削, 伤口, 削减, 缩短, 删节, 通路
a. 经切割的, 缩减的
vt. 切, 割, 减少, 刺痛, 开辟, 雕刻, 删节, 缩短, 停止, 排斥, 切断, 关, 显出
vi. 切, 割, 砍, 刺痛, 相交, 抄近路, 剪辑
[计] 剪切",n:20/j:2/v:78,5,1,zk gk ielts,541,414,cut
dad,dad,dæd,n. an informal term for a father; probably derived from baby talk,"n. 爸爸, 爹爹",n:100,3,1,zk,1311,1814,dad
daily,daily,'deili,"n. a newspaper that is published every day
s. of or belonging to or occurring every day
r. every day; without missing a day","a. 每日的, 日常的
adv. 每日地, 日常地
n. 日报",r:24/j:73/n:3,4,1,zk gk cet4 ky ielts,1702,1483,daily
dance,dance,dæns. dɑ:ns,"n. an artistic form of nonverbal communication
n. a party of people assembled for dancing
n. a party for social dancing
v. move in a graceful and rhythmical way","n. 跳舞, 舞蹈, 舞会
v. 跳舞",v:46/n:54,4,1,zk gk,2345,1671,dance
danger,danger,'deindʒә,"n. the condition of being susceptible to harm or injury
n. a cause of pain or injury or loss
n. a dangerous place","n. 危险, 威胁
[法] 危险, 危险物, 危机",n:100,4,1,zk gk cet4 ky ielts,1264,1546,danger
dangerous,dangerous,'deindʒәrәs,"a. involving or causing danger or risk; liable to hurt or harm
s. causing fear or anxiety by threatening great harm","a. 危险的
[法] 危险的, 危害的",j:100,4,1,zk gk cet4 ky toefl ielts,1609,1457,dangerous
dare,dare,dєә,"n. a challenge to do something dangerous or foolhardy
v. to be courageous enough to try or do something","n. 挑战, 挑动, 大胆
v. 敢, 胆敢",n:3/v:97,3,1,zk gk cet4 cet6 ky,3210,3348,dare
dark,dark,dɑ:k,"n. absence of light or illumination
n. an unenlightened state
a. devoid of or deficient in light or brightness; shadowed or black
a. (used of color) having a dark hue","n. 黑暗, 夜, 黄昏, 模糊
a. 黑暗的, 暗的, 深色的, 隐密的, 模糊的, 无知的",j:73/n:27,4,1,zk gk ielts,966,857,dark
date,date,deit,"n. the specified day of the month
n. a participant in a date
n. a meeting arranged in advance
n. a particular but unspecified point in time","n. 日期, 约会, 枣椰树
vt. 约会, 定日期
vi. 注明日期, 过时",v:30/n:70,4,1,zk gk toefl ielts,571,1201,date
daughter,daughter,'dɒ:tә,n. a female human offspring,"n. 女儿
a. 女儿的",n:100,5,1,zk gk,871,634,daughter
day,day,dei,"n. time for Earth to make a complete rotation on its axis
n. some point or period in time
n. a day assigned to a particular purpose or observance
n. the time after sunrise and before sunset while it is light outside","n. 天, 日子, 白天, 工作日
[医] 日(一昼夜), 昼, 白天",n:100,5,1,zk gk ielts,95,90,day
dead,dead,ded,"n. people who are no longer living
n. a time when coldness (or some other quality associated with death) is intense
a. no longer having or seeming to have or expecting to have life
a. not showing characteristics of life especially the capacity to sustain life; no longer exerting force or having energy or heat","a. 死的, 不活泼的, 麻木的, 熄灭的
n. 死者
adv. 完全地, 直接地",r:8/j:92,4,1,zk gk toefl,877,726,dead
deaf,deaf,def,"n. people who have severe hearing impairments
a. lacking or deprived of the sense of hearing wholly or in part
s. (usually followed by `to') unwilling or refusing to pay heed","a. 聋的
[医] 聋的",j:100,2,1,zk gk cet4 ky ielts,2897,6755,deaf
deal,deal,di:l,"n. a particular instance of buying or selling
n. a plank of softwood (fir or pine board)
n. the type of treatment received (especially as the result of an agreement)
n. the act of distributing playing cards","n. 交易, 协定, 数量, 买卖, 松木板
vi. 处理, 应付, 做生意
vt. 分配, 发牌, 给予
[计] 发牌",n:47/v:53,3,1,zk gk cet4 cet6 ky toefl,595,674,deal
dear,dear,'diә,"s. with or in a close or intimate relationship
s. earnest","n. 亲爱的人
a. 亲爱的, 昂贵的, 严重的, 急迫的
interj. 啊
adv. 深爱地, 高价地",r:3/j:59/u:24/n:14,3,1,zk gk,2167,3337,dear
death,death,deθ,"n. the event of dying or departure from life
n. the permanent end of all life functions in an organism or part of an organism
n. the absence of life or state of being dead
n. the time when something ends","n. 死亡
[医] 死亡",n:100,4,1,zk gk cet4 ky,414,417,death
December,december,di'sembә,n. the last (12th) month of the year,n. 十二月,,4,1,zk gk ielts,1060,0,december
decide,decide,di'said,"v. reach, make, or come to a decision about something
v. bring to an end; settle conclusively
v. cause to decide
v. influence or determine","v. 决定, 判决",v:100,5,1,zk gk toefl,375,456,decide
decision,decision,di'siʒәn,"n. the act of making up your mind about something
n. a position or opinion or judgment reached after consideration
n. (boxing) a victory won on points when no knockout has occurred
n. the outcome of a game or contest","n. 决定, 决心, 决断
[计] 判定",n:100,5,1,zk gk cet4 cet6 ky ielts,381,479,decision
deep,deep,di:p,"n. the central and most intense or profound part
n. literary term for an ocean
a. relatively deep or strong; affecting one deeply
s. marked by depth of thinking","a. 深的
adv. 深入地
n. 深渊, 深处",r:34/j:64/n:2,4,1,zk gk,1024,975,deep
degree,degree,di'gri:,"n. a position on a scale of intensity or amount or quality
n. a specific identifiable position in a continuum or series or especially in a process
n. a measure for arcs and angles
n. the highest power of a term or variable","n. 程度, 度数, 学位, 度
[医] 度, 程度",n:100,4,1,zk gk cet4 cet6 ky ielts,763,789,degree
delicious,delicious,di'liʃәs,n. variety of sweet eating apples,a. 美味的,j:100,2,0,zk gk cet4 ky toefl ielts,5437,4985,delicious
dentist,dentist,'dentist,n. a person qualified to practice dentistry,"n. 牙科医生
[医] 牙医师",n:100,2,1,zk gk cet6 ky toefl ielts,6054,6301,dentist
depend,depend,di'pend,v. be contingent upon (something that is elided),"vi. 靠, 视...而定, 信赖",v:100,4,1,zk gk cet4 cet6 ky,987,1475,depend
describe,describe,di'skraib,v. give a description of,"vt. 描述, 描绘, 画",v:100,5,1,zk gk cet4 cet6 ky,398,568,describe
desk,desk,desk,n. a piece of furniture with a writing surface and usually drawers or other compartments,"n. 书桌, 办公桌, 工作台",n:100,4,1,zk gk ielts,1862,1659,desk
develop,develop,di'velәp,"v. make something new, such as a product or a mental or artistic creation
v. gain through experience
v. be gradually disclosed or unfolded; become manifest; 
v. grow, progress, unfold, or evolve through a process of evolution, natural growth, differentiation, or a conducive environment","vt. 发展, 使发达, 进步, 洗印, 显影
vi. 发展, 生长",v:100,5,1,zk gk toefl,400,484,develop
development,development,di'velәpmәnt,"n. act of improving by expanding or enlarging or refining
n. a process in which something passes by degrees to a different stage (especially a more advanced or mature stage)
n. a recent event that has some relevance for the present situation
n. a district that has been developed to serve some purpose","n. 发展
[化] 展开",n:100,5,1,zk gk ielts,234,448,development
dialogue,dialogue,'daiәlɒg,"n. a conversation between two persons
n. the lines spoken by characters in drama or fiction
n. a literary composition in the form of a conversation between two people","n. 对话
vi. 对话
vt. 用对话表达",n:100,3,0,zk gk toefl ielts,3654,2794,dialogue
diary,diary,'daiәri,"n. a daily written record of (usually personal) experiences and observations
n. a personal journal (as a physical object)","n. 日记
[经] 日记簿",n:100,3,1,zk gk cet4 cet6 ky ielts,2934,4334,diary
dictionary,dictionary,'dikʃәnәri,n. a reference book containing an alphabetical list of words with information about them,"n. 字典, 词典
[计] 词典",n:100,2,1,zk gk,3332,8493,dictionary
die,die,dai,"n. a small cube with 1 to 6 spots on the six faces; used in gambling to generate random numbers
n. a device used for shaping metal
n. a cutting tool that is fitted into a diestock and used for cutting male (external) screw threads on screws or bolts or pipes or rods
v. pass from physical life and lose all bodily attributes and functions necessary to sustain life","vi. 死亡, 消逝, 平息, 熄灭, 漠然, 渴望
vt. 死
n. 骰子, 冲模",v:100,5,1,zk gk gre,443,403,die
difference,difference,'difәrәns,"n. the quality of being unlike or dissimilar
n. a significant change","n. 不同, 差异
[计] 差分",n:100,4,1,zk gk cet4 ky ielts,528,496,difference
different,different,'difәrәnt,"a. unlike in nature or quality or form or degree
s. distinctly separate from the first
s. differing from all others; not ordinary
s. distinct or separate","a. 不同的
[机] 差动, 微分的, 差速器",j:100,5,1,zk gk ielts,177,237,different
difficult,difficult,'difikәlt,a. not easy; requiring great physical or mental effort to accomplish or comprehend or endure,a. 困难的,j:100,5,1,zk gk ielts,439,608,difficult
difficulty,difficulty,'difikәlti,"n. a factor causing trouble in achieving a positive result or tending to produce a negative result
n. a condition or state of affairs almost beyond one's ability to deal with and requiring great effort to bear or overcome
n. the quality of being difficult","n. 困难, 难点",n:100,4,1,zk gk cet4 ky ielts,760,1686,difficulty
dig,dig,dig,"n. the site of an archeological exploration
n. a small gouge (as in the cover of a book)
n. the act of touching someone suddenly with your finger or elbow
v. turn up, loosen, or remove earth","vt. 挖, 翻土, 发掘
vi. 挖掘
n. 挖掘
[计] 数字, 数位",n:15/v:85,3,1,zk gk,2810,2460,dig
dinner,dinner,'dinә,"n. the main meal of the day served in the evening or at midday
n. a party of people assembled to have dinner together","n. 晚餐, 正餐, 宴会",n:100,4,1,zk gk ielts,1422,1076,dinner
direct,direct,di'rekt,"v. command with authority
v. guide the actors in (plays and films)
v. be in charge of
v. give directions to; point somebody into a certain direction","a. 直接的, 坦白的
vt. 指示, 指挥, 命令, 导演
vi. 指导, 指挥
adv. 直接地",r:2/j:52/v:46,5,1,zk gk cet4 cet6 ky toefl ielts,960,1478,direct
direction,direction,di'rekʃәn,"n. a line leading to a place or point
n. the spatial relation between something and the course along which it points or moves
n. a general course along which something has a tendency to develop
n. a message describing how something is to be done","n. 方向, 指导, 趋势
[计] 方向; 流向",n:100,4,1,zk gk cet4 cet6 ky,910,928,direction
director,director,di'rektә,"n. someone who controls resources and expenditures
n. member of a board of directors
n. someone who supervises the actors and directs the action in the production of a show","n. 主管, 导演, 董事
[计] 寻向偶极子; 指挥仪",n:100,5,1,zk gk cet4 cet6 ky ielts,603,510,director
dirty,dirty,'dә:ti,"v. make soiled, filthy, or dirty
a. soiled or likely to soil with dirt or grime
a. (of behavior or especially language) characterized by obscenity or indecency
s. vile; despicable","a. 肮脏的, 卑鄙的
vt. 弄脏
vi. 变脏",r:3/j:93/v:4,3,1,zk gk,2873,2869,dirty
discover,discover,dis'kʌvә,"v. make a discovery, make a new finding
v. make a discovery
v. see for the first time; make a discovery","vt. 发现, 找到, 暴露
vi. 发现",v:100,4,1,zk gk cet4 cet6 ky,923,956,discover
discovery,discovery,dis'kʌvәri,"n. the act of discovering something
n. something that is discovered
n. a productive insight
n. (law) compulsory pretrial disclosure of documents relevant to a case; enables one side in a litigation to elicit information from the other side concerning the facts in the case","n. 发现, 被发现的事物
[法] 要求告知, 发现, 发觉",n:100,3,1,zk gk cet4 cet6 ky ielts,2453,2227,discovery
discuss,discuss,dis'kʌs,"n an athletic competition in which a disk-shaped object is thrown as far as possible
n a disk used in throwing competitions
v to consider or examine in speech or writing
v speak with others about (something); talk (something) over in detail; have a discussion","vt. 讨论, 论述
[医] 讨论, 辩论",v:100,4,1,zk gk,661,847,discuss
discussion,discussion,dis'kʌʃәn,"n. an extended communication (often interactive) dealing with some particular topic
n. an exchange of views on some topic",n. 讨论,n:100,4,1,zk gk cet4 cet6 ielts,860,1041,discussion
disease,disease,di'zi:z,n. an impairment of health or a condition of abnormal functioning,"n. 疾病, 弊病
[医] [疾]病",n:100,4,1,zk gk cet4 cet6 ky ielts,931,775,disease
dish,dish,diʃ,"n. a piece of dishware normally used as a container for holding or serving food
n. a particular item of prepared food
n. the quantity that a dish will hold
n. directional antenna consisting of a parabolic reflector for microwave or radio frequency radiation","n. 盘子, 碟, 菜肴
[医] 皿, 碟",v:5/n:95,3,1,zk gk,2709,1935,dish
dismiss,dismiss,dis'mis,"v. bar from attention or consideration
v. cease to consider; put out of judicial consideration
v. stop associating with
v. end one's encounter with somebody by causing or permitting the person to leave","vt. 解散, 开除, 解职
vi. 解散
[计] 解散",v:100,4,1,zk gk cet4 cet6 ky toefl ielts,2100,2802,dismiss
disturb,disturb,dis'tә:b,"v. move deeply
v. damage as if by shaking or jarring","vt. 扰乱, 妨碍, 使不安
[法] 滋扰, 扰乱",v:100,2,1,zk gk cet4 cet6 ky toefl ielts,3272,4565,disturb
divide,divide,di'vaid,"n. a serious disagreement between two groups of people (typically producing tension or hostility)
v. separate into parts or portions
v. perform a division","vi. 分开, 分配, 分裂
vt. 分, 分开, 分裂, 除
n. 分配, 分水岭
[计] 除",n:14/v:86,4,1,zk gk cet4 ky toefl,1544,1942,divide
do,do,du:,"n. the syllable naming the first (tonic) note of any major scale in solmization
v. get (something) done
v. proceed or get along
v. create or design, often in a certain way","v. 做, 进行, 完成",v:100,5,1,zk gk,19,18,do
doctor,doctor,'dɒktә,"n. a licensed medical practitioner
n. children take the roles of physician or patient or nurse and pretend they are at the physician's office
n. a person who holds Ph.D. degree (or the equivalent) from an academic institution
v. give medical treatment to","n. 医生, 博士
vt. 授以博士学位, 诊断, 修改
vi. 行医",v:1/n:99,4,1,zk gk ielts,665,570,doctor
dog,dog,dɒg,"n. a member of the genus Canis (probably descended from the common wolf) that has been domesticated by man since prehistoric times; occurs in many breeds
n. informal term for a man","n. 狗, 坏蛋
vt. 跟踪, 尾随",v:2/n:98,4,1,zk gk,819,753,dog
doll,doll,dɒl,n. a small replica of a person; used as a toy,"n. 洋娃娃, 无头脑的美丽女人",n:100,2,0,zk gk ky toefl,5101,3823,doll
dollar,dollar,'dɒlә,"n. the basic monetary unit in many countries; equal to 100 cents
n. a piece of paper money worth one dollar
n. a United States coin worth one dollar
n. a symbol of commercialism or greed","n. 美元, 元(加、澳等国货币单位)
[经] 纯经济的, 美元, 元",,5,1,zk gk,2340,0,dollar
door,door,dɒ:,"n. a swinging or sliding barrier that will close the entrance to a room or building or vehicle
n. anything providing a means of access (or escape)
n. a structure where people live or work (usually ordered along a street or road)
n. a room that is entered via a door",n. 门,n:100,5,1,zk gk,300,343,door
double,double,'dʌbl,"n. a base hit on which the batter stops safely at second base
n. a stand-in for movie stars to perform dangerous stunts
n. someone who closely resembles a famous person (especially an actor)
n. a quantity that is twice as great as another","n. 两倍
a. 两倍的, 双重的
vt. 使加倍
vi. 加倍, 代替, 快步走
[计] 双精度型",n:14/r:5/j:47/v:34,4,1,zk gk ielts,1640,2202,double
doubt,doubt,daut,"n. the state of being unsure of something
n. uncertainty about the truth or factuality or existence of something
v. consider unlikely or have doubts about
v. lack confidence in or have doubts about","n. 怀疑, 疑惑
v. 怀疑, 不信",v:36/n:64,4,1,zk gk cet4 cet6 ky toefl,1183,1906,doubt
down,down,daun,"n. soft fine feathers
n. (American football) a complete play to advance the football
n. English physician who first described Down's syndrome (1828-1896)
n. (usually plural) a rolling treeless highland with little soil","a. 向下的
adv. 下, 下去, 降下
prep. 往下, 沿着
n. 丘陵, 软毛, 开阔的高地
[计] 向下, 退下命令",i:10/n:1/r:87/j:1/v:1,2,1,zk gk toefl gre,102,118,down
downstairs,downstairs,'daun'stєәz,"a. on or of lower floors of a building
r. on a floor below","n. 楼下
a. 楼下的
adv. 在楼下",r:88/n:12,0,1,zk gk cet4 ky,4046,5467,downstairs
dozen,dozen,'dʌzn,"n the cardinal number that is the sum of eleven and one
s denoting a quantity consisting of 12 items or units","n. 打, 十二个
a. 一打的",m:100,4,1,zk gk cet4 ky,2371,1194,dozen
draw,draw,drɒ:,"n. a gully that is shallower than a ravine
n. the finish of a contest in which the score is tied and the winner is undecided
n. anything (straws or pebbles etc.) taken or chosen at random
n. a playing card or cards dealt or taken from the pack","vi. 拉, 拖, 拔剑
vt. 拖拉, 挨近, 领取, 打成平局, 引导, 抽签决定, 画, 描写, 制订, 草拟, 吸引
n. 拉, 拖, 拔出, 抽签, 平局
[计] 翻牌, 绘图",n:5/v:95,5,1,zk gk toefl,429,592,draw
drawer,drawer,'drɒ:ә,"n. a boxlike container in a piece of furniture; made so as to slide in and out
n. the person who writes a check or draft instructing the drawee to pay someone else","n. 抽屉, 开票人
[计] 抽屉",n:100,2,1,zk gk cet4 cet6 ky toefl ielts,4175,4212,drawer
dream,dream,dri:m,"n. a series of mental images and emotions occurring during sleep
n. imaginative thoughts indulged in while awake
n. a state of mind characterized by abstraction and release from reality
n. someone or something wonderful","n. 梦, 空想, 愿望
v. 做梦, 想象, 梦想",v:25/n:75,4,1,zk gk cet4 cet6 ky,1513,990,dream
dress,dress,dres,"n. a one-piece garment for a woman; has skirt and bodice
v. put on clothes
v. provide with clothes or put clothes on
v. put a finish on","n. 服装, 覆盖物
vi. 穿着
vt. 给...穿衣, 整理",n:45/v:55,4,1,zk gk ielts,1673,1437,dress
drink,drink,driŋk,"n. a single serving of a beverage
n. the act of drinking alcoholic beverages to excess
n. any large deep body of water
v. take in liquids","n. 饮料, 酒
v. 喝, 喝酒",n:37/v:63,4,1,zk gk,1284,1232,drink
drive,drive,draiv,"n. the act of applying force to propel something
n. a mechanism by which force or power is transmitted in a machine
n. the trait of being highly motivated
n. hitting a golf ball off of a tee with a driver","n. 驾车, 快车道, 推进力, 驱动, 动力, 击球, 驱动器
vt. 开车, 驱使, 推动, 驾驶
vi. 开车, 猛击, 飞跑
[计] 驱动器",n:25/v:75,5,1,zk gk,640,490,drive
driver,driver,'draivә,"n. the operator of a motor vehicle
n. someone who drives animals that pull a vehicle
n. a golfer who hits the golf ball with a driver
n. (computer science) a program that determines how a computer will communicate with a peripheral device","n. 驾驶员, 驱动器, 驱动程序
[化] 驱动器",n:100,0,1,zk gk ielts,1225,1226,driver
drop,drop,drɒp,"n. a shape that is spherical and small
n. a small indefinite quantity (especially of a liquid)
n. a sudden sharp decrease in some quantity
n. a predetermined hiding place for the deposit and distribution of illicit goods (such as drugs or stolen property)","n. 滴, 微量, 落下, 空投
vi. 放下, 掉下, 下降
vt. 使滴下, 放下, 丢失, 遗漏
[计] 投入, 投入点, 接入点, 分接点",n:19/v:81,4,1,zk gk cet4 cet6 ky ielts,925,690,drop
drug,drug,drʌg,"n. a substance that is used as a medicine or narcotic
v. administer a drug to
v. use recreational drugs","n. 药, 麻药, 麻醉药
vi. 吸毒
vt. 使服麻醉药, 使麻木",v:1/n:99,5,1,zk gk cet4 cet6 ky,963,461,drug
drum,drum,drʌm,"n. a musical percussion instrument; usually consists of a hollow cylinder with a membrane stretched across each end
n. the sound of a drum
n. a cylindrical metal container used for shipping or storage of liquids
n. small to medium-sized bottom-dwelling food and game fishes of shallow coastal and fresh waters that make a drumming noise","n. 鼓, 鼓声
vi. 击鼓, 作鼓声
vt. 打鼓奏出
[计] 磁鼓",v:16/n:84,3,1,zk gk cet4 cet6 ky,4171,4116,drum
dry,dry,drai,"n. a reformer who opposes the use of intoxicating beverages
v. remove the moisture from and make dry
v. become dry or drier
a. free from liquid or moisture; lacking natural or normal moisture or depleted of water; or no longer wet","a. 干的, 无酒的, 枯燥无味的, 干燥的
vt. 把...弄干
vi. 变干
n. 干, 干涸",j:71/v:29,4,1,zk gk,1665,1561,dry
duck,duck,dʌk,"n. small wild or domesticated web-footed broad-billed swimming bird usually having a depressed body and short legs
n. (cricket) a score of nothing by a batsman
n. flesh of a duck (domestic or wild)
n. a heavy cotton fabric of plain weave; used for clothing and tents","n. 鸭子
vi. 没入水中, 闪避
vt. 猛按...入水, 躲避",v:27/n:73,2,0,zk gk cet4 cet6 ky,3713,3521,duck
dumpling,dumpling,'dʌmpliŋ,"n. small balls or strips of boiled or steamed dough
n. dessert made by baking fruit wrapped in pastry","n. 面团布丁, 团子",n:100,0,0,zk gk,22551,14302,dumpling
during,during,'djuәriŋ,"prep. In the time of; as long as the action or existence of;
   as, during life; during the space of a year.",prep. 在...的时候,i:100,5,1,zk gk,192,198,during
duty,duty,'dju:ti,"n. the social force that binds you to the courses of action demanded by that force; every opportunity, an obligation; every possession, a duty""- John D.Rockefeller Jr
n. work that you are obliged to perform for moral or legal reasons
n. a government tax on imports or exports","n. 责任, 关税, 职务, 尊敬
[化] 职责",n:100,4,1,zk gk cet4 cet6 ky ielts,846,1752,duty
dvd,dvd,,n a digital recording (as of a movie) on an optical disk that can be played on a computer or a television set,abbr. 数字化视频光盘（Digital Video Disk）,,0,1,zk gk,0,0,dvd
each,each,i:tʃ,"s. (used of count nouns) every one considered individually
r. to or from every one of two or more (considered individually)","a. 每个, 每一
adv. 每个
pron. 每个, 个人, 各自",p:22/d:78,5,1,zk gk,170,192,each
ear,ear,iә,"n. the sense organ for hearing and equilibrium
n. good hearing
n. attention to what is said
n. fruiting spike of a cereal plant especially corn","n. 耳朵, 倾听, 听觉, 穗
vi. 抽穗",n:100,3,1,zk gk,1599,1337,ear
early,early,'ә:li,"a. at or near the beginning of a period of time or course of events or before the usual or expected time
a. being or occurring at an early stage of development
s. belonging to the distant past
s. very young","a. 早的, 早熟的
adv. 很早, 初",r:42/j:58,5,1,zk gk,245,365,early
earth,earth,ә:θ,"n. the 3rd planet from the sun; the planet we live on
n. the loose soft material that makes up a large part of the land surface
n. the abode of mortals (as contrasted with Heaven or Hell)
n. once thought to be one of four elements composing the universe (Empedocles)","n. 地球, 泥土, 世界, 尘世
vt. 埋入土中, 赶入洞内
vi. 躲入洞内",n:100,4,1,zk gk,1026,1547,earth
east,east,i:st,"n. the cardinal compass point that is at 90 degrees
n. the countries of Asia
n. the region of the United States lying to the north of the Ohio River and to the east of the Mississippi River
n. the direction corresponding to the eastward cardinal compass point","n. 东方, 东
a. 东方的, 向东的
adv. 向东方, 朝东方",n:100,5,1,zk gk,785,733,east
easy,easy,'i:zi,"a. posing no difficulty; requiring little effort
s. not hurried or forced
a. free from worry or anxiety
s. affording pleasure","a. 容易的, 缓缓的, 舒适的, 从容的, 宽容的, 流畅的, 随便的, 自在的, 疲软的
adv. 容易地, 慢慢地",r:14/j:86,5,1,zk gk,502,549,easy
eat,eat,i:t,"v. take in solid food
v. eat a meal; take a meal
v. worry or cause anxiety in a persistent way","v. 吃, 腐蚀",v:100,4,1,zk gk,701,543,eat
edge,edge,edʒ,"n. the boundary of a surface
n. a sharp side formed by the intersection of two surfaces of an object
n. the attribute of urgency in tone of voice
n. a slight competitive advantage","n. 边缘, 尖锐, 刀刃, 优势
vt. 使锐利, 挤进, 镶边
vi. 缓缓移动",v:6/n:94,4,1,zk gk cet4 cet6 ky toefl ielts,1081,977,edge
education,education,.edju'keiʃәn,"n. the activities of educating or instructing; activities that impart knowledge or skill
n. knowledge acquired by learning and instruction
n. the gradual process of acquiring knowledge
n. the profession of teaching (especially at a school or college or university)","n. 教育, 训练, 教育学
[医] 教育, 训练",n:100,5,1,zk gk cet4 ky toefl ielts,353,376,education
effort,effort,'efәt,n. use of physical or mental energy; hard work,"n. 努力, 成就",n:100,5,1,zk gk cet4 cet6 ky,745,454,effort
egg,egg,eg,"n. animal reproductive body consisting of an ovum or embryo together with nutritive and protective envelopes; especially the thin-shelled reproductive body laid by e.g. female birds
n. oval reproductive body of a fowl (especially a hen) used as food
v. throw eggs at
v. coat with beaten egg","n. 蛋, 卵
vt. 挑唆, 煽动, 调蛋黄",v:1/n:99,4,1,zk gk,1532,1376,egg
eight,eight,eit,"n. the cardinal number that is the sum of seven and one
s. being one more than seven","num. 八, 八个",m:100,5,0,zk gk,579,739,eight
eighteen,eighteen,'ei'ti:n,"n. the cardinal number that is the sum of seventeen and one
s. being one more than seventeen","num. 十八, 十八个",m:100,5,0,zk gk cet4 ky,2690,5480,eighteen
eighth,eighth,eitθ,"n. position eight in a countable series of things
s. coming next after the seventh and just before the ninth in position","num. 第八, 八分之一",m:100,4,0,zk gk,4714,4425,eighth
eighty,eighty,'eiti,"n. the cardinal number that is the product of ten and eight
s. being ten more than seventy","num. 八十, 八十个",m:100,5,0,zk gk cet4 ky,1944,7486,eighty
either,either,'i:ðә,r. after a negative statement used as an intensive meaning something like `likewise' or `also',"a. (两者之中)任一的, (两者之中)各一的
pron. (两者之中)任一
conj. 或, 要么",r:80/d:20,5,1,zk gk,437,558,either
elder,elder,'eldә,"n. a person who is older than you are
n. any of numerous shrubs or small trees of temperate and subtropical northern hemisphere having white flowers and berrylike fruit
n. any of various church officers
s. used of the older of two persons of the same name especially used to distinguish a father from his son","n. 年长者, 老人, 前辈
a. 年长的, 资深的",j:22/n:78,2,0,zk gk cet4 ky ielts,5602,4056,elder
electric,electric,i'lektik,"n. a car that is powered by electricity
a. using or providing or producing or transmitting or operated by electricity
s. (of a situation) exceptionally tense
s. affected by emotion as if by electricity; thrilling","a. 电的, 导电的, 电动的
[医] 电的",j:98/n:2,3,1,zk gk cet4 cet6 ky,2469,2696,electric
elephant,elephant,'elifәnt,"n. five-toed pachyderm
n. the symbol of the Republican Party; introduced in cartoons by Thomas Nast in 1874",n. 象,n:100,2,0,zk gk cet4 cet6 ky,4323,4355,elephant
eleven,eleven,i'levn,"n. the cardinal number that is the sum of ten and one
s. being one more than ten","num. 十一, 十一个",m:100,5,0,zk gk,2299,4273,eleven
else,else,els,"a. & pron. Other; one or something beside; as, Who else is
   coming? What else shall I give? Do you expect anything else?
adv. & conj. Besides; except that mentioned; in addition; as,
   nowhere else; no one else.
adv. & conj. Otherwise; in the other, or the contrary, case; if
   the facts were different.","a. 别的, 其他的
adv. 另外, 否则, 不然",r:100,5,1,zk gk,471,440,else
email,email,'i:'meil,"n (computer science) a system of world-wide electronic communication in which a computer user can compose a message at one terminal that can be regenerated at the recipient's terminal when the recipient logs in
v communicate electronically on the computer",n. 电子信函,,0,1,zk ielts,0,0,email
empty,empty,'empti,"n. a container that has been emptied
v. make void or empty of contents
v. become empty or void of its content
v. remove","a. 空的, 空虚的, 空腹的, 空洞的
n. 空的东西, 空车
vt. 倒空, 使变空, 使排出
vi. 流空
[计] 空",n:1/j:85/v:14,3,1,zk gk toefl ielts,1735,1644,empty
encourage,encourage,in'kʌridʒ,"v. inspire with confidence; give hope or courage to
v. spur on","vt. 鼓励, 支持, 激励
[法] 怂恿, 煽动, 助长",v:100,4,1,zk gk cet4 cet6 ky toefl,881,1184,encourage
end,end,end,"n. either extremity of something that has length
n. the point in time at which something ends
n. the concluding parts of an event or occurrence
n. a final part or section","n. 结束, 终点, 目标, 末端, 梢, 死亡, 残余
v. 结束, 终结, 终止
[计] 端; 结束",v:36/n:64,5,1,zk gk ielts,187,278,end
enemy,enemy,'enimi,"n. an opposing military force
n. an armed adversary (especially a member of an opposing military force)
n. any hostile group of people","n. 敌人, 仇敌, 敌军
a. 敌人的",n:100,3,1,zk gk cet4 ky,1860,1596,enemy
energy,energy,'enәdʒi,"n. (physics) a thermodynamic quantity equivalent to the capacity of a physical system to do work; the units of energy are joules or ergs
n. forceful exertion
n. enterprising or ambitious drive
n. an imaginative lively style (especially style of writing)","n. 精力, 精神, 活力, 能量
[化] 能; 能量",n:100,4,1,zk cet4 cet6 ky ielts,765,615,energy
engineer,engineer,.endʒi'niә,"n. a person who uses scientific knowledge to solve practical problems
n. the operator of a railway locomotive
v. design as an engineer","n. 工程师, 工兵
vt. 设计, 监造, 精明地处理, 策划",v:11/n:89,3,1,zk gk cet4 cet6 ky ielts,1889,1997,engineer
England,england,'iŋglәnd,n. a division of the United Kingdom,"n. 英格兰
[法] 英格兰, 英国",,0,0,zk ielts,411,0,england
English,english,'iŋgliʃ,"n. an Indo-European language belonging to the West Germanic branch; the official language of Britain and the United States and most of the commonwealth countries
n. the people of England
n. the discipline that studies the English language and literature","n. 英语
a. 英文的, 英国人的",j:51/n:49,0,0,zk gk,18425,1782,english
enjoy,enjoy,in'dʒɒi,"v. derive or receive pleasure from; get enjoyment from; take pleasure in
v. have benefit from
v. have for one's benefit","vt. 享受, 喜欢, 欣赏
[法] 享受, 享有, 获得某种利益",v:100,4,1,zk gk,685,881,enjoy
enough,enough,i'nʌf,"n. an adequate quantity; a quantity that is large enough to achieve a purpose
r. as much as necessary; (`plenty' is nonstandard) ""I've had plenty, thanks""","n. 充足, 够, 很多
a. 充足的, 足够
adv. 足够
interj. 够了",r:70/d:30,5,1,zk gk,378,374,enough
enter,enter,'entә,"v. to come or go into
v. become a participant; be involved in
v. come on stage","vt. 进入, 参加, 开始, 输入, 回车
vi. 进去, 参加
[计] 输入, 回车",v:100,4,1,zk gk cet4 ky,706,709,enter
environment,environment,in'vairәnmәnt,"n. the totality of surrounding conditions
n. the area in which something exists or lives","n. 环境, 外界, 围绕
[计] 环境",n:100,4,1,zk gk cet4 cet6 ky ielts,702,855,environment
eraser,eraser,i'reisә,n. an implement used to erase something,n. 擦子,n:100,0,0,zk gk,35588,16590,eraser
especially,especially,i'speʃәli,"r to a distinctly greater extent or degree than is common
r in a special manner","adv. 尤其, 特别, 格外",r:100,4,1,zk gk cet4 cet6 ky,570,515,especially
Europe,europe,'juәrәp,"n. the 2nd smallest continent (actually a vast peninsula of Eurasia); the British use `Europe' to refer to all of the continent except the British Isles
n. the nations of the European continent collectively",n. 欧洲,,0,0,zk ielts,558,0,europe
European,european,.juәrә'pi:әn,"n. a native or inhabitant of Europe
a. of or relating to or characteristic of Europe or the people of Europe","n. 欧洲人
a. 欧洲的, 欧洲人的",j:80/n:20,0,0,zk gk ielts,512,1263,european
even,even,'i:vәn,"v. become even or more even
v. make even or more even
a. divisible by two
s. equal in degree or extent or amount; or equally matched or balanced","a. 平坦的, 相等的, 连贯的, 均等的, 公平的, 偶数的, 平均的, 平衡的, 恰好的
vt. 使平坦, 使相等
vi. 变平, 成为相等
adv. 甚至, 实际上, 完全, 十分
n. 偶数, 偶校验
[计] 偶数, 偶校验",c:17/r:81/v:1/n:1,1,1,zk gk toefl ielts gre,113,107,even
evening,evening,'i:vniŋ,"n. the latter part of the day (the period of decreasing daylight from late afternoon until nightfall)
n. a later concluding time period
n. the early part of night (from dinner until bedtime) spent in a special way","n. 傍晚, 晚间, 末期",n:100,4,1,zk gk ielts,651,961,evening
ever,ever,'evә,"r. at any time
r. (intensifier for adjectives) very","adv. 曾经, 究竟, 永远",r:100,5,1,zk gk,355,280,ever
every,every,'evri,"s. (used of count nouns) each and all of the members of a group considered singly and without exception
s. each and all of a series of entities or intervals as specified","a. 每一, 所有的",a:99/r:1,5,1,zk gk,210,172,every
everybody,everybody,'evribɒdi,n. Every person.,"pron. 每个人, 人人",p:99/n:1,4,0,zk gk,1552,799,everybody
everyday,everyday,'evri'dei,"s. found in the ordinary course of events
s. commonplace and ordinary","a. 每天的, 日常的, 平常的",j:100,2,0,zk gk cet4 ky,3381,3291,everyday
everyone,everyone,'evriwʌn,"n. Everybody; -- commonly separated, every one.","pron. 每个人, 人人
[计] 系统中的一个组名",p:100,4,1,zk gk,753,529,everyone
everything,everything,'evriθiŋ,"n. Whatever pertains to the subject under consideration;
   all things.","pron. 每件事物, 所有事物",p:100,5,1,zk gk,538,389,everything
everywhere,everywhere,'evrihwєә,r. to or in any or all places; (`everyplace' is used informally for `everywhere'),"adv. 各处, 到处",r:100,3,1,zk gk,2578,1938,everywhere
exam,exam,ig'zæm,n a set of questions or exercises evaluating skill or knowledge,"n. 考试, 测验",n:100,2,1,zk ielts,4174,4224,exam
examination,examination,ig.zæmi'neiʃәn,"n. the act of examining something closely (as for mistakes)
n. a set of questions or exercises evaluating skill or knowledge
n. the act of giving students or candidates a test (as by questions) to determine what they know or have learned","n. 考试, 测验, 审查
[医] 检查, 诊察",n:100,3,1,zk cet4 cet6 ielts,1531,3069,examination
examine,examine,ig'zæmin,"v. observe, check out, and look over carefully or inspect
v. question closely","v. 检查, 调查, 考试",v:100,4,1,zk gk cet4 cet6 ky,1050,1165,examine
example,example,ig'zæmpl,"n. an item of information that is typical of a class or group
n. punishment intended as a warning to others","n. 例子, 样本, 实例
[化] 实例",n:100,5,1,zk gk ielts,511,852,example
excellent,excellent,'ekslәnt,s. very good; of the highest quality,"a. 优良的, 杰出的, 出色的",j:100,4,1,zk gk cet4 cet6 ky toefl,1416,2123,excellent
except,except,ik'sept,"v take exception to
v prevent from being included or considered or accepted","vt. 除, 除外
vi. 反对
prep. 除了...之外, 若不是, 除非
conj. 只是",i:50/c:48/v:2,4,1,zk gk,2154,1836,except
excite,excite,ik'sait,"v. arouse or elicit a feeling
v. raise to a higher energy level
v. produce a magnetic field in","vt. 刺激, 使兴奋, 激励",v:100,2,1,zk gk cet4 cet6 ky toefl,7567,5328,excite
excuse,excuse,ik'skju:z,"n. a defense of some offensive behavior or some failure to keep a promise etc.
n. a note explaining an absence
v. accept an excuse for
v. grant exemption or release to","vt. 原谅, 申辩, 做为...的托辞
n. 致歉, 理由, 饶恕, 借口",n:46/v:54,3,1,zk gk toefl ielts,3182,3484,excuse
exercise,exercise,'eksәsaiz,"n. the activity of exerting your muscles in various ways to keep fit
n. systematic training by multiple repetitions
n. a task performed or problem solved in order to develop skill or understanding
n. (usually plural) a ceremony that involves processions and speeches","n. 行使, 执行, 运动, 练习, 作业
vt. 运用, 练习, 运动
vi. 练习, 锻炼",v:37/n:63,4,1,zk gk ielts,1233,1487,exercise
expect,expect,iks'pekt,"v. regard something as probable or likely
v. look forward to the probable occurrence of
v. consider reasonable or due
v. look forward to the birth of a child","vt. 预期, 盼望, 期待",v:100,5,1,zk gk,313,405,expect
expensive,expensive,ik'spensiv,a. high in price or charging high prices,"a. 贵的, 奢华的, 费用浩大的, 乱化钱的
[经] 高价的, 昂贵的, 浪费的",j:100,4,1,zk gk ielts,1577,1664,expensive
experience,experience,ik'spiәriәns,"n. the accumulation of knowledge or skill that results from direct participation in events or activities
n. the content of direct observation or participation in an event
n. an event as apprehended
v. go or live through","n. 经历, 经验, 体验
vt. 经历, 经验, 体验",v:26/n:74,5,1,zk gk cet4 cet6 ky ielts,430,420,experience
experiment,experiment,ik'sperimәnt,"n. the act of conducting a controlled test or investigation
n. the testing of an idea
n. a venture at something new or different
v. to conduct a test or investigation","n. 实验, 试验, 实验仪器
vi. 实验, 尝试",v:21/n:79,3,1,zk gk cet4 cet6 ky ielts,1651,1990,experiment
explain,explain,ik'splein,"v. make plain and comprehensible
v. define","v. 解释, 说明",v:100,4,1,zk gk cet4 cet6 ky,518,480,explain
express,express,ik'spres,"n. mail that is distributed by a rapid and efficient system
n. public transport consisting of a fast train or bus that makes only a few scheduled stops
n. rapid transport of goods
v. give expression to","n. 快车, 快递, 专使
a. 明确的, 丝毫不差的, 专门的, 快的
vt. 表达, 表示, 表露",j:4/v:96,4,1,zk gk cet4 cet6 ky,839,1272,express
eye,eye,ai,"n. the organ of sight
n. good discernment (either visually or as if visually)
n. attention to what is seen
n. a small hole or loop (as in a needle)","n. 眼睛, 视力, 看
vt. 看, 注视",v:2/n:98,5,1,zk gk ielts,219,242,eye
face,face,feis,"n. the front of the human head from the forehead to the chin and ear to ear
n. the general outward appearance of something
n. the striking or working surface of an implement
n. a part of a person that is used to refer to a person","n. 脸, 面容, 正面, 外观
vt. 面对, 朝, 正视, 面临
vi. 朝, 向
[计] 现场可改变的控制元件",v:36/n:64,5,1,zk gk toefl ielts,282,330,face
fact,fact,fækt,"n. a piece of information about circumstances that exist or events that have occurred
n. a statement or assertion of verified information about something that is the case or has happened
n. an event known to have happened or something known to have existed
n. a concept whose truth can be proved","n. 事实, 真实性, 真相, 细节, 论据",n:100,5,1,zk gk cet4 ky,201,235,fact
factory,factory,'fæktәri,n. a plant consisting of one or more buildings with facilities for manufacturing,"n. 工厂, 产生地, 代理店
[经] 工厂, 代理店, 商行在国外的代理处",n:100,4,1,zk gk ielts,1505,2132,factory
fail,fail,feil,"v. fail to do something; leave something undone
v. be unsuccessful
v. disappoint, prove undependable to; abandon, forsake
v. stop operating or functioning","vi. 失败, 缺乏, 中断, 衰退, 失灵
vt. 忘记, 使...失望, 缺乏, 不及格
n. 不及格",n:1/v:99,5,1,zk gk,616,808,fail
fair,fair,fєә,"n. gathering of producers to promote business
n. a competitive exhibition of farm products
v. join so that the external surfaces blend smoothly
a. free from favoritism or self-interest or bias or deception; conforming with established standards or rules","n. 展览会, 市集, 美好的事物
a. 公平的, 按规则进行的, 不好不坏的, 晴朗的, 美丽的
adv. 公平地, 正面地, 有教养地, 清楚地
vi. 转晴",r:4/j:91/v:2/n:3,4,1,zk gk cet4 cet6 ky toefl,1150,1484,fair
fall,fall,fɒ:l,"n. the season when the leaves fall from the trees
n. the lapse of mankind into sinfulness because of the sin of Adam and Eve
n. a lapse into sin; a loss of innocence or of chastity
n. a sudden decline in strength or number or importance","n. 落下, 瀑布, 采伐量, 下降, 落差, 降低, 堕落, 秋天
vi. 倒下, 落下, 来临, 失守, 阵亡, 下跌, 减弱, 倾斜, 垮台, 轮到, 变成, 降低
a. 秋天的",n:29/v:71,5,1,zk gk ielts,332,410,fall
family,family,'fæmәli,"n. a social unit living together
n. primary social group; parents and children
n. people descended from a common ancestor
n. (biology) a taxonomic group containing one or more genera","n. 家庭, 家人, 族
a. 家庭的",n:100,5,1,zk gk ielts,200,147,family
famous,famous,'feimәs,s widely known and esteemed,"a. 出名的, 极好的",j:100,4,1,zk gk ielts,1461,1486,famous
fan,fan,fæn,"n. a device for creating a current of air by movement of a surface or surfaces
n. an ardent follower and admirer
v. strike out (a batter), (of a pitcher)
v. make (an emotion) fiercer","n. 风扇, 迷, 狂热者, 爱好者
vt. 煽动, 刺激, 吹拂
vi. 飘动, 成扇形散开",v:12/n:88,4,1,zk gk cet4 cet6 ky,1905,1208,fan
fantastic,fantastic,fæn'tæstik,"s. extraordinarily good or great; used especially as intensifiers
s. fanciful and unrealistic; foolish
s. existing in fancy only
s. extravagantly fanciful in design, construction, appearance","a. 奇妙的, 稀奇的, 空想的",j:100,2,0,zk gk cet6 ky toefl ielts,4942,4747,fantastic
far,far,fɑ:,"a. located at a great distance in time or space or degree
s. being of a considerable distance or length
s. being the animal or vehicle on the right or being on the right side of an animal or vehicle
s. beyond a norm in opinion or actions","a. 远的, 久远的, 遥远的
adv. 甚远地, 很, 到很深的程度, 到很远的距离",c:9/r:72/j:19,5,1,zk gk,287,252,far
farm,farm,fɑ:m,"n. workplace consisting of farm buildings and cultivated land as a unit
v. be a farmer; work as a farmer
v. collect fees or profits","n. 农场, 农田
vt. 耕种
vi. 种田",v:4/n:96,4,1,zk gk ielts,1167,1258,farm
farmer,farmer,'fɑ:mә,"n. a person who operates a farm
n. United States civil rights leader who in 1942 founded the Congress of Racial Equality (born in 1920)
n. an expert on cooking whose cookbook has undergone many editions (1857-1915)","n. 农夫, 农场主
[法] 农民, 农场主, 承包者",n:100,4,1,zk gk cet4 cet6 ky,1333,1589,farmer
fast,fast,fɑ:st,"n. abstaining from food
v. abstain from certain foods, as for religious or medical reasons
v. abstain from eating
a. acting or moving or capable of acting or moving quickly","a. 快速的, 紧的
adv. 很快地, 紧紧地, 彻底地
n. 绝食, 斋戒
vi. 绝食, 斋戒",n:1/r:72/v:2/j:25,4,1,zk gk gre,1833,1096,fast
fat,fat,fæt,"n. a soft greasy substance occurring in organic tissue and consisting of a mixture of lipids (mostly triglycerides)
a. having an (over)abundance of flesh
s. having a relatively large diameter
s. lucrative","n. 脂肪, 脂油, 肥肉
a. 肥的, 胖的, 油腻的
n. 文件分配表
[计] 文件分配表",j:38/n:62,4,1,zk gk ky,2848,1575,fat
father,father,'fɑ:ðә,"n. a male parent (also used as a term of address to your father)
n. `Father' is a term of address for priests in some churches (especially the Roman Catholic Church or the Orthodox Catholic Church); `Padre' is frequently used in the military
n. a person who holds an important or distinguished position in some organization
n. God when considered as the first person in the Trinity","n. 父亲, 祖先, 长辈, 神父, 创始者
vt. 当...的父亲, 保护, 创作, 发明, 培养",v:1/n:99,5,1,zk gk,364,267,father
favourite,favourite,'feivәrit,"n a competitor thought likely to win
n a special loved one
n something regarded with special favor or liking
s appealing to the general public
s preferred above all others and treated with partiality","n. 喜欢的事物
a. 喜爱的, 宠爱的",j:69/n:31,4,1,zk gk,2527,22274,favourite
fear,fear,fiә,"n. an emotion experienced in anticipation of some specific pain or danger (usually accompanied by a desire to flee or fight)
n. a feeling of profound respect for someone or something
v. be afraid or feel anxious or apprehensive about a possible or probable situation or event
v. be afraid or scared of; be frightened of","n. 恐怖, 害怕, 担心
v. 害怕, 恐惧, 为...担心, 敬畏",v:36/n:64,5,1,zk gk cet4 cet6 ky,1066,985,fear
February,february,'februәri,n. the month following January and preceding March,n. 二月,,4,1,zk gk,1188,0,february
feed,feed,fi:d,"n. food for domestic livestock
v. provide as food
v. give food to
v. feed into; supply","n. 饲料, 一餐, 饲养
vt. 喂, 饲养, 放牧, 靠...为生
vi. 吃东西, 用餐, 流入
[计] 送纸",n:11/v:89,4,1,zk gk cet4 cet6 ky toefl,1412,1317,feed
feel,feel,fi:l,"n. an intuitive awareness; 
n. manual stimulation of the genital area for sexual pleasure
v. undergo an emotional sensation or be in a particular state of mind
v. perceive by a physical sensation, e.g., coming from the skin or muscles","vt. 感觉, 觉得, 触摸, 以为
vi. 有知觉, 摸索, 同情
n. 感觉, 觉得, 触摸",n:3/v:97,5,1,zk gk ielts,135,134,feel
feeling,feeling,'fi:liŋ,"n. the experiencing of affective and emotional states
n. a physical sensation that you experience
n. an intuitive understanding of something","n. 摸, 触觉, 知觉, 感觉, 情绪, 同情
a. 有同情心的, 有感觉的, 仁慈的, 动人的",n:100,4,1,zk gk cet4 ky,797,805,feeling
festival,festival,'festәvәl,"n. a day or period of time set aside for feasting and celebration
n. an organized series of acts and performances (usually in one place)","a. 节日的, 喜庆的, 快乐的
n. 节日, 庆祝, 欢宴",n:100,4,1,zk gk cet4 cet6 ky toefl ielts,2395,3695,festival
fetch,fetch,fetʃ,"n. the action of fetching
v. be sold for a certain price
v. take away or remove","n. 取得, 拿, 诡计, 魂
vt. 接来, 取来, 售得, 带来, 推出, 引出, 杀死, 吸引, 到达
vi. 取物, 前进
[计] 取",n:4/v:96,2,1,zk gk cet4 cet6 ky ielts,3687,6744,fetch
fever,fever,'fi:vә,"n. a rise in the temperature of the body; frequently a symptom of infection
n. intense nervous anticipation","n. 发烧, 发热, 热病
[医] 发热, 热",v:1/n:99,2,1,zk gk cet4 cet6 ky ielts,5338,4372,fever
few,few,fju:,"n. a small elite group
a. a quantifier that can be used with count nouns and is often preceded by `a'; a small but indefinite number","a. 很少的, 不多的, 少数的
n. 少数",d:100,5,1,zk gk,189,185,few
field,field,fi:ld,"n. a piece of land cleared of trees and usually enclosed
n. somewhere (away from a studio or office or library or laboratory) where practical work is done or data is collected
n. the space around a radiating body within which its electromagnetic oscillations can exert force on another similar body not in contact with it
n. a particular kind of commercial enterprise","n. 领域, 田地, 场地, 战场, 场, 域
vt. 使...晒在场上, 使上场
a. 田间的, 野生的, 野外的, 田赛的
[计] 域, 字段",v:3/n:97,4,1,zk gk ielts,495,439,field
fifteen,fifteen,'fif'ti:n,"n. the cardinal number that is the sum of fourteen and one
s. being one more than fourteen","num. 十五, 十五个",m:100,5,0,zk gk,1736,2995,fifteen
fifth,fifth,fifθ,"n. a quantity of liquor equal to one fifth of a United States gallon
n. position five in a countable series of things
n. the musical interval between one note and another five notes away from it
s. coming next after the fourth and just before the sixth in position","num. 第五, 五分之一",m:100,4,0,zk gk ielts,2418,2497,fifth
fifty,fifty,'fifti,"n. the cardinal number that is the product of ten and five
s. being ten more than forty","num. 五十, 五十个",m:100,5,0,zk gk,1041,3038,fifty
fight,fight,fait,"n. the act of fighting; any contest or struggle
n. an intense verbal dispute
n. a boxing or wrestling match
v. fight against or resist strongly","n. 打架, 争吵, 斗志
v. 对抗, 打架",n:29/v:71,5,1,zk gk cet4 cet6 ky,917,676,fight
fill,fill,fil,"n. a quantity sufficient to satisfy
v. make full, also in a metaphorical sense
v. become full
v. assume, as of positions or roles","vt. 装满, 填充, 弥漫, 供给, 满足, 供应
vi. 充满, 变得沉重
n. 满足, 装满, 充分, 填方
vt. 填充
vi. 填充
[计] 填充",n:2/v:98,4,1,zk gk,900,686,fill
film,film,film,"n. a medium that disseminates moving pictures
n. photographic material consisting of a base of celluloid covered with a photographic emulsion; used to make negatives or transparencies
n. a thin coating or layer
n. a thin sheet of (usually plastic and usually transparent) material used to wrap or cover things","n. 软片, 薄膜, 胶卷, 电影
vt. 覆以薄膜, 拍摄
vi. 生薄膜, 拍电影",v:6/n:94,5,1,zk gk ielts,739,593,film
final,final,'fainl,"n. the final match between the winners of all previous matches in an elimination tournament
s. conclusive in a process or progression
s. not to be altered or undone","n. 期末考试, 结局, 决赛
a. 最后的, 终极的, 决定性的",j:82/n:18,5,1,zk gk cet4 ky toefl ielts,778,887,final
find,find,faind,"v. come upon, as if by accident; meet with
v. come upon after searching; find the location of something that was missed or lost
v. come to believe on the basis of emotion, intuitions, or indefinite grounds
v. obtain through effort or management","vt. 发现, 感到, 找到, 认为, 得到
vi. 裁决
n. 发现
[计] 查找; DOS外部命令:在指定的文件或从键盘输入的文本行中
寻找指定的字符串, 将符合条件的行或行数输出到标准输出设备上",n:1/v:99,5,1,zk gk,92,95,find
fine,fine,fain,"n. money extracted as a penalty
s. minutely precise especially in differences in meaning
s. thin in thickness or diameter
s. characterized by elegance or refinement or accomplishment","n. 罚款, 罚金, 晴天, 精细
a. 好的, 晴朗的, 健康的, 细小的, 精细的
vt. 罚款, 精炼, 澄清
vi. 变清, 变细
adv. 很好
[计] 精细",r:1/j:96/v:3,3,1,zk gk toefl ielts,660,704,fine
finger,finger,'fiŋgә,"n. any of the terminal members of the hand (sometimes excepting the thumb)
n. the length of breadth of a finger used as a linear measure
n. one of the parts of a glove that provides covering for a finger or thumb
v. feel or handle with the fingers","n. 手指, 指状物, (手套的)手指部分, 指针
v. 用手指拨弄, 伸出
[计] 网络命令",v:4/n:96,4,1,zk gk cet4 cet6 ky,1109,1042,finger
finish,finish,'finiʃ,"n. the place designated as the end (as of a race or journey)
n. designated event that concludes a contest (especially a race)
n. the downfall of someone (as of persons on one side of a conflict)
n. (wine tasting) the taste of a wine on the back of the tongue (as it is swallowed)","n. 完成, 结束, 末道漆, 磨光, 完美
vt. 完成, 结束, 用完, 毁掉
vi. 结束
[计] 完成",n:15/v:85,4,1,zk gk toefl,842,916,finish
fire,fire,'faiә,"n. the event of something burning (often destructive)
n. the act of firing weapons or artillery at an enemy
n. the process of combustion of inflammable materials producing heat and light and (often) smoke
n. a fireplace in which a relatively small fire is burning","n. 火, 炉火, 电炉, 火灾, 闪光体, 炮火, 热情
vt. 点燃, 烧制, 使发光, 激动, 放枪, 解雇
vi. 着火, 烧火, 开枪, 射击, 激动",v:30/n:70,2,1,zk gk ielts,693,653,fire
first,first,fә:st,"n. the first or highest in an ordering or series
n. the first element in a countable series
n. an honours degree of the highest class
a. preceding all others in time or space or degree","adv. 首先, 第一, 优先
a. 第一的
num. 第一
n. 开始, 第一",r:3/m:96/n:1,5,1,zk gk,79,86,first
fish,fish,fiʃ,"n. any of various mostly cold-blooded aquatic vertebrates usually having scales and breathing through gills
n. the flesh of fish used as food
v. seek indirectly
v. catch or try to catch fish or shellfish","n. 鱼, 鱼肉, 鱼类, 接合板
vt. 钓, 钓鱼, 查出, 用接合板连接
vi. 捕鱼, 钓鱼, 用钩捞取, 摸索寻找",v:12/n:88,4,1,zk gk ielts,954,947,fish
fisherman,fisherman,'fiʃәmәn,n. someone whose occupation is catching fish,"n. 渔夫, 钓鱼者, 渔船",n:100,2,0,zk gk cet4 cet6 ky,5287,4272,fisherman
fit,fit,fit,"n. a display of bad temper
n. the manner in which something fits
v. be the right size or shape; fit correctly or as desired
v. make fit","n. 适宜, 合身, 发作, 痉挛
a. 适宜的, 对的, 准备好的
vt. 适合, 安装, 使合身, 使适应, 使合格
vi. 适合, 符合, 合身
[计] 非特",n:9/j:21/v:70,2,1,zk gk toefl ielts,1046,1349,fit
five,five,faiv,"n. the cardinal number that is the sum of four and one
s. being one more than four","num. 五, 五个",m:100,5,0,zk gk,207,299,five
fix,fix,fiks,"n. informal terms for a difficult situation
n. something craved, especially an intravenous injection of a narcotic drug
n. an exemption granted after influence (e.g., money) is brought to bear
v. set or place definitely","vt. 使固定, 修理, 准备, 安装, 凝视, 牢记, 确定, 整理
vi. 固定, 注视, 确定
n. 困境, 方位, 维修, 贿赂",n:16/v:84,3,1,zk gk cet4 cet6 ky,1954,1850,fix
flag,flag,flæg,"n. emblem usually consisting of a rectangular piece of cloth of distinctive design
n. a rectangular piece of fabric used as a signalling device
n. stratified stone that splits into pieces suitable as paving stones
n. a conspicuously marked or shaped tail","n. 标志, 旗标, 旗子, 信号旗, 菖蒲
vt. 悬旗, 打旗号, 铺石板
vi. 无力地下垂
[计] 标志; 属性标记命令",v:7/n:93,3,1,zk gk cet4 cet6 ky toefl ielts gre,3502,2444,flag
flat,flat,flæt,"n. a level tract of land
n. a shallow box in which seedlings are started
n. a musical notation indicating one half step lower than the note named
n. a deflated pneumatic tire","a. 平坦的, 单调的, 无力的, 浅的, 萧条的, 干脆的, 无聊的
adv. 平直地, 断然地
n. 扁平物, 平面, 平地, 平原, 平板车
v. (使)变平",r:7/j:93,4,1,zk gk cet4 cet6 ky toefl ielts,1448,2569,flat
floor,floor,flɒ:,"n. the inside lower horizontal surface (as of a room, hallway, tent, or other structure)
n. a structure consisting of a room or set of rooms at a single position along a vertical scale
n. a lower limit
n. the ground on which people and animals move about","n. 地板, 楼层, 底部, 底价
vt. 铺地板, 打倒
n. 地面, 地板, 基底
[计] 基底",v:1/n:99,4,1,zk gk,791,639,floor
flower,flower,'flauә,"n. a plant cultivated for its blooms or blossoms
n. reproductive organ of angiosperm plants especially one having showy or colorful parts
n. the period of greatest prosperity or productivity","n. 花, 开花植物, 精华, 盛时
vi. 开花, 发育, 旺盛, 成熟
vt. 用花装饰, 使开花",v:5/n:95,4,1,zk gk ielts,1270,1489,flower
flu,flu,flu:,n an acute febrile highly contagious viral disease,"n. 流感, 流行性感冒",n:100,1,1,zk gk cet4 cet6 ky ielts,8041,5662,flu
fly,fly,flai,"n. two-winged insects characterized by active flight
n. an opening in a garment that is closed by a zipper or by buttons concealed under a fold of cloth
n. (baseball) a hit that flies up in the air
n. fisherman's lure consisting of a fishhook decorated to look like an insect","n. 苍蝇, 两翼昆虫, 飞行
vi. 飞, 飞翔, 飘扬, 逃走
vt. 飞, 飞越, 使飘扬, 逃出
a. 敏捷的",n:18/j:2/v:80,5,1,zk gk ielts,1106,943,fly
follow,follow,'fɒlәu,"v. to travel behind, go after, come after
v. come as a logical consequence; follow logically
v. travel along a certain course
v. come after in time, as a result","vt. 跟随, 沿行, 遵循, 追求
vi. 跟随, 接着
n. 跟随, 追随",n:1/v:99,5,1,zk gk cet4 cet6 ky,186,325,follow
food,food,fu:d,"n. any substance that can be metabolized by an animal to give energy and build tissue
n. any solid substance (as opposed to liquid) that is used as a source of nourishment
n. anything that provides mental stimulus for thinking","n. 食物, 养料
[医] 食物, 食品",n:100,5,1,zk gk ielts,466,366,food
foot,foot,fut,"n. the part of the leg of a human being below the ankle joint
n. a linear unit of length equal to 12 inches or a third of a yard
n. the lower part of anything
n. any of various organs of locomotion or attachment in invertebrates","n. 脚, 步调, 英尺, 底部, 末尾, 步兵
vt. 走在...上, 给...换底, 支付
vi. 跳舞, 步行, 总计",v:1/n:99,5,1,zk gk ielts,459,380,foot
football,football,'futbɒ:l,"n. any of various games played with a ball (round or oval) in which two teams try to kick or carry or propel the ball into each other's goal
n. the inflated oblong ball used in playing American football","n. 足球, 橄榄球",n:100,4,1,zk gk,1424,1534,football
for,for,fɒ:,"prep. In the most general sense, indicating that in consideration
   of, in view of, or with reference to, which anything is done or takes
   place.
prep. Indicating the antecedent cause or occasion of an action;
   the motive or inducement accompanying and prompting to an act or state;
   the reason of anything; that on account of which a thing is or is done.
prep. Indicating the remoter and indirect object of an act; the
   end or final cause with reference to which anything is, acts, serves,
   or is done.
prep. Indicating that in favor of which, or in promoting which,
   anything is, or is done; hence, in behalf of; in favor of; on the side
   of; -- opposed to against.
prep. Indicating that toward which the action of anything is
   directed, or the point toward which motion is made; /ntending to go to.
prep. Indicating that on place of or instead of which anything
   acts or serves, or that to which a substitute, an equivalent, a
   compensation, or the like, is offered or made; instead of, or place of.
prep. Indicating that in the character of or as being which
   anything is regarded or treated; to be, or as being.
prep. Indicating that instead of which something else controls in
   the performing of an action, or that in spite of which anything is
   done, occurs, or is; hence, equivalent to notwithstanding, in spite of;
   -- generally followed by all, aught, anything, etc.
prep. Indicating the space or time through which an action or
   state extends; hence, during; in or through the space or time of.
prep. Indicating that in prevention of which, or through fear of
   which, anything is done.
conj. Because; by reason that; for that; indicating, in Old
   English, the reason of anything.
conj. Since; because; introducing a reason of something before
   advanced, a cause, motive, explanation, justification, or the like, of
   an action related or a statement made. It is logically nearly
   equivalent to since, or because, but connects less closely, and is
   sometimes used as a very general introduction to something suggested by
   what has gone before.
n. One who takes, or that which is said on, the affrimative side;
   that which is said in favor of some one or something; -- the antithesis
   of against, and commonly used in connection with it.","prep. 为, 因为, 至于
conj. 因为
[计] DOS批处理命令:对一组参数重复执行指定的命令",i:99/c:1,5,1,zk gk,12,13,for
force,force,fɒ:s,"n. a powerful effect or influence
n. (physics) the influence that produces a change in a physical quantity
n. physical energy or intensity
n. group of people willing to obey orders","n. 力量, 武力, 势力, 影响力, 军队, 力, 效力
vt. 强迫, 强夺, 推动, 提高
[计] 人工转移; 强制",v:30/n:70,5,1,zk gk cet4 cet6 ky,369,372,force
foreign,foreign,'fɒ:rin,"a. of concern to or concerning the affairs of other nations (other than your own)
a. relating to or originating in or characteristic of another place or part of the world","a. 外国的, 外交的, 外省的, 外来的, 不相关的
[机] 外来的",j:100,2,1,zk gk ielts,621,689,foreign
foreigner,foreigner,'fɒ:rinә,"n. a person who comes from a foreign country; someone who does not owe allegiance to your country
n. someone who is excluded from or is not a member of a group","n. 外国人, 外地人
[法] 外国人, 进口货, 外国货",n:100,3,0,zk gk cet4 cet6 ky,4934,4887,foreigner
forest,forest,'fɒrist,"n. the trees and other plants in a large densely wooded area
n. land that is covered with trees and shrubs","n. 森林, 林区
vt. 植树于",v:1/n:99,3,1,zk gk cet4 cet6 ky ielts,1108,1108,forest
forget,forget,fә'get,"v. dismiss from the mind; stop remembering
v. be unable to remember
v. forget to do something
v. leave behind unintentionally","vt. 忘记, 忽略, 忘
vi. 忘记",v:100,4,1,zk gk,813,872,forget
fork,fork,fɒ:k,"n. cutlery used for serving and eating food
n. the region of the angle formed by the junction of two branches
n. an agricultural tool used for lifting or digging; has a handle and metal prongs
v. place under attack with one's own pieces, of two enemy pieces","n. 叉子, 叉状物, 分岔
vi. 分支, 分歧
vt. 做成叉形, 叉起
[计] 派生指令",v:5/n:95,2,1,zk gk cet4 cet6 ky,5592,3758,fork
form,form,fɒ:m,"n. the phonological or orthographic sound or appearance of a word that can be used to describe or identify something
n. a perceptual structure
n. the visual appearance of something or someone
n. a printed document with spaces in which to write","n. 形状, 形体, 类型, 方式, 表格, 形式
v. 形成, 排列, (使)组成
n. 表单
[计] 表单",v:37/n:63,3,1,zk gk ielts,239,523,form
forty,forty,'fɒ:ti,"n. the cardinal number that is the product of ten and four
s. being ten more than thirty","num. 四十, 四十个",m:100,5,0,zk gk,1350,3734,forty
forward,forward,'fɒ:wәd,"n. the person who plays the position of forward in certain games, such as basketball, soccer, or hockey
n. a position on a basketball, soccer, or hockey team
v. send or ship onward from an intermediate post or station in transit
a. at or near or directed toward the front","a. 向前的, 早的, 迅速的, 在前的, 进步的
vt. 促进...的生长, 转寄, 运送
adv. 向前地
[计] 前推, 转信",n:2/r:91/v:2/j:5,4,1,zk gk gre,734,815,forward
four,four,fɒ:,"n. the cardinal number that is the sum of three and one
s. being one more than three","num. 四, 四个
[机] 四冲程循环",m:99/n:1,5,0,zk gk,184,247,four
fourteen,fourteen,'fɒ:'ti:n,"n. the cardinal number that is the sum of thirteen and one
s. being one more than thirteen","num. 十四, 十四个",m:100,5,0,zk gk,2877,5498,fourteen
fourth,fourth,fɒ:θ,"n. following the third position; number four in a countable series
n. the musical interval between one note and another four notes away from it
s. coming next after the third and just before the fifth in position or time or degree or magnitude","num. 第四, 四分之一",m:100,4,0,zk gk,1543,1570,fourth
fox,fox,fɒks,"n. alert carnivorous mammal with pointed muzzle and ears and a bushy tail; most are predators that do not hunt in packs
n. the grey or reddish-brown fur of a fox
n. English statesman who supported American independence and the French Revolution (1749-1806)
n. English religious leader who founded the Society of Friends (1624-1691)","n. 狐狸, 狡猾的人
vi. 奸狡地行动, (书页)生斑, 变酸
vt. 欺骗, 使变酸, 为(鞋等)换面, 使生黄斑",v:2/n:98,2,0,zk gk cet4 cet6 ky,4616,6537,fox
free,free,fri:,"n. people who are free
v. grant freedom to; free from confinement
v. make (information) available for publication
v. free from obligations or duties","a. 自由的, 享受政治权力的, 允许的, 免费的, 丰富的
vt. 释放, 解放, 使自由
adv. 自由地, 免费",j:88/v:12,5,1,zk gk,497,473,free
freeze,freeze,fri:z,"n. the withdrawal of heat to change something from a liquid to a solid
n. weather cold enough to cause freezing
n. an interruption or temporary suspension of progress or movement
n. fixing (of prices or wages etc) at a particular level","vi. 冻结, 冷冻, 僵硬, 楞住
vt. 使结冰, 使冻住, 使呆住
n. 结冰, 凝固
[计] 冻结",n:17/v:83,3,1,zk gk cet4 cet6 ky,3516,2807,freeze
fresh,fresh,freʃ,"a. recently made, produced, or harvested
s. (of a cycle) beginning or occurring again
s. original and of a kind not seen before
a. not canned or otherwise preserved","a. 新鲜的, 新奇的, 另外的, 淡的, 精神饱满的, 冒失的
adv. 最新地, 刚刚
n. 开始, 泛滥",j:100,4,1,zk gk cet4 cet6 ky,1368,1107,fresh
Friday,friday,'fraidi,n. the sixth day of the week; the fifth working day,n. 星期五,,4,1,zk gk ielts,1621,0,friday
fridge,fridge,fridʒ,n a refrigerator in which the coolant is pumped around by an electric motor,n. 电冰箱,n:100,2,1,zk cet4 cet6 ky ielts,5453,9318,fridge
friend,friend,frend,"n. a person you know well and regard with affection and trust
n. a member of the Religious Society of Friends founded by George Fox (the Friends have never called themselves Quakers)","n. 朋友, 支持者, 赞助者
[法] 朋友, 友人, 赞助者",n:100,5,1,zk gk,281,265,friend
friendly,friendly,'frendli,"n. troops belonging to or allied with your own military forces
a. characteristic of or befitting a friend
s. inclined to help or support; not antagonistic or hostile
a. easy to understand or use","a. 友好的, 亲切的, 互助的
adv. 友善地, 温和地",j:96/n:4,3,1,zk gk,2241,2760,friendly
friendship,friendship,'frendʃip,n. the state of being friends (or friendly),"n. 友谊, 友爱, 友善",n:100,3,1,zk gk,3092,3036,friendship
frog,frog,frɒg,"n. any of various tailless stout-bodied amphibians with long hind limbs for leaping; semiaquatic and terrestrial species
n. a person of French descent
n. a decorative loop of braid or cord
v. hunt frogs for food","n. 青蛙
[医] 蛙, 马蹄叉",n:100,1,0,zk gk cet4 cet6 ky,5747,5370,frog
from,from,frɒm,"prep. Out of the neighborhood of; lessening or losing proximity
   to; leaving behind; by reason of; out of; by aid of; -- used whenever
   departure, setting out, commencement of action, being, state,
   occurrence, etc., or procedure, emanation, absence, separation, etc.,
   are to be expressed. It is construed with, and indicates, the point of
   space or time at which the action, state, etc., are regarded as setting
   out or beginning; also, less frequently, the source, the cause, the
   occasion, out of which anything proceeds; -- the aritithesis and
   correlative of to; as, it, is one hundred miles from Boston to
   Springfield; he took his sword from his side; light proceeds from the
   sun; separate the coarse wool from the fine; men have all sprung from
   Adam, and often go from good to bad, and from bad to worse; the merit
   of an action depends on the principle from which it proceeds; men judge
   of facts from personal knowledge, or from testimony.","prep. 从, 来自, 根据",i:100,5,1,zk gk,27,26,from
front,front,frʌnt,"n. the side that is forward or prominent
n. the outward appearance of a person
n. the side that is seen or that goes first
n. a sphere of activity involving effort","n. 前面, 开头, 前线, 阵线, 态度
vt. 面对, 朝向, 对抗
vi. 朝向",i:38/r:2/j:33/v:2/n:25,5,1,zk gk,1185,1087,front
fruit,fruit,fru:t,"n. the ripened reproductive body of a seed plant
n. the consequence of some effort or action
v. cause to bear fruit
v. bear fruit","n. 水果, 果类, 结果
[医] 果实, 种实",v:1/n:99,4,1,zk gk ielts,1809,1662,fruit
full,full,ful,"v. beat for the purpose of cleaning and thickening
v. make (a garment) fuller by pleating or gathering
a. containing as much or as many as is possible or normal
s. complete in extent or degree and in every particular","n. 全部, 完整
a. 充满的, 完全的, 丰富的, 完美的, 丰满的, 详尽的
adv. 完全地, 整整, 十分
vt. 把(衣服等)缝得宽松, 漂洗
[计] 完整",r:4/j:96,5,1,zk gk,309,503,full
fun,fun,fʌn,"n. activities that are enjoyable or amusing
n. verbal wit or mockery (often at another's expense but not to be taken seriously)
n. violent and excited activity","n. 乐趣, 玩笑, 娱乐
vi. 开玩笑
a. 供娱乐用的",j:48/n:52,4,1,zk gk,2497,1888,fun
funny,funny,'fʌni,s. experiencing odd bodily sensations,"a. 好笑的, 有趣的, 滑稽的
n. 滑稽人物",j:99/n:1,3,1,zk gk cet4 ky,1942,1789,funny
furniture,furniture,'fәnitʃә,n. furnishings that make a room or other area ready for occupancy,"n. 家具, 帆具",n:100,3,1,zk gk cet4 cet6 ky toefl ielts,2428,2669,furniture
future,future,'fju:tʃә,"n. the time yet to come
n. a verb tense that expresses actions or states in the future
n. bulk commodities bought or sold at an agreed price for delivery at a specified future date
a. yet to be or coming","n. 未来, 将来
a. 将来的, 未来的",j:36/n:64,5,1,zk gk ielts,639,654,future
game,game,geim,"n. a contest with rules to determine a winner
n. a single play of a sport or other contest
n. an amusement or pastime
n. animal hunted for food or sport","n. 比赛, 玩耍, 比分, 得胜, 比赛规则, 策略, 游戏, 野味
vi. 赌博
a. 勇敢的, 有胆量的, 关于野味的, 跛的
[计] 博弈; 对策",v:1/n:99,5,1,zk gk,464,273,game
garden,garden,'gɑ:dn,"n. a plot of ground where plants are cultivated
n. the flowers or vegetables or fruits or herbs that are cultivated in a garden
n. a yard or lawn adjoining a house
v. work in the garden","n. 花园, 果园, 菜园
vi. 栽培花木
vt. 造园
a. 花园的, 普通的",v:1/n:99,4,1,zk gk ielts,700,1043,garden
gate,gate,geit,"n. a movable barrier in a fence or wall
n. a computer circuit with several inputs but only one output that can be activated by particular combinations of inputs
n. total admission receipts at a sports event
n. passageway (as in an air terminal) where passengers can embark or disembark","n. 门, 牌楼, 大门, 通道, 闸
vt. 装门于
[计] 门; 栅",v:1/n:99,3,1,zk gk,1707,2010,gate
general,general,'dʒenәrәl,"n. a general officer of the highest rank
n. the head of a religious order or congregation
n. a fact about the whole (as opposed to particular)
v. command as a general","n. 一般, 将军, 大体
a. 全面的, 大体的, 总的, 一般的, 普遍的
n. 常规
[计] 常规",r:17/j:66/n:17,5,1,zk gk cet4 cet6 ky toefl ielts,301,804,general
gentleman,gentleman,'dʒentlmәn,n. a man of refinement,"n. 绅士, 先生",n:100,3,1,zk gk cet4 cet6 ky,1455,2447,gentleman
geography,geography,dʒi'ɒgrәfi,n. study of the earth's surface; includes people's responses to topography and climate and soil and vegetation,"n. 地理学, 地理
[医] 地理",n:100,2,1,zk gk cet4 cet6 ky ielts,3967,5163,geography
gesture,gesture,'dʒestʃә,"n. motion of hands or body to emphasize or help to express a thought or feeling
n. the use of movements (especially of the hands) to communicate familiar or prearranged signals
n. something done as an indication of intention","n. 手势, 姿态
vi. 作手势, 作姿态",v:23/n:77,3,0,zk gk cet4 cet6 ky ielts gre,2883,2969,gesture
get,get,get,"n. a return on a shot that seemed impossible to reach and would normally have resulted in a point for the opponent
v. come into the possession of something concrete or abstract
v. cause to move; cause to be in a certain position or condition
v. succeed in catching or seizing, especially after a chase","vt. 得到, 获得, 变成, 使得, 收获, 接通, 抓住, 染上
vi. 到达, 成为, 变得
n. (网球等)救球, 生殖, 幼兽
[计] 取得指令, 获取文件",v:100,5,1,zk gk ielts,41,39,get
gift,gift,gift,n. something acquired without compensation,"n. 礼物, 赠予, 天才
vt. 赋予",v:1/n:99,3,1,zk gk,1914,1382,gift
giraffe,giraffe,dʒi'rɑ:f,n. tallest living quadruped; having a spotted coat and small horns and very long neck and legs; of savannahs of tropical Africa,"n. 长颈鹿, 鹿豹座",n:100,0,0,zk gk,20489,15421,giraffe
girl,girl,gә:l,"n. a young woman
n. a friendly informal reference to a grown woman","n. 女孩, 少女, 女佣",n:100,5,1,zk gk,362,363,girl
give,give,giv,"n. the elasticity of something that can be stretched and returns to its original length
v. cause to have, in the abstract sense or physical sense
v. transfer possession of something concrete or abstract to somebody
v. convey or reveal information","n. 弹性, 适应性
vt. 给, 授予, 供给, 产生, 发表, 付出, 献出, 让出
vi. 捐赠, 支持不住, 让步",v:100,5,1,zk gk ielts,71,98,give
glad,glad,glæd,"a. showing or causing joy and pleasure; especially made happy
s. eagerly disposed to act or to be of service
s. feeling happy appreciation","a. 高兴的, 喜欢的, 情愿的",j:100,3,1,zk gk,2185,2269,glad
glass,glass,glɑ:s,"n. a brittle transparent solid with irregular atomic structure
n. a container for holding liquids while drinking
n. the quantity a glass will hold
n. glassware collectively","n. 玻璃, 玻璃杯, 透镜
vt. 装玻璃于, 反射, 反映
vi. 成玻璃状",v:1/n:99,4,1,zk gk ielts,844,820,glass
glove,glove,glʌv,n. handwear: covers the hand and wrist,"n. 手套
vt. 给...戴手套",n:100,2,1,zk gk cet4 cet6 ky,4535,3095,glove
go,go,gou,"n. a time for working (after which you will be relieved by someone else)
n. a board game for two players who place counters on a grid; the object is to surround and so capture the opponent's counters
v. follow a procedure or take a course
v. move away from a place into another direction","vi. 去, 走, 达到, 运转, 查阅, 消失, 结束, 放弃, 花费, 流传, 趋于, 打算, 剩下
vt. 以...打赌, 对付, 忍受, 出产, 为被捕者出(保释金)
n. 去, 尝试, 进行",v:100,5,1,zk gk ielts,44,35,go
goat,goat,gәut,n. any of numerous agile ruminants related to sheep but having a beard and straight horns,"n. 山羊, 替罪羊, 色鬼",n:100,2,0,zk gk cet4 cet6 ky,5117,4674,goat
God,god,^ɔd,"n. the supernatural being conceived as the perfect and omnipotent and omniscient originator and ruler of the universe; the object of worship in monotheistic religions
n. a man of such superior qualities that he seems like a deity to other people","n. 上帝, 神像, 偶像
vt. 使神化",n:100,4,1,zk gk cet4 ky,492,2809,god
gold,gold,gәuld,"n. coins made of gold
n. a soft yellow malleable ductile (trivalent and univalent) metallic element; occurs mainly as nuggets in rocks and alluvial deposits; does not react with most chemicals but is attacked by chlorine and aqua regia
n. great wealth
n. something likened to the metal in brightness or preciousness or superiority etc.","n. 黄金, 钱财, 金块, 金色, 宝贵
a. 金的, 似金的, 金色的, 金制的",j:7/n:93,4,1,zk gk cet4 ky ielts,1278,1256,gold
golden,golden,'gәuldn,"s. marked by peace and prosperity
s. suggestive of gold
s. presaging or likely to bring good luck","a. 金的, 含金的, 金色的, 贵重的, 繁盛的
[法] 金制的, 金色的, 兴隆的",j:100,3,0,zk gk cet4 cet6 ky,2240,1821,golden
good,good,gud,"n. benefit
n. moral excellence or admirableness
n. that which is pleasing or valuable or useful
a. having desirable or positive qualities especially those suitable for a thing specified","n. 善行, 好处, 利益
a. 好的, 优良的, 上等的, 愉快的, 有益的, 好心的, 慈善的, 虔诚的",r:2/j:94/n:4,5,1,zk gk ielts,73,110,good
goodbye,goodbye,gud'bai,n a farewell remark,interj. 再见,u:100,2,1,zk,5756,5578,goodbye
goose,goose,gu:s,"n. web-footed long-necked typically gregarious migratory aquatic birds usually larger and less aquatic than ducks
n. flesh of a goose (domestic or wild)
v. pinch in the buttocks
v. prod into action","n. 鹅, 雌鹅, 鹅肉, 弯把熨斗
vt. 与...性交, 突然加大油门, 使生色, 喝倒彩",n:100,2,0,zk gk cet4 cet6 ky,6076,5529,goose
government,government,'gʌvәnmәnt,"n. the organization that is the governing authority of a political unit
n. the act of governing; exercising authority
n. (government) the system or form by which a community or other political unit is governed","n. 政府, 内阁
[经] 政府, 政治, 政体",n:100,5,1,zk gk cet4 cet6 ky ielts,124,201,government
grade,grade,greid,"n. a relative position or degree of value in a graded group
n. the gradient of a slope or road or other surface
n. a degree of ablaut
n. the height of the ground on which something stands","n. 等级, 年级, 阶段, 成绩, 程度, 坡度, 斜坡
vt. 分等, 分级, 评分
vi. 属于某等级, 逐渐变化",v:14/n:86,3,1,zk gk ielts,2822,1426,grade
grammar,grammar,'græmә,n. the branch of linguistics that deals with syntax and morphology (and sometimes also deals with semantics),"n. 语法学, 入门书
[计] 语法检查",n:100,2,1,zk gk cet4 cet6 ky ielts,2979,8367,grammar
grandchild,grandchild,'^rændtʃaild,n. a child of your son or daughter,"n. 孙, 外孙女, 外孙, 孙女, 孙子",n:100,2,1,zk gk,19714,4393,grandchild
granddaughter,granddaughter,'^rændɔ:tә(r),n. a female grandchild,"n. 孙女, 外孙女",n:100,1,1,zk gk cet4 cet6,11766,8528,granddaughter
grandfather,grandfather,'grændfɑ:ðә,n. the father of your father or mother,"n. 祖父, 始祖
[电] 原始资料组",n:100,2,1,zk cet4 cet6,4184,2950,grandfather
grandma,grandma,'grændmɑ:,n. the mother of your father or mother,"n. 奶奶, 外婆",n:100,1,0,zk,9295,9804,grandma
grandmother,grandmother,'grændmʌðә,n the mother of your father or mother,"n. 祖母, 女祖先",n:100,2,1,zk cet4 cet6 ky,4338,2495,grandmother
grandpa,grandpa,"'^rænpɑ:, '^rændpɑ:",n the father of your father or mother,"爷爷, 老太爷, 外公",n:100,0,0,zk,17273,14478,grandpa
grandparent,grandparent,'grændperәnt,n. a parent of your father or mother,n. 祖父母,n:100,1,1,zk,7634,4679,grandparent
grandson,grandson,'grændsʌn,n. a male grandchild,"n. 孙子, 外孙",n:100,1,1,zk gk cet4 cet6,6942,6641,grandson
granny,granny,'^ræni,n. an old woman,"n. 奶奶, 老奶奶, 老婆婆, 外婆, 婆婆妈妈的人, 唠叨挑剔的人, 接生婆",n:100,1,0,zk gk,7205,18824,granny
grape,grape,greip,"n. any of various juicy fruit of the genus Vitis with green or purple skins; grow in clusters
n. any of numerous woody vines of genus Vitis bearing clusters of edible berries","n. 葡萄, 葡萄树
[医] 葡萄",n:100,2,0,zk gk cet4 cet6 ky,6533,4764,grape
grass,grass,græs,"n. narrow-leaved green herbage: grown as lawns; used as pasture for grazing animals; cut and dried as hay
n. German writer of novels and poetry and plays (born 1927)
v. shoot down, of birds
v. cover with grass","n. 草, 草原, 牧场
[医] 草, 禾本",v:1/n:99,3,1,zk gk ielts,2003,2014,grass
great,great,greit,"n. a person who has achieved distinction and honor in some field
s. relatively large in size or number or extent; larger than others of its kind
s. of major significance or importance
s. remarkable or out of the ordinary in degree or magnitude or effect","a. 大的, 非常的, 主要的, 重大的, 崇高的, 伟大的
adv. 顺利地, 得意地
n. 全部, 大人物, 大师",r:2/j:98,5,1,zk gk,129,160,great
green,green,gri:n,"n. green color or pigment; resembling the color of growing grass
n. United States labor leader who was president of the American Federation of Labor from 1924 to 1952 and who led the struggle with the Congress of Industrial Organizations (1873-1952)
n. an environmentalist who belongs to the Green Party
n. a river that rises in western Wyoming and flows southward through Utah to become a tributary of the Colorado River","n. 绿色, 绿色颜料
a. 绿色的, 未成熟的, 新鲜的, 青春的, 无经验的, 脸色发青的",j:72/v:1/n:27,5,1,zk gk ielts gre,985,890,green
greeting,greeting,'gri:tiŋ,n. (usually plural) an acknowledgment or expression of good will (especially on meeting),"n. 祝贺, 问候",n:100,1,0,zk gk cet4 cet6 ky,6498,6324,greeting
ground,ground,graund,"n. a position to be won or defended in battle (or as if in battle)
n. a relatively homogeneous percept extending back of the figure on which attention is focused
n. a connection between an electrical device and a large conducting body, such as the earth (which is taken to be at zero voltage)
n. (art) the surface (as a wall or canvas) prepared to take the paint for a painting","n. 土地, 战场, 场地, 地面, 范围
a. 土地的, 地面上的
vt. 放在地上, 使搁浅, 打基础, 给...以训练
vi. 搁浅, 落地, 根据, 基于
a. 磨过的
grind的过去式和过去分词",v:4/j:4/n:92,5,1,zk gk ielts,455,522,ground
group,group,gru:p,"n. any number of entities (members) considered as a unit
n. (chemistry) two or more atoms bound together as a single unit and forming part of a molecule
n. a set that is closed, associative, has an identity element and every element has an inverse
v. arrange into a group or groups","n. 团体, 组, 团, 群
v. 聚合, 成群
[计] 创建组; 组, 用户组",v:1/n:99,5,1,zk gk ielts gre,142,163,group
grow,grow,grәu,"v. become larger, greater, or bigger; expand or gain
v. increase in size by natural process
v. cause to grow or develop
v. cultivate by growing, often involving improvements by means of agricultural techniques","vt. 种植, 使长满
vi. 生长, 变成, 发展",v:100,5,1,zk gk,524,353,grow
guard,guard,gɑ:d,"n. a person who keeps watch over something or someone
n. the person who plays that position on a football team
n. a device designed to prevent injury or accidents
n. a posture of defence in boxing or fencing","n. 守卫者, 警戒, 护卫队, 防护装置
vt. 保卫, 看守, 当心
vi. 防止, 警惕, 警卫, 看守",v:21/n:79,4,1,zk gk cet4 cet6 ky,2247,1284,guard
guess,guess,ges,"n. a message expressing an opinion based on incomplete evidence
n. an estimate based on little or no information
v. put forward, of a guess, in spite of possible refutation
v. guess correctly; solve by guessing","n. 猜测, 臆测
v. 猜测, 臆测",n:9/v:91,4,1,zk gk,2218,862,guess
guest,guest,gest,"n. a visitor to whom hospitality is extended
n. United States journalist (born in England) noted for his syndicated homey verse (1881-1959)
n. a customer of a hotel or restaurant etc.","n. 客人, 来宾, 旅客
[化] 客体",v:1/n:99,4,1,zk gk ielts,1649,1310,guest
guitar,guitar,gi'tɑ:,n. a stringed instrument usually having six strings; played by strumming or plucking,n. 吉他,n:100,3,0,zk gk cet6 ky ielts,2516,3658,guitar
gun,gun,gʌn,"n. a weapon that discharges a missile at high velocity (especially from a metal tube or barrel)
n. the discharge of a firearm as signal or as a salute in military ceremonies
v. shoot with a gun","n. 枪
[医] 枪",v:3/n:97,4,1,zk gk cet4 cet6 ky,1706,840,gun
gym,gym,dʒim,n athletic facility equipped for sports or physical training,"n. +体育馆, 体育训练, 体育课, 体操",n:100,2,0,zk ielts,9878,3876,gym
gymnasium,gymnasium,dʒim'neiziәm,n. athletic facility equipped for sports or physical training,"n. 健身房, 体育馆
[医] 体育馆, 健身室, 运动场",n:100,1,0,zk cet4 cet6 ky ielts,15478,13057,gymnasium
habit,habit,'hæbit,"n. an established custom
n. (psychology) an automatic pattern of behavior in reaction to a specific situation; may be inherited or acquired through frequent repetition
n. a distinctive attire worn by a member of a religious order
n. the general form or mode of growth (especially of a plant or crystal)","n. 习惯, 嗜好, 习性
vt. 使穿衣",n:100,3,1,zk gk cet4 cet6 ky ielts,2239,2308,habit
hair,hair,hєә,"n. a covering for the body (or parts of it) consisting of a dense growth of threadlike structures (as on the human head); helps to prevent heat loss
n. filamentous hairlike growth on a plant
n. any of the cylindrical filaments characteristically growing from the epidermis of a mammal
n. a filamentous projection or process on an organism","n. 头发, 毛发, 些微
[医] 毛, 发",n:100,4,1,zk gk,668,602,hair
half,half,hɑ:f,"n. one of two divisions into which some games or performances are divided: the two divisions are separated by an interval
s. consisting of one of two equivalent parts in value or quantity
s. partial
a. (of siblings) related through one parent only","n. 一半, 半场, 不完全
a. 一半的, 不完全的, 部分的, 半场的
adv. 一半地, 部分地, 在某种程度上地, 几乎",r:5/d:73/n:22,5,1,zk gk,470,547,half
hall,hall,hɒ:l,"n. a large room for gatherings or entertainment
n. English writer whose novel about a lesbian relationship was banned in Britain for many years (1883-1943)
n. United States child psychologist whose theories of child psychology strongly influenced educational psychology (1844-1924)
n. United States chemist who developed an economical method of producing aluminum from bauxite (1863-1914)","n. 门厅, 走廊, 会堂",n:100,3,1,zk gk cet4 cet6 ky toefl ielts,800,1839,hall
ham,ham,hæm,"n. meat cut from the thigh of a hog (usually smoked)
n. (Old Testament) son of Noah
n. a licensed amateur radio operator
n. an unskilled actor who overacts","n. 火腿, 后腿, 笨拙演员
a. 过火的, 做作的
v. 演得过火",v:3/n:97,2,0,zk gk cet6 ky toefl,6147,6170,ham
hamburger,hamburger,'hæmbә:gә,"n. a sandwich consisting of a fried cake of minced beef served on a bun, often with other ingredients","n. 汉堡(德国港口), 肉饼, 汉堡包, 纯精牛肉, 汉堡牛排",n:100,1,0,zk gk cet4 cet6 ky toefl,14356,7483,hamburger
hand,hand,hænd,"n. the (prehensile) extremity of the superior limb
n. ability
n. a position given by its location to the side of an object
n. the cards held in a card game by a given player at any given time","n. 手, 爪, 指针, 掌握, 协助, 人手, 手艺, 手迹, 支配, 插手
vt. 交给, 支持, 搀扶",v:8/n:92,4,1,zk gk ielts,163,174,hand
handbag,handbag,'hændbæg,n a container used for carrying money and small personal items or accessories (especially by women),n. 手提包,n:100,1,0,zk gk,7266,11790,handbag
handsome,handsome,'hænsәm,"s pleasing in appearance especially by reason of conformity to ideals of form and proportion
s given or giving freely","a. 英俊的, 大方的, 慷慨的, 相当可观的, 美观的, 灵敏的",j:100,2,0,zk gk cet4 cet6 ky ielts,4033,3838,handsome
handwriting,handwriting,'hændraitiŋ,"n. something written by hand
n. the activity of writing by hand",n. 笔迹,n:100,1,0,zk gk cet4 cet6 ky,7825,9204,handwriting
hang,hang,hæŋ,"n. the way a garment hangs
n. a gymnastic exercise performed on the rings or horizontal bar or parallel bars when the gymnast's weight is supported by the arms
v. be suspended or hanging
v. cause to be hanging or suspended","n. 悬挂, 诀窍, 意义
vt. 悬挂, 附着, 装饰, 垂下, 踌躇, 绞死, 使悬而未决
vi. 悬着, 垂下, 被绞死, 悬而不决",n:2/v:98,4,1,zk gk cet4 cet6 ky toefl ielts,1069,867,hang
happen,happen,'hæpәn,"v. come to pass
v. happen, occur, or be the case in the course of events or by chance
v. chance to be or do something, without intention or causation
v. come into being; become reality","vi. 发生, 发生, 恰巧",v:100,5,1,zk gk cet4 ky,275,216,happen
happy,happy,'hæpi,"a. enjoying or showing or marked by joy or pleasure
s. well expressed and to the point","a. 快乐的, 幸福的, 愉快的, 恰当的",j:100,4,1,zk gk,777,747,happy
hard,hard,hɑ:d,"a. dispassionate; 
a. resisting weight or pressure
s. very strong or vigorous
a. (of light) transmitted directly from a pointed light source","a. 坚硬的, 硬的, 难的, 艰苦的, 困难的, 坚固的, 猛烈的, 艰难的, 结实的, 确实的
adv. 坚硬地, 努力地, 辛苦地, 接近地, 猛烈地, 牢固地",r:37/j:63,5,1,zk gk ielts,573,438,hard
hardly,hardly,'hɑ:dli,r. almost not,"adv. 刚刚, 几乎不, 勉强是",r:100,4,1,zk gk cet4 cet6 ky toefl,1135,1741,hardly
hat,hat,hæt,"n. headdress that protects the head from bad weather; has shaped crown and usually a brim
n. an informal term for a person's role
v. put on or wear a hat
v. furnish with a hat","n. 帽子
vt. 给...戴帽子",n:100,3,1,zk gk ielts,2209,2015,hat
hate,hate,heit,"n. the emotion of intense dislike; a feeling of dislike so strong that it demands action
v. dislike intensely; feel antipathy or aversion towards","n. 憎恨, 恨, 厌恶
vt. 憎恨, 憎恶
vi. 仇恨",n:14/v:86,3,1,zk gk cet4 cet6 ky,1839,1526,hate
have,have,hæv,"v. have or possess, either in a concrete or an abstract sense
v. have as a feature
v. have a personal or business relationship with someone
v. have left","vt. 有, 怀有, 拿, 进行
aux. 已经",n:1/v:99,5,1,zk gk,8,8,have
he,he,hi:,n. the 5th letter of the Hebrew alphabet,"pron. 他
n. 男孩, 男人, 雄性动物",p:100,5,1,zk gk,11,15,he
head,head,hed,"n. the upper part of the human body or the front part of the body in animals; contains the face and brains
n. a single domestic animal
n. a person who is in charge
n. the front of a military formation or procession","n. 头, 头脑, 领袖, 脑袋, 最前的部分
vt. 为首, 朝向, 前进, 用头顶
vi. 朝特定方向行进, (作物)结穗
a. 头的, 在顶端的, 主要的
[计] 磁头; 冲头",v:20/j:3/n:77,5,1,zk gk toefl,209,251,head
headache,headache,'hedeik,n. pain in the head caused by dilation of cerebral arteries or muscle contractions or a reaction to drugs,"n. 头痛, 令人头痛之事
[医] 头痛",n:100,2,1,zk gk cet4 cet6 ky ielts,5005,4745,headache
health,health,'helθ,"n. a healthy state of wellbeing free from disease
n. the general condition of body and mind","n. 健康, 卫生, 蓬勃, 健康状态
[医] 健康",n:100,5,1,zk gk ielts,373,344,health
healthy,healthy,'helθi,"a. having or indicating good health in body or mind; free from infirmity or disease
s. financially secure and functioning well
s. promoting health; healthful
s. exercising or showing good judgment","a. 健康的, 有益健康的, 卫生的
[医] 健康的",j:100,3,1,zk gk,2199,1468,healthy
hear,hear,hiә,"v. perceive (sound) via the auditory sense
v. examine or hear (evidence or a case) by judicial process
v. receive a communication from someone","vt. 听到, 倾听, 听说, 审理
vi. 听见, 听",v:100,5,1,zk gk,238,195,hear
heart,heart,hɑ:t,"n. the locus of feelings and intuitions
n. the hollow muscular organ located behind the sternum and between the lungs; its rhythmic contractions move the blood through the body
n. the courage to carry on
n. an inclination or tendency of a certain kind","n. 心, 心脏, 中心, 内心, 感情, 精神, 心情, 宝贝儿
vt. 鼓励",n:100,4,1,zk gk ielts,654,460,heart
heat,heat,hi:t,"n. a form of energy that is transferred by a difference in temperature
n. the sensation caused by heat energy
n. the trait of being intensely emotional
n. a preliminary race in which the winner advances to a more important race","n. 热, 热度, 体温, 高潮
vi. 加热, 激昂, 加剧
vt. 把...加热, 使激动",v:15/n:85,4,1,zk gk cet4 cet6 ky,1699,1009,heat
heaven,heaven,'hevn,n. the abode of God and the angels,"n. 天堂, 上帝, 天空",n:100,3,1,zk gk cet4 cet6 ky toefl,2649,2626,heaven
heavy,heavy,'hevi,"n. an actor who plays villainous roles
n. a serious (or tragic) role in a play
a. of comparatively great physical weight or density
a. unusually great in degree or quantity or number","a. 重的, 巨大的, 沉重的, 笨重的, 过度的
adv. 沉重地
n. 重物, 严肃角色",r:1/j:99,4,1,zk gk ielts,943,1005,heavy
height,height,hait,n. the vertical dimension of extension; distance from the base of something to the top,"n. 高度, 海拔, 高地, 顶点
[化] 高度",n:100,3,1,zk gk cet4 cet6 ky toefl ielts,1913,2040,height
hello,hello,hә'lәu,n. an expression of greeting,"interj. 喂, 嘿",u:97/n:3,3,1,zk gk,2319,2238,hello
help,help,help,"v. give help or assistance; be of service
v. improve the condition of
v. be of use
v. contribute to the furtherance of","n. 帮忙, 帮助者, 补救办法, 有益的东西
vt. 帮助, 帮忙, 接济, 治疗, 款待
vi. 有用, 救命, 招待
[计] 帮助, 帮助程序; DOS外部命令: DOS命令的电子文件帮助程序",n:17/v:83,5,1,zk gk,204,167,help
helpful,helpful,'helpful,a. providing assistance or serving a useful function,"a. 有帮助的, 有益的, 有用的",j:100,2,1,zk gk cet4 cet6 ky toefl,2582,3054,helpful
hen,hen,hen,"n. adult female chicken
n. adult female bird
n. flesh of an older chicken suitable for stewing
n. female of certain aquatic animals e.g. octopus or lobster","n. 母鸡, 雌禽",n:100,2,0,zk gk cet4 ky,6080,7934,hen
her,her,hә:,"pron. & a. The form of the objective and the possessive case of
   the personal pronoun she; as, I saw her with her purse out.
pron. pl. Alt. of Here","pron. 她的, 她",a:70/p:30,5,1,zk gk,42,42,her
here,here,hiә,"n. the present location; this place
s. being here now
r. in or at this place; where the speaker or writer is
r. in this circumstance or respect or on this point or detail","adv. 在这里, 此时, 这里
n. 这里",r:99/n:1,5,1,zk gk,117,96,here
hero,hero,'hiәrәu,"n. a man distinguished by exceptional courage and nobility and strength
n. the principal character in a play or movie or novel or poem
n. Greek mathematician and inventor who devised a way to determine the area of a triangle and who described various mechanical devices (first century)
n. (classical mythology) a being of great strength and courage celebrated for bold exploits; often the offspring of a mortal and a god","n. 英雄, 超越常人者, 男主角",n:100,3,1,zk gk cet4 cet6 ky ielts,2477,1912,hero
hers,hers,hә:z,"pron. See the Note under Her, pron.",pron. 她的,p:100,2,1,zk gk,3071,3849,hers
herself,herself,hә:'self,"pron. An emphasized form of the third person feminine
   pronoun; -- used as a subject with she; as, she herself will bear the
   blame; also used alone in the predicate, either in the nominative or
   objective case; as, it is herself; she blames herself.
pron. Her own proper, true, or real character; hence, her
   right, or sane, mind; as, the woman was deranged, but she is now
   herself again; she has come to herself.","pron. 她自己, 她亲自",p:100,5,1,zk gk,582,792,herself
hide,hide,haid,"n. the dressed skin of an animal (especially a large animal)
n. body covering of a living animal
v. prevent from being seen or discovered
v. be or go into hiding; keep out of sight, as for protection and safety","n. 兽皮, 迹象, 躲藏处
vt. 藏, 隐瞒, 遮避, 剥...的皮, 隐藏
vi. 躲藏
[计] 隐藏",n:5/v:95,3,1,zk gk cet4 cet6 ky toefl gre,1486,1255,hide
high,high,hai,"n. a lofty level or position or degree
n. an air mass of higher than normal pressure
n. a state of sustained elation
n. a state of altered consciousness induced by alcohol or narcotics","n. 高度, 高处
a. 高的, 高级的, 主要的, 高尚的, 高原的, 高音的, 昂贵的, 傲慢的
adv. 高度地, 奢侈地",r:3/j:96/n:1,5,1,zk gk,152,141,high
hill,hill,hil,"n. a local and well-defined elevation of the land
n. United States railroad tycoon (1838-1916)
n. risque English comedian (1925-1992)
v. form into a hill","n. 小山, 丘陵, 小土堆
vt. 作成土堆, 堆成小丘",n:100,3,1,zk gk,1134,1800,hill
him,him,him,"pron. Them. See Hem.
pron. The objective case of he. See He.",pron. 他,p:100,5,1,zk gk,0,68,him
himself,himself,him'self,"pron. An emphasized form of the third person masculine
   pronoun; -- used as a subject usually with he; as, he himself will bear
   the blame; used alone in the predicate, either in the nominative or
   objective case; as, it is himself who saved himself.
pron. One's true or real character; one's natural temper and
   disposition; the state of being in one's right or sane mind (after
   unconsciousness, passion, delirium, or abasement); as, the man has come
   to himself.
pron. pl. Alt. of Himselven","pron. 他自己, 他亲自",p:100,5,1,zk gk,286,367,himself
his,his,hiz,"pron. Belonging or pertaining to him; -- used as a pronominal
   adjective or adjective pronoun; as, tell John his papers are ready;
   formerly used also for its, but this use is now obsolete.
pron. The possessive of he; as, the book is his.","pron. 他的
[化] 组氨酸",a:98/p:2,5,1,zk gk,25,25,his
history,history,'histәri,"n. the aggregate of past events
n. a record or narrative description of past events
n. the discipline that records and interprets past events involving human beings
n. the continuum of events occurring in succession leading from the past to the present and even into the future","n. 历史, 过去, 经历, 发展过程, 历史学, 过去的事, 历史记录
[计] 历史记录",n:100,5,1,zk gk cet4 cet6 ky ielts,496,350,history
hit,hit,hit,"n. (baseball) a successful stroke in an athletic contest (especially in baseball)
n. the act of contacting one thing with another
n. a conspicuous success
n. a dose of a narcotic drug","n. 打击, 打, 冲撞, 讽刺
vt. 打, 打击, 碰撞, 打中, 袭击, 偶然碰上
vi. 打, 打中, 打击, 碰撞, 偶然碰上
[计] 击中; 找到; 瞬时打扰",n:17/j:1/v:82,5,1,zk gk cet4 cet6 ky ielts,927,535,hit
hobby,hobby,'hɒbi,"n. a child's plaything consisting of an imitation horse mounted on rockers; the child straddles it and pretends to ride
n. small Old World falcon formerly trained and flown at small birds","n. 嗜好, 癖好, 爱好",n:100,2,1,zk gk ielts,6000,6554,hobby
hold,hold,hәuld,"n. power by which something or someone is affected or dominated
n. a stronghold
n. a cell in a jail or prison
v. have or hold in one's hands or grip","n. 把握, 把持力, 柄, 控制, 掌握, 监禁
vt. 保存, 握住, 拿住, 占据, 持有, 拥有
vi. 支持, 持续, 有效
n. 保留
[计] 保留",n:6/v:94,4,1,zk gk ielts gre,178,213,hold
hole,hole,hәul,"n. an opening into or through something
n. an opening deliberately made in or through something
n. one playing period (from tee to green) on a golf course
n. an unoccupied space","n. 孔, 洞, 穴, 漏洞
vt. 挖洞, 掘坑
vi. 进洞, 凿洞",v:3/n:97,4,1,zk gk cet4 cet6 ky,1329,1213,hole
holiday,holiday,'hɒlәdi,n. a day on which work is suspended by law or custom,"n. 假日, 假期, 节日
vi. 度假",v:2/n:98,4,1,zk gk ielts,948,1963,holiday
home,home,hәum,"n. where you live at a particular time
n. the country or state or city where you live
n. place where something began and flourished
n. an environment offering affection and security","n. 家, 避难所, 故乡
a. 家庭的, 国内的, 打中目标的
adv. 在家, 在本国, 打中目标地
[计] 返回始位",r:36/v:1/n:63,1,1,zk gk,222,224,home
hometown,hometown,hәum'taun,n. the town (or city) where you grew up or where you have your principal residence,"n. 故乡, 家乡",n:100,1,0,zk gk,33112,5471,hometown
homework,homework,'hәumwә:k,n. preparatory school work done outside school (especially at home),"n. 家庭作业, 家里做的工作
[经] 家庭作业",n:100,1,1,zk gk ielts,6447,4778,homework
honest,honest,'ɒnist,"a. not disposed to cheat or defraud; not deceptive or fraudulent
s. without dissimulation; frank
s. without pretensions
s. marked by truth","a. 诚实的, 坦直的, 可靠的",j:100,3,1,zk gk cet4 ky,2681,2530,honest
honour,honour,'ɒnә,"n the state of being honored
n a tangible symbol signifying approval or distinction
n the quality of being honorable and having a good name
n a woman's virtue or chastity
v bestow honor or rewards upon
v show respect towards
v accept as pay","n. 荣誉, 头衔, 信用, 尊敬, 名誉, 阁下, 勋章
vt. 尊敬, 授予荣誉, 承兑, 实践",v:100,3,1,zk gk cet4 cet6,2382,32290,honour
hope,hope,hәup,"n. a specific instance of feeling hopeful
n. the general feeling that some desire will be fulfilled
n. someone (or something) on which expectations are centered
n. United States comedian (born in England) who appeared in films with Bing Crosby (1903-2003)","n. 希望, 信心, 期待
v. 希望, 期望, 信赖",n:29/v:71,5,1,zk gk,444,482,hope
horse,horse,hɒ:s,"n. solid-hoofed herbivorous quadruped domesticated since prehistoric times
n. a padded gymnastic apparatus on legs
v. provide with a horse or horses","n. 马, 骑兵, 脚架
vi. 骑马, 取笑
vt. 使骑马, 系马于",v:1/n:99,4,1,zk gk ielts,803,1279,horse
hospital,hospital,'hɒspitәl,"n. a health facility where patients receive treatment
n. a medical institution where sick or injured people are given medical or surgical care","n. 医院
[医] 医院",n:100,5,1,zk gk ielts,562,647,hospital
hot,hot,hɒt,"a. used of physical heat; having a high or higher than desirable temperature or giving off heat or feeling or causing a sensation of heat or burning
s. characterized by violent and forceful activity or movement; very intense
a. extended meanings; especially of psychological heat; marked by intensity or vehemence especially of passion or enthusiasm
s. (color) bold and intense","a. 热的, 热心的, 辣的, 热情的, 激动的, 猛烈的, 紧迫的
adv. 热, 紧迫地",r:1/j:99,4,1,zk gk,1055,721,hot
hotdog,hotdog,,"n. someone who performs dangerous stunts to attract attention to himself
n. a frankfurter served hot on a bun",v. 卖弄,n:100,0,0,zk,0,26201,hotdog
hotel,hotel,hәu'tel,n. a building where travelers can pay for lodging and meals and other services,"n. 旅馆, 客栈",n:100,4,1,zk gk ielts,731,1002,hotel
hour,hour,auә,"n. a period of time equal to 1/24th of a day
n. clock time
n. a special and memorable period
n. distance measured by the time taken to cover it","n. 小时, 钟头, 时间, ...点钟, 课时",n:100,5,1,zk gk,299,272,hour
house,house,haus,"n. a dwelling that serves as living quarters for one or more families
n. the members of a religious community living together
n. the audience gathered together in a theatre or cinema
n. an official assembly having legislative powers","n. 房子, 住宅, 机构, 议院, 家族, 家庭
vt. 给...房子住, 收藏
vi. 住, 躲藏",v:8/n:92,5,1,zk gk toefl ielts,148,257,house
housework,housework,'hauswә:k,n. the work of cleaning and running a house,"n. 家事, 家务",n:100,1,0,zk gk ky,7299,15787,housework
how,how,hau,"adv. In what manner or way; by what means or process.
adv. To what degree or extent, number or amount; in what
   proportion; by what measure or quality.
adv. For what reason; from what cause.
adv. In what state, condition, or plight.
adv. By what name, designation, or title.
adv. At what price; how dear.","adv. 如何, 怎样, 多少, 多么
n. 方式",r:100,5,1,zk gk,90,76,how
however,however,hau'evә,"r. despite anything to the contrary (usually following a concession)
r. by contrast; on the other hand; the second, however, took hours""
r. to whatever degree or extent
r. in whatever way or manner","adv. 然而, 无论如何, 究竟怎样
conj. 然而, 可是",r:100,5,1,zk gk cet4 ky,145,284,however
huge,huge,hju:dʒ,s. unusually great in size or amount or degree or especially extent or scope,"a. 极大的, 巨大的, 无限的",j:100,4,1,zk gk cet4 ky,1230,911,huge
human,human,'hju:mәn,"a. characteristic of humanity
a. relating to a person
a. having human form or attributes as opposed to those of animals or divine beings","n. 人, 人类
a. 人类的, 似人类的, 人性的, 有同情心的",j:82/n:18,5,1,zk gk cet4 ky toefl ielts,550,399,human
humorous,humorous,'hju:mәrәs,a. full of or characterized by humor,"a. 富幽默感的, 滑稽的, 诙谐的",j:100,1,1,zk gk cet4 cet6 ky toefl,9475,9877,humorous
hundred,hundred,'hʌndrәd,"n. ten 10s
s. being ten more than ninety","n. 百, 百个东西
num. 百, 百个
a. 一百的, 许多的",m:100,5,0,zk gk,413,621,hundred
hungry,hungry,'hʌŋgi,a. feeling hunger; feeling a need or desire to eat food,"a. 饥饿的, 荒年的, 渴望的, 不毛的
[化] 欠鞣皮",j:100,2,1,zk gk,3683,3181,hungry
hurry,hurry,'hʌri,n. a condition of urgency making it necessary to hurry,"n. 匆忙, 急忙, 急促
vt. 急派, 催促
vi. 匆忙, 赶快",n:26/v:74,2,1,zk gk,3065,3609,hurry
hurt,hurt,hә:t,"v. give trouble or pain to
v. cause damage or affect negatively
v. hurt the feelings of
v. feel physical pain","n. 伤害, 创伤, 损害
v. 伤害, (使)伤心, 危害, 刺痛",n:2/j:11/v:87,4,1,zk gk cet4 cet6 ky,1931,1140,hurt
husband,husband,'hʌzbәnd,n. a married man; a woman's partner in marriage,"n. 丈夫, 管理人, 节俭的人
vt. 节俭, 使成丈夫, 持有",v:1/n:99,4,1,zk gk gre,826,637,husband
I,i,ai,n. the 9th letter of the Roman alphabet,"pron. 我
[计] 电流, 中断, 指令, 指示符",p:100,5,1,zk gk,4624,11,i
ice,ice,ais,"n. water frozen in the solid state
n. the frozen part of a body of water
n. diamonds
n. a frozen dessert with fruit flavoring (especially one containing no milk)","n. 冰, 冰淇淋, 糖衣, 冷若冰霜, 矜持, 贿赂
vt. 使结冰, 冰镇, 覆以糖衣
vi. 结冰",v:2/n:98,4,1,zk gk ielts,2164,1230,ice
idea,idea,ai'diә,"n. the content of cognition; the main thing you are thinking about
n. a personal view","n. 主意, 办法, 理想, 思想, 概念, 意见
[医] 观念, 思想",n:100,5,1,zk gk ielts,268,311,idea
if,if,if,"conj. In case that; granting, allowing, or supposing that; --
   introducing a condition or supposition.
conj. Whether; -- in dependent questions.","conj. 如果, 是否, 无论何时, 假设, 即使
n. 条件
[计] DOS批处理命令:根据所测试的条件决定是否执行另一条命令",c:100,5,1,zk gk,40,40,if
ill,ill,il,"a. affected by an impairment of normal physical or mental function
s. resulting in suffering or adversity
s. distressing
s. indicating hostility or enmity","n. 疾病, 坏事, 罪恶, 灾难
a. 生病的, 邪恶的, 不吉利的, 敌意的, 不良的, 不顺利的
adv. 有害地, 不幸地, 几乎不",r:6/j:84/n:10,4,1,zk gk,1955,2945,ill
illness,illness,'ilnis,n. impairment of normal physiological function affecting part or all of an organism,"n. 疾病, 恶意
[医] 病",n:100,3,1,zk gk cet4 ky ielts,2290,2303,illness
imagine,imagine,i'mædʒin,v. form a mental image of something that is not present or that is not the case,"vt. 想像, 设想, 猜测
vi. 想像起来",v:100,4,1,zk gk cet4 cet6 ky toefl,1197,909,imagine
immediately,immediately,i'mi:diәtli,"r. without delay or hesitation; with no time intervening
r. near or close by
r. bearing an immediate relation","adv. 直接地, 立刻, 立即",r:100,4,1,zk gk cet4 cet6 toefl,974,1142,immediately
important,important,im'pɒ:tәnt,"a. of great significance or value
s. having or suggesting a consciousness of high position","a. 重要的, 有地位的, 大量的, 显要的, 自负的
[计] 要点",j:100,5,1,zk gk ielts,218,266,important
impossible,impossible,im'pɒsәbl,"n. something that cannot be done
a. not capable of occurring or being accomplished or dealt with
s. totally unlikely
s. used of persons or their behavior","a. 不可能的, 难以置信的, 令人无法忍受的",j:100,4,1,zk gk cet4 cet6 ky ielts,1340,1606,impossible
improve,improve,im'pru:v,"v to make better
v get better","vt. 改良, 提高...的价值, 改善, 利用
vi. 变得更好, 增加",v:100,4,1,zk gk cet4 cet6 ky,903,995,improve
in,in,in,"s. holding office
s. directed or bound inward
s. currently fashionable
r. to or toward the inside of","prep. 在...期间, 在...之内, 处于...之中, 从事于, 按照, 穿着
adv. 进入, 朝里, 在里面, 在屋里
a. 在里面的, 在朝的
n. 执政者, 交情",i:95/c:1/r:3/j:1,2,1,zk gk ielts,6,6,in
inch,inch,intʃ,n. a unit of length equal to one twelfth of a foot,"n. 英寸, 身高, 小岛
vi. 慢慢前进, 慢慢移动
vt. 使缓慢地移动",v:100,3,1,zk gk cet4 cet6 ky gre,2158,8178,inch
include,include,in'klu:d,"v. have as a part, be made up out of
v. consider as part of something
v. add as part of something else; put in as part of a set, group, or category","vt. 包括, 把...算入, 包住
[计] DOS内部命令:在CONFIG.SYS文件的一个配置块中包含另一配置块的内容",v:100,5,1,zk gk cet4 cet6 ky,246,292,include
increase,increase,in'kri:s,"n. a change resulting in an increase
n. a process of becoming larger or longer or more numerous or more important
n. the amount by which something increases
n. the act of increasing something","n. 增加, 增进, 利益
vt. 增加, 加大
vi. 增加, 繁殖",n:35/v:65,5,1,zk gk cet4 cet6 ky,523,660,increase
India,india,'indjә,n. a republic in the Asian subcontinent in southern Asia; second most populous country in the world; achieved independence from the United Kingdom in 1947,n. 印度,,0,0,zk gk cet4 cet6,1929,0,india
Indian,indian,'indiәn,"n. a member of the race of people living in America when Europeans arrived
n. a native or inhabitant of India
a. of or relating to or characteristic of India or the East Indies or their peoples or languages or cultures","n. 印度人, 印第安人, 印第安语
a. 印度的, 印度群岛的, 印第安语的",j:64/n:36,0,0,zk gk cet4 cet6 ielts,15712,1436,indian
industry,industry,'indәstri,"n. the people or companies engaged in a particular kind of commercial enterprise
n. the organized action of making of goods and services for sale","n. 勤劳, 工业, 企业, 产业, 有组织的劳动
[经] 工业, 实业",n:100,5,1,zk gk cet4 cet6 ky ielts,383,551,industry
influence,influence,'influәns,"n. a power to affect persons or events especially power based on prestige etc
n. causing something without any direct or apparent effort
n. a cognitive factor that tends to have an effect on what you do
n. the effect of one thing (or person) on another","n. 影响力, 权力, 势力
vt. 影响, 改变",v:44/n:56,4,1,zk gk cet4 cet6 ky ielts,1061,1392,influence
information,information,.infә'meiʃәn,"n. a message received and understood
n. knowledge acquired through study or experience or instruction
n. formal accusation of a crime
n. (communication theory) a numerical measure of the uncertainty of an outcome","n. 消息, 知识, 通知, 情报, 信息, 问讯处, 起诉
[计] 信息",n:100,5,1,zk gk ielts,223,314,information
ink,ink,iŋk,"n. a liquid used for printing or writing or drawing
n. dark protective fluid ejected into the water by cuttlefish and other cephalopods
v. append one's signature to
v. mark, coat, cover, or stain with ink","n. 墨水, 墨汁
vt. 涂墨水于, 签署, 加墨水",v:6/n:94,2,1,zk gk cet4 cet6 ky,6004,5193,ink
inside,inside,'in'said,"n. the region that is inside of something
n. the inner or enclosed surface of something
a. relating to or being on the side closer to the center or within a defined space
s. being or applying to the inside of a building","n. 内部, 内脏, 内幕
a. 内部的, 秘密的, 户内的
adv. 在里面
prep. 在...之内",i:49/r:37/j:6/n:8,4,1,zk gk cet4 cet6 ky,1301,964,inside
insist,insist,in'sist,"v. be emphatic or resolute and refuse to budge
v. assert to be true","v. 坚持, 坚决主张, 强调",v:100,4,1,zk gk cet4 cet6 ky toefl,1411,1359,insist
instead,instead,in'sted,"r in place of, or as an alternative to
r on the contrary; rather (or instead), he wrote her a letter""","adv. 作为替代, 反而",i:49/r:51,4,1,zk gk,1274,994,instead
instruction,instruction,in'strʌkʃәn,n. (computer science) a line of code written as part of a computer program,"n. 指令, 教导, 命令
[计] 指令",n:100,2,1,zk gk cet4 cet6 ky toefl ielts,1594,1563,instruction
intention,intention,in'tenʃәn,"n. (usually plural) the goal with respect to a marriage proposal
n. an act of intending; a volition that you intend to carry out","n. 意图, 目的, 含义
[医] 愈合, 意向",n:100,3,1,zk gk cet4 cet6 ky toefl,1523,2517,intention
interest,interest,'intrist,"n. a sense of concern with and curiosity about someone or something
n. the power of attracting or holding one's attention (because it is unusual or exciting etc.)
n. a fixed charge for borrowing money; usually a percentage of the amount borrowed
n. (law) a right or legal share of something; a financial involvement with something","n. 兴趣, 嗜好, 利息, 利益, 爱好, 趣味, 势力
vt. 使感兴趣, 与...有关系",v:3/n:97,5,1,zk gk cet4 cet6 ky toefl ielts,231,416,interest
interesting,interesting,'intristiŋ,a. arousing or holding the attention,a. 有趣的,j:100,3,1,zk gk,1032,1072,interesting
international,international,.intә'næʃәnәl,"n. any of several international socialist organizations
a. concerning or belonging to all or at least two or more nations","a. 国际的
n. 国别设定
[计] 国别设定",j:99/n:1,5,1,zk gk cet4 cet6 ky ielts,435,500,international
internet,internet,'intәnet,n. a computer network consisting of a worldwide network of computer networks that use the TCP/IP network protocols to facilitate data transmission and exchange,"[计] 因特网, 国际互连网, 网际网络, 互连网络, 广域网",n:100,0,1,zk gk cet4 ky ielts,31055,1467,internet
interview,interview,'intәvju:,"n. the questioning of a person (or a conversation in which information is elicited); often conducted by journalists
v. conduct an interview in television, newspaper, and radio reporting
v. discuss formally with (somebody) for the purpose of an evaluation
v. go for an interview in the hope of being hired","n. 面谈, 访问, 接见, 面试
vt. 接见, 对...进行面谈(试)",v:28/n:72,4,1,zk gk cet4 cet6 ky ielts,1421,944,interview
into,into,'intu:,"prep. To the inside of; within. It is used in a variety of
   applications.
prep. Expressing entrance, or a passing from the outside of a
   thing to its interior parts; -- following verbs expressing motion; as,
   come into the house; go into the church; one stream falls or runs into
   another; water enters into the fine vessels of plants.
prep. Expressing penetration beyond the outside or surface, or
   access to the inside, or contents; as, to look into a letter or book;
   to look into an apartment.
prep. Indicating insertion; as, to infuse more spirit or
   animation into a composition.
prep. Denoting inclusion; as, put these ideas into other words.
prep. Indicating the passing of a thing from one form,
   condition, or state to another; as, compound substances may be resolved
   into others which are more simple; ice is convertible into water, and
   water into vapor; men are more easily drawn than forced into
   compliance; we may reduce many distinct substances into one mass; men
   are led by evidence into belief of truth, and are often enticed into
   the commission of crimes'into; she burst into tears; children are
   sometimes frightened into fits; all persons are liable to be seduced
   into error and folly.","prep. 进入...之内, 朝..., 深入...之中, 成为...状况",i:100,5,1,zk gk,57,65,into
introduce,introduce,.intrә'dju:s,"v. cause to come to know personally
v. bring something new to an environment
v. bring in or establish in a new place or environment
v. bring before the public for the first time, as of an actor, song, etc.","vt. 介绍, 引入, 采用, 输入
[法] 引进, 输入, 介绍",v:100,4,1,zk gk cet4 cet6 ky,698,1225,introduce
introduction,introduction,.intrә'dʌkʃәn,"n. the act of beginning something new
n. the first section of a communication
n. a basic or elementary instructional text
n. a new proposal","n. 介绍, 传入, 采用, 初步",n:100,2,1,zk gk cet4 cet6 ky ielts,1379,2904,introduction
invent,invent,in'vent,"v. come up with (an idea, plan, explanation, theory, or principle) after a mental effort","vt. 发明, 创作, 虚构
[机] 发明",v:100,2,1,zk gk cet4 cet6 ky,3639,3398,invent
invention,invention,in'venʃәn,"n. the creation of something in the mind
n. a creation (a new device or process) resulting from study and experimentation
n. the act of inventing","n. 发明, 创作能力, 虚构的故事
[经] 发明",n:100,2,1,zk gk cet4 cet6 ky,4752,4773,invention
invite,invite,in'vait,"n. a colloquial expression for invitation
v. increase the likelihood of
v. invite someone to one's house
v. ask someone in a friendly way to do something","vt. 邀请, 请求, 引起, 招致
n. 邀请",n:1/v:99,4,1,zk gk cet4 cet6 ky,1502,1601,invite
iron,iron,'aiәn,"n. a heavy ductile magnetic metallic element; is silver-white in pure form but readily rusts; used in construction and tools and armament; plays a role in the transport of oxygen by the blood
n. a golf club that has a relatively narrow metal head
n. implement used to brand live stock
n. home appliance consisting of a flat metal base that is heated and used to smooth cloth","n. 铁, 熨斗, 铁器, 坚强, 烙铁, 镣铐
vt. 烫平, 熨, 用铁包
vi. 烫平",v:9/n:91,3,1,zk gk cet4 cet6 ky,1877,2280,iron
island,island,'ailәnd,"n. a land mass (smaller than a continent) that is surrounded by water
n. a zone or area resembling an island","n. 岛, 岛屿, 孤立地区, 安全岛
vt. 使成岛状, 孤立",n:100,4,1,zk gk cet4 cet6 ky ielts,982,1512,island
it,it,it,n the branch of engineering that deals with the use of computers and telecommunications to retrieve and store and transmit information,"pron. 它
[计] 信息论, 输入终端, 智能终端, 内捕获",p:100,5,1,zk gk,9,10,it
its,its,its,n the branch of engineering that deals with the use of computers and telecommunications to retrieve and store and transmit information,pron. 它的,a:100,5,1,zk gk,58,78,its
itself,itself,it'self,"pron. The neuter reciprocal pronoun of It; as, the thing is
   good in itself; it stands by itself.","pron. 它本身, 它自己",p:100,5,1,zk gk,396,556,itself
jacket,jacket,'dʒækit,"n. a short coat
n. an outer wrapping or casing
n. the outer skin of a potato
n. the tough metal shell casing for certain kinds of ammunition","n. 夹克, 外套, 护套
vt. 给...穿夹克, 给...装护套",n:100,3,1,zk gk cet4 cet6 ky ielts,2400,2267,jacket
January,january,'dʒænjuәri,n. the first month of the year; begins 10 days after the winter solstice,n. 一月,,4,1,zk gk ielts,984,0,january
Japan,japan,dʒә'pæn,"n. a string of more than 3,000 islands to the east of Asia extending 1,300 miles between the Sea of Japan and the western Pacific Ocean
n. a constitutional monarchy occupying the Japanese Archipelago; a world leader in electronics and automobile manufacture and ship building
n. lacquerware decorated and varnished in the Japanese manner with a glossy durable black lacquer","n. 日本
[化] 天然漆; 大漆; 漆器",,0,0,zk gk,1471,0,japan
Japanese,japanese,.dʒæpә'ni:z,"n. a native or inhabitant of Japan
n. the language (usually considered to be Altaic) spoken by the Japanese
a. of or relating to or characteristic of Japan or its people or their culture or language","n. 日本人, 日语
a. 日本的, 日语的",j:74/n:26,0,0,zk gk ielts,1820,1718,japanese
jeans,jeans,dʒi:nz,"n (usually plural) close-fitting trousers of heavy denim for manual work or casual wear
n a coarse durable twill-weave cotton fabric","n. 工装裤, 牛仔裤",n:100,2,1,zk gk cet4 ky ielts,4826,3421,jeans
job,job,dʒɒb,"n. a specific piece of work required to be done as a duty or for a specific fee
n. a workplace; as in the expression ""on the job""; 
n. an object worked on; a result produced by working
n. the responsibility to do something","n. 工作, 零活, 职业, 事情
vi. 做零工, 打杂, 做股票经纪, 假公济私
vt. 代客买卖, 批发, 承包, 欺骗
[计] 作业",n:100,5,1,zk gk ielts,272,243,job
join,join,dʒɒin,"v. become part of; become a member of a group or organization
v. cause to become joined or linked
v. come into the company of
v. make contact or come together","vi. 参加, 结合, 加入
vt. 连接, 结合, 参加, 加入
n. 连接, 结合, 接合点
[计] 连接; 汇合指令",n:1/v:99,5,1,zk gk toefl,578,505,join
joke,joke,dʒәuk,"n. a humorous anecdote or remark intended to provoke laughter
n. a triviality not to be taken seriously
v. tell a joke; speak humorously
v. act in a funny or teasing way","n. 笑话, 玩笑, 笑柄
v. 开玩笑, 取笑, 作弄",v:27/n:73,3,1,zk gk cet4 ky,2533,2246,joke
joy,joy,dʒɒi,"n. the emotion of great happiness
n. something or someone that provides a source of happiness","n. 欢喜, 乐事, 高兴
vt. 使快乐, 令人高兴
vi. 欢喜",n:100,3,1,zk gk cet4 ky,2881,2816,joy
juice,juice,dʒu:s,"n. the liquid part that can be extracted from plant or animal tissue by squeezing or cooking
n. energetic vitality
n. electric current
n. any of several liquids of the body","n. 汁, 活力, 体液
vt. 挤出汁来, 加汁",n:100,3,1,zk gk toefl ielts,3724,2310,juice
July,july,dʒu:'lai,n. the month following June and preceding August,n. 七月,,4,1,zk gk ielts,847,0,july
jump,jump,dʒʌmp,"n. a sudden and decisive increase
n. (film) an abrupt transition from one scene to another
n. descent with a parachute
n. the act of jumping; propelling yourself off the ground","n. 跳跃, 跳动, 暴涨, 惊跳
vt. 跳跃, 跃过, 突升, 使跳跃
vi. 跳跃, 跳, 跳动, 暴涨
[计] 转移, 跳转",n:18/v:82,4,1,zk gk,1784,1346,jump
June,june,dʒu:n,n. the month following May and preceding July,n. 六月,,4,1,zk gk ielts,691,0,june
just,just,dʒʌst,"a. used especially of what is legally or ethically right or proper or fitting
r. only a moment ago
r. absolutely
r. exactly at this moment or the moment described;","a. 正直的, 合理的, 正确的, 应得的
adv. 刚刚, 正好, 仅仅",r:97/j:3,1,1,zk gk,72,66,just
keep,keep,ki:p,"n. the main tower within the walls of a medieval castle or fortress
v. keep in a certain state, position, or activity; e.g., ""keep clean""
v. retain possession of
v. look after; be the keeper of; have charge of","n. 生计, 维持, 保持
vt. 保持, 保存, 遵守, 看守, 整理, 维持, 履行, 经营, 拘留, 记帐
vi. 保持, 继续不断",n:1/v:99,5,1,zk gk ielts,171,156,keep
key,key,ki:,"n. metal device shaped in such a way that when it is inserted into the appropriate lock the lock's mechanism can be rotated
n. something crucial for explaining
n. pitch of the voice
n. any of 24 major or minor diatonic scales that provide the tonal framework for a piece of music","n. 钥匙, 键, 解答, 关键, 要害, 基调, 线索, 答案, 暗礁
vt. 调音, 锁上, 提供线索
vi. 使用钥匙
[计] 键, 密钥",j:57/v:3/n:40,4,1,zk gk ielts,1267,1093,key
keyboard,keyboard,'ki:bɒ:d,"n. device consisting of a set of keys on a piano or organ or typewriter or typesetting machine or computer or the like
n. holder consisting of an arrangement of hooks on which keys or locks can be hung","n. 键盘
[计] 键盘",v:1/n:99,2,1,zk gk cet4 cet6 ky toefl,5374,5541,keyboard
kick,kick,kik,"n. the act of delivering a blow with the foot
n. the sudden stimulation provided by strong drink (or certain drugs)
n. a rhythmic thrusting movement of the legs as in swimming or calisthenics
v. drive or propel with the foot","n. 踢, 反冲, 后座力, 凹底
vi. 踢, 反抗, 反冲
vt. 踢, 反冲",n:19/v:81,4,1,zk gk cet4 cet6 ky,2403,1815,kick
kid,kid,kid,"n. soft smooth leather from the hide of a young goat
n. young goat
v. be silly or tease one another","n. 小山羊, 小山羊肉, 小孩, 欺骗
a. 小山羊皮制的
v. 哄骗, 嘲弄",v:4/n:96,4,1,zk gk cet4 ky,1572,312,kid
kill,kill,kil,"n. the destruction of an enemy plane or ship or tank or missile
v. cause to die; put to death, usually intentionally or knowingly
v. thwart the passage of
v. be fatal","n. 杀, 杀戮, 小河
vt. 杀, 破坏, 消灭, 使终止, 抵消, 否决
vi. 杀死
[计] 删除",n:2/v:98,5,1,zk gk cet4 ky,635,425,kill
kilo,kilo,'kilәu,n one thousand grams; the basic unit of mass adopted under the Systeme International d'Unites,"n. 千
[计] 千",,1,0,zk gk ky,11522,0,kilo
kilogram,kilogram,'kilәgræm,n. one thousand grams; the basic unit of mass adopted under the Systeme International d'Unites,"n. 千克, 公斤
[医] 千克, 公斤",,1,1,zk gk cet4,15873,0,kilogram
kilometre,kilometre,'kilәjmi:tә(r),n a metric unit of length equal to 1000 meters (or 0.621371 miles),"n. 公里, 千米",,3,1,zk ky,4574,0,kilometre
kind,kind,kaind,"n. a category of things distinguished by some common characteristic or quality
a. having or showing a tender and considerate and helpful nature; used especially of persons and their behavior
s. agreeable, conducive to comfort
s. tolerant and forgiving under provocation","n. 种类, 性质, 方式
a. 亲切的, 仁慈的, 和蔼的",r:15/j:3/n:82,2,1,zk gk,337,250,kind
king,king,kiŋ,"n. a male sovereign; ruler of a kingdom
n. a competitor who holds a preeminent position
n. preeminence in a particular category or group or field
n. United States woman tennis player (born in 1943)","n. 国王, 君主
vt. 使...成为君主
vi. 君临, 统治",n:100,4,1,zk gk cet4 ky ielts,612,2080,king
kiss,kiss,kis,"n. the act of caressing with the lips (or an instance thereof)
n. a cookie made of egg whites and sugar
n. any of several bite-sized candies
n. a light glancing touch","n. 吻
vt. 吻
vi. 接吻",n:31/v:69,3,1,zk gk cet4 ky,2408,2302,kiss
kitchen,kitchen,'kitʃin,n. a room equipped for preparing meals,"n. 厨房, 全套炊具
[医] 厨房",n:100,4,1,zk gk toefl ielts,1124,1051,kitchen
kite,kite,kait,"n. a bank check that has been fraudulently altered to increase its face value
n. a bank check drawn on insufficient funds at another bank in order to take advantage of the float
n. plaything consisting of a light frame covered with tissue paper; flown in wind at end of a string
n. any of several small graceful hawks of the family Accipitridae having long pointed wings and feeding on insects and small animals","n. 风筝, 筝帆, 空头支票, 骗子
vi. 象风筝一样飞, 轻快地移动, 使用空头支票
vt. 使上升, 骗钱",n:100,1,0,zk gk cet4 cet6 ky,5870,9509,kite
knee,knee,ni:,"n. hinge joint in the human leg connecting the tibia and fibula with the femur and protected in front by the patella
n. the part of a trouser leg that provides the cloth covering for the knee","n. 膝, 膝盖
vt. 膝行, 用膝盖碰",n:100,3,1,zk gk cet4 cet6 ky,1979,1488,knee
knife,knife,naif,"n. edge tool used as a cutting instrument; has a pointed blade with a sharp edge and a handle
n. a weapon with a handle and blade with a sharp point
v. use a knife on","n. 小刀, 匕首
vt. 切割, 伤害, 切, 戳
vi. 劈开, 穿过",v:2/n:98,3,1,zk gk ielts,2471,2240,knife
knock,knock,nɒk,"n. the sound of knocking (as on a door or in an engine or bearing)
n. negative criticism
n. a vigorous blow
n. a bad experience","n. 敲, 敲打, 敲门
v. 敲击, 互撞, 攻击",n:17/v:83,3,1,zk gk,1958,2087,knock
know,know,nәu,"n. the fact of being aware of information that is known to few people
v. be cognizant or aware of a fact or a specific piece of information; possess knowledge or information about
v. know how to do or perform something
v. be aware of the truth of something; have a belief or faith in something; regard as true beyond any doubt","v. 知道, 了解, 认识, 确信",n:1/v:99,3,1,zk gk,49,47,know
knowledge,knowledge,'nɒlidʒ,n the psychological result of perception and learning and reasoning,"n. 知识, 学问, 认识, 知道",n:100,4,1,zk gk cet4 cet6 ky ielts,689,839,knowledge
lab,lab,læb,n. a workplace for the conduct of scientific research,"n. 实验室, 研究室
[医] 凝乳酶",n:100,2,0,zk gk cet4 cet6 ky ielts,4848,2089,lab
laboratory,laboratory,'læbrәtәri,"n a workplace for the conduct of scientific research
n a region resembling a laboratory inasmuch as it offers opportunities for observation and practice and experimentation","n. 实验室, 研究室, 化工厂
[医] 实验室, 检验室, 化验室",n:100,3,1,zk cet4 cet6 toefl ielts,2316,3132,laboratory
labour,labour,'leibә,"n a social class comprising those who do manual labor or work for wages
n concluding state of pregnancy; from the onset of contractions to the birth of a child
n a political party formed in Great Britain in 1900; characterized by the promotion of labor's interests and formerly the socialization of key industries
n productive work (especially physical work done for wages)
v work hard
v strive and make an effort to reach a goal
v undergo the efforts of childbirth","n. 劳动, 努力, 工作, 劳工, 分娩
vi. 劳动, 努力, 苦干
vt. 详细分析, 使厌烦",j:100,5,1,zk gk cet4 cet6,724,16348,labour
lady,lady,'leidi,"n. a polite name for any woman
n. a woman of the peerage in Britain","n. 淑女, 夫人, 女士, 贵妇",n:100,4,1,zk gk cet4 ky,774,1517,lady
lake,lake,leik,"n. a body of (usually fresh) water surrounded by land
n. a purplish red pigment prepared from lac or cochineal
n. any of numerous bright translucent organic pigments","n. 湖, 池, 色淀
v. (使)血球溶解",n:100,3,1,zk gk ielts,1812,1950,lake
lamb,lamb,læm,"n. young sheep
n. English essayist (1775-1834)
n. a person easily deceived or cheated (especially in financial matters)
n. a sweet innocent mild-mannered person (especially a child)","n. 小羊, 羔羊
v. 产羊羔",n:100,2,0,zk gk cet4 cet6 ky ielts,4170,5590,lamb
lamp,lamp,læmp,"n. an artificial source of visible illumination
n. a piece of furniture holding one or more electric light bulbs","n. 灯
vt. 照亮
[计] 逻辑模拟分析系统",n:100,2,1,zk gk cet4 cet6 ky toefl ielts,3340,3936,lamp
land,land,lænd,"n. the land on which real estate is located
n. material in the top layer of the surface of the earth in which plants can grow (especially with reference to its quality or use)
n. the solid part of the earth's surface
n. United States inventor who incorporated Polaroid film into lenses and invented the one step photographic process (1909-1991)","n. 陆地, 地面, 地界, 地产, 国土, 土地
vi. 登陆, 登岸, 到达
vt. 使上岸, 使登陆, 使到达
[计] 连接盘; 焊盘",v:20/n:80,5,1,zk gk toefl ielts,472,566,land
language,language,'læŋgwidʒ,"n. a systematic means of communicating by the use of sounds or conventional symbols
n. the mental faculty or power of vocal communication","n. 语言, 文字, 措辞
[计] 语言",n:100,4,1,zk gk ielts,436,722,language
large,large,lɑ:dʒ,"n. a garment size for a large person
a. above average in size or number or quantity or magnitude or extent
s. fairly large or important in effect; influential
s. having broad power and range and scope","a. 大的, 大量的, 宽大的, 广博的
adv. 大大地, 夸大地",r:3/j:97,5,1,zk gk,181,220,large
late,late,leit,"a. being or occurring at an advanced period of time or after a usual or expected time
s. of the immediate past or just previous to the present time
s. having died recently
a. of a later stage in the development of a language or literature; used especially of dead languages","a. 迟的, 晚的, 已故的
adv. 很晚, 很迟, 晚",r:19/j:81,5,1,zk gk,298,437,late
laugh,laugh,lɑ:f,"n. the sound of laughing
n. a facial expression characteristic of a person laughing
v. produce laughter","n. 笑, 笑声
vi. 笑, 大笑
vt. 以笑表示",n:15/v:85,5,1,zk gk,1021,861,laugh
law,law,lɒ:,"n. the collection of rules imposed by authority
n. legal document setting forth rules governing a particular kind of activity
n. a rule or body of rules of conduct inherent in human nature and essential to or binding upon human society
n. a generalization that describes recurring facts or events in nature","n. 法律, 法则, 定律, 法律的制约, 法学, 司法界, 诉讼
v. 起诉",n:100,5,1,zk gk cet4 cet6 ky ielts,278,287,law
lay,lay,lei,"v. put in a horizontal position
v. prepare or position for action or operation
v. lay eggs
v. impose as a duty, burden, or punishment","vt. 放置, 产, 铺设, 布置, 提出, 平息
vi. 下蛋, 打赌
n. 位置, 层, 隐藏处
a. 世俗的, 外行的
lie的过去式",j:5/v:95,4,1,zk gk cet4 cet6 ky toefl ielts,958,803,lay
lazy,lazy,'leizi,s. moving slowly and gently,"a. 懒惰的, 怠惰的, 缓慢的
vi. 懒散",j:100,2,1,zk gk cet4 ky,6453,6238,lazy
lead,lead,li:d. led,"n. an advantage held by a competitor in a race
n. a soft heavy toxic malleable metallic element; bluish white when freshly cut but tarnishes readily to dull grey
n. evidence pointing to a possible solution
n. a position of leadership (especially in the phrase `take the lead')","n. 铅, 铅条, 领导, 超前量, 领引, 榜样, 主角, 导线
vt. 引导, 带领, 领导, 指挥, 致使, 加铅于, 用铅包
vi. 领导, 带头, 导致, 用测深锤测深, 被铅覆盖
a. 带头的, 最重要的",n:16/v:84,2,1,zk gk cet4 ky toefl,263,318,lead
leader,leader,'li:dә,n. a person who rules or guides or inspires others,"n. 领导者, 社论, 指挥, 领袖, 领唱者, 前导字符
[计] 前导字符",n:100,5,1,zk gk cet4 cet6,604,463,leader
leaf,leaf,li:f,"n. the main organ of photosynthesis and transpiration in higher plants
n. a sheet of any written or printed material (especially in a manuscript or book)
n. hinged or detachable flat section (as of a table or door)
v. turn over pages","n. 叶, 树叶, 花瓣, 页
vi. 生叶, 翻书页
vt. 在...上长叶, 翻...的页",v:3/n:97,3,1,zk gk cet4 cet6 ky,1823,1559,leaf
learn,learn,lә:n,"v. gain knowledge or skills
v. get to know or become aware of, usually accidentally
v. be a student of a certain subject",vt. 学习；认识到；得知,v:100,5,1,zk gk ielts,520,304,learn
least,least,li:st,"n. something that is of no importance
a. the superlative of `little' that can be used with mass nouns and is usually preceded by `the'; a quantifier meaning smallest in amount or extent or degree
r. used to form the superlative","n. 最少, 最小, 最小限度
a. 最少的, 最小的
adv. 最小, 最少",r:96/d:4,5,1,zk gk cet4 cet6 ky ielts,2012,302,least
leave,leave,li:v,"n. the period of time during which you are absent from work or duty
n. permission to do something
v. go away from a place
v. go and leave behind, either intentionally or by neglect or forgetfulness","n. 许可, 告别, 请假, 休假
vt. 离开, 剩下, 遗忘, 委托, 丢弃
vi. 出发, 离开, 生叶",n:3/v:97,5,1,zk gk ielts,127,150,leave
left,left,left,"n. location near or direction toward the left side; i.e. the side to the north when a person or object faces east
n. those who support varying degrees of social or political or economic change designed to promote the public welfare
n. the hand that is on the left side of the body
n. a turn toward the side of the body that is on the north when the person is facing east","a. 左边的, 左倾的, 左侧的, 左派的
adv. 在左面
n. 左, 左面, 左派
leave的过去式和过去分词",r:3/j:89/n:8,3,1,zk gk,1045,771,left
leg,leg,leg,"n. a human limb; commonly used to refer to a whole limb but technically only the part of the limb between the knee and ankle
n. a structure in animals that is similar to a human leg and used for locomotion
n. one of the supports for a piece of furniture
n. the limb of an animal used for food","n. 腿, 假腿, 路程
vi. 走, 跑",n:100,4,1,zk gk,851,856,leg
lemonade,lemonade,.lemә'neid,n. sweetened beverage of diluted lemon juice,"n. 柠檬水
[医] 柠檬水",n:100,1,0,zk gk,15571,11562,lemonade
lend,lend,lend,"v. bestow a quality on
v. give temporarily; let have for a limited time
v. have certain characteristics of qualities for something; be open or vulnerable to","vt. 借, 贷款给, 增添, 提供, 出租
vi. 贷款",v:100,3,1,zk gk,2740,3548,lend
lesson,lesson,'lesn,"n. a unit of instruction
n. a task assigned for individual study","n. 课, 课业, 教训",n:100,3,1,zk gk,1953,1325,lesson
let,let,let,"n. a serve that strikes the net before falling into the receiver's court; the ball must be served again
v. make it possible through a specific action or lack of action for something to happen
v. actively cause something to happen
v. leave unchanged","vt. 让, 假设, 出租, 排放, 妨碍
vi. 出租, 被承包
n. 出租屋, 障碍",n:1/v:99,5,1,zk gk ielts,320,159,let
letter,letter,'letә,"n. a written message addressed to a person or organization
n. the conventional characters of the alphabet used to represent speech
n. owner who lets another person use something (housing usually) for hire
n. a strictly literal interpretation (as distinct from the intention)","n. 信, 字母, 证书, 字面意义, 铅字, 学问, 出租人
vt. 写字母于, 在...上刻字母, 用字母标明
vi. 写印刷体字
[计] 字母",v:1/n:99,5,1,zk gk ielts,454,628,letter
level,level,'levl,"n. height above ground
n. indicator that establishes the horizontal when a bubble is centered in a tube of liquid
n. an abstract place usually conceived as having depth
v. aim at","n. 水平, 水准, 平地
a. 同高的, 平坦的, 齐平的, 水平的
vt. 弄平, 夷平, 使同等, 瞄准, 对准
vi. 变平, 拉平
[计] 级别",j:4/v:4/n:92,5,1,zk gk cet4 cet6 ky ielts,241,338,level
library,library,'laibrәri,"n. a room where books are kept
n. a collection of literary documents or records kept for reference or borrowing
n. a depository built to contain books and other materials for reading and study
n. (computing) a collection of standard programs and subroutines that are stored and available for immediate use","n. 图书馆, 藏书, 库
[计] 库",n:100,3,1,zk gk ielts,967,2129,library
license,license,'laisns,"n. a legal document giving official permission to do something
n. freedom to deviate deliberately from normally applicable rules or practices (especially in behavior or speech)
n. excessive freedom; lack of due restraint
n. the act of giving a formal (usually written) authorization","n. 执照, 许可证, 特许
vt. 许可, 特许",v:26/n:74,2,1,zk gk cet4 cet6 ky gre,6660,2872,license
lie,lie,lai,"n. a statement that deviates from or perverts the truth
n. Norwegian diplomat who was the first Secretary General of the United Nations (1896-1968)
n. position or manner in which something is situated
v. be located or situated somewhere; occupy a certain position","n. 谎言, 假象, 位置
vi. 躺着, 说谎, 位于, 展现, 存在, 停泊
vt. 谎骗",n:18/v:82,3,1,zk gk,483,751,lie
life,life,laif,"n. a characteristic state or mode of living
n. the experience of being alive; the course of human events and activities
n. the course of existence of an individual; the actions and events that occur in living
n. the period during which something is functional (as between birth and death)","n. 生活, 生命, 人生, 世事, 生物, 寿命, 一生, 生命力, 灵魂, 无期徒刑
[医] 生活, 生存, 生命, 寿命",n:100,5,1,zk gk,128,114,life
lift,lift,lift,"n. the act of giving temporary assistance
n. a wave that lifts the surface of the water or ground
n. a device worn in a shoe or boot to make the wearer look taller or to correct a shortened leg
n. one of the layers forming the heel of a shoe or boot","n. 举起, 帮助, 昂扬, 电梯
vt. 升高, 提高, 鼓舞, 清偿, 空运, 举起, 剽窃
vi. 升起, 消散, 耸立",n:15/v:85,4,1,zk gk cet4 ky toefl ielts,1345,1343,lift
light,light,lait,"n. (physics) electromagnetic radiation that can produce a visual sensation
n. any device serving as a source of illumination
n. a particular perspective or aspect of a situation
n. an illuminated area","n. 光, 光亮, 灯, 日光, 发光体, 光源, 杰出人物, 火花, 眼光
a. 轻的, 少量的, 轻微的, 轻快的, 轻浮的, 明亮的, 淡色的, 容易的
vt. 点燃, 照亮
vi. 点着, 变亮, 突降, 偶然碰到
adv. 轻地",i:3/r:3/j:21/v:10/n:63,3,1,zk gk ielts,529,464,light
like,like,laik,"n. a similar kind
n. a kind of person
v. find enjoyable or agreeable
v. be fond of","a. 相似的, 同样的
vt. 喜欢, 愿意, 想
vi. 喜欢, 希望
n. 爱好, 同样的人(或物)
prep. 象, 如同
adv. 可能",c:4/i:68/j:2/n:2/r:2/v:22,5,1,zk gk,88,74,like
line,line,lain,"n. a formation of people or things one beside another
n. a mark that is long relative to its width
n. a formation of people or things one behind another
n. a length (straight or curved) without breadth or thickness; the trace of a moving point","n. 列, 线, 绳, 电线, 线路, 路线, 航线, 作业线, 界线, 战线, 外形, 排, 家系
vt. 排成一行, 顺...排列, 划线于, 加衬里, 使有线条, 使起皱纹
vi. 排队
[计] 线路",v:9/n:91,5,1,zk gk cet4 cet6 ky ielts,277,276,line
lion,lion,'laiәn,"n. large gregarious predatory feline of Africa and India having a tawny coat with a shaggy mane in the male
n. a celebrity who is lionized (much sought after)","n. 狮子, 狮子(星)座, 国际狮子会会员",n:100,2,0,zk gk cet4 cet6 ky,3397,4305,lion
list,list,list,"n. a database containing an ordered array of items (names or topics)
v. give or make a list of; name individually; give the names of
v. include in a list
v. cause to lean to the side","n. 目录, 名单, 明细表, 布条, 条纹, 列表, 序列, 数据清单
vt. 列出, 列于表上, 记入名单内, 装布条
vi. 列于表上
[计] 列表, 序列, 数据清单",v:26/n:74,5,1,zk gk cet4 cet6 ky ielts gre,716,761,list
listen,listen,'lisn,"v. hear with intention
v. listen and pay attention","vi. 听, 倾听, 听从
n. 听, 倾听",n:1/v:99,4,1,zk gk,850,609,listen
litter,litter,'litә,"n. the offspring at one birth of a multiparous mammal
n. rubbish carelessly dropped or left about (especially in public places)
n. conveyance consisting of a chair or bed carried on two poles by bearers
v. strew","n. 垃圾, 杂乱, 轿, 担架
vt. 乱丢, 铺草, 弄乱
vi. 产仔, 乱丢垃圾",v:49/n:51,2,0,zk gk cet6 ky toefl ielts gre,6500,8093,litter
little,little,'litl,"n. a small amount or duration
a. (quantifier used with mass nouns) small in quantity or degree; not much or almost none or (with `a') at least some
s. (of children and animals) young, immature
s. (of a voice) faint","n. 一点点, 少许, 一会儿, 短时间
a. 小的, 很少的, 幼小的, 琐碎的, 短暂的, 矮小的
adv. 很少, 稍微, 完全不",r:31/j:52/d:17,5,1,zk gk,291,256,little
live,live,liv.laiv,"v. lead a certain kind of life; live in a certain style
v. pursue a positive and satisfying existence
a. actually being performed at the time of hearing or viewing
a. exerting force or containing energy","a. 活的, 生动的, 精力充沛的, 实况转播的
vi. 活, 生存, 居住
vt. 过着, 度过, 经历
adv. 实况地",r:2/j:8/v:90,3,1,zk gk ielts,267,210,live
lively,lively,'laivli,"a. full of life and energy
s. full of zest or vigor
s. filled with events or activity","a. 活泼的, 鲜明的, 生动的",j:100,2,1,zk gk cet4 cet6 ky toefl,4135,5775,lively
lock,lock,lɒk,"n. a fastener fitted to a door or drawer to keep it firmly closed
n. a strand or cluster of hair
n. a mechanism that detonates the charge of a gun
n. enclosure consisting of a section of canal that can be closed to control the water level; used to raise or lower vessels that pass through it","n. 锁, 刹车, 水闸, 一缕头发
vt. 锁, 锁上, 拘禁, 隐藏, (用锁等)拴住, 刹住
vi. 锁住, (齿轮等)啮合, (船)过闸",n:33/v:67,3,1,zk gk cet4 ky ielts,2332,2221,lock
London,london,'lʌndәn,"n. the capital and largest city of England; located on the Thames in southeastern England; financial and industrial and cultural center
n. United States writer of novels based on experiences in the Klondike gold rush (1876-1916)",n. 伦敦,,0,0,zk gk ielts,248,0,london
lonely,lonely,'lәunli,"s. marked by dejection from being alone
s. devoid of creatures","a. 孤单的, 孤寂的, 荒凉的",j:100,3,1,zk gk cet4 cet6 ky,3842,4002,lonely
long,long,lɒŋ,"a. primarily temporal sense; being or indicating a relatively great or greater than average duration or passage of time or a duration as specified
a. primarily spatial sense; of relatively great or greater than average spatial extension or extension as specified
s. of relatively great height
a. holding securities or commodities in expectation of a rise in prices","a. 长的, 长久的, 冗长的, 做多头的
vi. 渴望, 热望, 极想
adv. 长久, 始终
n. 长时间, 长信号, 长整型
[计] 长, 长整型",r:45/j:47/c:6/v:2,2,1,zk gk toefl,217,254,long
look,look,luk,"n. the act of directing the eyes toward something and perceiving it visually
n. physical appearance
v. perceive with attention; direct one's gaze towards
v. give a certain impression or have a certain outward aspect","n. 一看, 神色, 样子, 面容
vi. 看, 注意, 朝着, 显得
vt. 打量, 看上去与...一样, 以眼色(或脸色)显示, 期待",n:12/v:88,5,1,zk gk,82,85,look
lose,lose,lu:z,"v. fail to keep or to maintain; cease to have, either physically or in an abstract sense
v. fail to win
v. suffer the loss of a person through death or removal
v. miss from one's possessions; lose sight of","vt. 遗失, 损失, 丢失, 使失去, 错过, 浪费, 迷失, 使迷路, 输去, 使沉溺于
vi. 受损失, 失败",v:100,5,1,zk gk cet4 cet6 ky,329,283,lose
lot,lot,lɒt,"n. a parcel of land having fixed boundaries
n. (Old Testament) nephew of Abraham; God destroyed Sodom and Gomorrah but chose to spare Lot and his family who were told to flee without looking back at the destruction
v. divide into lots, as of land, for example","n. 运气, 签, 抽签, 份额, 许多, 一堆
vt. 划分
vi. 抽签, 抓阄",r:17/n:83,5,0,zk gk gre,374,238,lot
loud,loud,laud,a. characterized by or producing sound of great volume or intensity,"a. 大声的, 不断的, 喧吵的
adv. 高声地, 大声地",r:43/j:57,3,1,zk gk cet4 ky,3207,3094,loud
love,love,lʌv,"n. a strong positive emotion of regard and affection
n. any object of warm affection or devotion; 
n. a deep feeling of sexual desire and attraction
n. a score of zero in tennis or squash","n. 爱, 恋爱, 爱情, 爱好, 性爱
vt. 爱, 爱好, 爱慕
vi. 爱",n:40/v:60,5,1,zk gk,670,390,love
lovely,lovely,'lʌvli,s. appealing to the emotions as well as the eye,"a. 可爱的, 有趣的",j:99/n:1,3,1,zk gk,1496,3284,lovely
low,low,lәu,"n. an air mass of lower pressure; often brings precipitation
n. British political cartoonist (born in New Zealand) who created the character Colonel Blimp (1891-1963)
n. a low level or position or degree
a. less than normal in degree or intensity or amount","n. 低点, 低价, 低, 牛叫声
a. 低的, 消沉的, 低等的, 浅的, 卑贱的
adv. 低下地, 谦卑地, 低
vi. 牛叫",r:4/j:93/v:1/n:2,5,1,zk gk gre,318,360,low
luck,luck,lʌk,"n. an unknown and unpredictable phenomenon that causes an event to result one way rather than another
n. an unknown and unpredictable phenomenon that leads to a favorable outcome","n. 运气, 幸运, 好运, 侥幸
vi. 靠好运成功",n:100,3,1,zk gk cet4 ky ielts,2598,2384,luck
lucky,lucky,'lʌki,"s. occurring by chance
a. having or bringing good fortune","a. 幸运的, 吉祥的, 好运的, 侥幸的",j:100,3,1,zk gk cet4 ky,2137,2126,lucky
lunch,lunch,lʌntʃ,"n. a midday meal
v. take the midday meal
v. provide a midday meal for",n. 午餐,v:2/n:98,4,1,zk gk ielts,1615,1586,lunch
machine,machine,mә'ʃi:n,"n. any mechanical or electrical device that transmits or modifies energy to perform or assist in the performance of human tasks
n. an efficient person
n. an intricate organization that accomplishes its goals efficiently
n. a device for overcoming resistance at one point by applying force at some other point","n. 机器, 机械装置, 机构, 自动售货机, 机械般工作的人
vt. 以机器制造",v:5/n:95,4,1,zk gk ielts,761,1022,machine
mad,mad,mæd,"s roused to anger
s affected with madness or insanity
s marked by uncontrolled excitement or emotion
s very foolish","a. 疯狂的, 发疯的, 生气的, 愚蠢的, 狂欢的
n. 狂怒",j:100,3,1,zk gk cet4 cet6 ky,2592,2572,mad
madam,madam,'mædәm,n. a woman who runs a house of prostitution,"n. 女士, 夫人",n:100,1,0,zk cet4,6683,16977,madam
madame,madame,'mædәm,n. title used for a married Frenchwoman,"n. 夫人, 小姐, 太太, 女士, 主妇, (非正式)喜欢差使/指使别人的女子, 鸨母",n:100,0,0,zk ky,5484,7424,madame
magazine,magazine,.mægә'zi:n,"n. a periodic publication containing pictures and stories and articles of interest to those who purchase it or subscribe to it
n. product consisting of a paperback periodic publication as a physical object
n. a business firm that publishes magazines
n. a light-tight supply chamber holding the film and supplying it for exposure as required","n. 杂志, 仓库, 弹盒, 胶卷盒
[计] 卡片箱, 介质装卸程序",n:100,4,1,zk gk cet4 cet6 ky ielts,1479,1001,magazine
magic,magic,'mædʒik,n. any art that invokes supernatural powers,"n. 魔术, 魔法
a. 魔术的, 有魔力的, 不可思议的",j:53/n:47,3,1,zk gk cet4 cet6 ky toefl ielts,3949,3411,magic
mail,mail,meil,"n. the bags of letters and packages that are transported by the postal service
n. the system whereby messages are transmitted via the post office
n. a conveyance that transports the letters and packages that are conveyed by the postal system
n. any particular collection of letters or packages that is delivered","n. 邮件, 邮政, 邮递, 盔甲
vt. 邮寄, 给...穿盔甲
[计] 邮件",v:22/n:78,3,1,zk gk ielts,2485,2508,mail
main,main,mein,"n. any very large body of (salt) water
n. a principal pipe in a system that distributes water or gas or electricity or that collects sewage
s. of force; of the greatest possible intensity","n. 主要部分, 干线, 体力, 力量, 主群组
a. 主要的, 重要的, 全力的
[计] 主群组",r:1/j:98/n:1,5,1,zk gk cet4 cet6 ky ielts,376,888,main
make,make,meik,"v. engage in
v. give certain properties to something
v. make or cause to be or to become
v. compel or make somebody or something to act in a certain way","vt. 制造, 安排, 创造, 构成, 使得, 产生, 造成, 整理, 布置, 引起, 到达, 进行
vi. 开始, 前进, 增大, 被制造, 被处理
n. 制造, 构造, 性情",n:1/v:99,3,1,zk gk ielts,43,45,make
man,man,mæn,"n. an adult person who is male (as opposed to a woman)
n. the generic use of the word to refer to any human being
n. a male subordinate
n. an adult male person who has a manly character (virile and courageous competent)","n. 男人, 人类, 人
vt. 为...配备人手, 操纵, 使振奋
[计] 城域网, 手册",v:1/n:99,5,1,zk gk,91,94,man
manage,manage,'mænidʒ,"v. be in charge of, act on, or dispose of","vi. 处理
vt. 管理, 控制, 维持, 达成, 经营, 运用",v:100,4,1,zk gk cet4 cet6 ky,752,945,manage
manager,manager,'mænidʒә,"n someone who controls resources and expenditures
n (sports) someone in charge of training an athlete or a team","n. 经理, 管理员, 管理器
[计] 管理器",n:100,4,1,zk gk ielts,508,877,manager
many,many,'meni,a. a quantifier that can be used with count nouns and is often preceded by `as' or `too' or `so' or `that'; amounting to a large but indefinite number,"n. 多数, 多数人
a. 许多的
pron. 许多",d:100,5,1,zk gk,98,99,many
map,map,mæp,"n. a diagrammatic representation of the earth's surface (or part of it)
v. make a map of; show or establish the features of details of
v. explore or survey for the purpose of making a map
v. locate within a specific region of a chromosome in relation to known DNA or gene sequences","n. 地图, 天体图, 映像
vt. 映射, 绘制...地图, 计划
[计] 实用程序, 映射, 制造自动化协议",v:13/n:87,3,1,zk gk toefl ielts,1681,1542,map
march,march,mɑ:tʃ,"n. the month following February and preceding April
n. the act of marching; walking with regular steps (especially in a procession of some kind)
n. a steady advance
n. a procession of people walking together","n. 三月, 进行, 行军, 步伐, 长途跋涉, 进行曲, 边界
vi. 进军, 前进, 交界
vt. 使行军, 使行进",n:37/v:63,3,1,zk gk toefl ielts,695,3483,march
mark,mark,mɑ:k,"n. a number or letter indicating quality (especially of a student's performance)
n. a visible indication made on a surface
n. the impression created by doing something unusual or extraordinary that people notice and remember
n. a symbol of disgrace or infamy","n. 标志, 分数, 马克, 痕迹, 斑点, 靶子, 刻度, 记号, 符号, 戳记, 标准, 起跑线
vt. 做标记于, 留意, 打分数, 表明, 标志, 记录
vi. 作记号, 记得分
[计] 标志; 标记; 传号",n:43/v:57,4,1,zk gk cet4 ky,1255,1683,mark
market,market,'mɑ:kit,"n. the world of commercial activity where goods and services are bought and sold
n. the customers for a particular product or service
n. the securities markets in the aggregate
v. engage in the commercial promotion, sale, or distribution of","n. 市场, 交易, 集市, 推销地区, 行情, 市面, 销路
vt. 在市场上交易, 使上市, 销售
vi. 在市场上买卖",v:11/n:89,5,1,zk gk ielts,253,402,market
marriage,marriage,'mæridʒ,"n. the state of being a married couple voluntarily joined for life (or until divorce)
n. two people who are married to each other
n. the act of marrying; the nuptial ceremony
n. a close and intimate union","n. 婚姻, 结婚, 婚礼, 合并
[医] 婚姻, 结婚",n:100,4,1,zk gk cet4 cet6 ky,1154,1011,marriage
marry,marry,'mæri,"v. take in marriage
v. perform a marriage ceremony","vt. 与...结婚, 娶, 嫁
vi. 结婚",v:100,4,1,zk gk cet4 ky,1217,1333,marry
master,master,'mɑ:stә. 'mæstә,"n. directs the work of others
n. an original creation (i.e., an audio recording) from which copies can be made
n. an officer who is licensed to command a merchant ship
n. someone who holds a master's degree from academic institution","n. 主人, 硕士, 大师, 母机
a. 主人的, 主要的
vt. 征服, 控制, 精通",v:20/n:80,4,1,zk gk cet4 cet6 ky ielts,1224,1883,master
match,match,mætʃ,"n. lighter consisting of a thin piece of wood or cardboard tipped with combustible chemical; ignites with friction
n. a formal contest in which two or more persons or teams compete
n. a burning piece of wood or cardboard
n. an exact duplicate","n. 比赛, 火柴, 对手
vt. 使相配, 使比赛, 与...竞争
vi. 结婚, 相配
[计] 比较",n:41/v:59,5,1,zk gk toefl ielts,1097,1972,match
math,math,mæθ,n a science (or group of related sciences) dealing with the logic of quantity and shape and arrangement,n. 数学,n:100,1,0,zk,36820,2983,math
mathematics,mathematics,.mæθә'mætiks,n. a science (or group of related sciences) dealing with the logic of quantity and shape and arrangement,"n. 数学
[机] 数学",n:100,2,1,zk cet4 cet6 toefl ielts,3593,4257,mathematics
may,may,mei,n. the month following April and preceding June,"n. 五月
aux. 愿能, 可以, 愿意",v:100,4,1,zk gk ielts,83,119,may
maybe,maybe,'meibi:,r by chance,"adv. 也许, 大概
n. 可能性",r:100,4,1,zk gk,955,383,maybe
me,me,mi:,n a state in New England,pron. 我,p:100,5,1,zk gk,15312,61,me
meal,meal,mi:l,"n. the food served and eaten at one time
n. any of the occasions for eating food that occur by custom or habit at more or less fixed times
n. coarsely ground foodstuff; especially seeds of various cereal grasses or pulse","n. 一餐, 膳食, 粗粉
vi. 进餐",n:100,3,1,zk gk ielts,1415,1710,meal
mean,mean,mi:n,"n. an average of n numbers computed by adding some function of the numbers and dividing by some function of n
v. mean or intend to express or convey
v. denote or connote
v. have a specified degree of importance","a. 低劣的, 卑贱的, 简陋的, 吝啬的, 惭愧的, 平均的, 中间的, 普通的
vt. 意谓, 想要, 意欲, 预定
vi. 用意, 有意义
n. 平均数, 中间, 中庸",n:9/j:8/v:83,2,1,zk gk toefl ielts gre,121,154,mean
meaning,meaning,'mi:niŋ,"n. the message that is intended or expressed or signified
n. the idea that is intended
s. rich in significance or implication","n. 意义, 含义, 目的, 意图
a. 意味深长的",n:100,3,1,zk gk,1226,1608,meaning
meat,meat,mi:t,n. the flesh of animals (including fishes and birds and snails) used as food,"n. 肉, 餐, 食物
[经] 肉类",n:100,3,1,zk gk ielts,2283,1788,meat
medical,medical,'medikl,"a. relating to the study or practice of medicine
a. requiring or amenable to treatment by medicine especially as opposed to surgery","n. 医生, 体格检查
a. 医学的, 内科的, 药的",j:99/n:1,4,1,zk gk cet4 cet6 ky ielts,1068,646,medical
medicine,medicine,'medisin,"n. the branches of medical science that deal with nonsurgical techniques
n. (medicine) something that treats or prevents or alleviates the symptoms of disease
n. the learned profession that is mastered by graduate training in a medical school and that is devoted to preventing or alleviating or curing diseases and injuries","n. 药, 医学, 内科
vt. 给...用药",n:100,3,1,zk gk toefl ielts,2476,1473,medicine
meet,meet,mi:t,"n. a meeting at which a number of athletic contests are held
v. come together
v. get together socially or for a specific purpose
v. fill or meet a want or need","n. 会, 集会
a. 适宜的, 合适的
vt. 遇见, 引见, 认识, 满足, 对付
vi. 相遇, 接触",n:1/v:99,5,1,zk gk gre,259,288,meet
meeting,meeting,'mi:tiŋ,"n. a formally arranged gathering
n. a small informal social gathering
n. a casual or unexpected convergence
n. the social act of assembling for some common purpose","n. 会议, 会面
[法] 会议, 会谈, 集会",n:100,5,1,zk gk ielts,457,772,meeting
member,member,'membә,"n. one of the persons who compose a social group (especially individuals who have joined and participate in a group organization)
n. anything that belongs to a set or class
n. an organization that is a member of another organization (especially a state that belongs to a group of nations)","n. 成员, 会员
[医] │肢, 肢体",n:100,5,1,zk gk,182,285,member
memory,memory,'memәri,"n. something that is remembered
n. the cognitive processes whereby past experience is remembered
n. the power of retaining and recalling past experience
n. an electronic memory device","n. 记忆, 记忆力, 回忆, 纪念, 存储
n. 内存
[计] 存储器, 内存, 查看内存实用程序",n:100,4,1,zk gk cet4 cet6 ky toefl,979,891,memory
mend,mend,mend,"n. sewing that repairs a worn or torn hole (especially in a garment)
v. heal or recover","n. 改进, 修补, 好转
vt. 修改, 改进, 加快, 修理
vi. 好转, 改善",n:15/v:85,1,0,zk gk toefl gre,7566,10849,mend
mention,mention,'menʃәn,"n. a remark that calls attention to something or someone
n. an official recognition of merit
v. make reference to
v. commend","n. 提到, 言及, 陈述
vt. 提到, 提及",n:12/v:88,4,1,zk gk toefl,902,971,mention
menu,menu,'menju:,"n. a list of dishes available at a restaurant
n. the dishes making up a meal
n. (computer science) a list of options available to a computer user
n. an agenda of things to do","n. 菜单, (功能)选择单
[计] 菜单",n:100,2,1,zk gk toefl,3553,3086,menu
message,message,'mesidʒ,"n. a communication (usually brief) that is written or spoken or signaled
n. what a communication that is about something is about
v. send a message to
v. send as a message","n. 消息, 通讯, 讯息, 教训, 预言, 广告词
vt. 通知
vi. 通报, 报告, 报信
[计] 报文; 消息; 信息",v:1/n:99,4,1,zk gk cet4 cet6 ky,1120,807,message
metal,metal,'metәl,v. cover with metal,"n. 金属, 金属制品, 合金, 本质, 质料
a. 金属制的
vt. 以金属覆盖",n:100,3,1,zk gk cet4 cet6 ky ielts,1668,1574,metal
method,method,'meθәd,"n. a way of doing something, especially a systematic way; implies an orderly logical arrangement (usually in steps)","n. 方法, 办法, 条理, 秩序
[医] [方]法",n:100,4,1,zk gk cet4 cet6 ky ielts,561,998,method
metre,metre,'mi:tә,"n the basic unit of length adopted under the Systeme International d'Unites (approximately 1.094 yards)
n (prosody) the accent in a metrical foot of verse
n rhythm as given by division into parts of equal duration","n. 公尺, 格律, 韵律
[医] 米, 公尺",,3,1,zk gk cet4 cet6 ky,2099,0,metre
middle,middle,'midl,"n. an intermediate part or section
n. the middle area of the human torso (usually in front)
n. time between the beginning and the end of a temporal period
v. put in the middle","n. 中央, 中间, 腰部
a. 中央的, 中庸的, 中间的",j:57/n:43,5,1,zk gk,1360,988,middle
might,might,mait,n. physical strength,"n. 力量, 权力
aux. 可能, 也许",n:1/v:99,1,1,zk gk cet4 ky ielts,138,175,might
mile,mile,mail,"n. a unit of length equal to 1,760 yards or 5,280 feet; exactly 1609.344 meters
n. a large distance
n. an ancient Roman unit of length equivalent to 1620 yards
n. a Swedish unit of length equivalent to 10 km","n. 英里, 很大距离
[机] 英里, 哩",,4,1,zk gk cet4 cet6 ky,772,0,mile
milk,milk,milk,"n. a white nutritious liquid secreted by mammals and used as food by human beings
n. produced by mammary glands of female mammals for feeding their young
n. a river that rises in the Rockies in northwestern Montana and flows eastward to become a tributary of the Missouri River
n. any of several nutritive milklike liquids","n. 奶, 乳状物
vt. 挤乳, 榨取
vi. 产乳",v:4/n:96,3,1,zk gk ielts gre,1881,2033,milk
mind,mind,maind,"n. that which is responsible for one's thoughts and feelings; the seat of the faculty of reason
n. recall or remembrance
n. attention
n. your intention; what you intend to do","n. 思想, 愿望, 智力, 记忆, 心理, 情绪, 理智, 主意, 心意
vi. 介意, 注意, 留心
vt. 注意, 留意, 专心于, 照看, 介意",v:18/n:82,3,1,zk gk ielts,385,469,mind
minute,minute,'minit. mai'nju:t,"n. a unit of time equal to 60 seconds or 1/60th of an hour
n. a unit of angular distance equal to a 60th of a degree
n. a short note
s. characterized by painstaking care and detailed examination","n. 分, 分钟, 片刻, 备忘录, 笔记
vt. 记录, 摘录, 测定时间
a. 微小的, 详细的",j:1/v:1/n:98,1,1,zk gk toefl ielts,348,308,minute
mirror,mirror,'mirә,"n. polished surface that forms images by reflecting light
n. a faithful depiction or reflection
v. reflect as if in a mirror
v. reflect or resemble","n. 镜子, 写真, 典范
vt. 反映, 映出",v:11/n:89,3,1,zk gk cet4 cet6 ky,2086,1853,mirror
miss,miss,mis,"n. a failure to hit (or meet or find etc)
n. a form of address for an unmarried woman
v. fail to perceive or to catch with the senses or the mind
v. feel or suffer from the lack of","n. 失误, 避免, 失败, 小姐
vt. 未得到, 未达到, 未听到, 未觉察, 逃脱, 遗漏, 错过, 思念
vi. 失败, 击不中",n:3/v:97,4,1,zk gk,919,833,miss
mistake,mistake,mis'teik,"n. a wrong action attributable to bad judgment or ignorance or inattention
n. an understanding of something that is not correct
v. identify incorrectly","n. 错误, 误会
vi. 犯错, 误认
vt. 误解, 弄错
[计] 错误",v:14/n:86,4,1,zk gk,1751,1430,mistake
model,model,'mɒdәl,"n. a hypothetical description of a complex entity or process
n. a type of product
n. a person who poses for a photographer or painter or sculptor
n. representation of something (sometimes on a smaller scale)","n. 模型, 模范, 模特儿
a. 模范的, 作模型用的
vi. 做模型, 做模特儿
vt. 使模仿, 塑造
[计] 模型",v:6/j:1/n:93,4,1,zk gk cet4 ky ielts,551,504,model
modern,modern,'mɒdәn,"n. a contemporary person
n. a typeface (based on an 18th century design by Gianbattista Bodoni) distinguished by regular shape and hairline serifs and heavy downstrokes
a. belonging to the modern era; since the Middle Ages
s. characteristic of present-day art and music and literature and architecture","n. 现代人, 有思想的人
a. 现代的, 时髦的",j:99/n:1,4,1,zk gk ielts,762,1046,modern
mom,mom,mʌm,n informal terms for a mother,n. 妈妈,n:100,2,1,zk,13335,1609,mom
moment,moment,'mәumәnt,"n. a particular point in time
n. an indefinitely short time
n. a turning force produced by an object acting at a distance (or a measure of that force)
n. the n-th moment of a distribution is the expected value of the n-th power of the deviations from a fixed value","n. 片刻, 瞬间, 重要, 阶段, 力矩
[医] 片刻, 瞬间, 时机, 因素, 矩",n:100,5,1,zk gk toefl gre,361,369,moment
Monday,monday,'mʌndi,n. the second day of the week; the first working day,n. 星期一,,4,1,zk gk ielts,1679,0,monday
money,money,'mʌni,"n. the most common medium of exchange; functions as legal tender
n. wealth reckoned in terms of money
n. the official currency issued by a government or national bank","n. 金钱, 一笔款, 财富, 货币, 金额
[经] 货币, 金钱, 财产",n:100,5,1,zk gk ielts,233,232,money
monitor,monitor,'mɒnitә,"n. an ironclad vessel built by Federal forces to do battle with the Merrimac
n. display produced by a device that takes signals and displays them on a television screen or a computer monitor
n. electronic equipment that is used to check the quality or content of electronic transmissions
n. a piece of electronic equipment that keeps track of the operation of a system continuously and warns of trouble","n. 监督器, 级长, 监听员, 班长, 监视器, 告诫物
v. 监视, 监听, 监督
[计] 监视器, 监视程序; 监视",n:36/v:64,3,1,zk gk cet4 cet6 ky toefl ielts,2431,2349,monitor
monkey,monkey,'mʌŋki,n. any of various long-tailed primates (excluding the prosimians),"n. 猴子, 猿, 打桩锤
vi. 淘气, 胡闹
vt. 嘲弄",v:2/n:98,2,0,zk gk cet4 ky,5405,4558,monkey
month,month,mʌnθ,n. a time unit of approximately 30 days,"n. 月
[经] 月",n:100,5,1,zk gk ielts,214,236,month
moon,moon,mu:n,"n. the natural satellite of the Earth
n. any object resembling a moon
n. United States religious leader (born in Korea) who founded the Unification Church in 1954; was found guilty of conspiracy to evade taxes (born in 1920)
n. any natural satellite of a planet","n. 月亮, 月球, 月光
vi. 闲荡
vt. 虚度",v:3/n:97,3,1,zk gk,2646,2450,moon
more,more,mɒ:,"n. English statesman who opposed Henry VIII's divorce from Catherine of Aragon and was imprisoned and beheaded; recalled for his concept of Utopia, the ideal state
a. (comparative of `much' used with mass nouns) a quantifier meaning greater in size or amount or extent or degree
a. (comparative of `many' used with count nouns) quantifier meaning greater in number
r. used to form the comparative of some adjectives and adverbs","n. 更多
a. 多的, 程度较大的, 更大的
adv. 多, 更多, 进一步
[计] DOS外部命令:显示满屏后自动暂停, 并显示:""--More--"", 按任意键继续",r:55/d:44/n:1,5,1,zk,74,81,more
morning,morning,'mɒ:niŋ,n. the time period between dawn and noon,"n. 早晨, 早上, 初期",n:100,5,1,zk gk,445,357,morning
most,most,mәust,"a. (superlative of `many' used with count nouns and often preceded by `the') quantifier meaning the greatest in number
a. the superlative of `much' that can be used with mass nouns and is usually preceded by `the'; a quantifier meaning the greatest in amount or extent or degree
r. used to form the superlative
r. very","n. 最多, 最大
a. 大多数的, 几乎全部的, 最多的
adv. 最, 最多, 极其",r:55/d:45,5,1,zk gk ielts,153,144,most
mother,mother,'mʌðә,"n. a woman who has given birth to a child (also used as a term of address to your mother)
n. a stringy slimy substance consisting of yeast cells and bacteria; forms during fermentation and is added to cider or wine to produce vinegar
n. a term of address for an elderly woman
n. a term of address for a mother superior","n. 母亲, 修女院长
vt. 产生, 照看, 收养",v:1/n:99,5,1,zk gk ielts,306,229,mother
motorcycle,motorcycle,'mәutәsaikl,n. a motor vehicle with two wheels and a strong frame,"n. 摩托车
[机] 机动车, 机踏车, 摩托车",v:3/n:97,1,1,zk gk ielts,9757,6059,motorcycle
mountain,mountain,'mauntin,n. a land mass that projects well above its surroundings; higher than a hill,"n. 山, 山脉, 大堆",n:100,4,1,zk gk ielts,1402,1240,mountain
mouse,mouse,maus,"n. any of numerous small rodents typically resembling diminutive rats having pointed snouts and small ears on elongated bodies with slender usually hairless tails
n. person who is quiet or timid
n. a hand-operated electronic device that controls the coordinates of a cursor on your computer screen as you move it around on a pad; on the bottom of the device is a ball that rolls on the surface of the pad
v. manipulate the mouse of a computer","n. 老鼠, 胆小羞怯的人, 鼠标
vi. 捕鼠, 窥探
vt. 探出
[计] 鼠标",n:100,2,1,zk gk cet4 cet6 ky,2845,3305,mouse
mouth,mouth,mauθ,"n. the opening through which food is taken in and vocalizations emerge
n. the externally visible part of the oral cavity on the face and the system of organs surrounding the opening
n. an opening that resembles a mouth (as of a cave or a gorge)
n. the point where a stream issues into a larger body of water","n. 嘴, 口, 口腔, 口状物
vi. 装腔作势说话, 做鬼脸
vt. 说出, 做作地说",v:3/n:97,4,1,zk gk toefl,1011,1060,mouth
move,move,mu:v,"n. the act of deciding to do something
n. the act of changing your residence or place of business
n. (game) a player's turn to take some action permitted by the rules of the game
v. cause to move or shift into a new position or place, both in a concrete and in an abstract sense","n. 移动, 迁居, 步骤
vt. 移动, 开动, 感动, 搬(家)
vi. 移动, 离开, 运行, 迁移, 摇动, 搬家, 交往, 进展, 脱手
[计] 移动; 传送; DOS外部命令:移动文件, 它可将文件移动到指定的地方",n:13/v:87,5,1,zk gk,220,207,move
movie,movie,'mu:vi,n. a form of entertainment that enacts a story by sound and a sequence of images giving the illusion of continuous movement,n. 电影,n:100,4,1,zk gk cet4 ky ielts,2856,576,movie
much,much,mʌtʃ,"n. a great amount or extent
a. (quantifier used with mass nouns) great in quantity or degree or extent
r. to a great degree or extent
r. very","n. 大量, 许多, 重要的事
a. 很多的, 重要的
adv. 多, 甚, 几乎",c:1/r:34/d:65,5,1,zk gk,164,146,much
murder,murder,'mә:dә,"n. unlawful premeditated killing of a human being by a human being
v. kill intentionally and with premeditation","n. 谋杀
vt. 谋杀, 损毁, 破坏
vi. 犯杀人罪",v:23/n:77,4,1,zk gk cet4 cet6 ky,1560,1381,murder
museum,museum,mju:'ziәm,n. a depository for collecting and displaying objects having scientific or historical or artistic value,n. 博物馆,n:100,4,1,zk gk cet4 cet6 ky ielts,1209,1723,museum
music,music,'mju:zik,"n. an artistic form of auditory communication incorporating instrumental or vocal tones in a structured and continuous manner
n. any agreeable (pleasing and harmonious) sounds
n. musical activity (singing or whistling etc.)
n. (music) the sounds produced by singers or musical instruments (or reproductions of such sounds)","n. 音乐, 乐曲",n:100,5,1,zk gk ielts,667,392,music
must,must,mʌst,"n. a necessary or essential thing
n. grape juice before or during fermentation
s. highly recommended","n. 必须, 未发酵葡萄汁, 绝对必要的事物
aux. 必须",n:1/v:99,5,1,zk,111,223,must
my,my,mai,"a. Of or belonging to me; -- used always attributively; as, my
   body; my book; -- mine is used in the predicate; as, the book is mine.
   See Mine.","pron. 我的
[医] 迈尔(热容单位)",a:100,5,1,zk gk,61,44,my
myself,myself,mai'self,"pron. I or me in person; -- used for emphasis, my own self or
   person; as I myself will do it; I have done it myself; -- used also
   instead of me, as the object of the first person of a reflexive verb,
   without emphasis; as, I will defend myself.","pron. 我自己, 我亲自, 我独自",p:100,4,1,zk gk,804,662,myself
name,name,neim,"n. a language unit by which a person or thing is known
n. a person's reputation
n. family based on male descent
n. a well-known or notable person","n. 名字, 名称, 姓名, 名义, 名誉, 文件名
vt. 命名, 称呼, 任命, 提名, 列举
a. 姓名的, 据以取名的
[计] 名称, 文件名, 姓名",v:28/n:72,5,1,zk gk,271,298,name
national,national,'næʃәnәl,"n. a person who owes allegiance to that nation
a. of or relating to or belonging to a nation or country
a. limited to or in the interests of a particular nation
a. concerned with or applicable to or belonging to an entire nation or country","a. 国家的, 国立的, 全国性的, 民族的
[经] 全国性的, 国家的, 国民的",j:99/n:1,5,1,zk gk cet4 cet6 ky ielts,232,231,national
natural,natural,'nætʃәrәl,"n. someone regarded as certain to succeed
n. a notation cancelling a previous sharp or flat
n. (craps) a first roll of 7 or 11 that immediately wins the stake
a. in accordance with nature; relating to or concerning nature","n. 白痴
a. 自然的, 自然界的, 本能的, 天然的, 物质的, 正常的, 原始的, 自然数的",r:1/j:99,4,1,zk gk cet4 cet6 ky toefl ielts,709,715,natural
nature,nature,'neitʃә,"n. the essential qualities or characteristics by which something is recognized
n. a causal agent creating and controlling things in the universe
n. the natural physical world including plants and animals and landscapes etc.
n. the complex of emotional and intellectual attributes that determine a person's characteristic actions and reactions","n. 自然, 大自然, 本性, 性格, 性质
[医] 自然, 大自然; 本性, 性能",n:100,4,1,zk gk cet4 cet6 ky ielts,553,696,nature
near,near,niә,"a. not far distant in time or space or degree or circumstances
s. being on the left side
s. closely resembling the genuine article
r. near in time or place or relationship","a. 近的, 近亲的, 近似的
adv. 接近, 亲近
prep. 靠近, 近似于
v. 接近, 走近",i:77/r:8/v:7/j:8,5,1,zk gk,726,706,near
nearly,nearly,'niәli,"r (of actions or states) slightly short of or not quite accomplished; all but
r in a close manner","adv. 几乎, 密切地",r:100,4,1,zk gk toefl,865,599,nearly
necessary,necessary,'nesisәri,"a. absolutely essential
s. unavoidably determined by prior circumstances",a. 必要的；必然的；必需的,j:99/n:1,4,1,zk gk,555,982,necessary
neck,neck,nek,"n. the part of an organism (human or animal) that connects the head to the rest of the body
n. a narrow elongated projecting strip of land
n. a cut of meat from the neck of an animal
n. a narrow part of an artifact that resembles a neck in position or form","n. 脖子, 衣领, 颈
vi. 拥抱, 拥吻, 收缩
vt. 割颈",v:2/n:98,3,1,zk gk cet4 cet6 ky toefl ielts,1569,1521,neck
need,need,ni:d,"n. a condition requiring relief
n. anything that is necessary but lacking
v. have or feel a need for","n. 需要, 必须, 缺乏
vt. 需要, 必需
vi. 贫困, 有必要
aux. 需要",n:22/v:78,5,1,zk gk,132,132,need
neighbour,neighbour,'neibә,"n a person who lives (or is located) near another
n a nearby object of the same kind
v live or be located as a neighbor
v be located near or adjacent to","n. 邻居, 邻接的东西, 邻国, 邻座, 邻人, 世人
a. 邻接的, 邻近的
vi.vt. 邻近, 与...结邻, 邻接",,3,1,zk gk cet4 cet6,1847,0,neighbour
neither,neither,'naiðә,s. not either; not one or the other,"adv. 皆不, 两个都不
a. (两者)都不的
pron. 两者都不
conj. 既非, 既不",r:65/d:35,4,1,zk gk,1721,1790,neither
nervous,nervous,'nә:vәs,"s. easily agitated
a. of or relating to the nervous system","a. 神经紧张的, 不安的, 神经的
[医] 神经的; 神经质的, 神经过敏的",j:100,3,1,zk gk cet4 cet6 ky toefl ielts,2632,2393,nervous
never,never,'nevә,"r. not ever; at no time in the past or future
r. not at all; certainly not; not in any circumstances","adv. 从不, 决不, 不曾
[法] 永不, 决不, 从来没有",r:100,5,1,zk gk,157,138,never
new,new,nju:,"a. not of long duration; having just (or relatively recently) come into being or been made or acquired or discovered
s. having no previous example or precedent or parallel
s. other than the former one(s); different
a. unaffected by use or exposure","a. 新的, 陌生的, 最近的, 不熟悉的
[法] 新发现的, 新的, 重新开始的",r:1/j:99,5,1,zk gk,81,88,new
news,news,nju:z,"n. information about recent and important events
n. information reported in a newspaper or news magazine
n. informal information of any kind that is not previously known to someone","n. 新闻, 消息, 报导
[法] 新闻, 消息, 新闻报导",n:100,5,1,zk gk,692,574,news
newspaper,newspaper,'nju:z.peipә,"n. a daily or weekly publication on folded sheets; contains news and articles and advertisements
n. a business firm that publishes newspapers
n. the physical object that is the product of a newspaper publisher
n. cheap paper made from wood pulp and used for printing newspapers",n. 报纸,n:100,4,1,zk gk ielts,1164,1064,newspaper
next,next,'nekst,r. at the time or occasion immediately following,"n. 下一个
a. 下一个的, 其次的, 贴近的
adv. 然后, 下次, 次于
[计] 近邻干扰",i:13/m:87,5,1,zk gk,199,217,next
nice,nice,nais,"n. a city in southeastern France on the Mediterranean; the leading resort on the French Riviera
a. pleasant or pleasing or agreeable in nature or appearance
s. done with delicacy and skill","a. 美好的, 和蔼的, 正派的, 做得好的, 精密的, 细微的, 挑剔的, 谨慎的",r:3/j:97,4,1,zk gk gre,750,897,nice
night,night,nait,"n. the time after sunset and before sunrise while it is dark outside
n. a period of ignorance or backwardness or gloom
n. the period spent sleeping
n. the dark part of the diurnal cycle considered a time unit","n. 夜, 夜晚, 晚上, 黑暗, 夜晚的工作
[法] 夜, 黑夜, 黑暗",n:100,5,1,zk gk ielts,216,209,night
nine,nine,nain,"n. the cardinal number that is the sum of eight and one
s. denoting a quantity consisting of one more than eight and one less than ten","num. 九, 九个",m:100,5,0,zk gk,737,1154,nine
nineteen,nineteen,.nain'ti:n,"n. the cardinal number that is the sum of eighteen and one
s. being one more than eighteen","num. 十九, 十九个",m:100,5,0,zk gk cet4 ky,1907,7818,nineteen
ninety,ninety,'nainti,"n. the cardinal number that is the product of ten and nine
s. being ten more than eighty","num. 九十, 九十个",m:100,5,0,zk gk,1948,8279,ninety
ninth,ninth,nainθ,"n. position nine in a countable series of things
s. coming next after the eighth and just before the tenth in position","num. 第九, 九分之一",m:100,4,0,zk gk,5636,5059,ninth
no,no,nәu,"n. a negative
a. quantifier; used with either mass nouns or plural count nouns for indicating a complete or almost complete lack or zero quantity of
r. referring to the degree to which a certain quality is present
r. not in any degree or manner; not at all","n. 不, 拒绝, 否决票
a. 没有, 不是, 绝非
adv. 不",a:74/p:6/r:10/u:8/d:2,5,1,zk gk,68,93,no
nobody,nobody,'nәubɒdi,n a person of no influence,"n. 小人物, 无名小卒
pron. 无人, 没有人",p:99/n:1,4,1,zk gk,1529,1151,nobody
nod,nod,nɒd,"n. a sign of assent or salutation or command
n. the act of nodding the head
v. express or signify by nodding
v. lower and raise the head, as to indicate assent or agreement or confirmation","n. 点头, 打盹, 晃动
vi. 点头, 打盹
vt. 点头表示, 点(头)",n:16/v:84,3,0,zk gk cet4 cet6 ky toefl,1573,1557,nod
noise,noise,nɒiz,"n. sound of any kind (especially unintelligible or dissonant sound)
n. the auditory experience of sound that lacks musical quality; sound that is a disagreeable auditory experience
n. electrical or acoustic activity that can disturb communication
n. a loud outcry of protest or complaint","n. 噪音, 杂音, 响声, 喧闹
vt. 谣传
vi. 喧闹
[计] 噪声",n:100,3,1,zk gk ielts,1667,2012,noise
none,none,nʌn,"n. a canonical hour that is the ninth hour of the day counting from sunrise
n. a service in the Roman Catholic Church formerly read or chanted at 3 PM (the ninth hour counting from sunrise) but now somewhat earlier
s. not any
r. not at all or in no way","adv. 一点也不, 毫不
pron. 没有人, 无一物, 并无一个
a. 没有的",p:99/r:1,4,1,zk gk,1182,1086,none
noodle,noodle,'nu:dl,n. a ribbonlike strip of pasta,"n. 面条, 笨蛋",v:22/n:78,1,0,zk gk ky,21573,7939,noodle
noon,noon,nu:n,n. the middle of the day,"n. 正午, 中午, 全盛期",n:100,2,0,zk gk,6907,3820,noon
nor,nor,nɒ:,"conj. A negative connective or particle, introducing the second
   member or clause of a negative proposition, following neither, or not,
   in the first member or clause (as or in affirmative propositions
   follows either). Nor is also used sometimes in the first member for
   neither, and sometimes the neither is omitted and implied by the use of
   nor.","conj. 也不, 也没有
[计] 或非",c:100,4,1,zk gk,810,1062,nor
normal,normal,'nɒ:ml,"a. conforming with or constituting a norm or standard or level or type or social norm; not abnormal
a. in accordance with scientific laws
a. being approximately average or within certain limits in e.g. intelligence and development
s. forming a right angle","n. 常态, 标准, 正常, 普通
a. 正常的, 正规的, 标准的, 师范的, 正态的
[计] 标准, 普通",j:99/n:1,4,1,zk gk cet4 cet6 ky toefl ielts,811,1217,normal
North,north,nɒ:θ,"n. the region of the United States lying to the north of the Mason-Dixon line
n. the cardinal compass point that is at 0 or 360 degrees
n. a location in the northern part of a country, region, or city
n. the direction corresponding to the northward cardinal compass point","n. 北方, 北
a. 北的, 北方的
adv. 向北方, 在北方",n:100,4,1,zk gk,1746,578,north
northern,northern,'nɒ:ðәn,"n. a dialect of Middle English that developed into Scottish Lallans
a. in or characteristic of a region of the United States north of (approximately) the Mason-Dixon line
a. situated in or coming from regions of the north","n. 北方人
a. 北方的, 向北的, 自北方来的",j:100,0,1,zk gk cet4 cet6 ky,1445,1556,northern
nose,nose,nәuz,"n. the organ of smell and entrance to the respiratory tract; the prominent part of the face of man or other mammals
n. a front that resembles a human nose (especially the front of an aircraft)
n. the front or forward projection of a tool or weapon
n. a small distance","n. 鼻子, 突出部分, 嗅觉
vt. 嗅到, 探出, 用鼻子触
vi. 闻, 嗅, 探听, 告密",v:3/n:97,3,1,zk gk,1887,1735,nose
not,not,nɒt,r. negation of a word or group of words,"adv. 不, 非, 未
[计] 非",c:1/r:99,5,1,zk gk,13,28,not
note,note,nәut,"n. a brief written record
n. a short personal letter
n. a notation representing the pitch and duration of a musical sound
n. a tone of voice that shows what the speaker is feeling","n. 笔记, 记录, 注解, 票据, 符号, 显要, 注重, 便笺, 照会
vt. 记录, 注解, 注意",n:44/v:56,4,1,zk gk toefl,799,703,note
notebook,notebook,'nәutbuk,"n. a book with blank pages for recording notes or memoranda
n. a small compact portable computer","n. 笔记本, 手册, 期票簿",n:100,2,0,zk gk cet4 cet6 ky ielts,5410,4427,notebook
nothing,nothing,'nʌθiŋ,"n. a quantity of no importance
r. in no respect; to no degree","n. 无, 不关紧要之事, 零
adv. 毫不, 决不
interj. 什么也没有, 无",p:99/n:1,5,1,zk gk ielts,258,315,nothing
notice,notice,'nәutis,"n. an announcement containing information about an event
n. the act of noticing or paying attention
n. advance notification (usually written) of the intention to withdraw from an arrangement of contract
n. polite or favorable attention","n. 注意, 布告, 通知, 预告, 短评
vt. 注意, 通知, 评论, 提及, 关注
vi. 注意",n:17/v:83,4,1,zk gk cet4 cet6 ky toefl ielts,1034,1044,notice
November,november,nәu'vembә,n. the month following October and preceding December,n. 十一月,,4,1,zk gk ielts,1059,0,november
now,now,nau,"n. the momentary present
r. in the historical present; at this point in the narration of a series of past events
r. used to preface a command or reproof or request
r. at the present moment","adv. 现在, 刚才, 目前
n. 现在
a. 现在的
conj. 由于",c:4/r:96,5,1,zk gk,67,72,now
number,number,'nʌmbә,"n. the property possessed by a sum or total or indefinite quantity of units or individuals
n. a concept of quantity involving zero and units
n. a select company of people
n. a numeral or string of numerals that is used for identification","n. 数, 数字, 数目, 号码
vt. 数, 计算, 共计
vi. 计算, 报数
[计] 数字",v:2/n:98,5,1,zk gk,143,204,number
nurse,nurse,nә:s,"n. one skilled in caring for young children or the sick (usually under the supervision of a physician)
v. try to cure by special care of treatment, of an illness or injury
v. serve as a nurse; care for sick or handicapped people
v. treat carefully","n. 护士, 保姆, 奶妈
vt. 看护, 照顾, 培养
vi. 喂奶, 看护病人",v:14/n:86,3,1,zk gk toefl ielts,1650,1875,nurse
object,object,'ɒbdʒekt,"n. a tangible and visible entity; an entity that can cast a shadow
n. (grammar) a constituent that is acted upon
n. the focus of cognitions or feelings
n. (computing) a discrete item that provides a description of virtually anything known to a computer","n. 物体, 目标, 目的, 对象, 宾语, 客体
vi. 反对, 抱反感
vt. 提出...来反对
[计] 对象",v:15/n:85,4,1,zk gk cet4 cet6 ky ielts,1028,1153,object
ocean,ocean,'әuʃәn,"n. a large body of water constituting a principal part of the hydrosphere
n. anything apparently limitless in quantity or volume","n. 海洋, 广阔, 许多, 一大片
[法] 海洋, 海",n:100,3,1,zk gk cet4 ky ielts,3015,1842,ocean
October,october,ɒk'tәubә,n. the month following September and preceding November,n. 十月,,4,1,zk gk ielts,940,0,october
of,of,ɒv,"prep. In a general sense, from, or out from; proceeding from;
   belonging to; relating to; concerning; -- used in a variety of
   applications; as:
prep. Denoting that from which anything proceeds; indicating
   origin, source, descent, and the like; as, he is of a race of kings; he
   is of noble blood.
prep. Denoting possession or ownership, or the relation of subject
   to attribute; as, the apartment of the consul: the power of the king; a
   man of courage; the gate of heaven.
prep. Denoting the material of which anything is composed, or that
   which it contains; as, a throne of gold; a sword of steel; a wreath of
   mist; a cup of water.
prep. Denoting part of an aggregate or whole; belonging to a
   number or quantity mentioned; out of; from amongst; as, of this little
   he had some to spare; some of the mines were unproductive; most of the
   company.
prep. Denoting that by which a person or thing is actuated or
   impelled; also, the source of a purpose or action; as, they went of
   their own will; no body can move of itself; he did it of necessity.
prep. Denoting reference to a thing; about; concerning; relating
   to; as, to boast of one's achievements.
prep. Denoting nearness or distance, either in space or time;
   from; as, within a league of the town; within an hour of the appointed
   time.
prep. Denoting identity or equivalence; -- used with a name or
   appellation, and equivalent to the relation of apposition; as, the
   continent of America; the city of Rome; the Island of Cuba.
prep. Denoting the agent, or person by whom, or thing by which,
   anything is, or is done; by.
prep. Denoting relation to place or time; belonging to, or
   connected with; as, men of Athens; the people of the Middle Ages; in
   the days of Herod.
prep. Denoting passage from one state to another; from.
prep. During; in the course of.","prep. 的, 属于",i:100,5,1,zk gk,3,4,of
off,off,ɒf,"a. not in operation or operational
s. below a satisfactory level
a. (of events) no longer planned or scheduled
s. in an unpalatable state","a. 关着的, 不再生效的, 处于...境况的, 休假的, 空闲的
adv. 走开, ...掉, ...下, 休息, 出发, 隔断
prep. 离开, 脱落, 不在从事......, 在...之外
vi. 离开, 滚开
vt. 杀死
n. 关闭状态
[计] 关闭, 清屏命令",i:35/r:63/j:2,5,1,zk gk,174,205,off
offer,offer,'ɒfә,"n. the verbal act of offering
n. something offered (as a proposal or bid)
v. make available or accessible, provide or furnish
v. present for acceptance or rejection","n. 给予(物), 出价, 提议, 意图, 报价
vt. 提供, 出价, 奉献, 试图, 使出现, 演出
vi. 出现, 献祭, 提议, 求婚",n:14/v:86,5,1,zk gk cet4 cet6 ky toefl ielts,307,373,offer
office,office,'ɒfis,"n. place of business where professional or clerical duties are performed
n. (of a government or government official) holding an office means being in power
n. professional or clerical workers in an office
n. a religious rite or service prescribed by ecclesiastical authorities","n. 办公室, 部, 公职, 职责
[化] 办公室",n:100,5,1,zk gk ielts,303,341,office
officer,officer,'ɒfisә,"n. a person authorized to serve in a position of authority on a vessel
v. direct or command as an officer","n. 军官, 主管, 官员, 公务员
vt. 指挥",n:100,5,1,zk gk cet4 cet6 ky ielts,556,671,officer
often,often,'ɒ:fn,r. in many cases or instances,"adv. 时常, 常常",r:100,5,1,zk gk,230,274,often
oil,oil,ɒil,"n. a slippery or viscous liquid or liquefiable substance not miscible with water
n. oil paint containing pigment that is used by an artist
v. cover with oil, as if by rubbing","n. 油, 石油, 油画颜料
vt. 涂油于, 使融化成油状, 加油于
vi. 加燃油, 融化",v:1/n:99,5,1,zk gk cet4 ky ielts,906,546,oil
OK,ok,'әu'kei,"n a state in south central United States
k an endorsement
s being satisfactory or in satisfactory condition
r an expression of agreement normally occurring at the beginning of a sentence","a. 好, 不错, 可以
adv. 好, 不错, 可以
n. 批准, 认可
[计] 确定",r:100,0,1,zk gk,3743,830,ok
old,old,әuld,"n. past times (especially in the phrase `in days of old')
a. (used especially of persons) having lived for a relatively long time or attained a specific age
a. of long duration; not new
s. (used for emphasis) very familiar","n. 以前, 往昔
a. 老的, 旧的, 古老的, 年长的, 老练的",j:99/n:1,5,1,zk gk,126,152,old
on,on,ɒn,"a. in operation or operational
a. (of events) planned or scheduled
r. indicates continuity or persistence or concentration
r. in a state required for something to function or be effective","prep. 在...之上
adv. ...上去
a. 正起作用的
[计] 打开",i:91/r:8/j:1,5,1,zk gk ielts,17,17,on
once,once,wʌns,"r. on one occasion
r. as soon as
r. at a previous time;","adv. 一次, 曾经, 一旦
conj. 一旦, 一经
n. 一次
a. 从前的",c:21/r:79,5,1,zk gk ielts,548,300,once
one,one,wʌn,"n. the smallest whole number or a numeral representing this number
n. a single person or thing
s. used of a single unit or thing; not two or more
s. having the indivisible character of a unit","n. 一(个)
pron. 一, 任何人
num. 一, 一个
a. 一致的, 完整的",p:31/m:64/n:5,5,1,zk gk ielts,46,51,one
oneself,oneself,wʌn'self,"pron. A reflexive form of the indefinite pronoun one.
   Commonly writen as two words, one's self.","pron. 自己, 亲自",p:100,1,0,zk gk cet4 ky,7141,7598,oneself
only,only,'әunli,"r. with nevertheless the final result
r. in the final outcome
r. except that; only this time she came out better""
r. never except when","a. 唯一的, 仅有的, 最佳的
adv. 只有, 仅仅, 只能
conj. 但是, 不过",r:76/j:24,5,1,zk gk,70,101,only
open,open,'әupәn,"n. a clear or unobstructed space or expanse of land or water
n. a tournament in which both professionals and amateurs may play
n. information that has become public
v. cause to open or to become open","n. 公开, 户外, 空旷
a. 开着的, 开放的, 开阔的, 营业着的, 公开的, 悬而未决的
vt. 打开, 公开, 开放
vi. 展开, 开始, 展现
[计] 打开指令; 打开语句",r:4/j:36/v:60,5,1,zk gk,403,355,open
operation,operation,.ɒpә'reiʃәn,"n. the state of being in effect or being operative
n. a business especially one run on a large scale
n. a planned activity involving many people performing various actions
n. (computer science) data processing in which the result is completely specified by a rule (especially the processing that results from a single instruction)","n. 操作, 动作, 手术, 运算, 作用, 业务
[计] 运算",n:100,5,1,zk gk cet4 cet6 ky,619,826,operation
or,or,ɒ:,"n a state in northwestern United States on the Pacific
n a room in a hospital equipped for the performance of surgical operations","conj. 或, 或者
[计] 或",c:100,5,1,zk gk,29,32,or
orange,orange,'ɒ:rindʒ,"n. round yellow to orange fruit of any of several citrus trees
n. orange color or pigment; any of a range of colors between red and yellow
n. any citrus tree bearing oranges
n. any pigment producing the orange color","n. 柑橘, 桔子, 橘色
a. 橘色的",j:51/n:49,3,1,zk gk,3959,3145,orange
order,order,'ɒ:dә,"n. (often plural) a command given by a superior (e.g., a military or law enforcement officer) that must be obeyed
n. a degree in a continuum of size or quantity
n. established customary state (especially of society)
n. a commercial document used to request someone to supply something in return for payment and providing specifications and quantities","n. 次序, 规则, 命令
vi. 命令, 定货
vt. 整理, 命令, 定购
n. 顺序, 阶数
[计] 顺序, 阶数",v:34/n:66,4,1,zk gk ielts,368,684,order
other,other,'ʌðә,"a. not the same one or ones already mentioned or implied
s. recently past
s. very unusual; different in character or quality from the normal or expected","a. 其他的, 另外的, 从前的
pron. 其他的, 他人, 另外一个",i:4/p:8/j:88,5,1,zk gk,69,75,other
our,our,'auә,"pl.  of I
possessive pron. Of or pertaining to us; belonging to us; as, our
   country; our rights; our troops; our endeavors. See I.",pron. 我们的,a:100,5,1,zk gk,93,79,our
ours,ours,'auәz,"pl.  of I
possessive pron. See Note under Our.",pron. 我们的,p:100,2,1,zk gk,3947,4099,ours
ourselves,ourselves,.auә'selvz,"pl.  of Myself
pron. ; sing. Ourself (/). An emphasized form of the
   pronoun of the first person plural; -- used as a subject, usually with
   we; also, alone in the predicate, in the nominative or the objective
   case.",pron. 我们自己,p:100,3,1,zk gk,1994,1766,ourselves
out,out,aut,"n. (baseball) a failure by a batter or runner to reach a base safely in baseball
v. reveal (something) about somebody's identity or lifestyle
v. be made known; be disclosed or revealed
a. not allowed to continue to bat or run","a. 外面的, 熄灭的, 结束的
adv. 在外, 熄灭, 出现
prep. 出自, 离去, 向",i:26/r:73/v:1,5,1,zk gk,62,64,out
outside,outside,'aut'said,"n. the region that is outside of something
n. the outer side or surface of something
a. relating to or being on or near the outer side or limit
s. originating or belonging beyond some bounds:""the outside world""","n. 外面, 外表, 外界
a. 外面的, 外表的, 外界的
adv. 外面, 外表, 外界",i:54/n:2/r:25/j:19,5,1,zk gk,857,809,outside
over,over,'әuvә,"n. (cricket) the division of play during which six balls are bowled at the batsman by one player from the other team from the same end of the pitch
r. at or to a point across intervening space etc.
r. throughout an area
r. throughout a period of time","adv. 结束, 越过, 从头到尾
prep. 在...之上, 遍于...之上, 越过
a. 上面的
vt. 越过",i:58/n:1/r:40/j:1,5,1,zk gk,110,124,over
overcoat,overcoat,'әuvәkәut,n. an additional protective coating (as of paint or varnish),n. 外套大衣,n:100,1,0,zk gk cet4 cet6 ky,10596,12679,overcoat
own,own,әun,"v. have ownership or possession of
s. belonging to or on behalf of a specified person (especially yourself); preceded by a possessive","n. 自己的
a. 自己的, 嫡亲的, 同胞的
vt. 拥有, 支配, 自认, 承认, 顺从于
vi. 承认, 供认",d:87/v:13,5,1,zk gk,118,148,own
owner,owner,'әunә,"n. (law) someone who owns (is legal possessor of) a business
n. a person who owns something","n. 拥有者, 物主, 所有人
[经] 所有者, 物主, 业主",n:100,4,1,zk gk cet4 cet6 ky,1153,1021,owner
pacific,pacific,pә'sifik,"n. the largest ocean in the world
a. relating to or bordering the Pacific Ocean
s. disposed to peace or of a peaceful nature","n. 太平洋
a. 太平洋的, 太平洋沿岸的, 爱好和平的, 安静的, 平息的",j:100,0,0,zk gk cet4 cet6 ielts,2913,26607,pacific
package,package,'pækidʒ,"n. a collection of things wrapped or boxed together
n. a wrapped container","n. 包裹, 套装软件, 包, 包装用物, 程序包
vt. 包装, 打包
a. 一揽子的
[计] 包, 软件包, 包装",v:9/n:91,4,1,zk gk cet4 cet6 ky toefl ielts,1336,1685,package
page,page,peidʒ,"n. one side of one leaf (of a book or magazine or newspaper or letter etc.) or the written or pictorial matter it contains
n. English industrialist who pioneered in the design and manufacture of aircraft (1885-1962)
n. United States diplomat and writer about the Old South (1853-1922)
n. a boy who is employed to run errands","n. 页, 记录, 事件, 专栏, 男侍
vt. 标明...的页数, 翻...的书页, 分页排版, 呼叫, 侍候
vi. 翻书页, 侍侯
[计] 页; 页面",v:1/n:99,5,1,zk gk,658,708,page
paint,paint,peint,"n. a substance used as a coating to protect or decorate a surface (especially a mixture of pigment suspended in a liquid); dries to form a hard coating
v. make a painting
v. apply paint to; coat with paint
v. make a painting of","n. 油漆, 颜料, 绘画作品, 涂漆
vt. 油漆, 绘, 画, 描绘, 装饰, 点缀
vi. 绘画, 涂漆",n:35/v:65,4,1,zk gk cet4 ky,2040,1555,paint
pair,pair,pєә,"n. a set of two similar things considered as a unit
n. two people considered as a unit
n. a poker hand with 2 cards of the same value
v. form a pair or pairs","n. 一双, 一对, 一副
v. (使)成对",v:9/n:91,4,1,zk gk ielts,1213,1485,pair
palace,palace,'pælis,"n. a large and stately mansion
n. the governing group of a kingdom
n. a large ornate exhibition hall
n. official residence of an exalted person (as a sovereign)","n. 宫, 宫殿, 华丽大厦",n:100,3,1,zk gk ielts,1935,4678,palace
pale,pale,peil,"v. turn pale, as if in fear
s. very light colored; highly diluted with white
s. (of light) lacking in intensity or brightness; dim or feeble
s. lacking in vitality or interest or effectiveness","n. 栅栏, 界线, 范围
a. 苍白的, 暗淡的, 无力的
vi. 变苍白, 变暗, 失色
vt. 使变苍白, 使失色, 用栅栏围",j:94/v:6,3,1,zk gk cet4 cet6 ky toefl,2315,2935,pale
pancake,pancake,'pænkeik,n. a flat cake of thin batter fried on both sides on a griddle,"n. 薄烤饼, 薄煎饼, 烙饼",n:100,1,0,zk gk,15188,7331,pancake
panda,panda,'pændә,"n large black-and-white herbivorous mammal of bamboo forests of China and Tibet; in some classifications considered a member of the bear family or of a separate family Ailuropodidae
n reddish-brown Old World raccoon-like carnivore; in some classifications considered unrelated to the giant pandas","n. 大熊猫, 小熊猫",n:100,1,0,zk gk cet4 ky,15519,14691,panda
paper,paper,'peipә,"n. a material made of cellulose pulp derived mainly from wood or rags or certain grasses
n. a medium for written communication
n. a scholarly article describing the results of observations or stating hypotheses
v. cover with paper","n. 纸, 文件, 文章, 报纸, 证券, 证件
vt. 用纸糊, 贴壁纸于, 用纸包装
vi. 贴壁纸
a. 纸做的, 纸上的",v:1/n:99,5,1,zk gk ielts,395,519,paper
pardon,pardon,'pɑ:dn,"n. a warrant granting release from punishment for an offense
v. grant a pardon to","n. 原谅, 赦免
vt. 宽恕, 原谅",v:38/n:62,2,0,zk gk,4052,7831,pardon
parent,parent,'perәnt,"n. a father or mother; one who begets or one who gives birth to or nurtures and raises a child; a relative who plays the role of guardian
n. an organism (plant or animal) from which younger ones are obtained","n. 父母, 父母亲, 根源
[法] 父亲, 母亲, 根源",v:1/n:99,5,1,zk gk ielts,494,327,parent
park,park,pɑ:k,"n. a large area of land preserved in its natural state as public property
n. a piece of open land for recreational use in an urban area
n. Scottish explorer in Africa (1771-1806)
n. a gear position that acts as a parking brake","n. 公园, 停车处
vt. 停车, 置于
vi. 停车",v:22/n:78,4,1,zk gk ielts,853,3467,park
part,part,pɑ:t,"n. something determined in relation to something that includes it
n. something less than the whole of a human artifact
n. a portion of a natural object
n. that which concerns a person with regard to a particular role or situation","n. 部分, 局部, 零件, 要素, 等分, 职责, 角色, 部位
vt. 分开, 分离, 断绝, 区别, 分配
vi. 分开, 断裂, 分手
a. 部分的, 局部的
adv. 部分地, 有些",i:2/r:8/v:2/n:88,3,1,zk gk cet4 ky ielts,140,178,part
party,party,'pɑ:ti,"n. an organization to gain political power
n. a group of people gathered together for pleasure
n. a band of people associated temporarily in some activity
n. an occasion on which people can assemble for social interaction and entertainment","n. 宴会, 党, 政党, 团体, 当事人, 聚会
v. 举办聚会",v:1/n:99,5,1,zk gk toefl ielts,166,351,party
pass,pass,pæs,"n. (military) a written leave of absence
n. (American football) a play that involves one player throwing the ball to a teammate
n. the location in a range of mountains of a geological formation that is lower than the surrounding peaks
n. any authorization to pass or go somewhere","n. 经过, 要隘, 途径, 通行, 护照, 及格
vt. 经过, 越过, 通过, 批准, 度过, 传递, 忽略
vi. 经过, 变化, 流通, 及格, 宣判, 终止, 消逝, 被忽略, 不叫牌, 传递
[计] 遍",n:16/v:84,5,1,zk gk ielts,480,441,pass
passage,passage,'pæsidʒ,"n. the act of passing from one state or place to the next
n. a section of text; particularly a section of medium length
n. a way through or along which someone or something may pass
n. a journey usually by ship","n. 通道, 通过, 移居, 航行, 一段, 走廊
vi. 通过, 经过, 航行, 横渡, 争吵
vt. (使)马以斜横步前进, 使传代",n:100,3,1,zk gk toefl ielts,1783,2210,passage
passenger,passenger,'pæsindʒә,n. a traveler riding in a vehicle (a boat or bus or car or plane or train etc) who is not operating it,"n. 乘客, 旅客
[经] 乘客, 旅客",n:100,3,1,zk gk cet4 cet6 ky,2001,2080,passenger
passport,passport,'pæspɒ:t,n. a document issued by a country to a citizen allowing that person to travel abroad and re-enter the home country,"n. 护照, 手段, 通行证
[法] 通行证, 护照",n:100,2,1,zk gk ielts,5283,6239,passport
past,past,pɑ:st,"n. the time that has elapsed
n. a earlier period in someone's life (especially one that they have reason to keep secret)
n. a verb tense that expresses actions or states in the past
a. earlier than the present time; no longer current","n. 过去, 昔时, 往事, 早年经历, 过去时
a. 过去的, 结束的, 卸任的, 过去时的
prep. 越过, 晚于, 超越, 超出...的可能性(能力、范围等)
pass的过去分词",i:21/r:8/j:42/n:29,5,1,zk gk,1116,680,past
path,path,pɑ:θ,"n. a way especially designed for a particular use
n. an established line of travel or access
n. a line or route along which something travels or moves","n. 路径, 小路, 道路, 途径, 路线, 轨道
[计] 路径; DOS内部命令:设定DOS读取程序的路径",n:100,3,1,zk gk cet4 cet6 ky toefl,1266,1336,path
patient,patient,'peiʃәnt,"n. a person who requires medical care
a. enduring trying circumstances with even temper or characterized by such endurance","n. 病人, 承受者
a. 忍耐的, 容忍的, 有耐性的, 坚忍的",j:11/n:89,4,1,zk gk cet4 cet6 ky,384,572,patient
pay,pay,pei,"v. give money, usually in exchange for goods or services
v. do or give something to somebody in return
v. be worth it
v. render","n. 薪资, 付款, 补偿
vt. 支付, 付清, 补偿, 偿还, 对...有利, 为...涂防水物
vi. 付款, 付出代价, 偿还, 得到报应, 获得好处",n:9/v:91,5,1,zk gk ielts,227,286,pay
peace,peace,pi:s,"n. the state prevailing during the absence of war
n. harmonious relations; freedom from disputes
n. the absence of mental stress or anxiety
n. the general security of public places","n. 和平, 和约, 治安, 和睦, 安宁, 静寂
vi. 安静下来, 不作声",n:100,5,1,zk gk cet4 ky,1123,933,peace
pear,pear,pєә,"n. sweet juicy gritty-textured fruit available in many varieties
n. Old World tree having sweet gritty-textured juicy fruit; widely cultivated in many varieties","n. 梨子, 梨树, 梨木
[机] 梨木",n:100,1,0,zk gk cet4 cet6 ky,8976,6857,pear
pen,pen,pen,"n. a writing implement with a point from which ink flows
n. an enclosure for confining livestock
n. female swan","n. 钢笔, 笔, 笔调, 笔杆子, 作家, 围栏, 栅栏, 禽畜
vt. 写, 关入栏中, 囚禁
vi. 动笔, 写作",v:15/n:85,3,1,zk gk gre,3020,3583,pen
pence,pence,pens,"n a fractional monetary unit of Ireland and the United Kingdom; equal to one hundredth of a pound
n a coin worth one-hundredth of the value of the basic unit","pl. (非正式)copper便士, (美)分, 分币",,0,1,zk ielts,4834,0,pence
pencil,pencil,'pensl,"n. a thin cylindrical pointed writing implement; a rod of marking substance encased in wood
n. graphite (or a similar substance) used in such a way as to be a medium of communication
n. a figure formed by a set of straight lines or light rays meeting at a point
n. a cosmetic in a long thin stick; designed to be applied to a particular part of the face","n. 铅笔, 色笔, 眉笔, 画笔, 光线束
vt. 用铅笔写或涂, 草拟",v:4/n:96,2,1,zk gk,4530,4410,pencil
penny,penny,'peni,"n. a fractional monetary unit of Ireland and the United Kingdom; equal to one hundredth of a pound
n. a coin worth one-hundredth of the value of the basic unit","n. 便士, 一分, 小钱, 点滴
[经] 便士",,3,1,zk gk cet4 cet6 ky ielts,4306,0,penny
people,people,'pi:pl,"n. (plural) any group of human beings (men or women or children) collectively
n. members of a family line
v. fill with people
v. furnish with people","n. 人, 人民, 民族, 平民
vt. 使住满人, 居住于",v:1/n:99,5,1,zk gk,75,62,people
percent,percent,pә'sent,n a proportion in relation to a whole (which is usually the amount per hundred),"n. 百分比, 百分数, 部分
[机] 百分率",,5,0,zk gk cet4 cet6 ky ielts,2802,0,percent
perfect,perfect,'pә:fikt,"v. make perfect or complete
a. being complete of its kind and without defect or blemish
s. precisely accurate or exact","n. 完成时
a. 完美的, 完好的, 理想的, 熟练的, 精确的, 完成式的
vt. 使完美, 修改, 使精通, 改善, 使熟练",j:93/v:7,4,1,zk gk toefl ielts,1685,1160,perfect
perhaps,perhaps,pә'hæps,r by chance,"adv. 也许, 大概",r:100,5,1,zk gk cet4 cet6 ky,249,435,perhaps
period,period,'piәriәd,"n. the interval taken to complete one cycle of a regularly repeating phenomenon
n. (ice hockey) one of three divisions into which play is divided in hockey games
n. a unit of geological time during which a system of rocks formed
n. the end or completion of something","n. 时期, 节段, 节, 句点, 学时, 周期
a. 当时特有的, 过去某段时期的
interj. 就是这话, 就是这么回事",n:100,4,1,zk gk cet4 cet6 ky toefl ielts,324,617,period
person,person,'pә:sn,"n. a human being
n. a human body (usually including the clothing)
n. a grammatical category used in the classification of pronouns, possessive determiners, and verb forms according to whether they indicate the speaker, the addressee, or a third party","n. 人, 人身, 人称
[法] 人, 法人, 人身",n:100,5,1,zk gk ielts,308,345,person
personal,personal,'pә:snl,"n. a short newspaper article about a particular person or group
a. concerning or affecting a particular person or his or her private life and personality
s. particular to a given individual
a. of or arising from personality","a. 私人的, 涉及隐私的, 有人性的, 人称的, 亲自的, 身体的
[医] 人的; 个人的, 自身的",j:99/n:1,4,1,zk gk cet4 cet6 ky ielts,574,580,personal
pet,pet,pet,"n. a domesticated animal kept for companionship or amusement
n. a fit of petulance or sulkiness (especially at what is felt to be a slight)
v. stroke or caress gently
v. stroke or caress in an erotic manner, as during lovemaking","n. 宠物, 受宠爱的人, 宠坏的孩子, 不悦, 生气
a. 宠爱的, 表示亲昵的, 养着观赏的, 特别珍爱的, 格外的
vt. 宠爱, 溺爱, 抚摸
vi. 拥抱, 爱抚, 生气, 发脾气",v:9/j:4/n:87,3,1,zk gk cet4 cet6 ky toefl ielts,3686,3278,pet
phone,phone,fәun,n. (phonetics) an individual sound unit of speech without concern as to whether or not it is a phoneme of some language,"n. 电话, 受话器, 耳机
vt. 打电话给
vi. 打电话",v:5/n:95,4,1,zk cet4 ky ielts,1346,557,phone
photo,photo,'fәutәu,n a representation of a person or scene in the form of a print or transparent slide; recorded by a camera on light-sensitive material,"n. 相片, 照片, 逼真的描绘
v. 照相
a. 照相的, 摄影用的, 详细记录的, 逼真的, 酷似的",n:100,5,0,zk,3394,1328,photo
photograph,photograph,'fәutәgrɑ:f,"n. a representation of a person or scene in the form of a print or transparent slide; recorded by a camera on light-sensitive material
v. record on photographic film
v. undergo being photographed in a certain way","n. 相片, 照片, 逼真的描绘
v. 照相, 摄影",v:19/n:81,4,1,zk gk cet4 cet6 toefl ielts,1611,1481,photograph
physics,physics,'fiziks,"n. the science of matter and energy and their interactions
n. the physical properties, phenomena, and laws of something","n. 物理学, 物理过程, 物理现象
[化] 物理; 物理学",n:100,2,1,zk gk cet4 cet6 ky,3720,3417,physics
piano,piano,pi'ɑ:nәu,"n. a keyboard instrument that is played by depressing keys that cause hammers to strike tuned strings and produce sounds
n. (music) low loudness
a. used chiefly as a direction or description in music
r. used as a direction in music; to be played relatively softly",n. 钢琴,n:100,2,1,zk gk ielts gre,3449,3299,piano
pick,pick,pik,"n. a small thin device (of metal or plastic or ivory) used to pluck a stringed instrument
n. a thin sharp implement used for removing unwanted material
n. a heavy iron tool with a wooden handle and a curved head that is pointed on both ends
n. a basketball maneuver; obstructing an opponent with one's body","n. 精选, 选择, 掘, 精华, 牙签, 鹤嘴锄
v. 摘, 掘, 凿, 挖, 挑选
[计] 拾取",n:6/v:94,3,1,zk gk ielts,664,517,pick
picnic,picnic,'piknik,"n. any informal meal eaten outside or on an excursion
v. eat alfresco, in the open air","n. 野餐, 远足, 愉快的经历
vi. 去野餐, 远足",v:5/n:95,2,0,zk gk cet4 ky ielts,6512,5619,picnic
picture,picture,'piktʃә,"n. a visual representation (of an object or scene or person or abstraction) produced on a surface
n. a situation treated as an observable object
n. illustrations used to decorate or explain a text
n. a typical example of some state or quality","n. 图画, 照片, 景色, 美丽如画的人(或物), 化身, 生动的描述, 想像, 形象思维
vt. 画, 拍摄, 用图说明, 描写, 想像
[计] 图象; 形象; 字形",v:10/n:90,4,1,zk gk ielts,626,562,picture
pie,pie,pai,n. dish baked in pastry-lined pan often with a pastry top,"n. 馅饼, 财富, 总额, 贪污受贿, 杂乱, 喜鹊
[计] 饼图",n:100,0,0,zk gk cet4 ky ielts,4186,3323,pie
piece,piece,pi:s,"n. a separate part of a whole
n. an item that is an instance of some type; 
n. an instance of some kind
n. an artistic or literary composition","n. 块, 片, 篇, 碎片, 部分, 部件, 标准量
vt. 修补, 修理, 拼合, 接线头
vi. 吃零食",v:2/n:98,4,1,zk gk,677,565,piece
pig,pig,pig,"n. a crude block of metal (lead or iron) poured from a smelting furnace
v. live like a pig, in squalor","n. 猪, 猪肉, 贪婪的人, 猪一样的人
v. 生小猪, 象猪般地生活",v:1/n:99,2,1,zk gk cet4 ky,3014,3488,pig
pilot,pilot,'pailәt,"n. someone who is licensed to operate an aircraft in flight
n. a person qualified to guide ships through difficult waters going into or out of a harbor","n. 飞行员, 领航员, 航船者, 导向器, 驾驶仪, 向导, 领导人
vt. 领航, 驾驶, 引导, 试用
a. 引导的, 控制的, 试点的
[计] 引导",v:6/n:94,3,1,zk gk cet4 cet6 ky toefl ielts gre,2085,1772,pilot
pink,pink,piŋk,"n. a light shade of red
n. any of various flowers of plants of the genus Dianthus cultivated for their fragrant flowers
v. sound like a car engine that is firing too early
v. cut in a zigzag pattern with pinking shears, in sewing","n. 粉红色, 石竹花, 化身, 典范, 头面人物, 极度
a. 粉红的, 石竹科的, 比较激进的, 脸色发红的, 精致的, 有点下流的
vt. 刺, 扎, 刺痛, 射伤, 使面红耳赤, 使变粉红色
vi. 变粉红色",j:91/n:9,3,1,zk cet4 cet6 ky ielts,2698,2488,pink
pioneer,pioneer,.paiә'niә,"n. someone who helps to open up a new line of research or technology or art
n. one the first colonists or settlers in a new territory
v. open up an area or prepare a way
v. open up and explore a new area","n. 先锋, 拓荒者, 创始人
vt. 提倡, 开辟, 开创, 倡导
vi. 作先驱, 开路
a. 最早的, 开拓的, 先驱的, 有开拓者特点的",v:24/n:76,2,0,zk gk toefl,5645,4472,pioneer
pity,pity,'piti,n. an unfortunate development,"n. 遗憾, 同情, 怜悯, 憾事, 可惜
vt. 同情, 怜悯
vi. 觉得可怜, 有同情心",v:25/n:75,2,1,zk gk,3803,6927,pity
place,place,pleis,"n. any area set aside for a particular purpose
n. an abstract mental location
n. a general vicinity
n. a particular situation","n. 地方, 地点, 位置, 住所, 座位, 地位, 处境, 特权, 空间, 余地, 职务, 位
vt. 放置, 寄予, 认出, 评定, 任命
vi. 名次列前",v:24/n:76,2,1,zk gk ielts,162,181,place
plain,plain,plein,"n. extensive tract of level open land
a. not elaborate or elaborated; simple
a. lacking patterns especially in color
s. not mixed with extraneous elements","n. 平原, 草原, 朴实无华的东西, 无格式
a. 简单的, 明白的, 平常的, 不好看的, 朴素的, 清晰的, 普通的, 平坦的, 十足的
adv. 清楚地, 显然地
[计] 无格式",r:5/j:57/n:38,3,1,zk gk cet4 cet6 ky toefl gre,2762,3549,plain
plan,plan,plæn,"n. a series of steps to be carried out or goals to be accomplished
n. scale drawing of a structure
v. have the will and intention to carry out some action
v. make plans for something","n. 计划, 方案, 策略, 方法, 进度表, 程序表, 平面图, 设计图, 轮廓, 示意图
vt. 计划, 设计, 意欲
vi. 订计划",v:37/n:63,5,1,zk gk ielts,442,413,plan
plane,plane,plein,"n. (mathematics) an unbounded two-dimensional shape
n. a level of existence or development
n. a power tool for smoothing or shaping wood
n. a carpenter's hand tool with an adjustable blade for smoothing or shaping wood","n. 平面, 扁平物, 机翼, 飞机, 水准, 地位
a. 平的, 平面的
vt. 将...刨平, 刨平, 掠过水面
vi. 翱翔, 乘飞机旅行, 刨掉",v:1/n:99,4,1,zk gk gre,2000,1150,plane
planet,planet,'plænit,"n. (astronomy) any of the nine large celestial bodies in the solar system that revolve around the sun and shine by reflected light; Mercury, Venus, Earth, Mars, Jupiter, Saturn, Uranus, Neptune, and Pluto in order of their proximity to the sun; viewed from the constellation Hercules, all the planets rotate around the sun in a counterclockwise direction
n. any celestial body (other than comets or satellites) that revolves around a star","n. 行星, 命运星辰, 杰出的人, 重大影响的事",n:100,3,1,zk gk cet4 cet6 ky toefl gre,3115,1592,planet
plant,plant,plænt. plɑ:nt,"n. buildings for carrying on industrial labor
n. (botany) a living organism lacking the power of locomotion
n. an actor situated in the audience whose acting is rehearsed but seems spontaneous to the audience
n. something planted secretly for discovery by another","n. 植物, 作物, 工厂, 树枝, 生长, 设施, 成套设备
vt. 种植, 栽培, 播种, 培养, 安置, 殖民于, 使位于
vi. 种植",v:18/n:82,5,1,zk gk ielts,690,623,plant
plastic,plastic,'plæstik,"n. generic name for certain synthetic or semisynthetic materials that can be molded or extruded into objects or films or filaments or used for making e.g. coatings and adhesives
s. capable of being influenced or formed","n. 塑料, 可塑体, 可塑性物质
a. 塑料的, 塑造的, 有可塑性的, 造型的, 易受影响的, 有创造力的",n:100,3,1,zk gk cet4 cet6 ky toefl ielts,1999,1523,plastic
plate,plate,pleit,"n. a sheet of metal or wood or glass or plastic
n. a full-page illustration (usually on slick paper)
n. dish on which food is served or from which food is eaten
n. the quantity contained in a plate","n. 碟, 盘子, 盆中物, 金属板, 图版, 金银餐具, 印版, 金属牌(照)
vt. 镀金, 电镀, 用金属板固定, 给...装钢板, 为...制印版",v:1/n:99,3,1,zk gk toefl,1494,1525,plate
play,play,plei,"n. a dramatic work intended for performance by actors on a stage
n. a theatrical performance of a drama
n. a preset plan of action in team sports
n. a state in which action is feasible","n. 游戏, 游玩, 玩笑, 运动, 比赛, 赌博, 跳动, 表演, 剧本
v. 玩, 游戏, 假装, 开玩笑, 比赛, 扮演, 演奏, 演戏, 传摇曳, (使)跳动
[计] 播放",n:19/v:81,5,1,zk gk,224,200,play
playground,playground,'pleigraund,n. yard consisting of an outdoor area for children's play,"n. 运动场, 操场, 度假胜地, 活动场所",n:100,1,0,zk gk cet4 cet6 ky ielts,6458,5793,playground
pleasant,pleasant,'pleznt,"a. affording pleasure; being in harmony with your taste or likings
s. (of persons) having pleasing manners or behavior","a. 愉快的, 可爱的, 活泼的, 亲切的",j:100,3,1,zk gk cet4 cet6 ky ielts,2880,3772,pleasant
please,please,pli:z,"v. give pleasure to or be pleasing to
v. be the will of or have the will (to)
v. give satisfaction
r. used in polite request","adv. 请
vt. 使高兴, 合...的心意, 取悦
vi. 使人满意, 讨好, 愿意, 敬请",r:84/v:16,4,1,zk gk,758,1167,please
pleasure,pleasure,'pleʒә,"n. a fundamental feeling that is hard to define but that people desire to experience
n. a formal expression
n. an activity that affords enjoyment
n. sexual gratification","n. 快乐, 愉快, 令人高兴的事, 娱乐, 希望
v. (使)高兴",v:1/n:99,3,1,zk gk toefl ielts,1613,1882,pleasure
plenty,plenty,'plenti,n. a full supply,"n. 充分, 很多, 丰富
a. 很多的, 足够的, 丰富的",p:93/r:4/n:3,3,1,zk gk cet4 cet6 ky,1977,2044,plenty
pocket,pocket,'pɒkit,"n. a small pouch inside a garment for carrying small articles
n. a supply of money
n. (bowling) the space between the headpin and the pins behind it on the right or left
n. a small isolated group of people","n. 口袋, 钱袋, 钱, 容器
vt. 装...在口袋里, 隐藏, 抑制, 私吞, 搁置, 击...入袋
a. 袖珍的, 小型的, 压缩的, 金钱上的",v:4/n:96,3,1,zk gk cet4 cet6 ky ielts,1786,1620,pocket
poem,poem,'pәuim,n. a composition written in metrical feet forming rhythmical lines,"n. 诗, 诗般美的事物",n:100,3,1,zk gk cet4 cet6 ky,2181,2494,poem
point,point,pɒint,"n. a geometric element that has position but no extension
n. the precise location of something; a spatially limited location
n. a brief version of the essential meaning of something
n. an instant of time","n. 点, 小数点, 标点, 地点, 要点, 特点, 尖端, 分数, 得分, 穴位
vt. 弄尖, 强调, 指出, 加标点于, 瞄准
vi. 指, 指向, 表明",v:27/n:73,5,1,zk gk cet4 cet6 ky ielts,176,211,point
police,police,pә'li:s,n. the force of policemen and officers,"n. 警察, 警察当局, 治安
vt. 维持治安, 管辖",v:2/n:98,5,1,zk gk cet4 ky ielts,328,468,police
policeman,policeman,pә'li:smәn,n. a member of a police force,"n. 警察
[化] 淀帚",n:100,3,0,zk gk,2490,4754,policeman
policy,policy,'pɒlisi,"n. a plan of action adopted by an individual or social group
n. a line of argument rationalizing the course of action of a government
n. written contract or certificate of insurance","n. 政策, 方针, 策略, 保险单
[医] 凭单, 保险单",n:100,5,1,zk gk cet4 cet6 ky ielts,250,388,policy
polite,polite,pә'lait,"a. showing regard for others in manners, speech, behavior, etc.","a. 有礼貌的, 文雅的, 客气的, 有教养的",j:100,2,1,zk gk,4976,5492,polite
pond,pond,pɒnd,n. a small lake,"n. 池塘
v. 筑成池塘",n:100,2,0,zk gk cet4 cet6 ky,3344,3626,pond
pool,pool,pu:l,"n. an excavation that is (usually) filled with water
n. an organization of people or resources that can be shared
n. any communal combination of funds
n. a small body of standing water (rainwater) or other liquid","n. 池, 水塘, 石油层, 联营
vt. 合伙经营, 共享, 采掘, 汇聚成
vi. 汇合成塘, 淤积, 联营",v:5/n:95,3,1,zk gk cet4 cet6 ky,1678,1565,pool
poor,poor,puә. pɒ:,"a. having little money or few possessions
a. characterized by or indicating poverty
a. lacking in specific resources, qualities or substances
s. unsatisfactory","a. 贫穷的, 贫乏的, 不幸的, 可怜的, 拙劣的, 卑鄙的
[经] 低劣的, 不良的",j:100,4,1,zk gk,598,713,poor
pop,pop,pɒp,"n. a sweet drink containing carbonated water and flavoring
n. a sharp explosive sound as from a gunshot or drawing a cork
v. hit a pop-fly
v. make a sharp explosive noise","n. 砰然声, 枪击, 含气饮料, 流行音乐, 通俗艺术
a. 流行的, 热门的, 通俗的
vt. 使发出爆裂声, 开枪打, 突然伸出
vi. 发出爆裂声, 射击, 突然出现, 瞪大
adv. 突然, 砰地
[计] 出现点, 邮局协议",u:4/n:35/j:5/v:56,3,1,zk cet4 cet6 ky ielts,3228,2545,pop
popular,popular,'pɒpjulә,"a. regarded with great favor, approval, or affection especially by the general public
s. carried on by or for the people (or citizens) at large
s. (of music or art) new and of general appeal (especially among young people)","a. 通俗的, 流行的, 受欢迎的, 大众的, 人民的, 普及的
[经] 大众的, 通俗的, 普及的",j:100,4,1,zk gk cet4 cet6 ky toefl ielts,938,924,popular
population,population,.pɒpju'leiʃәn,"n. the people who inhabit a territory or state
n. a group of organisms of the same species inhabiting a given area
n. (statistics) the entire aggregation of items from which samples can be drawn
n. the number of inhabitants (either the total number or the number of a particular race or class) in a given place (country or city etc.)","n. 人口, 人口数
[化] 群体; 总体",n:100,4,1,zk gk cet4 cet6 ky ielts,683,642,population
pork,pork,pɒ:k,n. meat from a domestic hog or pig,"n. 猪肉
[医] 猪肉",n:100,2,0,zk gk,7722,4267,pork
position,position,pә'ziʃәn,"n. the particular portion of space occupied by something
n. a way of regarding situations or topics etc.
n. the arrangement of the body and its limbs
n. a job in an organization","n. 位置, 地位, 身分, 形势, 姿势, 立场, 职位, 状态, 阵地
vt. 安置, 决定...的位置
[计] 位置",v:8/n:92,5,1,zk gk cet4 cet6 ky ielts,345,512,position
possible,possible,'pɒsәbl,"n. something that can be done
n. an applicant who might be suitable
a. capable of happening or existing","a. 可能的, 潜在的, 合适的
n. 可能性, 可能的事物",j:100,5,1,zk gk,256,459,possible
post,post,pәust,"n. the position where someone (as a guard or sentry) stands or is assigned to stand
n. an upright consisting of a piece of timber or metal fixed firmly in an upright position
n. United States aviator who in 1933 made the first solo flight around the world (1899-1935)
n. United States female author who wrote a book and a syndicated newspaper column on etiquette (1872-1960)","n. 柱, 杆, 准星, 邮件, 邮政, 标竿, 职位, 岗位, 哨所, 兵营
vt. 张帖, 邮递, 公布, 登入帐, 使熟悉, 布置
vi. 快速行进
adv. 急速地
[计] 记入; 登记, 上电自检",r:1/v:28/j:2/n:69,2,1,zk gk toefl ielts,895,2148,post
postcard,postcard,'pәustkɑ:d,n. a card for sending messages by post without an envelope,n. 明信片,n:100,2,0,zk gk ky toefl,5965,6924,postcard
postman,postman,'pәustmәn,n a man who delivers the mail,"n. 邮递员
[法] 邮递员, 理财法庭的高级律师",n:100,1,0,zk gk cet4 cet6 ky,11573,20141,postman
potato,potato,pә'teitәu,"n. an edible tuber native to South America; a staple food of Ireland
n. annual native to South America having underground stolons bearing edible starchy tubers; widely cultivated as a garden vegetable; vines are poisonous",n. 马铃薯,n:100,3,1,zk gk,3013,2253,potato
pound,pound,paund,"n. 16 ounces avoirdupois
n. a unit of apothecary weight equal to 12 ounces troy
n. a nontechnical unit of force equal to the mass of 1 pound with an acceleration of free fall equal to 32 feet/sec/sec
n. United States writer who lived in Europe; strongly influenced the development of modern literature (1885-1972)","n. 磅, 英镑, 重击, 鱼塘, 拘留所, 兽栏
vt. 强烈打击, 捣烂, 监禁, 关入栏内
vi. 连续重击, 苦干",v:16/n:84,5,1,zk gk cet4 cet6 ky toefl,546,1306,pound
practice,practice,'præktis,"n. a customary way of operation or behavior
n. translating an idea into action
n. the exercise of a profession
n. knowledge of how something is usually done","n. 实践, 练习, 实行, 惯例, 习惯, 开业
v. 实践, 实行, 练习, 实习, 业务",v:13/n:87,4,1,zk gk ielts,453,564,practice
practise,practise,'præktis,"v engage in a rehearsal (of)
v carry out or practice; as of jobs and professions
v learn by repetition","v. 实践, 实行, 练习, 实习, 从事(职业)",v:100,2,1,zk cet4 cet6 ky,2744,23578,practise
praise,praise,preiz,"n. an expression of approval and commendation
n. offering words of homage as an act of worship
v. express approval of","n. 赞美, 称赞, 崇拜
vt. 称赞, 赞美
vi. 赞扬, 表扬",n:40/v:60,3,1,zk gk cet4 cet6 ky toefl,4285,3719,praise
prepare,prepare,pri'pєә,"v. to prepare verbally, either for written or spoken delivery
v. educate for a future role or function
v. lead up to and soften by sounding the dissonant note in it as a consonant note in the preceding chord","vt. 准备, 筹备, 使在思想上有准备, 制造, 调制
vi. 预备",v:100,4,1,zk gk cet4 cet6 ky ielts,893,774,prepare
present,present,'preznt,"n. the period of time that is happening now; any continuous stretch of time including the moment of speech
n. something presented as a gift
n. a verb tense that expresses actions or states at the time of speaking
v. bring forward and present to the mind","n. 现在, 礼品, 瞄准
a. 现在的, 出席的
vt. 介绍, 引见, 赠送, 提出, 呈现, 上演
vi. 举枪瞄准",n:15/r:4/j:31/v:50,2,1,zk gk ielts,678,817,present
president,president,'prezidәnt,"n. an executive officer of a firm or corporation
n. the chief executive of a republic
n. the officer who presides at the meetings of an organization
n. the head administrative officer of a college or university","n. 总统, 总裁, 董事长, (学院)院长, (大学)校长, 主管人, 主持人
[经] 总经理, 董事长, 总裁",n:100,5,1,zk gk cet4 cet6 ky,589,303,president
pretty,pretty,'priti,"s. pleasing by delicacy or grace; not imposing
s. (used ironically) unexpectedly bad","a. 漂亮的, 优美的, 机灵的, 狡猾的, 恰当的
adv. 相当, 颇",n:1/r:78/j:21,4,1,zk gk cet4 cet6 ky,1782,797,pretty
prevent,prevent,pri'vent,"v. keep from happening or arising; make impossible
v. stop (someone or something) from doing something or being in a certain state","v. 预防, 防止, 阻止, 妨碍",v:100,4,1,zk gk cet4 cet6 ky toefl,937,1083,prevent
price,price,prais,"n. the amount of money needed to purchase something
n. value measured by what must be given or done or undergone to obtain something
n. the high value or worth of something
n. a monetary reward for helping to catch a criminal","n. 价格, 代价, 价值
vt. 定...的价格",v:6/n:94,5,1,zk gk ielts,338,475,price
pride,pride,praid,"n. a feeling of self-respect and personal worth
n. satisfaction with your (or another's) achievements
n. the trait of being spurred on by a dislike of falling below your standards
n. a group of lions","n. 骄傲, 自尊心, 自豪, 精华, 勇气
vt. 以...自豪",v:11/n:89,3,1,zk gk cet4 cet6 ky toefl,2878,2801,pride
primary,primary,'praimәri,"n. a preliminary election where delegates or nominees are chosen
n. one of the main flight feathers projecting along the outer edge of a bird's wing
n. (astronomy) a celestial body (especially a star) relative to other objects in orbit around it
a. of first rank or importance or value; direct and immediate rather than secondary","n. 最主要者, 原色
a. 主要的, 初期的, 根本的, 原始的, 首要的, 基本的
[计] 初等量; 主要的; 一次的",j:76/n:24,3,1,zk gk cet4 cet6 ky toefl ielts,1172,1504,primary
print,print,print,"n. the text appearing in a book, newspaper, or other printed publication
n. a picture or design printed from an engraving
n. availability in printed form
n. a copy of a movie on film (especially a particular version of it)","n. 打印, 版, 印刷物, 痕迹, 印刷业, 印刷字体, 图片, 印花布, 印章
v. 打印, 印刷, 铭记, 留印记于, 用印刷体写
[计] DOS外部命令:在打印机上打印文件, 可一边打印文件一边执行其他工作",v:38/n:62,4,1,zk gk cet4 ky,2432,2207,print
prison,prison,'prizn,"n. a correctional institution where persons are confined while on trial or for punishment
n. a prisonlike situation; a place of seeming confinement","n. 监狱, 监禁, 拘留所
vt. 监禁",n:100,4,1,zk gk cet4 cet6 ky toefl,1307,1282,prison
prisoner,prisoner,'priznә,n. a person who is confined; especially a prisoner of war,"n. 囚犯, 犯人, 战俘
[法] 犯人, 囚犯, 扣押犯",n:100,4,1,zk gk cet4 cet6 ky,1932,2419,prisoner
private,private,'praivit,"n. an enlisted man of the lowest rank in the Army or Marines
a. confined to particular persons or groups or providing privacy
s. concerning things deeply private and personal","a. 私人的, 秘密的, 私立的, 隐蔽的
n. 士兵, 隐士, 阴部
[计] 私人的",r:3/j:95/n:2,4,1,zk gk cet4 cet6 ky toefl ielts,581,672,private
prize,prize,praiz,"n. something given for victory or superiority in a contest or competition or for winning a lottery
v. hold dear","n. 奖赏, 奖金, 奖品, 战利品, 捕获
a. 得奖的
vt. 珍视, 估价, 捕获, 撬, 撬动",v:11/j:2/n:87,4,1,zk gk cet4 cet6 ky,2125,3686,prize
probably,probably,'prɒbәbli,r. with considerable certainty; without much doubt,"adv. 大概, 或许",r:100,5,1,zk gk cet4 cet6,333,398,probably
problem,problem,'prɒblәm,"n. a state of difficulty that needs to be resolved
n. a question raised for consideration or solution","n. 问题, 难题
a. 成问题的, 难处理的",n:100,5,1,zk gk,154,171,problem
produce,produce,prә'dju:s,"n. fresh fruits and vegetable grown for the market
v. bring forth or yield
v. create or manufacture a man-made product
v. cause to happen, occur or exist","n. 生产品, 物产, 后代
vt. 产生, 生产, 提出, 出示
vi. 生产, 制造",n:4/v:96,5,1,zk gk cet4 cet6 ky toefl gre,296,542,produce
programme,programme,'prәugræm,"n an announcement of the events that will occur as part of a theatrical or sporting event
n an integrated course of academic studies
n a radio or television show
n (computer science) a sequence of instructions that a computer can interpret and execute
n a system of projects or services intended to meet a public need
n a series of steps to be carried out or goals to be accomplished
n a performance (or series of performances) at a public presentation
v write a computer program
v arrange a program of or for","n. 节目, 节目单, 程序, 纲要, 大纲, 计划
vt. 规划, 拟...计划
vi. 安排节目, 编程序",,5,1,zk gk ky,360,0,programme
progress,progress,'prәugres,"n. the act of moving forward (as toward a goal)
n. a movement forward
v. develop in a positive way","n. 进步, 发展, 前进
vi. 进步, 进行",v:17/n:83,4,1,zk gk cet4 cet6 ky toefl,1265,1508,progress
promise,promise,'prɒmis,"n. a verbal commitment by one person to another agreeing to do (or not to do) something in the future
n. grounds for feeling hopeful about the future
v. make a promise or commitment
v. promise to undertake or give","n. 诺言, 约定的事情, 有指望
vt. 允诺, 约定, 预示
vi. 允诺, 有前途, 有指望",n:41/v:59,4,1,zk gk cet4 cet6 ky toefl ielts,1478,1438,promise
pronounce,pronounce,prә'nauns,"v. speak, pronounce, or utter in a certain way
v. pronounce judgment on","v. 发音, 宣告, 断言",v:100,2,1,zk gk cet4 cet6 ky,4948,5332,pronounce
pronunciation,pronunciation,prәu.nʌnsi'eiʃәn,"n. the manner in which someone utters a word
n. the way a word or a language is customarily spoken","n. 发音, 读法",n:100,1,1,zk gk cet4 cet6 ky,8187,15375,pronunciation
proper,proper,'prɒpә,"a. marked by suitability or rightness or appropriateness
s. having all the qualities typical of the thing specified; not just a snack""
s. limited to the thing specified
s. appropriate for a condition or purpose or occasion or a person's character, needs","a. 适当的, 固有的, 高尚的, 专属的
adv. 完全地, 彻底地",j:100,4,1,zk gk cet4 cet6 ky toefl,1458,2058,proper
protect,protect,prә'tekt,"v. shield from danger, injury, destruction, or damage
v. use tariffs to favor domestic industry","vt. 防卫, 保护, 警戒
[法] 庇护, 保护, 警戒",v:100,4,1,zk gk cet4 cet6 ky,1151,749,protect
proud,proud,praud,a. feeling self-respect or pleasure in something by which you measure your self-worth; or being a reason for pride,"a. 骄傲的, 自大的, 自豪的, 辉煌的, 壮丽的",j:100,3,1,zk gk cet4 cet6 ky,2579,1983,proud
prove,prove,pru:v,"v. be shown or be found to be
v. establish the validity of something, as by an example, explanation or experiment
v. prove formally; demonstrate by a mathematical, formal proof
v. take a trial impression of","vt. 证明, 查验, 检验, 勘探, 显示
vi. 证明是",v:100,4,1,zk gk cet4 cet6 ky,671,866,prove
provide,provide,prә'vaid,"v. give what is desired or needed, especially support, food or sustenance
v. determine (what is to happen in certain contingencies), especially by including a proviso condition or stipulation
v. supply means of subsistence; earn a living
v. take measures in preparation for","vt. 提供, 供应, 规定, 预备
vi. 作准备, 抚养, 规定",v:100,5,1,zk gk cet4 cet6 ky toefl,172,262,provide
public,public,'pʌblik,"n. a body of people sharing some common interest
a. not private; open to or concerning the people as a whole
s. affecting the people or community as a whole","n. 公众, 民众
a. 公众的, 公共的, 公立的, 公用的",r:4/j:70/n:26,5,1,zk gk cet4 cet6 ky ielts,319,333,public
pull,pull,pul,"n. the act of pulling; applying force to move something toward or with you
n. the force used in pulling
n. special advantage or influence
n. a device used for pulling something","vt. 拉, 拖, 拔, 牵, 撕开, 吸引
vi. 拉, 拖, 拔, 有吸引力
n. 拉, 拖, 拔, 拉力, 牵引力, 划船, 吸引",n:3/v:97,4,1,zk gk toefl ielts,718,471,pull
punish,punish,'pʌniʃ,v. impose a penalty on; inflict punishment on,"vt. 处罚, 惩罚, 严厉对待
vi. 惩罚",v:100,2,1,zk gk cet4 cet6 ky,4686,3862,punish
pupil,pupil,'pju:pl,n. the contractile aperture in the center of the iris of the eye; resembles a large black dot,"n. 学生, 门生, 未成年人, 瞳孔
[医] 瞳孔",n:100,3,1,zk gk toefl ielts,952,5057,pupil
purple,purple,'pә:pl,"n. a purple color or pigment
n. of imperial status
v. become purple
v. color purple","n. 紫色, 帝位
a. 紫色的, 帝王的, 华而不实的
v. (使)成紫色",j:93/v:1/n:6,2,1,zk gk cet4 cet6 ky toefl,5326,3894,purple
purpose,purpose,'pә:pәs,"n. an anticipated outcome that is intended or that guides your planned actions
v. reach a decision","n. 目的, 意向, 决心, 用途, 效果, 论题
vt. 意欲, 企图, 计划",v:1/n:99,4,1,zk gk cet4 cet6 ky ielts,655,1014,purpose
purse,purse,pә:s,"n. a sum of money spoken of as the contents of a money purse
n. a small bag for carrying money
n. a sum of money offered as a prize
v. contract one's lips into a rounded shape","n. 钱包, 小钱袋, 金钱, 募捐款, 囊状物
v. 缩拢, 皱起",v:13/n:87,2,0,zk gk cet4 cet6 ky ielts gre,6387,4358,purse
push,push,puʃ,"n. the act of applying force in order to move something away
n. the force used in pushing
n. an effort to advance
v. move with force, ""He pushed the table into a corner""","n. 推, 推动, 奋斗, 攻击, 进取心
vt. 推, 推动, 使伸出, 推行, 逼迫, 增加
vi. 推, 推进, 增加, 努力争取",n:7/v:93,4,1,zk gk,926,695,push
put,put,put,"v. put into a certain place or abstract location
v. cause to be in a certain state; cause to be in a certain relation
v. attribute or give
v. cause (someone) to undergo something","vt. 放, 摆, 安置, 移动, 发射, 投掷, 写上, 表达, 使从事, 使受到, 驱使, 赋予
vi. 出发, 航行, 发芽
n. 掷, 股票出售权, 笨蛋
a. 固定不动的
[计] 发送文件",n:1/v:99,5,1,zk gk ielts,116,151,put
quarter,quarter,'kwɒ:tә,"n. a district of a city having some distinguishing character
n. (football, professional basketball) one of four divisions into which some games are divided
n. a unit of time equal to 15 minutes or a quarter of an hour
n. one of four periods into which the school year is divided","n. 四分之一, 一刻钟, 季度, 地区
vt. 四等分, 肢解
vi. 驻扎, 住宿",v:3/n:97,4,1,zk gk toefl ielts,1085,1401,quarter
queen,queen,'kwi:n,"n. the only fertile female in a colony of social insects such as bees and ants and termites; its function is to lay eggs
n. a female sovereign ruler
n. the wife or widow of a king
n. something personified as a woman who is considered the best or most important of her kind","n. 王后, 女王
vt. 立为女王
vi. 做女王",v:1/n:99,4,1,zk gk cet4 cet6 ky,1223,43081,queen
question,question,'kwestʃәn,"n. an instance of questioning
n. the subject matter at issue
n. a sentence of inquiry that asks for a reply
n. an informal reference to a marriage proposal","n. 问题, 询问
v. 询问, 审问, 怀疑
[计] 询问",v:9/n:91,5,1,zk gk,221,197,question
quick,quick,kwik,"n. any area of the body that is highly sensitive to pain (as the flesh underneath the skin or a fingernail or toenail)
s. accomplished rapidly and without delay
s. apprehending and responding with speed and sensitivity
s. easily aroused or excited","a. 快的, 迅速的, 敏捷的, 灵敏的, 急速的
adv. 快
n. 新长出的肉, 要害, 核心, 感觉敏锐部位",r:8/j:92,5,1,zk gk,1431,1303,quick
quiet,quiet,'kwaiәt,"a. characterized by an absence or near absence of agitation or activity
a. free of noise or uproar; or making little if any sound
s. not showy or obtrusive
a. of the sun characterized by a low level of surface phenomena like sunspots e.g.","n. 安静, 闲适, 平静
a. 安静的, 静止的, 寂静的, 朴素的, 从容的, 暗中的
vi. 平静下来
vt. 使平静, 使平息, 使安心, 安慰",j:93/v:3/n:4,4,1,zk gk,1437,1435,quiet
quite,quite,kwait,"r. to a degree (not used with a negative)
r. to the greatest extent; completely
r. of an unusually noticeable or exceptional or remarkable kind (not used with a negative)
r. actually or truly or to an extreme","adv. 相当, 完全, 十分",r:100,5,1,zk gk,206,561,quite
rabbit,rabbit,'ræbit,"n. any of various burrowing animals of the family Leporidae having long ears and short tails; some domesticated and raised for pets or food
n. flesh of any of various rabbits or hares (wild or domesticated) eaten as food
v. hunt rabbits","n. 兔子
vi. 猎兔
vt. 让...见鬼去",n:100,2,0,zk gk cet4 cet6 ky,3037,4373,rabbit
race,race,reis,"n. any competition
n. a contest of speed
n. people who are believed to belong to the same genetic stock
v. compete in a race","n. 种族, 人种, 赛跑, 比赛, 急流, 人类, 同道, 姜根
vi. 赛跑, 竞赛, 疾走
vt. 与...赛跑, 使疾走, 使猛转
[计] 竞争; 追赶; 欧州高级通信研究开发计划",v:21/n:79,5,1,zk gk cet4 cet6 ky toefl,1107,716,race
radio,radio,'reidiәu,"n. medium for communication
n. a communication system based on broadcasting electromagnetic waves
v. transmit messages via radio waves
a. indicating radiation or radioactivity","n. 无线电, 收音机, 无线电报, 无线电广播, 无线电台
v. 用无线电发送",v:2/n:98,5,1,zk gk ielts,1093,904,radio
railway,railway,'reilwei,n. line that is the commercial organization responsible for operating a system of transportation for trains that pull passengers or freight,"n. 铁路, 轨道
[经] 铁路",n:100,3,1,zk gk ielts,1099,8369,railway
rain,rain,rein,"n. water falling in drops from vapor condensed in the atmosphere
n. drops of fresh water that fall as precipitation from clouds
n. anything happening rapidly or in quick successive
v. precipitate as rain","n. 雨, 下雨, 雨天
vi. 下雨
vt. 使大量落下",v:19/n:81,4,1,zk gk,1491,1550,rain
raincoat,raincoat,'reinkәut,n. a water-resistant coat,n. 雨衣,n:100,1,0,zk gk ielts,12667,15201,raincoat
rainy,rainy,'reini,s (of weather) wet by periods of rain,"a. 下雨的, 多雨的",j:100,1,0,zk gk cet4 cet6,13732,7477,rainy
raise,raise,reiz,"n. the amount a salary is increased
n. increasing the size of a bet (as in poker)
v. raise the level or amount of something
v. raise from a lower to a higher position","n. 上升, 高地, 增高
vt. 升起, 举起, 唤起, 提高, 使出现, 使复活, 提出, 筹集, 饲养",n:3/v:97,5,1,zk gk toefl,510,433,raise
rapid,rapid,'ræpid,"n. a part of a river where the current is very fast
s. done or occurring in a brief period of time
s. characterized by speed; moving with or capable of moving with high speed","a. 迅速的, 飞快的, 急促的, 陡的
n. 急流",j:92/n:8,4,1,zk gk cet4 cet6 ky ielts,2402,3029,rapid
rat,rat,ræt,"n. any of various long-tailed rodents similar to but larger than a mouse
n. a pad (usually made of hair) worn as part of a woman's coiffure
v. desert one's party or group of friends, for example, for one's personal advantage
v. employ scabs or strike breakers in","n. 鼠, 卑鄙的人, 破坏者, 变节者
vi. 捕鼠, 变节
vt. 弄蓬松",v:3/n:97,2,0,zk gk cet4 cet6 ky toefl ielts,3139,3558,rat
rather,rather,'ræðә,"r. on the contrary; rather (or instead), he wrote her a letter""
r. to some (great or small) extent","adv. 宁可, 稍微, 相当",i:41/c:15/r:44,5,1,zk gk cet4 cet6 ky,460,860,rather
reach,reach,ri:tʃ,"n. the act of physically reaching or thrusting out
v. reach a destination, either real or abstract
v. reach a point in time, or a certain state or level
v. move forward or upward in order to touch; also in a metaphorical sense","n. 伸出, 延伸, 区域, 范围, 流域, 岬
vt. 到达, 达到, 伸出, 延伸, 影响
vi. 达到, 延伸, 伸出手, 传到",n:8/v:92,5,1,zk gk cet4 cet6 ky,404,422,reach
read,read,ri:d,"n. something that is read
v. interpret something that is written or printed
v. have or contain a certain wording or form
v. look at, interpret, and say out loud something that is written or printed","v. 读, 阅读, 理解
a. 有学问的
n. 读取, 阅读
[计] 读取",n:1/v:99,5,1,zk gk,322,337,read
ready,ready,'redi,"n. poised for action
a. completely prepared or in condition for immediate action or use or progress
s. (of especially money) immediately available
s. mentally disposed","n. 预备好的状态, 现款
a. 准备好的, 备用的, 可以使用的
adv. 预先, 迅速
vt. 使准备好",n:1/r:2/j:94/v:3,4,1,zk gk toefl gre,976,758,ready
real,real,'riәl,"n. the basic unit of money in Brazil; equal to 100 centavos
n. an old small silver Spanish coin
a. being or occurring in fact or actuality; having verified existence; not illusory; not ghosts""
a. no less than what is stated; worthy of the name","a. 真的, 真实的, 实际的, 实在的, 不动(产)的, 实数的
n. 实数, 现实
adv. 真正地",r:1/j:99,5,1,zk gk cet4 cet6 ky,425,305,real
realise,realise,"'riәlaiz,'ri:-","v earn on some commercial or business transaction; earn as salary or wages
v convert into cash; of goods and property
v expand or complete (a part in a piece of baroque music) by supplying the harmonies indicated in the figured bass
v make real or concrete; give reality or substance to
v be fully aware or cognizant of
v perceive (an idea or situation) mentally","vt. 实现, 认识到, 体会到, 了解, 认清, 使显得逼真, 变卖财产为现钱",,0,0,zk gk ky,1018,0,realise
really,really,'riәli,"r in accordance with truth or fact or reality
r in actual fact
r in fact (used as intensifiers or sentence modifiers)
r used as intensifiers; `real' is sometimes used informally for `really'; `rattling' is informal","adv. 实际上, 真实地, 实在",r:100,5,1,zk,179,143,really
reason,reason,'ri:zn,"n. a rational motive for a belief or action
n. an explanation of the cause of some phenomenon
n. the capacity for rational thought or inference or discrimination
n. a fact that logically justifies some premise or conclusion","n. 理由, 原因, 理智, 道理, 前提, 理性
vt. 说服, 推论, 辩论
vi. 推论, 劝说, 思考",v:4/n:96,5,1,zk gk toefl ielts,310,359,reason
receive,receive,ri'si:v,"v. get something; come into possession of
v. receive a specified treatment (abstract)
v. express willingness to have in one's home or environs
v. accept as true or valid","vt. 收到, 接到, 得到, 接待, 迎接, 承受
vi. 收到, 会客
[计] 接收",v:100,5,1,zk gk,372,497,receive
recent,recent,'ri:snt,s. new,"a. 最近的, 近代的, 最新的
[经] 最近的, 新进的",j:100,5,1,zk gk cet4 cet6 ky toefl,630,567,recent
recite,recite,ri'sait,"v. repeat aloud from memory
v. render verbally, ""recite a poem""","v. 背诵, 朗读, 叙述",v:100,1,0,zk gk cet4 cet6 ky ielts,8563,6397,recite
record,record,ri'kɒ:d,"n. anything (such as a document or a phonograph record or a photograph) providing permanent evidence of or information about past events
n. the number of wins versus losses and ties a team has had
n. the sum of recognized accomplishments
n. a compilation of the known facts regarding something or someone","n. 记录, 履历, 档案, 审判记录, 最高纪录, 唱片
vt. 记录, 记载, 标明, 将...录音
vi. 记录, 录音, 可被录音
a. 创纪录的
[计] 录制, 记录",v:21/j:2/n:77,5,1,zk gk cet4 cet6 ky ielts,507,516,record
recorder,recorder,ri'kɒ:dә,"n. equipment for making records
n. a barrister or solicitor who serves as part-time judge in towns or boroughs","n. 记录员, 录音机
n. 记录器
[计] 宏录制器, 记录器",n:100,2,0,zk gk cet4 cet6 ky ielts,4975,6015,recorder
red,red,red,"n. red color or pigment; the chromatic color resembling the hue of blood
n. a tributary of the Mississippi River that flows eastward from Texas along the southern boundary of Oklahoma and through Louisiana
s. of a color at the end of the color spectrum (next to orange); resembling the color of blood or cherries or tomatoes or rubies","a. 红的, 红色的, 红肿的, 流血的
n. 红色, 红颜料, 赤字
[计] 简化, 减少",j:100,5,1,zk gk,796,598,red
refuse,refuse,ri'fju:z,"v. show unwillingness towards
v. refuse to accept","vt. 拒绝, 谢绝
vi. 拒绝
n. 废物
a. 扔掉的, 无用的",n:3/v:97,4,1,zk gk cet4 cet6 ky toefl,936,1247,refuse
regard,regard,ri'gɑ:d,"n. (usually plural) a polite expression of desire for someone's welfare
n. a feeling of friendship and esteem
v. look at attentively","n. 关心, 注意, 尊敬, 关系, 问候
vt. 视为, 注意, 考虑, 和...有关, 看待
vi. 注视, 注意",i:23/n:19/v:58,4,1,zk gk cet4 cet6 ky toefl,945,2084,regard
regret,regret,ri'gret,"v. feel sad about the loss or absence of
v. decline formally or politely
v. express with regret","n. 遗憾, 后悔, 悔恨, 抱歉, 歉意
vt. 为...感到遗憾, 后悔, 惋惜, 懊悔, 抱歉
vi. 感到抱歉",n:40/v:60,3,1,zk gk cet4 cet6 ky,3773,4595,regret
relation,relation,ri'leiʃәn,"n. an abstraction belonging to or characteristic of two entities or parts together
n. an act of narration
n. (usually plural) mutual dealings or connections among persons or groups","n. 关系, 联系, 叙述, 故事, 家属, 亲戚
[计] 关系",n:100,4,1,zk gk cet4 cet6 ky,719,1118,relation
relax,relax,ri'læks,"v. become less tense, rest, or take one's ease
v. make less taut
v. cause to feel relaxed
v. become less tense, less formal, or less restrained, and assume a friendlier manner","vi. 放松, 松懈, 松弛, 变从容, 休息, 休养
vt. 使松弛, 缓和, 使松懈, 使休息",v:100,3,1,zk gk cet4 cet6 ky toefl,2535,2861,relax
remain,remain,ri'mein,"v. be left; of persons, questions, problems, results, evidence, etc.","vi. 保持, 逗留, 剩余
[法] 停留, 居住, 继续",v:100,5,1,zk gk cet4 cet6 ky,344,426,remain
remember,remember,ri'membә,"v. recall knowledge from memory; have a recollection
v. keep in mind for attention or consideration
v. recapture the past; indulge in memories
v. show appreciation to","vt. 记得, 回忆起, 记住, 铭记, 纪念
vi. 记得",v:100,5,1,zk gk,346,379,remember
repair,repair,ri'pєә,"n. the act of putting something in working order again
n. a formal way of referring to the condition of something
v. restore by replacing a part or putting together what is torn or broken
v. move, travel, or proceed toward some place","n. 修理, 补救, 修复
vt. 修理, 修补, 补救, 恢复, 补偿
vi. 修理, 修补, 补救, 恢复, 去, 常去, 集合",v:49/n:51,3,1,zk gk cet4 cet6 ky toefl ielts,2940,3874,repair
repeat,repeat,ri'pi:t,"n. an event that repeats
v. to say, state, or perform again
v. to say again or imitate
v. do over","n. 重复, 反复
vt. 重做, 重复, 复述, 使再现, 复制
vi. 重复
[计] 重复",n:7/v:93,4,1,zk gk cet4 cet6 ky toefl,1398,1602,repeat
reply,reply,ri'plai,n. the speech act of continuing a conversational exchange,"n. 答复, 回答, 答辩
vi. 答复, 回答, 回击, 反响, 答辩
vt. 回答
[计] 答复",n:21/v:79,4,1,zk gk cet4 cet6 ky,1286,2219,reply
report,report,ri'pɒ:t,"n. a written document describing the findings of some individual or group
n. the act of informing by verbal report
n. a short account of the news
n. a sharp explosive sound (especially the sound of a gun firing)","n. 报告, 报道, 传说, 案情报告, 爆炸声, 成绩单
vt. 报告, 汇报, 转述, 报道, 揭发, 使报到
vi. 报告, 写报道, 报到
[计] 报告",n:49/v:51,5,1,zk gk ielts,276,450,report
require,require,ri'kwaiә,"v require as useful, just, or proper
v consider obligatory; request and expect
v make someone do something
v have need of","vt. 需要, 命令, 要求
[法] 需要, 要求, 命令",v:100,4,1,zk gk cet4 cet6 ky,321,446,require
research,research,ri'sә:tʃ,"n. systematic investigation to establish facts
v. attempt to find out in a systematically and scientific manner
v. inquire into","n. 研究, 调查, 考察
vi. 研究, 调查",v:7/n:93,5,1,zk gk cet4 cet6 ky ielts,357,362,research
rest,rest,rest,"n. freedom from activity (work or strain or responsibility)
n. a state of inaction
n. euphemisms for death (based on an analogy between lying in a bed and in a tomb)
n. a support on which things can be put","n. 休息, 睡眠, 安息, 稍息, 静止, 支架, 休息处, 其余者, 剩余部分
vi. 休息, 睡, 长眠, 安心, 静止, 停止, 安置, 依赖
vt. 使休息, 使支撑, 把...寄托于",v:26/n:74,4,1,zk gk,703,673,rest
restaurant,restaurant,'restәrɒŋ,n. a building where people go to eat,"n. 餐馆, 饭店",n:100,4,1,zk gk ielts,1816,1114,restaurant
result,result,ri'zʌlt,"n. something that results
v. issue or terminate (in a specified way, state, etc.); end
v. come about or follow as a consequence","n. 结果, 成绩, 答案
vi. 产生, 结果, 致使
[计] 结果",v:21/n:79,5,1,zk gk cet4 cet6 ky ielts,264,354,result
retell,retell,ri:'tel,"v render verbally, ""recite a poem""
v make into fiction
v to say, state, or perform again","vt. 再讲, 重复, 重说",v:100,0,0,zk gk cet4 cet6,34354,19549,retell
return,return,ri'tә:n,"n. a coming to or returning home
n. the occurrence of a change in direction back in the opposite direction
n. the act of going back to a prior location
n. the income or profit arising from such transactions as the sale of land or other property","n. 回来, 返回, 来回票, 归还, 报答, 利润率, 报告书
a. 返回的, 回程的, 报答的, 反向的, 重现的, 复原的
vi. 返回, 归还, 回来
vt. 归还, 还, 回报, 产生, 反射, 报告, 申报, 退回
[计] 返回",n:27/j:1/v:72,5,1,zk gk ielts,428,472,return
review,review,ri'vju:,"n. an essay or article that gives a critical evaluation (as of a book or play)
n. (accounting) a service (less exhaustive than an audit) that provides some assurance to interested parties as to the reliability of financial data
n. a periodical that publishes critical essays on current affairs or literature or art
n. (law) a judicial reexamination of the proceedings of a court (especially by an appellate court)","n. 检讨, 复习, 回顾, 检阅, 评论
vt. 温习, 检讨, 评论, 再检察, 复审
vi. 复习功课, 写评论",v:38/n:62,4,1,zk gk cet4 cet6 ky toefl ielts,1128,1384,review
rice,rice,rais,"n. grains used as food either unpolished or more often polished
n. annual or perennial rhizomatous marsh grasses; seed used for food; straw used for paper
n. English lyricist who frequently worked with Andrew Lloyd Webber (born in 1944)
n. United States playwright (1892-1967)","n. 米, 米饭, 稻
vt. 将...压成米粒状",n:100,3,1,zk gk ielts,4143,2740,rice
rich,rich,ri:tʃ,"a. possessing material wealth
a. having an abundant supply of desirable qualities or substances (especially natural resources)
s. of great worth or quality
s. very productive","a. 富裕的, 富饶的, 浓厚的, 贵重的",j:100,4,1,zk gk,1229,1075,rich
riddle,riddle,'ridl,"n. a difficult problem
n. a coarse sieve (as for gravel)
v. pierce with many holes
v. set a difficult problem or riddle","n. 谜, 谜语, 粗筛
vt. 解谜, 给...出谜, 筛, 寻根究底地检验, 充满于
vi. 出谜",v:44/n:56,1,0,zk gk cet4 cet6 ky toefl gre,13883,11712,riddle
ride,ride,raid,"n. a mechanical device that you ride for amusement or excitement
v. sit and travel on the back of animal, usually while controlling its motions
v. be carried or travel on or in a vehicle
v. continue undisturbed and without interference","n. 骑马, 乘坐, 乘车, 搭便车
vt. 骑, 乘坐, 压迫, 控制
vi. 骑马, 乘车, 漂游",n:37/v:63,4,1,zk gk,1796,1283,ride
right,right,rait,"n. an abstract idea of that which is due to a person or governmental body by law or tradition or nature; it is something that nobody can take away""
n. location near or direction toward the right side; i.e. the side to the south when a person or object faces east
n. those who support political or social or economic conservatism; those who believe that things are better left unchanged
n. the hand that is on the right side of the body","n. 权利, 右边, 正义, 右派, 公正
a. 正确的, 对的, 恰当的, 正常的, 正直的, 正面的, 右方的
adv. 正确地, 以有利结果, 一直, 直接, 向右
vt. 扶直, 整理, 纠正, 伸冤, 使昭雪
vi. 恢复平衡
[计] 右, 权利",v:2/r:41/j:25/n:32,3,1,zk gk,244,193,right
ring,ring,riŋ,"n. a characteristic sound
n. a toroidal shape
n. the sound of a bell ringing
n. a platform usually marked off by ropes in which contestants box or wrestle","n. 环, 环形物, 拳击场, 戒指, 角逐, 小集团, 铃声, 钟声, 声调
vt. 包围, 套住, 按铃, 敲钟
vi. 成环形, 响, 鸣, 按铃, 敲钟, 回响",v:41/n:59,3,1,zk gk toefl,1305,1678,ring
rise,rise,raiz,"n. a growth in strength or number or importance
n. the act of changing location in an upward direction
n. a movement upward
n. an increase in cost","n. 上升, 增加, 上涨, 高地, 升高, 出现
vi. 升起, 起身, 起立, 上升, 上涨, 增长, 高耸, 起义, 浮现
vt. 使飞起",n:26/v:74,5,1,zk gk cet4 cet6 ky,644,727,rise
risk,risk,risk,"n. a venture undertaken without regard to possible loss or injury
n. the probability of becoming infected given that exposure to an infectious agent has occurred
n. the probability of being exposed to an infectious agent
v. expose to a chance of loss or damage","n. 冒险, 危险, 保险额
vt. 冒...的危险, 冒险干",v:14/n:86,4,1,zk gk cet4 cet6 ky toefl,781,650,risk
river,river,'rivә,n. a large natural stream of water (larger than a creek),"n. 河, 江
[法] 河流, 江河, 内河",n:100,4,1,zk gk,876,1327,river
road,road,rәud,"n. an open way (generally public) for travel or transportation
n. a way or means to achieve something","n. 路, 道路, 公路, 途径, 方法
[法] 公路, 道路, 行车道",n:100,5,1,zk gk ielts,284,489,road
robot,robot,'rәubәt,n a mechanism that can move automatically,"n. 机械人, 自动机械, 机械般工作的人
[计] 机器人; 自动机",n:100,1,0,zk gk cet4 cet6 ky,6669,4523,robot
rock,rock,rɒk,"n. a lump or mass of hard consolidated mineral matter
n. material consisting of the aggregate of minerals like those making up the Earth's crust
n. United States gynecologist and devout Catholic who conducted the first clinical trials of the oral contraceptive pill (1890-1984)
n. (figurative) someone who is strong and stable and dependable","n. 岩石, 岩礁, 石头, 基石, 暗礁, 摇动, 摇滚乐
vt. 摇摆, 摇动, 使摇晃, 使动摇
vi. 摇, 摇动",v:13/n:87,4,1,zk gk cet4 cet6 ky ielts,1070,869,rock
role,role,rәul,n. normal or customary activity of a person in a particular social setting,"n. 角色, 职责, 任务
[医] 作用, 功用",n:100,5,1,zk gk cet4 cet6 ky toefl ielts,468,451,role
room,room,ru:m,"n. an area within a building enclosed by walls and floor and ceiling
n. space for movement
n. opportunity for
n. the people who are present in a room","n. 房间, 空位, 场所
vi. 住宿, 居住
vt. 留宿",v:1/n:99,5,1,zk gk ielts,240,227,room
rope,rope,rәup,"n. a strong line
v. fasten with a rope","n. 绳, 索, 粗绳, 绞索, 决窍
vt. 捆, 缚, 绑, 圈起, 以绳将...系住
vi. 拧成绳状",v:6/n:94,2,1,zk gk cet4 cet6 ky toefl,3336,3309,rope
rose,rose,rәuz,"n. any of many shrubs of the genus Rosa that bear roses
n. a dusty pink color
s. of something having a dusty purplish pink color","n. 玫瑰, 蔷薇, 玫瑰色
a. 玫瑰色的, 玫瑰花的
vt. 使成玫瑰色
rise的过去式",j:3/n:97,1,0,zk gk cet4 cet6 ky,2179,23633,rose
round,round,raund,"n. a charge of ammunition for a single shot
n. (often plural) a series of professional calls (usually in a set order)
n. the usual activities in your day
n. the course along which communications spread","n. 圆, 圆形物, 巡回, 循环, 一轮, 一回合, 一局, 范围, 轮唱
a. 圆的, 球形的, 丰满的, 肥胖的, 完全的, 大概的, 完美的, 圆润的
prep. 围着, 附近, 绕过, 在...周围
adv. 围绕着, 在周围, 迂回地, 挨个, 朝反方向
vt. 弄圆, 使成圆形, 绕行, 完成, 围捕, 把...四舍五入
vi. 变圆, 发胖, 环行, 拐弯, 进展",r:13/j:31/v:15/n:41,2,1,zk gk,730,2372,round
row,row,rәu. rau,"n. an arrangement of objects or people side by side in a line
n. a long continuous strip (usually running horizontally)
n. a linear array of numbers, letters, or symbols side by side
n. a continuous chronological succession without an interruption","n. 排, 行, 街道, 划船, 吵闹
vt. 使成排, 划, 划船, 参加(赛船), 痛骂
vi. 划船, 划动, 争吵
[计] 行",v:8/n:92,2,1,zk gk cet4 cet6 ky toefl,1406,1843,row
rubber,rubber,'rʌbә,"n. an elastic material obtained from the latex sap of trees (especially trees of the genera Hevea and Ficus) that can be vulcanized and finished into a variety of products
n. any of various synthetic elastic materials whose properties resemble natural rubber
s. returned for lack of funds","n. 橡皮, 橡胶, 做摩擦动作的人, 按摩师, 决胜盘
vt. 用橡胶制造, 涂橡胶于",j:72/n:28,2,1,zk gk cet4 cet6 ky ielts,5262,4791,rubber
rubbish,rubbish,'rʌbiʃ,"n. worthless material that is to be disposed of
v. attack strongly","n. 废物, 垃圾, 胡说",n:100,2,1,zk gk cet4 cet6 ky toefl ielts,3206,14955,rubbish
rule,rule,ru:l,"n. a principle or condition that customarily governs behavior
n. prescribed guide for conduct or action
n. (linguistics) a rule describing (or prescribing) a linguistic practice
n. the duration of a monarch's or government's power","n. 规则, 统治, 控制, 支配, 规律, 标准, 章程, 破折号, 铅线
vt. 规定, 统治, 管理, 控制, 支配, 裁决
vi. 统治, 管辖, 裁定
[计] 规则, 水线",v:21/n:79,5,1,zk gk cet4 cet6 ky toefl ielts,539,633,rule
ruler,ruler,'ru:lә,n. a person who rules or commands,"n. 统治者, 管理者, 尺, 直尺
n. 划线板
[计] 标尺",n:100,2,1,zk gk cet4 cet6 ky,4145,5552,ruler
run,run,rʌn,"n. a score in baseball made by a runner touching all four bases safely
n. (American football) a play in which a player attempts to carry the ball through or past the opposing team
n. a regular trip
n. the act of running; traveling on foot at a fast pace","n. 跑, 赛跑, 奔跑, 奔跑的路程, 趋向, 流出, 运转时间, 连续
vi. 跑, 奔跑, 跑步, 赛跑, 竞赛, 行驶, 运转, 进行, 蔓延
vt. 使跑, 参赛, 追究, 驾驶, 开动, 管理, 经营, 使流出, 运行
a. 熔化的, 融化的, 浇铸的
run的过去式和过去分词
[计] 运行",n:15/v:85,5,1,zk gk,208,202,run
rush,rush,rʌʃ,"n. a sudden forceful flow
n. grasslike plants growing in wet places and having cylindrical often hollow stems
n. physician and American Revolutionary leader; signer of the Declaration of Independence (1745-1813)
n. a sudden burst of activity","n. 匆促, 冲进, 急流, 灯心草
vi. 冲, 奔, 闯, 赶紧, 匆促行事, 涌现
vt. 使冲, 匆忙地做, 突袭, 飞跃, 用灯心草做
a. 紧急的",n:29/v:71,3,1,zk gk cet4 cet6 ky toefl,2531,1956,rush
Russia,russia,'rʌʃә,"n. a former empire in eastern Europe and northern Asia created in the 14th century with Moscow as the capital; powerful in the 17th and 18th centuries under Peter the Great and Catherine the Great when Saint Petersburg was the capital; overthrown by revolution in 1917
n. a federation in northeastern Europe and northern Asia; formerly Soviet Russia; since 1991 an independent state","n. 俄国, 俄罗斯
[法] 俄罗斯, 苏联",,0,0,zk gk ielts,2103,0,russia
Russian,russian,'rʌʃәn,"n. a native or inhabitant of Russia
n. the Slavic language that is the official language of Russia
a. of or pertaining to or characteristic of Russia or its people or culture or language","n. 俄国人, 俄语
a. 俄国的, 俄语的",j:77/n:23,0,0,zk gk,1791,1562,russian
sad,sad,sæd,"a. experiencing or showing sorrow or unhappiness
s. of things that make you feel sad","a. 忧愁的, 悲哀的",j:100,4,1,zk gk,2373,2145,sad
safe,safe,seif,"n. strongbox where valuables can be safely kept
n. a ventilated or refrigerated cupboard for securing provisions from pests
a. free from danger or the risk of harm
s. (of an undertaking) secure from risk","n. 保险箱, 冷藏室
a. 安全的, 可靠的, 平安的, 稳健的, 有把握的",r:1/j:96/n:3,4,1,zk gk cet4 cet6 ky ielts gre,1244,1058,safe
safety,safety,'seifti,"n. the state of being certain that adverse effects will not be caused by some agent under defined conditions
n. a safe place
n. a score in American football; a player is tackled behind his own goal line","n. 安全, 保险, 平安, 保安设备
vt. 保护, 防护",n:100,4,1,zk gk cet4 cet6 ky ielts,1165,1132,safety
sail,sail,seil,"n. a large piece of fabric (usually canvas fabric) by means of which wind is used to propel a sailing vessel
n. any structure that resembles a sail
v. traverse or travel on (a body of water)
v. travel on water propelled by wind","n. 帆, 篷, 帆船, 航程, 帆状物
vi. 航行, 启航, 张帆而行
vt. 航行于, 驾船",n:28/v:72,3,1,zk gk cet4 cet6 ky toefl,2876,4124,sail
salad,salad,'sælәd,n. food mixtures either arranged on a plate or tossed and served with a moist dressing; usually consisting of or including greens,n. 色拉,n:100,2,1,zk gk cet4 cet6 ky ielts,4643,2773,salad
sale,sale,seil,"n. a particular instance of selling
n. the general activity of selling
n. an occasion (usually brief) for buying at specially reduced prices
n. the state of being purchasable; offered or exhibited for selling","n. 出售, 卖, 拍卖, 销售额, 廉价出售
[经] 卖, 出售; 销售(货)",n:100,5,1,zk gk cet4 cet6 ky toefl ielts,1143,2234,sale
salt,salt,sɒ:lt,"n. a compound formed by replacing hydrogen in an acid by a metal (or a radical that acts like a metal)
n. white crystalline form of especially sodium chloride used to season and preserve food
n. the taste experience when common salt is taken into the mouth
v. add salt to","n. 盐, 风趣, 刺激
a. 含盐的, 咸的, 风趣的, 辛辣的
vt. 加盐于, 用盐腌",v:1/j:1/n:98,3,1,zk gk cet4 cet6 ky,2536,1571,salt
same,same,seim,"a. same in identity
a. closely similar or comparable in kind or quality or quantity or degree
s. unchanged in character or nature","a. 相同的, 同样的
pron. 相同的人(或事物)
adv. 同样地",r:1/d:99,5,1,zk gk,137,161,same
sand,sand,sænd,"n. a loose material consisting of grains of rock or coral
n. French writer known for works concerning women's rights and independence (1804-1876)","n. 沙, 沙子, 沙滩, 光阴, 生涯
vt. 撒沙, 以沙掩盖",v:4/n:96,3,1,zk gk cet4 cet6 ky,2470,2205,sand
sandwich,sandwich,'sændwitʃ,"n. two (or more) slices of bread with a filling between them
v. make into a sandwich
v. insert or squeeze tightly between two people or objects","n. 三明治, 夹心面包, 夹层板
vt. 插入, 夹入, 把...制成三明治",v:8/n:92,2,0,zk gk cet4 cet6 ky ielts,3670,3529,sandwich
satisfy,satisfy,'sætisfai,"v. meet the requirements or expectations of
v. make happy or satisfied","vt. 使满意, 满足, 符合, 使确信, 赔偿
vi. 令人满意, 替人赎罪",v:100,2,1,zk gk cet4 cet6 ky toefl,2775,3001,satisfy
Saturday,saturday,'sætәdi,n. the seventh and last day of the week; observed as the Sabbath by Jews and some Christians,n. 星期六,,4,1,zk gk ielts,1159,0,saturday
sausage,sausage,'sɒsidʒ,n. highly seasoned minced meat stuffed in casings,"n. 香肠, 腊肠",n:100,2,0,zk gk cet4 cet6 ky,5664,6199,sausage
save,save,seiv,"n. (sports) the act of preventing the opposition from scoring
v. to keep up and reserve for personal or special use
v. bring into safety
v. spend less; buy at a reduced price","n. 救球
vt. 解救, 挽救, 储蓄, 保存, 节省, 保留
vi. 挽救, 节省, 救球
prep. 除...之外
[计] 保存",i:4/c:1/n:1/v:94,5,1,zk gk cet4 cet6 ky toefl,848,735,save
say,say,sei,"n. the chance to speak
v. communicate or express nonverbally
v. utter aloud
v. state as one's opinion or judgement; declare","vt. 说, 讲, 念, 说明, 指明
vi. 说, 讲
n. 意见, 发言权",r:1/v:99,5,1,zk gk ielts,32,19,say
scarf,scarf,skɑ:f,"n. a garment worn around the head or neck or shoulders for warmth or decoration
v. masturbate while strangling oneself
v. unite by a scarf joint
v. wrap in or adorn with a scarf","n. 围巾, 头巾, 领带, 领巾, 嵌接
vt. 用围巾围, 嵌接",v:4/n:96,1,0,zk gk cet4 cet6 ky gre,6554,6140,scarf
school,school,sku:l,"n. an educational institution
n. a building where young people receive education
n. the process of being formally educated at a school
n. a body of creative artists or writers or thinkers linked by a similar style or by similar teachers","n. 学校, 鱼群, 门派, 学派
vt. 教育, 训练, 培养
vi. 成群地游",v:1/n:99,5,1,zk gk ielts gre,165,125,school
schoolbag,schoolbag,'sku:lbæ^,n. a bag for carrying school books and supplies,n. 书包,,0,0,zk gk,0,0,schoolbag
science,science,'saiәns,n. a particular branch of scientific knowledge,"n. 科学, 学科, 学问, 自然科学
[医] 科学",n:100,4,1,zk gk ielts,794,889,science
scientist,scientist,'saiәntist,n. a person with advanced knowledge of one or more sciences,"n. 科学家
[医] 科学家",n:100,4,1,zk gk cet4 cet6 ky,1684,1057,scientist
score,score,skɒ:,"n. a written form of a musical composition; parts for different instruments appear on separate staves on large pages
n. a number that expresses the accomplishment of a team or an individual in a game or contest
n. a set of twenty members
n. grounds","n. 得分, 抓痕, 二十个, 刻痕, 帐目, 乐谱, 起跑线, 终点线, 大量
vt. 刻划, 划线, 获得, 评价, 把...记下
vi. 刻痕, 记分, 得分
[计] 得分",v:35/n:65,4,1,zk gk cet4 cet6 ky toefl ielts gre,1818,1070,score
screen,screen,skri:n,"n. a white or silvered surface where pictures can be projected for viewing
n. the display that is electronically created on the surface of the large end of a cathode-ray tube
n. a covering that serves to conceal or shelter something
n. a protective covering consisting of netting; can be mounted in a frame","n. 幕, 银幕, 屏风, 掩蔽物, 屏蔽, 筛子
vt. 掩蔽, 放映, 拍摄, 掩护, 筛, 甄别
vi. 拍电影
[计] 筛选; 屏幕",v:15/n:85,4,1,zk gk cet4 cet6 ky toefl,1648,1252,screen
sea,sea,si:,"n. a division of an ocean or a large body of salt water partially enclosed by land
n. turbulent water with swells of considerable size","n. 海, 海洋, 海浪, 大量
[法] 海, 海洋",n:100,4,1,zk gk,721,989,sea
search,search,sә:tʃ,"n. the activity of looking thoroughly in order to find something or someone
n. an investigation seeking answers
n. an operation that determines whether one or more of a set of items has a specified property
n. the examination of alternative hypotheses","n. 搜寻, 查究
v. 搜寻, 搜查, 探求, 调查, 搜索
[计] 搜索, 路径检索程序",v:44/n:56,4,1,zk gk cet4 cet6 ky toefl,1690,1500,search
season,season,'si:zn,"n. a period of the year marked by special events or activities in some field
n. one of the natural periods into which the year is divided by the equinoxes and solstices or atmospheric conditions
n. a recurrent time marked by major holidays
v. lend flavor to","n. 季节, 时节, 当令期, 时期
vt. 给...调味, 使成熟, 使老练, 缓和
vi. 变干燥",v:1/n:99,5,1,zk gk toefl ielts,833,506,season
seat,seat,si:t,"n. a space reserved for sitting (as in a theater or on a train or airplane)
n. furniture that is designed for sitting on
n. any support where you can sit (especially the part of a chair or bench etc. on which you sit)
n. a center of authority (as a city from which authority is exercised)","n. 座, 座位, 位子, 席位, 所在地
vt. 使坐下, 使就座, 为...设座于, 使就职
vi. 安装在底座上",v:13/n:87,4,1,zk gk ielts,912,894,seat
second,second,'sekәnd,"n. 1/60 of a minute; the basic unit of time adopted under the Systeme International d'Unites
n. following the first in an ordering or series
n. a 60th part of a minute of arc
n. the official attendant of a contestant in a duel or boxing match","n. 秒, 瞬间, 第二名, 支持者, 助手
a. 第二的, 其次的, 次要的, 附加的, 辅助的
num. 第二
vt. 当...助手, 支持",v:2/m:64/n:34,5,1,zk gk ielts,242,381,second
secret,secret,'si:krit,"n. something that should remain hidden from others (especially information that is not to be passed on)
n. information known only to a special group
s. not open or public; kept private or not revealed
s. communicated covertly","n. 秘密, 机密, 秘诀, 秘方
a. 秘密的, 极机密的, 隐蔽的, 暗中的, 神秘的, 偏僻的",j:48/n:52,4,1,zk gk cet4 cet6 ky toefl,2375,1868,secret
secretary,secretary,'sekrәtәri,"n. a person who is head of an administrative department of government
n. an assistant who handles correspondence and clerical work for a boss or an organization
n. a desk used for writing","n. 秘书, 书记, 大臣
[经] 秘书",n:100,3,1,zk gk ielts,613,2009,secretary
see,see,si:,"n. the seat within a bishop's diocese where his cathedral is located
v. perceive by sight or have the power to perceive by sight
v. deem to be
v. be careful or certain to do something; make certain of something","vt. 看见, 查看, 参观, 游览, 理解, 知道, 同意
vi. 看, 观看, 注意, 知道, 考虑
n. 主教的职位",v:100,5,1,zk gk,47,67,see
seem,seem,si:m,"v. appear to exist
v. appear to one's own mind or opinion","vi. 象是, 似乎",v:100,5,1,zk gk,134,165,seem
seldom,seldom,'seldәm,r not often,"a. 不常的, 稀少的
adv. 很少, 不常",r:100,2,0,zk gk cet4 cet6 ky toefl,4326,4878,seldom
sell,sell,sel,"n. the activity of persuading someone to buy
v. exchange or deliver for money or its equivalent
v. be sold at a certain price or in a certain way
v. persuade somebody to accept something","vt. 卖, 背叛, 销售, 出卖
vi. 卖, 销售
n. 卖, 推销术, 失望",n:1/v:99,5,1,zk gk,461,443,sell
send,send,send,"v. cause to go somewhere
v. to cause or order to be taken, directed, or transmitted to another place
v. transfer","vt. 发送, 使进入, 寄, 派遣, 发射, 使陷于
vi. 寄信, 派人, 播送
n. (船的)上升运动
[计] 发送",v:100,5,1,zk gk,366,404,send
sense,sense,sens,"n. a general conscious awareness
n. the meaning of a word or expression; the way in which a word or expression or situation can be interpreted
n. the faculty through which the external world is apprehended
n. a natural appreciation or ability","n. 感应, 感觉, 感官, 意识, 观念, 情理, 知觉, 理智
vt. 感觉, 觉察, 检测
[计] 阅读; 检测",v:10/n:90,5,1,zk gk cet4 cet6 ky ielts,417,407,sense
sentence,sentence,'sentәns,"n. a string of words satisfying the grammatical rules of a language
v. pronounce a sentence on (somebody) in a court of law","n. 句子, 命题, 宣判
vt. 宣判, 判决
[计] 句子",v:21/n:79,4,1,zk gk cet4 cet6 ky toefl,1168,2036,sentence
separate,separate,'sepәreit,"n. a garment that can be purchased separately and worn in combinations with other garments
v. act as a barrier between; stand between
v. force, take, or pull apart
v. divide into components or constituents","n. 独立件, 抽印本
a. 分开的, 各别的, 单独的, 分隔的
vi. 分开, 隔开, 分居
vt. 使分离, 使分开, 区分, 使分居",n:2/j:50/v:48,4,1,zk gk cet4 cet6 ky gre,1256,1892,separate
September,september,sep'tembә,n. the month following August and preceding October,n. 九月,,4,1,zk gk ielts,964,0,september
serious,serious,'siәriәs,"a. concerned with work or important matters rather than play or trivialities
s. of great consequence
s. requiring effort or concentration; complex and not easy to answer or solve","a. 严肃的, 认真的, 重要的, 严重的
[电] 严重的",j:100,5,1,zk gk cet4 cet6 ky toefl ielts,807,755,serious
servant,servant,'sә:vәnt,n. a person working in the service of another (especially in the household),"n. 仆人, 有用物, 公务员, 雇员
[法] 受雇人, 服务者, 公务员",n:100,3,1,zk gk cet4 cet6 ky,1878,3938,servant
serve,serve,sә:v,"n. (sports) a stroke that puts the ball in play
v. serve a purpose, role, or function
v. do duty or hold offices; serve in a specific function
v. contribute or conduce to","vt. 可作...用, 服务, 经历, 招待, 供应, 送交, 对待
vi. 服务, 服役, 侍应, 适合, 有用, 开球
n. 发球, 轮到发球",n:1/v:99,4,1,zk gk,625,401,serve
service,service,'sә:vis,"n. work done by one person or group that benefits another
n. an act of help or assistance
n. the act of public worship following prescribed rules
n. a company or agency that performs a public service; subject to government regulation","n. 服务, 贡献, 雇佣, 公职, 服役, 功劳, 仪式, 送达, 行政部门
vt. 保养, 维修
a. 武装部队的, 服务性的, 仆人的, 耐用的
[计] 服务, 业务",v:2/n:98,5,1,zk gk ielts,160,263,service
set,set,set,"n. a group of things of the same kind that belong together and are so used
n. (mathematics) an abstract collection of numbers or symbols
n. several exercises intended to be done in series
n. an unofficial association of people or groups","n. 日落, 同伙, 组合, 集合, 装置
vt. 放, 安置, 放置, 设定, 使凝结, 点燃, 确定, 点缀, 使就位, 树立, 分配, 调整
vi. 日落, 凝固, 定型, 搁住, 结果, 适合
a. 决心的, 规定的, 故意的, 持久的, 固定的, 老套的, 准备好的
[计] 设置; DOS内部命令:改变或显示分配给环境变量的值",n:26/j:1/v:73,3,1,zk gk ielts,213,294,set
seven,seven,'sevn,"n. the cardinal number that is the sum of six and one
s. being one more than six","num. 七, 七个",m:100,5,0,zk gk,575,734,seven
seventeen,seventeen,sevn'ti:n,"n. the cardinal number that is the sum of sixteen and one
s. being one more than sixteen","num. 十七, 十七个",m:100,5,0,zk gk cet4 cet6,3783,6318,seventeen
seventh,seventh,'sevnθ,"n. position seven in a countable series of things
n. the musical interval between one note and another seven notes away from it
s. coming next after the sixth and just before the eighth in position","num. 第七, 七分之一",m:100,4,0,zk gk,4271,4110,seventh
seventy,seventy,'sevnti,"n. the cardinal number that is the product of ten and seven
s. being ten more than sixty","num. 七十, 七十个",m:100,5,0,zk gk cet4 cet6,2261,7889,seventy
several,several,'sevәrәl,"s. (used with count nouns) of an indefinite number more than 2 or 3 but not many
s. distinct and individual","a. 几个的, 一些的, 各自的
pron. 几个",d:100,5,1,zk gk ielts,389,310,several
shake,shake,ʃeik,"v. move or cause to move back and forth
v. move with or as if with a tremor
v. undermine or cause to waver
v. get rid of","n. 摇动, 震动
vt. 摇动, 动摇, 使震动, 挥舞
vi. 震动, 发抖, 动摇",n:5/v:95,4,1,zk gk cet4 cet6 ky toefl,1076,942,shake
shall,shall,ʃæl,"v. i. & auxiliary. To owe; to be under obligation for.
v. i. & auxiliary. To be obliged; must.
v. i. & auxiliary. As an auxiliary, shall indicates a duty or
   necessity whose obligation is derived from the person speaking; as, you
   shall go; he shall go; that is, I order or promise your going. It thus
   ordinarily expresses, in the second and third persons, a command, a
   threat, or a promise. If the auxillary be emphasized, the command is
   made more imperative, the promise or that more positive and sure. It is
   also employed in the language of prophecy; as, ""the day shall come when
   . . . , "" since a promise or threat and an authoritative prophecy
   nearly coincide in significance. In shall with the first person, the
   necessity of the action is sometimes implied as residing elsewhere than
   in the speaker; as, I shall suffer; we shall see; and there is always a
   less distinct and positive assertion of his volition than is indicated
   by will. ""I shall go"" implies nearly a simple futurity; more exactly, a
   foretelling or an expectation of my going, in which, naturally enough,
   a certain degree of plan or intention may be included; emphasize the
   shall, and the event is described as certain to occur, and the
   expression approximates in meaning to our emphatic ""I will go."" In a
   question, the relation of speaker and source of obligation is of course
   transferred to the person addressed; as, ""Shall you go?"" (answer, ""I
   shall go""); ""Shall he go?"" i. e., ""Do you require or promise his
   going?"" (answer, ""He shall go"".) The same relation is transferred to
   either second or third person in such phrases as ""You say, or think,
   you shall go;"" ""He says, or thinks, he shall go."" After a conditional
   conjunction (as if, whether) shall is used in all persons to express
   futurity simply; as, if I, you, or he shall say they are right. Should
   is everywhere used in the same connection and the same senses as shall,
   as its imperfect. It also expresses duty or moral obligation; as, he
   should do it whether he will or not. In the early English, and hence in
   our English Bible, shall is the auxiliary mainly used, in all the
   persons, to express simple futurity. (Cf. Will, v. t.) Shall may be
   used elliptically; thus, with an adverb or other word expressive of
   motion go may be omitted.",aux. 将,v:100,4,1,zk gk,474,2197,shall
shame,shame,ʃeim,"n. a painful emotion resulting from an awareness of inadequacy or guilt
n. a state of dishonor
v. compel through a sense of shame
v. cause to be ashamed","n. 羞耻, 羞愧, 耻辱
vt. 使羞愧, 侮辱",v:15/n:85,3,1,zk gk cet4 cet6 ky,3668,3767,shame
shape,shape,ʃeip,"n. any spatial attributes (especially as defined by outline)
n. the spatial arrangement of something as distinct from its substance
n. a concrete representation of an otherwise nebulous concept
v. make something, usually for a specific function","n. 形状, 形态, 外形, 形式, 身材
vt. 定形, 使成形, 塑造, 计划, 使符合
vi. 成形, 形成, 成长
[计] 形状",v:32/n:68,4,1,zk gk cet4 cet6 ky,1200,1267,shape
share,share,ʃєә,"n. assets belonging to or due to or contributed by an individual person or group
n. any of the equal portions into which the capital stock of a corporation is divided and ownership of which is evidenced by a stock certificate
v. have in common
v. use jointly or in common","n. 部分, 参与, 一份, 参股, 份额
vt. 均分, 分担, 分享, 分配, 共有
vi. 分享
[计] 共享; DOS外部命令:在网络或多工系统中提供文件共享
文件锁定及检测磁盘更动和对超过32MB硬盘分区的支持",n:37/v:63,5,1,zk gk cet4 cet6 ky,620,711,share
she,she,ʃi:,"obj. This or that female; the woman understood or referred to;
   the animal of the female sex, or object personified as feminine, which
   was spoken of.
obj. A woman; a female; -- used substantively.",pron. 她,p:100,5,1,zk gk,21,31,she
sheep,sheep,ʃi:p,"n. woolly usually horned ruminant mammal related to the goat
n. a timid defenseless simpleton who is readily preyed upon
n. a docile and vulnerable person who would rather follow than make an independent decision","n. 羊, 胆小者",n:100,2,1,zk gk ielts,2697,4210,sheep
shelf,shelf,ʃelf,n. a support that consists of a horizontal surface for holding objects,"n. 架子, 搁板
[化] 架子",n:100,2,1,zk gk cet4 cet6 ky toefl ielts,2930,2947,shelf
shine,shine,ʃain,"v. emit light; be bright, as of the sun or a light
v. be distinguished or eminent
v. be clear and obvious
v. throw or flash the light of (a lamp)","n. 光泽, 阳光
vt. 使发光
vi. 照耀, 发光, 发亮",n:16/v:84,2,1,zk gk toefl,3329,3385,shine
ship,ship,ʃip,"n. a vessel that carries passengers or freight
v. hire for work on a ship
v. travel by ship
v. place on board a ship","n. 船, 舰
vt. 以船运送, 装船, 运送
vi. 上船, 乘船",v:19/n:81,4,1,zk gk ielts,1356,1219,ship
shirt,shirt,ʃә:t,"n. a garment worn on the upper half of the body
v. put a shirt on","n. 衬衫, 内衣, 汗衫",n:100,3,1,zk gk,2401,1771,shirt
shoe,shoe,ʃu:,"n. footwear shaped to fit the foot (below the ankle) with a flexible upper of leather or plastic and a sole and heel of heavier material
n. (card games) a case from which playing cards are dealt one at a time
v. furnish with shoes","n. 鞋, 靴, 外胎
vt. 给...穿鞋, 为马钉蹄铁",v:1/n:99,3,1,zk gk,1885,1423,shoe
shop,shop,ʃɒp,"n. a mercantile establishment for the retail sale of goods or services
v. do one's shopping
v. shop around; not necessarily buying","n. 商店, 工厂, 车间
vi. 购物, 到处寻找
vt. 选购",v:23/n:77,4,1,zk gk ielts,648,1338,shop
short,short,ʃɒ:t,"n. the location on a baseball field where the shortstop is stationed
a. primarily temporal sense; indicating or being or seeming to be limited in duration
a. (primarily spatial sense) having little length or lacking in length
a. low in stature; not tall","a. 短的, 近的, 矮的, 短期的, 简短的, 少量的
adv. 简短地, 突然
n. 扼要, 短片, 缺乏
vt. 故意少给, 使短路",r:10/j:88/v:2,2,1,zk gk ielts,500,627,short
shorts,shorts,ʃɔ:ts,"n trousers that end at or above the knee
n underpants worn by men
n the location on a baseball field where the shortstop is stationed
n accidental contact between two points in an electric circuit that have a potential difference
n the fielding position of the player on a baseball team who is stationed between second and third base
v cheat someone by not returning him enough money
v create a short circuit in","n. 短裤, (美)男人的短衬裤
[经] 空头户, 空头, 短期债券",n:100,0,0,zk gk,6534,4868,shorts
should,should,ʃud,"imp. of Shall
imp. Used as an auxiliary verb, to express a conditional or
   contingent act or state, or as a supposition of an actual fact; also,
   to express moral obligation (see Shall); e. g.: they should have come
   last week; if I should go; I should think you could go.","aux. 应该, 将要",v:100,5,1,zk gk,85,121,should
shoulder,shoulder,'ʃәuldә,"n. the part of the body between the neck and the upper arm
n. a cut of meat including the upper joint of the foreleg
n. a ball-and-socket joint between the head of the humerus and a cavity of the scapula
n. the part of a garment that covers or fits over the shoulder","n. 肩, 肩膀, 衣肩
vt. 肩负, 负担, 担任
vi. 用肩推挤",v:4/n:96,4,1,zk gk cet4 cet6 ky gre,1149,986,shoulder
shout,shout,ʃaut,"v. utter in a loud voice; talk in a loud voice (usually denoting characteristic manner of speaking)
v. utter a sudden loud cry","n. 呼喊, 喊声
vi. 呼喊, 喊叫, 嚷
vt. 高喊",n:14/v:86,3,1,zk gk,1591,2154,shout
show,show,ʃәu,"n. the act of publicly exhibiting or entertaining
n. a social event involving a public performance or entertainment
v. give an exhibition of to an interested audience
v. make visible or noticeable","n. 显示, 表现, 展览, 卖弄, 炫耀, 外观, 演出, 洋相
vt. 表示, 显示, 展现, 陈列, 演出, 表明, 指出, 带领
vi. 露面, 显现, 演出
[计] 显示",n:30/v:70,5,1,zk gk,147,177,show
shower,shower,'ʃauә,"n. a plumbing fixture that sprays water over you
n. washing yourself by standing upright under water sprayed from a nozzle
n. a brief period of precipitation
n. a sudden downpour (as of tears or sparks etc) likened to a rain shower","n. 阵雨, 淋浴, 一阵, 展出者, 显示者
vi. 淋浴, 下阵雨
vt. 淋湿, 倾注",v:19/n:81,2,1,zk gk cet4 cet6 ky toefl ielts,3712,3204,shower
shut,shut,ʃʌʃ,a. not open,"n. 关闭
vt. 关上, 闭起, 幽禁, 合拢, 轧住
vi. 关上, 停止营业",j:8/v:92,3,1,zk gk cet4 cet6 ky toefl,1788,1541,shut
shy,shy,ʃai,"n. a quick throw
v. start suddenly, as from fright
v. throw quickly
s. short","n. 惊跳, 惊避
a. 胆怯的, 畏缩的, 迟疑的, 羞怯的
vi. 惊退, 乱投, 乱掷, 厌恶, 避开
vt. 乱投, 乱掷",n:2/j:80/v:18,2,1,zk cet4 cet6 ky toefl,5301,4407,shy
sick,sick,sik,"n. people who are sick
s. deeply affected by a strong feeling","n. 病人
a. 不舒服, 有病的, 恶心的, 厌恶的, 渴望的, 病态的
vt. 呕吐, 追击, 使(狗)去攻击",j:97/n:3,3,1,zk gk toefl ielts,2044,1746,sick
side,side,said,"n. a place within a region identified relative to a center or reference location
n. one of two or more contesting groups
n. either the left or right half of a body
n. a surface forming part of the outside of an object","n. 旁边, 侧, 方面, 胁, 侧边, 血统
a. 旁的, 侧的, 次要的
vt. 同意, 支持
vi. 支持, 赞助",v:1/n:99,5,1,zk gk ielts,212,249,side
sight,sight,sait,"n. an instance of visual perception
n. anything that is seen
n. the ability to see; the visual faculty
n. a range of mental vision","n. 景观, 视力, 眼界, 阅读, 见解, 意见
vt. 看见, 瞄准
vi. 瞄准, 观看
a. 即席的, 见票即付的",v:7/n:93,4,1,zk gk cet4 cet6 ky toefl ielts,1298,1629,sight
silence,silence,'sailәns,"n. the state of being silent (as when no one is speaking)
n. the absence of sound
v. keep from expression, for example by threats or pressure","n. 沉默, 无声, 静寂, 湮没, 无声息
vt. 使缄默
interj. 安静",v:12/n:88,3,1,zk gk cet4 cet6 ky toefl ielts,1653,1820,silence
silent,silent,'sailәnt,"s. marked by absence of sound
s. implied by or inferred from actions or statements
s. not made to sound
s. having a frequency below or above the range of human audibility","a. 沉默的, 安静的, 无声的, 静止的
[医] 静止的, 无症状的",j:100,3,1,zk gk cet4 cet6 ky ielts,2297,2160,silent
silk,silk,silk,"n. a fabric made from the fine threads produced by certain insect larvae
n. animal fibers produced by silkworms and other larvae that spin cocoons and by most spiders","n. 丝, 绸, 绸锻类, 丝织品
a. 丝的, 丝织的",n:100,2,1,zk gk,3130,3969,silk
silly,silly,'sili,n. a word used for misbehaving children,"a. 愚蠢的, 糊涂的",j:100,2,1,zk gk cet4 cet6 ky toefl,2789,4009,silly
silver,silver,'silvә,"n. a soft white precious univalent metallic element having the highest electrical and thermal conductivity of any metal; occurs in argentite and in free form; used in coins and jewelry and tableware and photography
n. coins made of silver
v. coat with a layer of silver or a silver amalgam
v. make silver in color","n. 银, 银币, 银器
a. 银的, 银制的, 银器的
vt. 镀银
vi. 变银白色",j:7/v:1/n:92,3,1,zk gk cet4 cet6 ky toefl ielts,2244,2439,silver
similar,similar,'similә,"a. marked by correspondence or resemblance
s. (of words) expressing closely related meanings","a. 相似的, 类似的
n. 相似的东西",j:100,4,1,zk gk ielts,543,720,similar
simple,simple,'simpl,"n. any herbaceous plant having medicinal properties
a. having few parts; not complex or complicated or involved
a. (botany) of leaf shapes; of leaves having no divisions or subdivisions
s. unornamented","a. 简单的, 普通的, 朴素的, 单纯的, 绝对的, 初级的, 原始的, 迟钝的
n. 出身低微者, 傻子",j:99/n:1,4,1,zk gk ielts,624,763,simple
since,since,sins,"adv. From a definite past time until now; as, he went a month
   ago, and I have not seen him since.
adv. In the time past, counting backward from the present;
   before this or now; ago.
adv. When or that.
prep. From the time of; in or during the time subsequent to;
   subsequently to; after; -- usually with a past event or time for the
   object.
conj. Seeing that; because; considering; -- formerly followed
   by that.","prep. 自...以后, 自...以来
adv. 自那时以后
conj. 既然, 自...以后, 自...以来",i:23/c:71/r:6,5,1,zk gk,305,260,since
sing,sing,siŋ,"v. deliver by singing
v. produce tones with the voice
v. to make melodious sounds","vi. 唱, 唱歌, 演唱, 鸣, 啼
vt. 唱, 歌颂
n. 嗖嗖声",v:100,4,1,zk gk,1509,1013,sing
single,single,'siŋgl,"n. a base hit on which the batter stops safely at first base
v. hit a single
a. used of flowers having usually only one row or whorl of petals
a. existing alone or consisting of one entity or part or aspect or individual","a. 单身的, 单程的, 单一的, 个别的, 孤独的, 专一的
n. 一个, 单打, 单程票
vt. 选出
vi. 击出一垒打
[计] 单精度型",j:90/v:5/n:5,5,1,zk gk ielts,569,632,single
sir,sir,sә:,"n. term of address for a man
n. a title used before the name of knight or baronet","n. 先生, 阁下",n:100,5,1,zk gk,534,2108,sir
sister,sister,'sistә,"n. a female person who has the same parents as another person
n. (Roman Catholic Church) a title given to a nun (and used as a form of address)
n. a female person who is a fellow member of a sorority or labor union or other group","n. 姐妹, 姐, 妹, 护士, 修女
vt. 姐妹般对待",n:100,5,1,zk gk,1049,823,sister
sit,sit,sit,"v. be seated
v. be around, often idly or without specific purpose
v. be in session
v. be located or situated somewhere","vi. 坐, 就座, 坐落
vt. 使就座, 骑
n. 坐, 衣服合身",n:1/v:99,5,1,zk gk,302,268,sit
situation,situation,.sitju'eiʃәn,"n. the general state of things; the combination of circumstances at a given time
n. a condition or position in which you find yourself
n. a complex or critical or unusual difficulty","n. 情形, 境遇, 位置
[医] 情境, 处境",n:100,5,1,zk gk cet4 cet6 ky,503,548,situation
six,six,siks,"n. the cardinal number that is the sum of five and one
s. denoting a quantity consisting of six items or units","num. 六, 六个",m:100,5,0,zk gk,293,424,six
sixteen,sixteen,'siks'ti:n,"n. the cardinal number that is the sum of fifteen and one
s. being one more than fifteen","num. 十六, 十六个",m:100,5,0,zk gk,2889,5324,sixteen
sixth,sixth,siksθ,"n. position six in a countable series of things
n. the musical interval between one note and another six notes away from it
s. coming next after the fifth and just before the seventh in position","num. 第六, 六分之一",m:100,4,0,zk gk,3007,3527,sixth
sixty,sixty,'siksti,"n. the cardinal number that is the product of ten and six
s. being ten more than fifty","num. 六十, 六十个",m:100,5,0,zk gk cet4 cet6,1655,5642,sixty
size,size,saiz,"n. the physical magnitude of something (how big it is)
n. the property resulting from being one of a series of graduated measurements (as of clothing)
n. any glutinous material used to fill pores in surfaces or to stiffen fabrics
n. the actual state of affairs","n. 大小, 尺寸, 规模, 尺码, 能力, 浆料
vt. 上浆, 依大小排列
vi. 可比拟
a. 一定大小的, 一定尺寸的",v:3/n:97,4,1,zk gk ielts,697,752,size
skate,skate,skeit,"n. sports equipment that is worn on the feet to enable the wearer to glide along and to be propelled by the alternate actions of the legs
n. large edible rays having a long snout and thick tail with pectoral fins continuous with the head; swim by undulating the edges of the pectoral fins
v. move along on skates","n. 溜冰, 冰鞋
vi. 滑冰, 滑过",n:28/v:72,2,0,zk gk cet4 cet6 ky,12027,5756,skate
skill,skill,'skil,"n. an ability that has been acquired by training
n. ability to produce solutions in some problem domain","n. 技术, 技巧, 技能, 熟练, 熟练工人
[化] 技能",n:100,4,1,zk gk cet4 cet6 ky ielts,801,821,skill
skirt,skirt,skә:t,"n. cloth covering that forms the part of a garment below the waist
n. a garment hanging from the waist; worn mainly by girls and women
v. pass around or about; move along the border
v. form the edge of","n. 裙子, 下摆, 边缘, 郊区
vt. 位于...边缘, 绕过, 回避
vi. 位于边缘",v:13/n:87,2,1,zk gk ielts gre,3590,3637,skirt
sky,sky,skai,n. the atmosphere and outer space as viewed from the earth,"n. 天空, 天色, 天堂
vt. 击向空中, 挂在高处
vi. 高涨",n:100,3,1,zk gk,1674,1147,sky
sleep,sleep,sli:p,"n. a natural and periodic state of rest during which consciousness of the world is suspended
n. a torpid state resembling deep sleep
n. a period of time spent sleeping
v. be asleep","n. 睡眠, 静止, 昏迷, 麻木, 长眠, 冬眠
vi. 睡觉, 睡眠, 静止
vt. 睡",n:34/v:66,4,1,zk gk ielts,1408,1172,sleep
sleepy,sleepy,'sli:pi,s. ready to fall asleep,"a. 困乏的, 欲睡的",j:100,1,0,zk gk cet4 cet6 ielts,9704,7429,sleepy
slow,slow,slәu,"v. become slow or slower
v. cause to proceed more slowly
a. not moving quickly; taking a comparatively long time
a. at a slow tempo","a. 慢的, 缓慢的, 迟缓的, 迟钝的, 冷漠的, 落后的
adv. 慢地, 迟缓地
v. (使)慢下来",r:8/j:52/v:40,4,1,zk gk,1661,1761,slow
small,small,smɒ:l,"n. the slender part of the back
n. a garment size for a small person
a. limited or below average in number or quantity or magnitude or extent
s. slight or limited; especially in degree or intensity or scope","a. 小的, 少的, 小型的, 低微的, 小气的, 细微的
adv. 些微地
n. 狭小部分",r:1/j:99,5,1,zk gk,168,203,small
smart,smart,smɑ:t,"n. a kind of pain such as that caused by a wound or a burn or a sore
a. showing mental alertness and calculation and resourcefulness
s. painfully severe
s. quick and brisk","a. 聪明的, 漂亮的, 刺痛的, 剧烈的, 敏捷的, 巧妙的, 伶俐的, 潇洒的
n. 刺痛, 痛苦
vi. 刺痛",j:97/v:3,3,1,zk gk cet4 cet6 ky toefl ielts gre,4098,1856,smart
smell,smell,smel,"n. the sensation that results when olfactory receptors in the nose are stimulated by particular chemicals in gaseous form
n. the faculty that enables us to distinguish scents
n. the act of perceiving the odor of something
v. inhale the odor of; perceive by the olfactory sense","n. 味道, 气味, 嗅觉, 嗅, 臭味, 气息
vt. 闻, 探出, 察觉, 发出...的气味
vi. 嗅, 散发气味, 发臭",n:45/v:55,3,1,zk gk toefl,2651,2390,smell
smile,smile,smail,"n. a facial expression characterized by turning up the corners of the mouth; usually shows pleasure or amusement
v. change one's facial expression by spreading the lips, often to signal pleasure
v. express with a smile","n. 微笑, 喜色, 笑容
vi. 微笑, 觉得好笑
vt. 微笑着表示",n:41/v:59,4,1,zk gk,892,1068,smile
smoke,smoke,smәuk,"n. a cloud of fine particles suspended in a gas
n. a hot vapor containing fine particles of carbon being produced by combustion
n. an indication of some hidden activity
n. something with no concrete substance","n. 烟, 雾气, 烟熏剂, 抽烟, 烟色
vi. 吸烟, 冒烟, 弥漫
vt. 以烟熏, 抽烟而导致...",v:49/n:51,4,1,zk gk toefl ielts,2750,2414,smoke
smooth,smooth,smu:ð,"n. the act of smoothing
v. make smooth or smoother, as if by rubbing
v. free from obstructions
a. having a surface free from roughness or bumps or ridges or irregularities","a. 平滑的, 平稳的, 流畅的, 和蔼的, 安祥的, 圆滑的, 调匀的, 无毛的
vt. 使光滑, 烫平, 使平和, 消除
vi. 变平滑, 变平静
n. 一块平地, 平滑部分",j:79/v:21,3,1,zk gk cet4 cet6 ky toefl ielts gre,2682,2422,smooth
snake,snake,sneik,"n. limbless scaly elongate reptile; some are venomous
n. a deceitful or treacherous person
n. a tributary of the Columbia River that rises in Wyoming and flows westward; discovered in 1805 by the Lewis and Clark Expedition
n. something long, thin, and flexible that resembles a snake","n. 蛇, 阴险的人
vi. 曲折行进
vt. 迂回, 拉, 急抽",v:10/n:90,2,1,zk gk cet4 cet6 ky toefl,5064,3481,snake
snow,snow,snәu,"n. precipitation falling from clouds in the form of ice crystals
n. a layer of snowflakes (white crystals of frozen water) covering the ground
n. English writer of novels about moral dilemmas in academe (1905-1980)
v. fall as snow","n. 雪, 积雪, 下雪, 雪花形干扰
vi. 下雪, 似雪般落下
vt. 使雪白, 用雪覆盖, 使像雪般落下",v:8/n:92,3,1,zk gk,2665,1781,snow
snowy,snowy,'snәui,"s marked by the presence of snow
s covered with snow
s of the white color of snow","a. 多雪的, 雪的, 被雪所覆盖着的, 下雪的",j:100,1,0,zk gk cet4 cet6,14429,9600,snowy
so,so,sәu,"r. to a very great extent or degree
r. in a manner that facilitates
r. in such a condition or manner, especially as expressed or implied
r. to a certain unspecified extent or degree","adv. 如此, 如是, 如...那样
conj. 所以, 因此
pron. 这样",c:20/r:79/j:1,3,1,zk gk,48,55,so
soap,soap,sәup,"n. a cleansing agent made from the salts of vegetable or animal fats
n. money offered as a bribe
n. street names for gamma hydroxybutyrate
v. rub soap all over, usually with the purpose of cleaning","n. 肥皂, 阿谀
vt. 以肥皂洗, 阿谀
[计] 评语",v:5/n:95,2,1,zk gk cet4 cet6 ky toefl,4288,4344,soap
social,social,'sәuʃәl,"a. relating to human society and its members
a. living together or enjoying life in communities or organized groups
a. relating to or belonging to or characteristic of high society
s. composed of sociable people or formed for the purpose of sociability","a. 社会的, 群居的, 社交的
n. 联欢会",j:100,5,1,zk gk cet4 cet6 ky ielts,202,319,social
society,society,sә'saiәti,"n. an extended social group having a distinctive cultural and economic organization
n. the fashionable elite",n. 社会；社交界；交往；社团,n:100,5,1,zk gk cet4 cet6 ky,326,507,society
socks,socks,,"n hosiery consisting of a cloth covering for the foot; worn inside the shoe; reaches to between the ankle and the knee
n a truncated cloth cone mounted on a mast; used (e.g., at airports) to show the direction of the wind
v hit hard","短袜, 袜子, 鞋内的衬垫, 轻软鞋, 巨款, 存款, 存钱处, 银箱, 拳打, 一击, 重击",,0,0,zk,0,0,socks
sofa,sofa,'sәufә,n. an upholstered seat for more than one person,n. 沙发,n:100,2,0,zk gk cet6 ky,5140,4782,sofa
soft,soft,sɒft,"a. yielding readily to pressure or weight
a. compassionate and kind; conciliatory
a. (of sound) relatively low in volume
a. not protected against attack (especially by nuclear weapons)","a. 软的, 温和的, 柔和的, 柔滑的, 温柔的, 软弱的, 坡度小的, 笨的, 纸币的
n. 柔软的东西, 笨人, 纸币
adv. 柔软地, 温和地",j:100,4,1,zk gk cet4 cet6 ky,1436,1374,soft
soldier,soldier,'sәuldʒә,"n. an enlisted man or woman who serves in an army
n. a wingless sterile ant or termite having a large head and powerful jaws adapted for defending the colony
v. serve as a soldier in the military","n. 军人, 士兵, 兵蚁
vi. 从军, 尽职, 偷懒, 磨洋工",v:1/n:99,4,1,zk gk toefl,1731,1003,soldier
solid,solid,'sɒlid,"n. matter that is solid at room temperature and pressure
n. the state in which a substance has no tendency to flow under moderate stress; resists forces (such as compression) that tend to deform it; and retains a definite size and shape
n. a three-dimensional shape
s. characterized by good substantial quality","n. 固体
a. 坚硬的, 稳固的, 固体的, 实心的, 纯质的, 立体的, 立方的
[计] 原色",j:92/n:8,3,1,zk gk cet4 cet6 ky,2417,2011,solid
some,some,sʌm,"a. quantifier; used with either mass nouns or plural count nouns to indicate an unspecified number or quantity
s. relatively much but unspecified in amount or extent
s. relatively many but unspecified in number
s. remarkable","pron. 一些, 一部分, 若干
adv. 大约
a. 一些的, 少许的, 某一的",p:1/d:99,5,1,zk gk,53,60,some
somebody,somebody,'sʌmbɒdi,n a human being,"n. 了不起的人, 大人物
pron. 有人, 某人",p:99/n:1,4,1,zk gk,1321,1000,somebody
someone,someone,'sʌmwʌn,n a human being,"pron. 有人, 某人",p:100,4,0,zk gk,537,419,someone
something,something,'sʌmθiŋ,"n. Anything unknown, undetermined, or not specifically
   designated; a certain indefinite thing; an indeterminate or unknown
   event; an unspecified task, work, or thing.
n. A part; a portion, more or less; an indefinite quantity
   or degree; a little.
n. A person or thing importance.
adv. In some degree; somewhat; to some extent; at some
   distance.","pron. 某事, 某物",p:99/n:1,5,1,zk gk,167,142,something
sometimes,sometimes,'sʌmtaimz,"r. on certain occasions or in certain cases but not always; at other times for six months""","adv. 有时, 时常, 往往",r:100,4,1,zk gk,478,445,sometimes
somewhere,somewhere,'sʌmhwєә,"n. an indefinite or unknown location
r. in or at or to some place; (`someplace' is used informally for `somewhere')","adv. 到某处, 在某处",r:100,3,1,zk gk,1359,1588,somewhere
son,son,sʌn,"n. a male human offspring
n. the divine word of God; the second person in the Trinity (incarnate in Jesus)","n. 儿子, 女婿, 子孙
[法] 儿子, 女婿, 养子",n:100,5,1,zk gk,599,481,son
song,song,sɒŋ,"n. a short musical composition with words
n. a distinctive or characteristic sound
n. the act of singing
n. a very small sum","n. 歌, 曲, 鸣声, 歌唱, 歌曲, 诗歌",n:100,4,1,zk gk,1405,851,song
soon,soon,su:n,r. in the near future,"adv. 不久, 早, 快, 宁可",c:18/r:82,5,1,zk gk,615,610,soon
sorry,sorry,'sɒri,"a feeling or expressing regret or sorrow or a sense of loss over something done or undone
s bad; unfortunate
s without merit
s causing dejection","a. 难过的, 悲哀的, 遗憾的",j:100,4,1,zk gk,870,1205,sorry
sort,sort,sɒ:t,"n. an approximate definition or example
n. a person of a particular character or nature
n. an operation that segregates items into groups according to a specified criterion","n. 种类, 方式, 品质, 态度, 举止
vt. 分类, 排序, 挑选
vi. 交往, 协调
[计] 排序; DOS外部命令:从标准输入设备接收数据, 整个数据输入完后
对它以行为单位进行排序, 然后在标准输出设备上输出",v:11/n:89,5,1,zk gk cet4 cet6 ky toefl ielts,421,835,sort
sound,sound,saund,"n. the particular auditory effect produced by a given cause
n. the subjective sensation of hearing something
n. mechanical vibrations transmitted by an elastic medium
n. the sudden occurrence of an audible event","n. 声音, 语音, 吵闹, 声调, 听力范围, 探条, 海峡
a. 健全的, 可靠的, 合理的, 健康的, 彻底的, 资金充实的
adv. 彻底地, 充分地
vi. 发出声音, 回响, 测深, 试探, 听起来
vt. 使发声, 宣告, 听诊, 测...深, 试探
[计] 声音",r:2/v:42/j:3/n:53,2,1,zk gk ielts,780,702,sound
soup,soup,su:p,"n. liquid food especially of meat or fish or vegetable stock often containing pieces of solid food
n. any composition having a consistency suggestive of soup
n. an unfortunate situation
v. dope (a racehorse)","n. 汤, 马力
vt. 加速, 增加马力",v:1/n:99,2,1,zk gk cet4 cet6 ky toefl,4360,2997,soup
sour,sour,'sauә,"n. a cocktail made of a liquor (especially whiskey or gin) mixed with lemon or lime juice and sugar
n. the taste experience when vinegar or lemon juice is taken into the mouth
v. go sour or spoil
v. make sour or more sour","a. 酸的, 酸臭的, 发酵的, 愠怒的, 讨厌的, 拙劣的, 不健全的
vi. 变酸, 发酵, 厌烦, 变坏
vt. 使变酸, 使失望
n. 酸味, 酸饮料",j:85/v:15,2,1,zk gk cet4 cet6 ky toefl ielts,7745,5281,sour
south,south,sauθ,"n. the region of the United States lying to the south of the Mason-Dixon line
n. the cardinal compass point that is at 180 degrees
n. a location in the southern part of a country, region, or city
n. the direction corresponding to the southward cardinal compass point","n. 南方, 南
a. 南的, 向南的
adv. 在南方
vi. 转向南方",n:100,4,1,zk gk,601,636,south
southern,southern,'sʌðәn,"a. in or characteristic of a region of the United States south of (approximately) the Mason-Dixon line
a. situated in or coming from regions of the south","n. 南方人, 男风
a. 向南方的, 来自南方的",j:100,4,1,zk gk cet4 cet6 ky,1704,1105,southern
space,space,speis,"n. the unlimited expanse in which everything is located
n. an empty area (usually bounded in some way between things)
n. an area reserved for some particular purpose
n. a blank character used to separate successive words in writing or printing","n. 位置, 空间, 距离, 太空, 空白, 间隔, (期刊等的)篇幅
vt. 隔开, 分隔
vi. 留间隔
[计] 空白, 空格校验",v:4/n:96,4,1,zk gk cet4 cet6 ky ielts,715,521,space
spare,spare,spєә,"n. a score in tenpins; knocking down all ten after rolling two balls
v. refrain from harming
v. save or relieve from an experience or action
v. give up what is not strictly needed","n. 剩余, 备用品, 备件, 备用零件, 备用轮胎
a. 多余的, 备用的, 空闲的, 节约的, 瘦的
vi. 节约, 省掉, 宽恕
vt. 节约, 省用, 剩下, 饶恕, 赦免",n:3/j:40/v:57,3,1,zk gk toefl ielts,3617,4585,spare
speak,speak,spi:k,"v. use language
v. make a characteristic or natural sound","vi. 说, 说话, 演说, 发言
vt. 说, 讲, 说出",v:100,5,1,zk gk,352,335,speak
speaker,speaker,'spi:kә,"n. someone who expresses in language; someone who talks (especially someone who delivers a public speech or someone especially garrulous)
n. the presiding officer of a deliberative assembly","n. 说话人, 讲演者, 发言人, 喇叭, 扬声器
[计] 扬声器",n:100,3,1,zk gk cet4 cet6 ky ielts,996,2535,speaker
special,special,'speʃәl,"n. a special offering (usually temporary and at a reduced price) that is featured in advertising
n. a dish or meal given prominence in e.g. a restaurant
n. a television production that features a particular person or work or topic
s. for a special service or occasion","n. 专辑, 专车, 号外, 特别的东西, 负有特别任务的人员
a. 特别的, 专门的, 特殊的, 额外的, 附加的, 特别亲密的",j:98/n:2,5,1,zk gk cet4 cet6 ky ielts,438,520,special
speech,speech,spi:tʃ,"n. (language) communication by word of mouth
n. something spoken
n. the exchange of spoken words","n. 演讲, 说话, 谈话, 言语, 引语, 民族语言
[医] 言语, 语言",n:100,4,1,zk gk cet4 cet6 ky ielts,1119,1100,speech
speed,speed,spi:d,"n. distance travelled per unit time
n. a rate (usually rapid) at which something happens
n. changing location rapidly
v. travel at an excessive or illegal velocity","n. 速率, 速度, 迅速
vi. 加速, 超速, 快进
vt. 快速传送, 促进, 使加速
[计] 中央处理机速度设置程序",v:23/n:77,4,1,zk gk cet4 cet6 ky ielts,1245,1390,speed
spell,spell,spel,"n. a verbal formula believed to have magical force
v. orally recite the letters of or give the spelling of
v. indicate or signify
v. write or name the letters that comprise the conventionally accepted form of (a word or part of a word)","n. 符咒, 魅力, 轮值, 轮班, 工作时间, 一次发作
vt. 拼写, 拼成, 琢磨, 理解, 招致, 轮换, 迷住
vi. 轮换, 拼字",n:40/v:60,3,1,zk gk cet4 cet6 ky gre,3382,4299,spell
spend,spend,spend,"v. pass time in a specific way
v. pay out
v. spend completely","vt. 花费, 浪费, 度过, 消耗, 消磨
vi. 花费, 用尽",v:100,5,1,zk gk,424,342,spend
spirit,spirit,'spirit,"n. the vital principle or animating force within living things
n. the general atmosphere of a place or situation and the effect that it has on people
n. a fundamental emotional and activating principle determining one's character
n. any incorporeal supernatural being that can become visible (or audible) to human beings","n. 精神, 心灵, 灵魂, 态度, 志气, 人格, 情绪, 心情, 烈酒
vt. 诱拐, 鼓励, 鼓舞",v:2/n:98,4,1,zk gk cet4 cet6 ky toefl,1189,1180,spirit
spoon,spoon,spu:n,"n. a piece of cutlery with a shallow bowl-shaped container and a handle; used to stir or serve or take up food
n. as much as a spoon will hold
n. formerly a golfing wood with an elevated face
v. scoop up or take up with a spoon","n. 匙, 调羹, 匙形工具
vt. 以匙舀起, 调情, 使成匙状",v:18/n:82,2,1,zk gk cet4 cet6 ky toefl,6114,4339,spoon
sport,sport,spɒ:t,"n. an active diversion requiring physical exertion and competition
n. the occupation of athletes who compete for pay
n. (Maine colloquial) a temporary summer resident of Maine
n. a person known for the way she (or he) behaves when teased or defeated or subjected to trying circumstances","n. 运动, 游戏, 娱乐, 消遣, 玩笑
a. 运动的, 户外穿戴的
vi. 游戏, 参加体育运动, 戏弄, 产生变种
vt. 炫耀, 使产生变种",v:4/n:96,4,1,zk gk ielts gre,1122,666,sport
spread,spread,spred,"n. process or result of distributing or extending over a wide expanse of space
n. a tasty mixture to be spread on bread or crackers or used in preparing other dishes
n. two facing pages of a book or other publication
n. the expansion of a person's girth (especially at middle age)","n. 传播, 散布, 伸展
a. 双唇展开的, 伸展的
vt. 展开, 铺开, 传播, 推广, 伸出, 涂, 敷, 延伸
vi. 展开, 扩大, 传开, 延伸
[计] 展开",n:20/v:80,4,1,zk gk cet4 cet6 ky,1575,1371,spread
spring,spring,spriŋ,"n. the season of growth
n. a metal elastic device that returns to its shape or position when pushed or pulled or pressed
n. a natural flow of ground water
n. a point at which water issues forth","n. 春天, 弹簧, 跳跃, 弹性, 活力, 泉, 源泉
a. 春天的
vi. 跳, 弹跳, 涌出, 生长, 裂开, 高耸
vt. 使跳起, 使爆炸, 突然提出",v:14/n:86,4,1,zk gk toefl ielts,1503,901,spring
square,square,skwєә,"n. (geometry) a plane rectangle with four equal sides and four right angles; a four-sided regular polygon
n. the product of two equal terms
n. something approximating the shape of a square
n. someone who doesn't understand what is going on","n. 正方形, 街区, 广场, 平方, 直角尺
a. 正方形的, 正直的, 公正的, 平方的, 方正的, 结清的
adv. 成直角地, 对准地
vi. 一致, 符合, 结清
vt. 使成方形, 使平方自乘, 调正, 结清, 使一致",r:3/j:50/v:9/n:38,4,1,zk gk cet4 cet6 ky toefl ielts gre,1802,2747,square
stairs,stairs,,n. a flight of stairs or a flight of steps,n. 楼梯,n:100,0,0,zk ielts,2222,13908,stairs
stamp,stamp,stæmp,"n. a type or class
n. a symbol that is the result of printing or engraving
n. machine consisting of a heavy bar that moves vertically for pounding or crushing ores
n. a block or die used to imprint a mark or design","n. 印, 邮票, 打印器, 戳子, 图章, 印花税票, 标志, 特征, 类型, 跺脚
vt. 盖章于, 顿足, 贴上邮票, 铭刻, 捣碎, 扑灭
vi. 捣碎, 跺脚",v:40/n:60,3,1,zk gk toefl gre,3923,5139,stamp
stand,stand,stænd,"n. the position where a thing or person stands
n. a growth of similar plants (usually trees) in a particular area
n. a small table for holding articles of various kinds
n. an interruption of normal activity","n. 站立, 站住, 停顿, 讲台, 看台, 立场, 法院证人席
vi. 站, 立, 坐落, 停滞, 位于, 坚持, 维持原状
vt. 忍受, 使站立, 抵挡",n:12/v:88,5,1,zk gk toefl ielts,273,281,stand
standard,standard,'stændәd,"n. a basis for comparison; a reference point against which other things can be evaluated
n. a board measure = 1980 board feet
n. the value behind the money in a monetary system
n. an upright pole or beam (especially one used as a support)","n. 标准, 规格, 旗, 军旗, 本位
a. 标准的, 合规格的
[计] 标准",j:30/n:70,4,1,zk gk cet4 cet6 ky toefl ielts,653,806,standard
star,star,stɑ:,"n. (astronomy) a celestial body of hot gases that radiates energy derived from thermonuclear reactions in the interior
n. any celestial body visible (as a point of light) from the Earth at night
n. an actor who plays a principal role
n. a plane figure with 5 or more points; often used as an emblem","n. 星, 恒星, 星形物, 运气, 明星
vt. 以星状物装饰, 用星号标, 使成为明星
vi. 变成明星",v:7/j:3/n:90,5,1,zk gk ielts,1001,538,star
start,start,stɑ:t,"n. the beginning of anything
n. a turn to be a starter (in a game at the beginning)
n. a line indicating the location of the start of a race or a game
n. the advantage gained by beginning early (as in a race)","n. 惊起, 出发, 开端, 起点, 吃惊, 有利条件
vi. 开始, 出发, 启动, 跳起, 吃惊, 出现, 松动, 脱落, 起价, 参赛
vt. 使惊起, 开动, 发动, 启动, 开始, 创办, 提议, 使松动, 使脱落, 起用
[计] 起始",n:11/v:89,5,1,zk gk,205,173,start
state,state,steit,"n. the territory occupied by one of the constituent administrative districts of a nation
n. the way something is with respect to its main attributes
n. the group of people comprising the government of a sovereign state
n. a politically organized body of people under a single government","n. 州, 状态, 情形, 国家, 政府, 领土, 国务, 社会地位
a. 国家的, 正式的, 礼仪用的, 州的
vt. 说明, 陈述, 规定
[计] 状态",v:15/n:85,5,1,zk gk cet4 cet6 ky,194,137,state
station,station,'steiʃәn,"n. a facility equipped with special equipment and personnel for a particular purpose
n. (nautical) the location to which a ship or fleet is assigned for duty
n. the frequency assigned to a broadcasting station
v. assign to a station","n. 车站, 站, 局, 驻地, 位置, 身分, 地位
vt. 安置, 配置, 驻扎
[计] 站",v:6/n:94,4,1,zk gk ielts,736,841,station
stay,stay,stei,"n. continuing or remaining in a place or state
n. a judicial order forbidding some action until an event occurs or the order is lifted
n. a thin strip of metal or bone that is used to stiffen a garment (e.g. a corset)
n. (nautical) brace consisting of a heavy rope or wire cable used as a support for a mast or spar","n. 停留, 逗留, 制止, 延缓, 停止, 支柱, 支撑物, 支索
vt. 制止, 延缓, 坚持, 支持, 支撑, 用支索固定
vi. 停留, 逗留, 暂停, 坚持, 中止",n:6/v:94,5,1,zk gk,549,409,stay
steal,steal,sti:l,"n. a stolen base; an instance in which a base runner advances safely during the delivery of a pitch (without the help of a hit or walk or passed ball or wild pitch)
v. take without the owner's consent
v. move stealthily
v. steal a base",vt. 剽窃；偷偷地做；偷窃；vi. 窃取；偷偷地行动；[棒球]偷垒；n. [口]偷窃；便宜货；偷垒；[篮球]断球,n:2/v:98,3,1,zk gk cet4 cet6 ky toefl,1891,1784,steal
steel,steel,sti:l,"n. an alloy of iron with small amounts of carbon; widely used in construction; mechanical properties can be varied over a wide range
n. knife sharpener consisting of a ridged steel rod
v. get ready for something difficult or unpleasant
v. cover, plate, or edge with steel","n. 钢, 钢制品, 钢铁, 坚硬, 坚固
a. 钢的, 钢制的, 钢铁业的, 坚强的
vt. 使坚强, 钢化, 使冷酷",v:2/j:1/n:97,3,1,zk gk cet4 cet6 ky ielts,2282,2152,steel
step,step,step,"n. the act of changing location by raising the foot and setting it down
n. support consisting of a place to rest the foot while ascending or descending a stairway
n. a short distance
n. a solid block joined to the beams in which the heel of a ship's mast or capstan is fixed","n. 步骤, 步, 步幅, 脚步声, 踏级, 步伐, 短距离, 步态, 手段, 等级
vt. 踏, 以步测量, 跨步, 使成阶梯状
vi. 跨步, 轻快地走, 跳舞, 踩, 踏上, 行走
[计] 步骤",v:38/n:62,5,1,zk gk cet4 cet6 ky,720,587,step
stick,stick,stik,"n. an implement consisting of a length of wood
n. a small thin branch of a tree
n. a lever used by a pilot to control the ailerons and elevators of an airplane
n. a rectangular quarter pound block of butter or margarine","n. 棍, 棒, 刺, 枯枝, 茎, 条状物
vt. 插进, 刺入, 钉住, 伸出, 粘贴, 停止
vi. 粘住, 停留, 坚持, 陷住, 伸出",n:27/v:73,3,1,zk gk cet4 cet6 ky toefl ielts,1545,1209,stick
still,still,stil,"n. a static photograph (especially one taken from a movie and used for advertising purposes)
n. an apparatus used for the distillation of liquids; consists of a vessel in which a substance is vaporized by heat and a condenser where the vapor is condensed
v. lessen the intensity of or calm
v. make motionless","n. 蒸馏室, 寂静, 剧照
v. 蒸馏, (使)平静, (使)静止
a. 静止的, 不动的, 静寂的, 不起泡的, 静物摄影的
adv. 仍然, 更, 静止地
conj. 然而, 但是",n:1/r:95/j:4,5,1,zk gk toefl,112,126,still
stomach,stomach,'stʌmәk,"n. an enlarged and muscular saclike organ of the alimentary canal; the principal organ of digestion
n. an inclination or liking for things involving conflict or difficulty or unpleasantness
n. an appetite for food
v. bear to eat","n. 胃, 食欲, 欲望, 肚子
vt. 吃下, 忍受",n:100,3,1,zk gk cet4 cet6 ky toefl ielts gre,2661,2503,stomach
stone,stone,stәun,"n. building material consisting of a piece of rock hewn in a definite shape for a special purpose
n. an avoirdupois unit used to measure the weight of a human body; equal to 14 pounds
n. the hard inner (usually woody) layer of the pericarp of some fruits (as peaches or plums or cherries or olives) that contains the seed
n. United States jurist who was named chief justice of the United States Supreme Court in 1941 by Franklin D. Roosevelt (1872-1946)","n. 石头, 宝石, 果核, 纪念碑, 结石
vt. 投扔石子, 铺石头
a. 石的, 石制的, 完全的",v:2/n:98,4,1,zk gk cet4 cet6 ky ielts,888,1220,stone
stop,stop,stɒp,"n. the event of something ending
n. the act of stopping something
n. a brief stay in the course of a journey
n. a spot where something halts or pauses","n. 停止, 车站, 逗留, 填塞, 障碍, (风琴的)音栓
vi. 停止, 被塞住
vt. 塞住, 堵塞, 阻止, 击落, 停止, 终止, 断绝",n:11/v:89,5,1,zk gk,359,329,stop
store,store,stɒ:,"n. a supply of something available for future use
v. keep or lay aside for future use
v. find a place for and put away for storage","n. 商店, 贮藏, 仓库, 备用品, 存储器
vt. 储存, 贮藏, 供给
vi. 贮藏
a. 贮藏的, 现成的
[计] 存储器操作; 存储",v:16/n:84,4,1,zk gk ielts,1583,700,store
storm,storm,stɒ:m,"n. a violent weather condition with winds 64-72 knots (11 on the Beaufort scale) and precipitation and thunder and lightning
n. a violent commotion or disturbance
n. a direct and violent assault on a stronghold
v. take by force","n. 暴风雨, 骚动, 风波, 风暴, 猛攻
vi. 起风, 猛冲, 怒吼
vt. 猛攻",v:10/n:90,3,1,zk gk cet4 cet6 ky toefl,2871,1656,storm
story,story,'stɒ:ri,n. a piece of fiction that narrates a chain of related events,"n. 故事, 小说, 传奇, 描述, 阅历, 经历, 层",n:100,5,1,zk gk ielts,542,233,story
strange,strange,streindʒ,"a. being definitely out of the ordinary and unexpected; slightly odd or even a bit weird
s. not known before","a. 奇怪的, 陌生的, 生疏的, 不熟悉的, 不可思议的, 外行的, 外地的, 异乡的",j:100,4,1,zk gk,1397,1580,strange
stranger,stranger,'streindʒә,"n. anyone who does not belong in the environment in which they are found
n. an individual that one is not acquainted with","n. 陌生人, 门外汉
[法] 局外人, 非当事人, 第三者",n:100,2,1,zk gk cet4 cet6 ky,3225,2691,stranger
strawberry,strawberry,'strɒ:bәri,"n. sweet fleshy red fruit
n. any of various low perennial herbs with many runners and bearing white flowers followed by edible fruits having many small achenes scattered on the surface of an enlarged red pulpy berry
n. a soft red birthmark",n. 草莓,n:100,2,0,zk gk cet4 cet6 ky,7842,5437,strawberry
stream,stream,stri:m,"n. a natural body of running water flowing on or under the earth
n. dominant course (suggestive of running water) of successive events or ideas
n. something that resembles a flowing stream in moving continuously
v. to extend, wave or float outward, as if in the wind","n. 水流, 小河, 流出, 趋势, 人潮
vt. 流出, 流动, 展开
vi. 流, 涌, 飘扬
[计] 流",v:17/n:83,3,1,zk gk cet4 cet6 ky gre,2467,2231,stream
street,street,stri:t,"n. a thoroughfare (usually including sidewalks) that is lined with buildings
n. the part of a thoroughfare between the sidewalks; the part of the thoroughfare on which vehicles travel
n. the streets of a city viewed as a depressed environment in which there is poverty and crime and prostitution and dereliction
n. a situation offering opportunities","n. 街道, 马路, 街区
a. 街道的",n:100,5,1,zk gk ielts,380,554,street
strict,strict,strikt,"s rigidly accurate; allowing no deviation from a standard
s (of rules) stringently enforced
a characterized by strictness, severity, or restraint
s incapable of compromise or flexibility
s severe and unremitting in making demands","a. 严厉的, 绝对的, 详尽的, 严格的, 精确的
[法] 严格的, 精确的, 绝对的",j:100,3,1,zk gk cet4 cet6 ky toefl,3091,3553,strict
strong,strong,strɒŋ,"a. having strength or power greater than average or expected
s. not faint or feeble
s. of verbs not having standard (or regular) inflection
s. freshly made or left","a. 强壮的, 坚固的, 坚强的, 强烈的, 有力的, 优良的
adv. 强劲地, 有力地, 猛烈地",r:1/j:99,5,1,zk gk,506,458,strong
student,student,'stju:dnt,n. a learner who is enrolled in an educational institution,"n. 学生, 研究者, 学者",n:100,5,1,zk gk ielts,432,157,student
study,study,'stʌdi,"n. applying the mind to learning and understanding a subject (especially by reading)
n. a state of deep mental absorption
n. a room used for reading and writing and studying
n. someone who memorizes quickly and easily (as the lines for a part in a play)","n. 学习, 研究, 学科, 论文, 求学, 书房, 试作
vt. 学习, 读书, 研究, 考虑, 计划
vi. 学习, 思索",v:21/n:79,5,1,zk gk ielts,270,240,study
stupid,stupid,'stju:pid,"n. a person who is not very bright
a. lacking or marked by lack of intellectual acuity","a. 愚蠢的, 麻木的",j:100,3,1,zk gk cet4 cet6 ky,2558,2704,stupid
succeed,succeed,sәk'si:d,"v. attain success or reach a desired goal
v. be the successor (of)","vi. 成功, 继承, 继续
vt. 继承, 接替",v:100,4,1,zk gk cet4 cet6 ky toefl,1741,2018,succeed
success,success,sәk'ses,"n. an event that accomplishes its intended purpose
n. an attainment that is successful
n. a state of prosperity or fame","n. 成功, 成就, 胜利",n:100,4,1,zk gk cet4 cet6 ky,705,777,success
successful,successful,sәk'sesful,a. having succeeded or being marked by a favorable outcome,"a. 成功的, 一帆风顺的, 顺利的
[经] 成功的",j:100,4,1,zk gk cet4 cet6 ky toefl ielts,915,1101,successful
such,such,sʌtʃ,"s. of so extreme a degree or extent
r. to so extreme a degree","a. 如此的, 这样的",i:37/d:63,5,1,zk gk,108,183,such
sudden,sudden,'sʌdn,a. happening without warning or in a short space of time,"n. 突然, 忽然
a. 突然的, 意外的, 快速的",r:32/j:68,3,1,zk gk cet4 cet6 ky,2250,2868,sudden
sugar,sugar,'ʃugә,"n. a white crystalline carbohydrate used as a sweetener and preservative
v. sweeten with sugar","n. 糖, 糖块, 甜言蜜语
vt. 加糖于, 使甜蜜, 粉饰, 美化
vi. 制成糖",v:1/n:99,3,1,zk gk toefl ielts,2294,1591,sugar
suggest,suggest,sәg'dʒest,"v. imply as a possibility
v. call to mind","vt. 提议, 建议, 促成, 暗示, 启发, 使人想起
[法] 建议, 提出, 提议",v:100,5,1,zk gk toefl,314,430,suggest
suggestion,suggestion,sә'dʒestʃәn,"n. an idea that is suggested
n. a proposal offered for acceptance or rejection
n. persuasion formulated as a suggestion
n. the sequential mental process in which one thought leads to another by association","n. 提议, 意见
[医] 暗示",n:100,3,1,zk gk ielts,1775,2507,suggestion
summer,summer,'sʌmә,"n. the warmest season of the year; in the northern hemisphere it extends from the summer solstice to the autumnal equinox
n. the period of finest development, happiness, or beauty
v. spend the summer","n. 夏季, 全盛时期
vi. 避暑, 过夏天
[计] 加法器",v:1/n:99,4,1,zk gk ielts,858,619,summer
sun,sun,sʌn,"n. the star that is the source of light and heat for the planets in the solar system
n. a person considered as a source of warmth or energy or glory etc
n. any star around which a planetary system revolves
v. expose one's body to the sun","n. 太阳, 日, 日光, 阳光
vt. 晒
vi. 晒太阳",v:1/n:99,2,1,zk gk,872,1233,sun
Sunday,sunday,'sʌndi,"n. first day of the week; observed as a day of rest and worship by most Christians
n. United States evangelist (1862-1935)","n. 星期日
a. 星期日的, 业余的
vi. 度星期日",,4,1,zk gk ielts,988,0,sunday
sunny,sunny,'sʌni,s bright and pleasant; promoting a feeling of cheer,"a. 阳光充足的, 乐观的, 快乐的, 像太阳的",j:100,2,0,zk gk,5585,4866,sunny
supermarket,supermarket,'sju:pәmɑ:kit,n. a large self-service grocery store selling groceries and dairy products and household goods,"n. 超级市场
[经] 超级市场, 自助售货商店",n:100,2,1,zk gk ielts,4087,4682,supermarket
supper,supper,'sʌpә,"n. a light evening meal; served in early evening if dinner is at midday or served late in the evening at bedtime
n. a social gathering where a light evening meal is served",n. 晚餐,n:100,2,0,zk gk,4153,5514,supper
supply,supply,sә'plai,"n. an amount of something available for use
n. offering goods and services for sale
v. give something useful or necessary to","n. 补给, 供给, 供应品
vt. 补给, 供给, 提供, 补充
vi. 替代",v:35/n:65,4,1,zk gk cet4 cet6 ky ielts,1048,1494,supply
suppose,suppose,sә'pәuz,v. express a supposition,"vt. 推想, 假设, 以为, 想像, 假定
vi. 料想",v:100,4,1,zk gk cet4 cet6 ky toefl,840,2161,suppose
sure,sure,ʃuә,"s. physically secure or dependable
s. (of persons) worthy of trust or confidence
s. infallible or unfailing
s. certain not to fail","a. 确信, 必然的, 必定的
adv. 当然, 确实地, 无疑地",r:12/j:88,5,1,zk gk,386,347,sure
surface,surface,'sә:fis,"n. the outer boundary of an artifact or a material layer constituting or resembling such a boundary
n. the extended two-dimensional outer boundary of a three-dimensional object
n. the outermost level of the land or sea
n. a superficial aspect as opposed to the real nature of something","n. 面, 表面, 水面, 外表, 平面
a. 表面的, 外观的, 肤浅的, 水面上的
vt. 使成平面, 使浮出水面
vi. 浮出水面, 呈现, 在地面上工作",v:7/n:93,4,1,zk gk toefl ielts,971,1015,surface
surprise,surprise,sә'praiz,"n. the astonishment you feel when something totally unexpected happens to you
n. a sudden unexpected event
n. the act of surprising someone
v. cause to be surprised","n. 惊奇, 奇袭, 诧异
vt. 使惊奇, 撞见, 奇袭",v:32/n:68,5,1,zk gk ielts,1807,1624,surprise
sweater,sweater,'swetә,n. a crocheted or knitted garment covering the upper part of the body,"n. 毛衣, 毛线衫, 运动衫, 出汗者
[化] 发汗器",n:100,2,1,zk gk cet4 cet6 ky ielts,6680,4789,sweater
sweep,sweep,swi:p,"n. a wide scope
n. a long oar used in an open boat
n. a movement in an arc
v. move with sweeping, effortless, gliding motions","n. 扫除, 打扫, 肃清, 视野, 范围, 全胜
vt. 扫除, 掸去, 猛拉, 扫荡, 肃清, 冲走, 刮起, 环视, 掠过, 扫射
vi. 扫, 打扫, 袭击, 席卷, 扫视, 掠过",n:19/v:81,3,1,zk gk cet4 cet6 ky toefl ielts,2636,2639,sweep
sweet,sweet,swi:t,"n. English phonetician; one of the founders of modern phonetics (1845-1912)
n. a food rich in sugar
n. the taste experience when sugar dissolves in the mouth
a. having or denoting the characteristic taste of sugar","n. 甜蜜, 糖果, 情人
a. 甜的, 芳香的, 悦耳的, 漂亮的, 和蔼的, 不咸的, 灵活的, 轻快的",j:94/n:6,3,1,zk gk,2378,1567,sweet
swim,swim,swim,"v. travel through water
v. be dizzy or giddy
v. be covered with or submerged in a liquid
v. move as if gliding through water","n. 游泳, 漂浮, 潮流, 眩晕
vi. 游泳, 游, 漂浮, 浸, 覆盖, 充溢, 大量拥有, 旋转, 眩晕
vt. 游过, 使浮起",n:17/v:83,3,1,zk gk,3038,2848,swim
swimming,swimming,'swimiŋ,n. the act of swimming,"n. 游泳, 眩晕",n:100,2,1,zk gk ielts,3814,4441,swimming
swing,swing,swiŋ,"n. a state of steady vigorous action that is characteristic of an activity
n. mechanical device used as a plaything to support someone swinging back and forth
n. a sweeping blow or stroke
n. changing location by moving back and forth","n. 摇摆, 振幅, 音律, 节奏, 涨落, 秋千, 旋转, 行动自由
vi. 摇摆, 悬挂, 旋转, 大摇大摆地走, 转向
vt. 挥舞, 使旋转, 使转向, 悬挂, 吊运
a. 旋转的, 悬挂的, 强节奏爵士音乐的",n:40/v:60,3,1,zk gk cet4 cet6 ky toefl ielts gre,2479,2453,swing
symbol,symbol,'simbl,"n. an arbitrary sign (written or printed) that has acquired a conventional significance
n. something visible that by association or convention represents something else that is invisible","n. 符号, 象征, 代号, 信条
[计] 符号; 码元",n:100,3,1,zk gk cet4 cet6 ky toefl,2635,2340,symbol
table,table,'teibl,"n. a set of data arranged in rows and columns
n. a piece of furniture having a smooth flat top that is usually supported by one or more vertical legs
n. a piece of furniture with tableware for a meal laid out on it
n. a company of people assembled at a table for a meal or game","n. 桌子, 餐桌, 工作台, 铭文, 表格, 表, 高原, 平地层
vt. 搁置, 嵌合, 制表, 把...列入议事日程
[计] 表格, 模拟运算表",v:1/n:99,4,1,zk gk ielts gre,410,539,table
tail,tail,teil,"n. the posterior part of the body of a vertebrate especially when elongated and extending beyond the trunk or main part of the body
n. any projection that resembles the tail of an animal
n. a spy employed to follow someone and report their movements
n. (usually plural) the reverse side of a coin that does not bear the representation of a person's head","n. 尾部, 后部, 辫子, 随员, 特务, 燕尾服, 踪迹, 限定继承(权)
a. 在后面的, 从后面而来的, 限定继承的, 尾部的, 后部的
vt. 为...装尾, 附于其后, 尾随, 使搭牢, 跟踪, 监视
vi. 跟踪, 船尾搁浅",v:4/n:96,3,1,zk gk cet4 cet6 ky toefl,2604,2985,tail
take,take,teik,"n. the act of photographing a scene or part of a scene without interruption
v. carry out
v. require (time or space)
v. get into one's hands, take physically","vt. 拿, 取, 抓, 带领, 获得, 就座, 接受, 吃, 吸引, 采取, 乘, 需要, 花费
vi. 吃掉对方棋子, 抓住, 起作用, 依法获得财产
n. 拿, 取, 收成, 奏效",n:1/v:99,1,1,zk gk ielts,51,63,take
tale,tale,teil,"n a message that tells the particulars of an act or occurrence or course of events; presented in writing or drama or cinema or as a radio or television program
n a trivial lie","n. 故事, 谎言, 谣言, 陈述, 叙述
[法] 虚语, 诽语, 谣言",n:100,3,0,zk gk cet4 cet6 ky toefl,2493,2239,tale
talk,talk,tɒ:k,"n. an exchange of ideas via conversation
n. discussion; (`talk about' is a less formal alternative for `discussion of')
n. the act of giving a talk to an audience
n. idle gossip or rumor","n. 谈话, 交谈, 会谈, 讲话, 演讲, 空谈, 谣言, 方言, 语言
vi. 讲话, 演讲, 说话, 谈话, 交流, 闲聊, 说闲话
vt. 讲, 说, 讨论, 谈论
[计] 对话类, 聊天",n:16/v:84,5,1,zk gk,289,168,talk
tall,tall,tɒ:l,"n. a garment size for a tall person
a. great in vertical dimension; high in stature
s. impressively difficult","a. 高的, 长的, 夸大的
adv. 夸大地",j:100,3,1,zk gk,1757,1524,tall
tape,tape,teip,"n. a long thin piece of cloth or paper as used for binding or fastening
n. a recording made on magnetic tape
n. the finishing line for a foot race
n. measuring instrument consisting of a narrow strip (cloth or metal) marked in inches or centimeters and used for measuring lengths","n. 带子, 录音带, 磁带, 窄带, 卷尺
vt. 以带子绑起, 测量, 录音
[计] 带",v:15/n:85,4,1,zk gk cet4 cet6 ky toefl ielts,1561,1490,tape
task,task,tɑ:sk,v. assign a task to,"n. 工作, 任务, 作业, 困难的工作
vt. 派给...工作, 使辛劳
[计] 任务",v:1/n:99,4,1,zk gk cet4 cet6 ky,779,1047,task
taste,taste,teist,"n. the sensation that results when taste buds in the tongue and throat convey information about the chemical composition of a soluble stimulus
n. delicate discrimination (especially of aesthetic values)
n. a brief experience of something
n. a small amount eaten or drunk","n. 味道, 品味, 味觉, 感受, 体验, 爱好, 审美, 少量
vt. 尝, 察觉...的味道, 体会
vi. 品尝, 察觉味道, 有某种味道",v:42/n:58,4,1,zk gk cet4 cet6 ky toefl,2077,2031,taste
taxi,taxi,'tæksi,"v. travel slowly
v. ride in a taxicab","n. 出租车
vi. 乘出租车
vt. 用出租车送",v:2/n:98,2,1,zk gk ielts,3317,5161,taxi
tea,tea,ti:,"n. a beverage made by steeping tea leaves in water
n. a light midafternoon meal of tea and sandwiches or cakes
n. a tropical evergreen shrub or small tree extensively cultivated in e.g. China and Japan and India; source of tea leaves
n. a reception or party at which tea is served","n. 茶, 茶叶
[医] 茶, 茶剂, 浸剂",n:100,4,1,zk gk ielts,1140,2164,tea
teach,teach,ti:tʃ,"n. an English pirate who operated in the Caribbean and off the Atlantic coast of North America (died in 1718)
v. impart skills or knowledge to
v. accustom gradually to some action or attitude","vt. 教, 讲授, 教导, 教育
vi. 教书, 教学, 可以教",v:100,4,1,zk gk,959,545,teach
teacher,teacher,'ti:tʃә,"n. a person whose occupation is teaching
n. a personified abstraction that teaches","n. 教师, 老师, 导师",n:100,0,1,zk gk ielts,486,371,teacher
team,team,ti:m,"n. a cooperative unit (especially in sports)
n. two or more draft animals that work together to pull something
v. form a team","n. 队, 组
vt. 把马(牛)套在同一辆车上, 把...编成一组
vi. 驾驶卡车, 协作",v:3/n:97,5,1,zk gk cet4 cet6 ky toefl ielts,427,307,team
technology,technology,tek'nɒlәdʒi,n. the practical application of science to commerce or industry,"n. 技术, 工业技术, 术语
[医] 技术学, 工艺学",n:100,4,1,zk gk cet4 cet6 ky ielts,756,585,technology
telephone,telephone,'telifәun,"n. electronic equipment that converts sound into electrical signals that can be transmitted over distances and then converts received signals back into sounds
n. transmitting speech at a distance","n. 电话, 电话机
v. 打电话",v:12/n:88,4,1,zk gk ielts,1327,1865,telephone
television,television,'teli.viʒәn,"n. broadcasting visual images of stationary or moving objects
n. a telecommunication system that transmits images of objects (stationary or moving) between distant points","n. 电视
[电] 电视",n:100,4,1,zk gk ielts,978,794,television
tell,tell,tel,"n. a Swiss patriot who lived in the early 14th century and who was renowned for his skill as an archer; according to legend an Austrian governor compelled him to shoot an apple from his son's head with his crossbow (which he did successfully without mishap)
v. let something be known
v. narrate or give a detailed account of
v. discern or comprehend","vt. 告诉, 说, 吩咐, 断定, 知道
vi. 讲述, 泄密, 告发, 表明",v:100,5,1,zk gk,107,103,tell
temperature,temperature,'temprәtʃә,"n. the degree of hotness or coldness of a body or environment (corresponding to its molecular activity)
n. the somatic sensation of cold or heat","n. 温度, 发烧, 热度
[化] 温度",n:100,3,1,zk gk cet4 cet6 ky toefl ielts,1622,1622,temperature
ten,ten,ten,"n. the cardinal number that is the sum of nine and one; the base of the decimal system
s. being one more than nine","num. 十, 十个",m:100,5,0,zk gk,469,838,ten
tennis,tennis,'tenis,n. a game played with rackets by two or four players who hit a ball back and forth over a net that divides the court,n. 网球,n:100,3,0,zk gk ielts,2846,3082,tennis
tent,tent,tent,"n. a portable shelter (usually of canvas stretched over supporting poles and fastened to the ground with ropes and pegs)
n. a web that resembles a tent or carpet","n. 帐篷, 帷幕, 住处, 塞条, 塞子
vi. 住帐蓬, 宿营, 暂时居住
vt. 用帐篷遮盖, 使住帐篷, 用塞条嵌入",v:1/n:99,2,1,zk gk cet4 cet6 ky,4158,3071,tent
tenth,tenth,tenθ,"n. position ten in a countable series of things
s. coming next after the ninth and just before the eleventh in position","num. 第十, 十分之一",m:100,4,0,zk,5237,7565,tenth
term,term,tә:m,"n. a word or expression used for some particular thing
n. a limited period of time
n. any distinct quantity contained in a polynomial
n. one of the substantive phrases in a logical proposition","n. 术语, 专有名词, 期限, 学期, 任期, 条件, 价钱, 关系, 地位, 项, 界石
vt. 称, 呼
[计] 检索词; 项",v:5/n:95,5,1,zk gk cet4 cet6 ky toefl ielts,316,626,term
terrible,terrible,'terәbl,"s causing fear or dread or terror
s exceptionally bad or displeasing
s intensely or extremely bad or unpleasant in degree or quality
s extreme in degree or extent or amount or impact","a. 可怕的, 令人恐惧的, 极坏的",j:100,4,1,zk gk cet4 cet6 ky toefl,1927,1944,terrible
test,test,test,"n. any standardized procedure for measuring sensitivity or memory or intelligence or aptitude or personality etc
n. the act of undergoing testing
n. the act of testing something
n. a hard outer covering as of some amoebas and sea urchins","n. 测试, 试验, 化验, 检验, 考验, 甲壳
vt. 测试, 试验, 化验
vi. 接受测验, 进行测试",v:36/n:64,5,1,zk gk cet4 cet6 ky ielts,627,575,test
text,text,tekst,"n. the words of something written
n. a passage from the Bible that is used as the subject of a sermon
n. the main body of a written work (as distinct from illustrations or footnotes etc.)","n. 文本, 正文, 课文, 主题, 圣经文句, 乐谱
[计] 电文; 文本; 正文",n:100,3,1,zk gk ielts,1002,1289,text
than,than,ðæn,"conj. A particle expressing comparison, used after certain
   adjectives and adverbs which express comparison or diversity, as more,
   better, other, otherwise, and the like. It is usually followed by the
   object compared in the nominative case. Sometimes, however, the object
   compared is placed in the objective case, and than is then considered
   by some grammarians as a preposition. Sometimes the object is expressed
   in a sentence, usually introduced by that; as, I would rather suffer
   than that you should want.
adv. Then. See Then.","conj. 比, 除...外
prep. 比",i:9/c:91,5,1,zk gk,89,73,than
thank,thank,θæŋk,v. express gratitude or show appreciation to,"n. 谢意, 感谢
vt. 谢谢, 感谢",v:100,5,1,zk gk,768,498,thank
that,that,ðæt,"pron., a., conj., &  As a demonstrative pronoun (pl. Those),
   that usually points out, or refers to, a person or thing previously
   mentioned, or supposed to be understood. That, as a demonstrative, may
   precede the noun to which it refers; as, that which he has said is
   true; those in the basket are good apples.
pron., a., conj., &  As an adjective, that has the same
   demonstrative force as the pronoun, but is followed by a noun.
pron., a., conj., &  As a relative pronoun, that is
   equivalent to who or which, serving to point out, and make definite, a
   person or thing spoken of, or alluded to, before, and may be either
   singular or plural.
pron., a., conj., &  As a conjunction, that retains much of
   its force as a demonstrative pronoun.
pron., a., conj., &  To introduce a clause employed as the
   object of the preceding verb, or as the subject or predicate nominative
   of a verb.
pron., a., conj., &  To introduce, a reason or cause; --
   equivalent to for that, in that, for the reason that, because.
pron., a., conj., &  To introduce a purpose; -- usually
   followed by may, or might, and frequently preceded by so, in order, to
   the end, etc.
pron., a., conj., &  To introduce a consequence, result, or
   effect; -- usually preceded by so or such, sometimes by that.
pron., a., conj., &  In an elliptical sentence to introduce
   a dependent sentence expressing a wish, or a cause of surprise,
   indignation, or the like.
pron., a., conj., &  As adverb: To such a degree; so; as, he
   was that frightened he could say nothing.","a. 那, 那个
conj. 以致, 因为
pron. 那
adv. 那么, 那样",p:1/c:66/d:33,5,1,zk gk,14,12,that
the,the,ðә,"v. i. See Thee.
definite article. A word placed before nouns to limit or
   individualize their meaning.
adv. By that; by how much; by so much; on that account; -- used
   before comparatives; as, the longer we continue in sin, the more
   difficult it is to reform.",art. 那,a:100,5,1,zk gk,1,1,the
theatre,theatre,,"n a building where theatrical performances or motion-picture shows can be presented
n the art of writing and producing plays
n a region in which active military operations are in progress","n. 戏院, 电影院, 剧场, 全体观众, 戏剧, 戏剧效果, 阶梯式讲堂, 场所",,4,1,zk gk cet4 cet6 ielts,1464,0,theatre
their,their,ðєә,"pron. & a. The possessive case of the personal pronoun they;
   as, their houses; their country.",pron. 他们的,a:100,5,1,zk gk,36,36,their
theirs,theirs,ðєәz,,pron. 他们的,p:100,0,1,zk gk,5531,5421,theirs
them,them,ðem,pron. The objective case of they. See They.,"pron. 他们, 她们, 它们",p:100,5,1,zk gk,46212,59,them
themselves,themselves,ðәm'selvz,"pron. The plural of himself, herself, and itself. See
   Himself, Herself, Itself.","pron. 他们自己, 她们自己, 它们自己",p:100,5,1,zk gk,394,449,themselves
then,then,ðen,"n. that time; that moment
s. at a specific prior time
r. subsequently or soon afterward (often used as sentence connectors)
r. in that case or as a consequence","adv. 然后, 当时
conj. 然后, 当时
n. 那时",r:99/j:1,5,1,zk gk,59,77,then
there,there,ðєә,"n. a location other than here; that place
r. in or at that place
r. in that matter
r. to or toward that place; away from the speaker",adv. 在那里,p:70/r:29/n:1,5,1,zk gk,37,53,there
these,these,ði:z,"pron. The plural of this. See This.
pl.  of This",pron. 这些,d:100,5,0,zk gk,76,82,these
they,they,ðei,"obj. The plural of he, she, or it. They is never used
   adjectively, but always as a pronoun proper, and sometimes refers to
   persons without an antecedent expressed.","pron. 他们, 它们",p:100,5,1,zk gk,18,21,they
thick,thick,θik,"a. not thin; of a specific thickness or of relatively great extent from one surface to the opposite usually in the smallest of the three solid dimensions
s. having component parts closely crowded together
a. relatively dense in consistency
s. (of darkness) very intense","a. 厚的, 粗壮的, 浓的, 迟钝的, 浑浊的, 多雾的, 过分的, 口齿不清的
adv. 厚地, 密地, 浓浓地
n. 最浓处, 最厚处, 最密集处
[计] 暗, 粗线",r:4/j:96,3,1,zk gk cet4 cet6 ky,1806,1721,thick
thin,thin,θin,"v. lose thickness; become thin or thinner
v. make thin or thinner
a. of relatively small extent from one surface to the opposite or in cross section
a. lacking excess flesh","a. 薄的, 细的, 瘦的, 稀疏的, 稀薄的, 淡的, 弱的, 空洞的
vt. 使变薄, 使变细, 使稀少, 使淡
vi. 变薄, 变细, 变少, 变淡
adv. 薄地, 稀疏地, 微弱地
n. 细小部分",r:1/j:90/v:9,3,1,zk gk toefl,1670,1621,thin
thing,thing,θiŋ,"n. a special situation
n. an action
n. a special abstraction
n. an artifact","n. 事物, 东西, 物, 用品, 事, 事件, 情况, 行为, 特征",n:100,5,1,zk gk,106,97,thing
think,think,θiŋk,"n. an instance of deliberate thinking
v. judge or regard; look upon; judge
v. expect, believe, or suppose
v. use or exercise the mind or one's power of reason in order to make inferences, decisions, or arrive at a solution or judgments","vt. 想, 考虑, 想起, 想像, 打算, 认为
vi. 思考, 料想
n. 想法
a. 思想的",n:1/v:99,5,1,zk gk,64,56,think
third,third,θә:d,"n. following the second position in an ordering or series
n. the musical interval between one note and another three notes away from it
s. coming next after the second and just before the fourth in position
r. in the third place","num. 第三, 三分之一
[机] 第三; 第三的",m:100,4,0,zk gk ielts,465,584,third
thirsty,thirsty,'θә:sti,"s. needing moisture
a. feeling a need or desire to drink
s. able to take in large quantities of moisture","a. 口渴的, 渴望的, 干燥的",j:100,1,1,zk gk,11904,10308,thirsty
thirteen,thirteen,'θә:'ti:n,"n. the cardinal number that is the sum of twelve and one
s. being one more than twelve","num. 十三, 十三个",m:100,5,0,zk gk,3309,5649,thirteen
thirty,thirty,'θә:ti,"n. the cardinal number that is the product of ten and three
s. being ten more than twenty","num. 三十, 三十个",m:100,5,0,zk gk,1003,2833,thirty
this,this,θis,"pron. & a. As a demonstrative pronoun, this denotes something
   that is present or near in place or time, or something just mentioned,
   or that is just about to be mentioned.
pron. & a. As an adjective, this has the same demonstrative
   force as the pronoun, but is followed by a noun; as, this book; this
   way to town.","pron. 这, 本
a. 这, 本
adv. 这么",r:1/d:99,5,1,zk gk,23,20,this
those,those,ðәuz,pron. The plural of that. See That.,pron. 那些,d:100,5,0,zk gk,100,102,those
though,though,ðәu,r. (postpositive) however,"adv. 然而, 可是
conj. 虽然, 纵然",c:92/r:8,5,1,zk gk,377,245,though
thought,thought,θɒ:t,n. the organized beliefs of a period or group or individual,"n. 想法, 思想, 思维, 关心, 挂念
think的过去式和过去分词",n:100,5,1,zk gk cet4 cet6 ky toefl ielts,710,760,thought
thousand,thousand,'θauznd,"n. the cardinal number that is the product of 10 and 100
s. denoting a quantity consisting of 1,000 items or units","num. 千
a. 成千的, 许多的
n. 许许多多",m:100,5,0,zk gk ielts,631,651,thousand
thread,thread,θred,"n. a fine cord of twisted fibers (of cotton or silk or wool or nylon etc.) used in sewing and weaving
v. pass a thread through
v. remove facial hair by tying a fine string around it and pulling at the string
v. pass through or into","n. 线, 丝, 纤维, 线索
vt. 穿线于, 穿过, 通过, 用线穿成
vi. 穿过
[计] 线索, 线程",v:28/n:72,2,1,zk gk cet4 cet6 ky toefl gre,5022,4714,thread
three,three,θri:,"n. the cardinal number that is the sum of one and one and one
s. being one more than two","num. 三, 三个",m:100,5,0,zk gk,104,135,three
through,through,θru:,"s. (of a route or journey etc.) continuing without requiring stops or changes
r. from beginning to end
r. over the whole distance
r. to completion","adv. 穿越, 从头至尾, 到底, 因为
prep. 经过, 穿过
a. 对穿的, 直达的, 完结的",i:91/r:8/j:1,5,1,zk gk,109,112,through
throw,throw,θrәu,"n. the act of throwing (propelling something with a rapid movement of the arm and wrist)
n. a single chance or instance
n. the maximum movement available to a pivoted or reciprocating piece by a cam
n. bedclothes consisting of a lightweight cloth covering (an afghan or bedspread) that is casually thrown over something","vt. 投, 掷, 抛, 发射, 摔下, 匆匆穿上(或脱下), 抛弃, 摆脱
vi. 丢, 掷, 抛
n. 投掷, 掷骰子, 冒险",n:6/v:94,4,1,zk gk toefl,868,677,throw
Thursday,thursday,'θә:zdi,n. the fifth day of the week; the fourth working day,n. 星期四,,4,1,zk gk ielts,2258,0,thursday
ticket,ticket,'tikit,"n. a commercial document showing that the holder is entitled to something (as to ride on public transportation or to enter a public entertainment)
n. a summons issued to an offender (especially to someone who violates a traffic regulation)
n. the appropriate or desirable thing
v. issue a ticket or a fine to as a penalty","n. 票, 券, 车票, 标签, 入场券, 证明书
vt. 加标签于, 为...购票",n:100,4,1,zk gk toefl ielts,1884,1576,ticket
tidy,tidy,'taidi,"n. receptacle that holds odds and ends (as sewing materials)
v. put (things or places) in order
a. marked by order and cleanliness in appearance or habits","n. 椅子的背罩, 装杂物的容器
a. 整齐的, 有条理的
vt. 弄整齐, 收拾, 整理
vi. 整理, 收拾",j:73/v:27,2,1,zk gk cet4 cet6 ky ielts gre,6376,9867,tidy
tie,tie,tai,"n. equality of score in a contest
n. a horizontal beam used to prevent two other structural members from spreading apart or separating
n. (music) a slur over two notes of the same pitch; indicates that the note is to be sustained for their combined time value
n. one of the cross braces that support the rails on a railway track","n. 带子, 线, 鞋带, 领带, 领结, 关系, 束缚, 平局, 不分胜负
vt. 系, 打结, 扎, 约束, 与...成平局
vi. 结合, 打结, 不分胜负",n:43/v:57,4,1,zk gk cet4 cet6 ky,2118,1501,tie
tiger,tiger,'taigә,"n. a fierce or audacious person
n. large feline of forests in most of Asia having a tawny coat with black stripes; endangered","n. 老虎, 虎, 凶暴的人",n:100,1,0,zk gk cet4 cet6 ky,4773,5908,tiger
till,till,til,"n. unstratified soil deposited by a glacier; consists of sand and clay and gravel and boulders mixed together
v. work land as by ploughing, harrowing, and manuring, in order to make it ready for cultivation","prep. 直到, 在...以前, 迄
conj. 直到...为止
vt. 耕种
n. 放钱的抽屉, 备用现金, 冰碛",i:46/c:47/n:3/v:4,3,1,zk gk toefl,2835,4897,till
time,time,taim,"n. an instance or single occasion for some event
n. a period of time considered as a resource under your control and sufficient to accomplish something
n. an indefinite period (usually marked by specific attributes or activities)
n. a suitable moment","n. 时间, 时侯, 时机, 时期, 期限, 次数, 节拍, 暂停, 规定时间
vt. 测定...的时间, 记录...的时间, 计时, 定时
a. 时间的, 记时的, 定时的, 定期的, 分期的
[计] DOS内部命令:用于显示或设定系统的时间",v:1/n:99,5,1,zk gk ielts,50,52,time
tiny,tiny,'taini,s very small,"a. 很少的, 微小的",j:100,3,1,zk gk cet4 cet6 ky toefl,1666,1313,tiny
tired,tired,taiәd,a. depleted of strength or energy,"a. 疲累的, 疲乏的, 厌倦的",j:100,3,1,zk gk,2210,1959,tired
to,to,tu:,"prep. The preposition to primarily indicates approach and arrival,
   motion made in the direction of a place or thing and attaining it,
   access; and also, motion or tendency without arrival; movement toward;
   -- opposed to from.
prep. Hence, it indicates motion, course, or tendency toward a
   time, a state or condition, an aim, or anything capable of being
   regarded as a limit to a tendency, movement, or action; as, he is going
   to a trade; he is rising to wealth and honor.
prep. In a very general way, and with innumerable varieties of
   application, to connects transitive verbs with their remoter or
   indirect object, and adjectives, nouns, and neuter or passive verbs
   with a following noun which limits their action. Its sphere verges upon
   that of for, but it contains less the idea of design or appropriation;
   as, these remarks were addressed to a large audience; let us keep this
   seat to ourselves; a substance sweet to the taste; an event painful to
   the mind; duty to God and to our parents; a dislike to spirituous
   liquor.
prep. As sign of the infinitive, to had originally the use of last
   defined, governing the infinitive as a verbal noun, and connecting it
   as indirect object with a preceding verb or adjective; thus, ready to
   go, i.e., ready unto going; good to eat, i.e., good for eating; I do my
   utmost to lead my life pleasantly. But it has come to be the almost
   constant prefix to the infinitive, even in situations where it has no
   prepositional meaning, as where the infinitive is direct object or
   subject; thus, I love to learn, i.e., I love learning; to die for one's
   country is noble, i.e., the dying for one's country. Where the
   infinitive denotes the design or purpose, good usage formerly allowed
   the prefixing of for to the to; as, what went ye out for see? (Matt.
   xi. 8).
prep. In many phrases, and in connection with many other words, to
   has a pregnant meaning, or is used elliptically.
prep. Extent; limit; degree of comprehension; inclusion as far as;
   as, they met us to the number of three hundred.
prep. Effect; end; consequence; as, the prince was flattered to
   his ruin; he engaged in a war to his cost; violent factions exist to
   the prejudice of the state.
prep. Apposition; connection; antithesis; opposition; as, they
   engaged hand to hand.
prep. Accord; adaptation; as, an occupation to his taste; she has
   a husband to her mind.
prep. Comparison; as, three is to nine as nine is to twenty-seven;
   it is ten to one that you will offend him.
prep. Addition; union; accumulation.
prep. Accompaniment; as, she sang to his guitar; they danced to
   the music of a piano.
prep. Character; condition of being; purpose subserved or office
   filled.","prep. 到, 向, 趋于
adv. 向前",i:38/t:62,5,1,zk gk,7,7,to
today,today,tә'dei,"n. the present time or age
n. the day that includes the present moment (as opposed to yesterday or tomorrow)
r. on this day as distinct from yesterday or tomorrow","n. 今天, 当今, 现在
adv. 今天, 当今",r:100,5,1,zk gk,350,214,today
together,together,tә'geðә,"s. mentally and emotionally stable
r. in contact with each other or in proximity
r. assembled in one place
r. in each other's company","adv. 一起, 共同, 彼此",r:100,5,1,zk gk,288,324,together
toilet,toilet,'tɒilit,"n. a room or building equipped with one or more toilets
n. a plumbing fixture for defecation and urination
n. the act of dressing and preparing yourself","n. 厕所, 梳妆
vi. 梳妆, 打扮, 上厕所
vt. 给...梳妆打扮",n:100,2,1,zk gk cet4 cet6 ky,3550,3983,toilet
tomato,tomato,tә'mɑ:tәu,"n. mildly acid red or yellow pulpy fruit eaten as a vegetable
n. native to South America; widely cultivated in many varieties","n. 番茄, 西红柿",n:100,2,1,zk gk cet4 cet6 ky toefl,4402,2400,tomato
tomorrow,tomorrow,tә'mɒ:rәu,"n. the day after today
n. the near future
r. the next day, the day after, following the present day","n. 明天, 未来
adv. 明天, 未来地",r:99/n:1,4,1,zk gk,1075,1334,tomorrow
ton,ton,tʌn,"n a United States unit of weight equivalent to 2000 pounds
n a British unit of weight equivalent to 2240 pounds","n. 吨
[经] 吨",,3,1,zk gk cet4 cet6 ky,3936,0,ton
tongue,tongue,tʌŋ,"n. a mobile mass of muscular tissue covered with mucous membrane and located in the oral cavity
n. any long thin projection that is transient
n. a manner of speaking
n. the tongue of certain animals used as meat","n. 舌, 语言能力, 讲话方式, 语言
vt. 舔, 斥责, 发...的音
vi. 使用舌头, 吹管乐器",v:1/n:99,2,1,zk gk cet4 cet6 ky toefl ielts,2831,2871,tongue
tonight,tonight,tә'nait,"n. the present or immediately coming night
r. during the night of the present day","n. 今晚, 今夜
adv. 今晚, 今夜",r:100,4,1,zk gk,1385,910,tonight
too,too,tu:,"r to a degree exceeding normal or proper limits
r in addition","adv. 也, 非常, 太",r:100,5,1,zk gk,115,133,too
tool,tool,tu:l,"n. an implement used in the practice of a vocation
v. drive
v. furnish with tools
v. work with a tool","n. 工具, 机床, 傀儡
vt. 用工具加工
vi. 使用工具",v:2/n:98,3,1,zk gk cet4 cet6 ky,1739,1291,tool
tooth,tooth,tu:θ,"n. hard bonelike structures in the jaws of vertebrates; used for biting and chewing or for attack and defense
n. something resembling the tooth of an animal
n. toothlike structure in invertebrates found in the mouth or alimentary canal or on a shell
n. a means of enforcement","n. 牙齿, 齿状物, 爱好
vt. 装以齿, 将...切成齿状
vi. 啮合",n:100,3,1,zk gk,1747,1854,tooth
toothache,toothache,'tu:θeik,n. an ache localized in or around a tooth,"n. 牙痛
[医] 牙痛",n:100,0,0,zk gk,21284,24353,toothache
toothbrush,toothbrush,'tu:θbrʌʃ,n. small brush; has long handle; used to clean teeth,n. 牙刷,n:100,1,0,zk gk,15334,13896,toothbrush
toothpaste,toothpaste,'tu:θpeist,n. a dentifrice in the form of a paste,"n. 牙膏
[化] 牙膏",n:100,1,0,zk gk,15700,14165,toothpaste
top,top,tɒp,"n. the upper part of anything
n. the highest or uppermost side of anything
n. the first half of an inning; while the visiting team is at bat
n. the greatest possible intensity","n. 顶部, 顶端, 极点, 上面, 上部, 顶篷, 最高地位, 首位, 陀螺
a. 最高的, 顶上的, 头等的
vt. 盖, 加以顶, 高达, 超越
vi. 结束, 达到顶点, 高出
[计] TOP协议",i:9/j:34/v:9/n:48,5,1,zk gk cet4 cet6 ky ielts,776,678,top
total,total,'tәutl,"v. add up in number or quantity
v. determine the sum of
v. damage beyond the point of repair","a. 全体的, 总的, 全然的
vt. 计算...的总和, 共计为
vi. 合计
n. 总数, 全体, 合计
adv. 统统",j:67/v:8/n:25,5,1,zk gk cet4 cet6 ky ielts,831,1038,total
touch,touch,tʌtʃ,"n. the event of something coming in contact with the body
n. the faculty by which external objects or forces are perceived through contact with the body (especially the hands)
n. a suggestion of some quality
n. a distinguishing style","n. 触觉, 碰, 触, 机灵, 轻触, 格调, 少许, 缺点, 弹力
vt. 接触, 触摸, 触及, 使接触, 达到, 涉及, 影响到, 使轻度受害, 感动
vi. 触摸, 接近, 涉及, 提到",n:31/v:69,4,1,zk gk cet4 cet6 ky toefl,1372,1166,touch
tour,tour,tuә,"n. a journey or route all the way around a particular place or area
v. make a tour of a certain place","n. 旅游, 观光旅行, 任期
vi. 旅行, 周游, 巡回
vt. 周游, 观光, 游历, 使巡回演出",v:11/n:89,4,1,zk gk cet4 cet6 ky ielts,1420,1474,tour
tourist,tourist,'tuәrist,n. someone who travels for pleasure,"n. 观光客, 旅行者
a. 旅游的",n:100,3,1,zk gk ielts,2425,2394,tourist
toward,toward,tә'wɒ:d,"prep. Alt. of Towards
adv. Alt. of Towards
prep. Approaching; coming near.
prep. Readly to do or learn; compliant with duty; not froward;
   apt; docile; tractable; as, a toward youth.
prep. Ready to act; forward; bold; valiant.","prep. 向, 对于, 为了
a. 即将来临的, 进行中的",i:100,0,0,zk gk cet4 ky,4712,384,toward
towel,towel,'tauәl,"n. a rectangular piece of absorbent cloth (or paper) for drying or wiping
v. wipe with a towel","n. 手巾, 毛巾
v. 擦干身子",v:3/n:97,2,1,zk gk cet4 cet6 ky toefl ielts,4814,3682,towel
tower,tower,'tauә,n. a structure taller than its diameter; can stand alone or be attached to a larger building,"n. 塔, 高楼, 堡垒
vi. 高耸, 翱翔",v:8/n:92,3,1,zk gk cet4 cet6 ky toefl ielts,2131,2412,tower
town,town,taun,"n. an urban area with a fixed boundary that is smaller than a city
n. the people living in a municipality smaller than a city
n. United States architect who was noted for his design and construction of truss bridges (1784-1844)","n. 城镇, 市, 镇
[法] 城镇, 城市, 闹市",n:100,5,1,zk gk ielts,433,488,town
toy,toy,tɒi,"n. a nonfunctional replica of something else (frequently used as a modifier)
n. a device regarded as providing amusement
v. manipulate manually or in one's mind or imagination","n. 玩具, 小玩艺儿, 小型的东西, 消遣
a. 供玩耍的, 作为玩具的
vi. 玩弄, 戏弄, 调情",v:4/j:3/n:93,3,1,zk gk cet4 cet6 ky gre,3412,2418,toy
trade,trade,treid,"n. the commercial exchange (buying and selling on domestic or international markets) of goods and services
n. the skilled practice of a practical occupation
n. the business given to a commercial establishment by its customers
v. engage in the trade of","n. 贸易, 商业, 交易, 生意, 职业, 顾客, 信风
vi. 进行交易, 做买卖, 经商, 对换, 购物
vt. 用...进行交换",v:23/n:77,5,1,zk gk cet4 cet6 ky ielts,485,800,trade
traditional,traditional,trә'diʃәnl,"a. consisting of or derived from tradition
s. pertaining to time-honored orthodox doctrines","a. 传统的, 惯例的
[经] 传统的, 惯例的",j:100,4,1,zk gk cet4 cet6 ielts,1006,925,traditional
traffic,traffic,'træfik,"n. the aggregation of things (pedestrians or vehicles) coming and going in a particular locality during a specified period of time
n. buying and selling; especially illicit trade
n. the amount of activity over a communication system during a given period of time
v. deal illegally","n. 交通, 通行, 运输, 交通量, 贸易, 交易, 交往, 通信量
vi. 交易, 做买卖
vt. 用...作交换
[计] 通信量, 传输量",v:4/n:96,3,1,zk gk cet4 cet6 ky toefl ielts,1423,1712,traffic
train,train,trein,"n. public transport provided by a line of railway cars coupled together and drawn by a locomotive
n. a series of consequences wrought by an event
n. piece of cloth forming the long back section of a gown that is drawn along the floor
v. create by training and teaching","n. 火车, 列车, 行列, 长队, 一连串的后果, 顺序
vt. 训练, 教育, 对准
vi. 受训练, 锻炼",n:48/v:52,4,1,zk gk ielts,1186,1516,train
training,training,'treiniŋ,n. activity leading to skilled behavior,"n. 训练, 培养
[医] 训练",n:100,0,1,zk gk cet4 cet6 ky ielts,516,796,training
translate,translate,træns'leit,"v. restate (words) from one language into another language
v. change from one form or medium into another
v. bring to a certain spiritual state
v. change the position of (figures or bodies) in space without rotation","vt. 翻译, 解释, 转化, 转变为, 调动
vi. 翻译, 被译
[计] 转换",v:100,2,1,zk gk cet4 cet6 ky,3281,2729,translate
travel,travel,'trævl,"n. the act of going from one place to another
v. change location; move, travel, or proceed, also metaphorically
v. undertake a journey or trip
v. make a trip for pleasure","n. 旅行, 游历, 行进
vi. 旅行, 行进, 移动, 被传播
vt. 旅行, 通过, 使移动",n:35/v:65,4,1,zk gk ielts,1132,1081,travel
treasure,treasure,'treʒә,"n. accumulated wealth in the form of money or jewels etc.
n. any possession that is highly valued by its owner
n. a collection of precious things","n. 宝物, 财富
vt. 珍爱, 重视, 秘藏",v:13/n:87,2,0,zk gk cet4 cet6 ky toefl,4538,4074,treasure
treatment,treatment,'tri:tmәnt,"n. care provided to improve a situation (especially medical procedures or applications that are intended to relieve illness or injury)
n. the management of someone or something
n. a manner of dealing with something artistically","n. 治疗, 待遇, 处理
[医] 疗法, 治疗; 处理",n:100,4,1,zk gk cet4 cet6 toefl ielts,766,745,treatment
tree,tree,tri:,"n. a tall perennial woody plant having a main trunk and branches forming a distinct elevated crown; includes both gymnosperms and angiosperms
n. a figure that branches from a single root
n. English actor and theatrical producer noted for his lavish productions of Shakespeare (1853-1917)
v. plant with trees","n. 树, 木料, 树状物
vt. 把...赶上树
[计] 树; DOS外部命令:显示指定磁盘驱动器的目录结构",n:100,4,1,zk gk ielts,680,596,tree
trip,trip,trip,"n. a journey for some purpose (usually including the return)
n. a hallucinatory experience induced by drugs
n. an exciting or stimulating experience
n. a light or nimble tread","n. 旅行, 绊倒, 摔倒, 失足, 差错, 旅程
vt. 使跌倒, 使犯错, 使失败
vi. 轻快地走, 绊倒, 失误, 犯错, 结巴, 旅行, 远足",v:10/n:90,4,1,zk gk toefl ielts,1664,962,trip
trouble,trouble,'trʌbl,"n. a source of difficulty
n. an event causing distress or pain
n. an effort that is inconvenient
n. an unwanted pregnancy","n. 烦恼, 麻烦, 困难, 动乱, 故障
vt. 困扰, 麻烦, 使烦恼, 折磨
vi. 烦恼, 费心",v:12/n:88,4,1,zk gk toefl ielts,1005,981,trouble
trousers,trousers,'trauzәz,"n (usually in the plural) a garment extending from the waist to the knee or ankle, covering each leg separately
n a garment (or part of a garment) designed for or relating to trousers","pl. 裤子, 长裤",n:100,2,1,zk gk cet4 cet6 ky ielts,2969,7124,trousers
truck,truck,trʌk,"n. an automotive vehicle suitable for hauling
v. convey (goods etc.) by truck","n. 卡车, 货车, 对...进行交易, 来往, 实物工资, (供应市场的)蔬菜, 废物, 废话
vt. 对...进行交易, 交往, 以卡车运输
vi. 驾驶卡车, 以物易物",v:3/n:97,3,1,zk gk cet4 cet6 ky,3631,1237,truck
true,true,tru:,"n. proper alignment; the property possessed by something that is in correct or proper alignment
v. make level, square, balanced, or concentric
a. consistent with fact or reality; not false
s. accurately placed or thrown","a. 真实的, 正确的, 忠诚的, 可靠的, 纯粹的, 正式的
n. 真实, 准确
adv. 真实地, 准确地",r:1/j:99,4,1,zk gk,547,492,true
trust,trust,trʌst,"n. something (as property) held by one party (the trustee) for the benefit of another (the beneficiary)
n. the trait of believing in the honesty and reliability of others
n. a consortium of independent organizations formed to limit competition by controlling the production and distribution of a product or service
v. have confidence or faith in","n. 信任, 信赖, 相信, 受托, 职责, 信心, 托拉斯
a. 信托的, 托拉斯的
vt. 信赖, 信任, 相信, 盼望, 赊卖给
vi. 相信, 信赖, 依靠
[计] 委托, 信任",n:44/v:56,4,1,zk gk cet4 cet6 ky,1160,1841,trust
truth,truth,tru:θ,"n. a fact that has been verified
n. conformity to reality or actuality
n. a true statement
n. United States abolitionist and feminist who was freed from slavery and became a leading advocate of the abolition of slavery and for the rights of women (1797-1883)","n. 事实, 实情
[法] 真实, 真相, 事实",n:100,4,1,zk gk cet4 cet6 ky toefl,1152,850,truth
try,try,trai,"v. make an effort or attempt
v. give pain or trouble to
v. test the limits of
v. melt (fat or lard) in order to separate out impurities","n. 尝试, 试验, 审理, 审判
vt. 试, 尝试, 试验, 考验, 审问, 提炼
vi. 尝试, 试图",n:2/v:98,5,1,zk gk,159,127,try
Tuesday,tuesday,'tju:zdi,n. the third day of the week; the second working day,n. 星期二,,4,1,zk gk ielts,2348,0,tuesday
turn,turn,tә:n,"n. the act of changing or reversing the direction of the course
n. (game) the activity of doing something in an agreed succession
n. an unforeseen development
n. the act of turning away or in the opposite direction","n. 转弯, 转动, 旋转, 翻转, 一圈, 顺次, 改动, 变化, 性格, 特色, 形状, 转折
vt. 使旋转, 转弯, 转动, 使转向, 驱赶, 阻挡, 兑换, 改写, 使作对, 绕过, 使流通
vi. 转动, 转弯, 转向, 翻转, 回转, 改变, 转身, 变成, 变质, 晕眩, 易脱手",n:13/v:87,5,1,zk gk,183,170,turn
TV,tv,'ti:'vi:,"n broadcasting visual images of stationary or moving objects
n an electronic device that receives television signals and displays them on a screen","电视
[计] 电视, 转移向量",,4,1,zk gk ky ielts,1457,730,tv
twelfth,twelfth,twelfθ,"n. position 12 in a countable series of things
s. coming next after the eleventh and just before the thirteenth in position","num. 第十二, 十二分之一",m:100,4,0,zk gk,6150,12592,twelfth
twelve,twelve,twelv,"n. the cardinal number that is the sum of eleven and one
s. denoting a quantity consisting of 12 items or units","num. 十二, 十二个",m:100,5,0,zk gk,1447,3218,twelve
twentieth,twentieth,'twentiiθ,"n. position 20 in a countable series of things
s. coming next after the nineteenth in position","num. 第二十, 二十分之一",m:100,4,0,zk gk,3802,4889,twentieth
twenty,twenty,'twenti,"n. the cardinal number that is the sum of nineteen and one
s. denoting a quantity consisting of 20 items or units","num. 二十, 二十个",m:100,5,0,zk gk,605,2086,twenty
twice,twice,twais,r. two times,"adv. 两次, 两倍",r:100,5,1,zk gk,1501,1410,twice
two,two,tu:,"n. the cardinal number that is the sum of one and one or a numeral representing this number
s. being one more than one","num. 二, 二个",m:100,5,0,zk gk,60,80,two
ugly,ugly,'ʌgli,a. displeasing to the senses,"a. 丑陋的, 邪恶的, 险恶的, 不祥的
n. 丑陋的人(或物)",j:99/n:1,2,1,zk gk cet4 cet6 ky ielts gre,4485,3262,ugly
umbrella,umbrella,ʌm'brelә,"n. a lightweight handheld collapsible canopy
n. a formation of military planes maintained over ground operations or targets
n. having the function of uniting a group of similar things
s. covering or applying simultaneously to a number of similar items or elements or groups","n. 伞, 雨伞, 保护伞
a. 伞的, 包罗万象的
vt. 用伞遮掩",n:100,2,1,zk gk,5549,5664,umbrella
uncle,uncle,ʌŋkl,"n. the brother of your father or mother; the husband of your aunt
n. a source of help and advice and encouragement","n. 叔父, 伯父, 姨丈",n:100,3,1,zk gk,2301,3345,uncle
under,under,'ʌndә,"s. lower in rank, power, or authority
r. down to defeat, death, or ruin
r. through a range downward
r. into unconsciousness","prep. 在...之下, 低于
a. 下面的, 从属的
adv. 在下面",i:88/r:12,5,1,zk gk,158,225,under
underground,underground,'ʌndәgraund,"n. a secret group organized to overthrow a government or occupation force
r. in or into hiding or secret operation
r. beneath the surface of the earth","n. 地下, 地铁, 地道, 秘密活动
a. 地下的, 秘密的
adv. 在地下, 秘密地",r:33/j:64/n:3,3,1,zk gk toefl ielts,5281,5341,underground
understand,understand,.ʌndә'stænd,"v. know and comprehend the nature or meaning of
v. perceive (an idea or situation) mentally
v. make sense of a language
v. believe to be the case","vt. 理解, 了解, 领会, 听说, 懂
vi. 懂得, 认为",v:100,5,1,zk gk toefl,391,320,understand
unit,unit,'ju:nit,"n. an individual or group or structure or other entity regarded as a structural or functional constituent of a whole
n. an organization regarded as part of a larger social group
n. a single undivided whole
n. a single undivided natural thing occurring in the composition of something else","n. 单位, 分队, 部队, 单元, 部件, 装置
a. 单位的, 单元的
[计] 单元常数; 部件",n:100,4,1,zk gk cet4 cet6 ky,560,966,unit
university,university,.ju:ni'vә:siti,"n. the body of faculty and students at a university
n. establishment where a seat of higher learning is housed, including administrative and living quarters as well as facilities for research and teaching
n. a large and diverse institution of higher learning created to educate for life and for a profession and to grant degrees",n. 大学,n:100,5,1,zk gk cet4 cet6 ky,530,1106,university
unless,unless,.ʌn'les,"conj. Upon any less condition than (the fact or thing stated
   in the sentence or clause which follows); if not; supposing that not;
   if it be not; were it not that; except; as, we shall fail unless we are
   industrious.","conj. 除非
prep. 除...之外",c:100,4,1,zk gk cet4 cet6 ky toefl,901,1332,unless
until,until,әn'til,"prep. To; unto; towards; -- used of material objects.
prep. To; up to; till; before; -- used of time; as, he staid
   until evening; he will not come back until the end of the month.
conj. As far as; to the place or degree that; especially, up to
   the time that; till. See Till, conj.","prep. 直到, 在...以前
conj. 直到...时, 在...以前",i:17/c:83,5,1,zk gk,382,270,until
up,up,ʌp,"v. raise
a. being or moving higher in position or greater in some value; being above a former position or level
s. extending or moving toward a higher place
s. (usually followed by `on' or `for') in readiness","a. 向上的, 起床的, 涨的
adv. 向上, 上涨
prep. 在...上面, 向...的较高处",i:9/r:89/v:1/n:1,2,1,zk gk,52,50,up
upon,upon,ә'pɒn,"prep. On; -- used in all the senses of that word, with which it
   is interchangeable.","prep. 在...之上, 迫近, 紧接着",i:100,4,1,zk gk cet4 cet6 ky,405,693,upon
upstairs,upstairs,'ʌp'stєәz,"n. the part of a building above the ground floor
a. on or of upper floors of a building
r. on a floor above
r. with respect to the mind","a. 楼上的
adv. 在楼上, 向楼上, 处于更高地位
n. 楼层",r:82/n:18,2,1,zk gk cet4 cet6 ky,3067,4381,upstairs
us,us,ʌs,"n North American republic containing 50 states - 48 conterminous states in North America plus Alaska in northwest North America and the Hawaiian Islands in the Pacific Ocean; achieved independence in 1776
n a base containing nitrogen that is found in RNA (but not in DNA) and derived from pyrimidine; pairs with adenine
n a heavy toxic silvery-white radioactive metallic element; occurs in many isotopes; used for nuclear fuels and nuclear weapons
n the 21st letter of the Roman alphabet","pron. 我们
[经] 美国",p:100,5,1,zk,614,113,us
use,use,ju:s,"n. the act of using
n. a particular service
n. (law) the exercise of the legal right to enjoy the benefits of owning property
v. put into service; make work or employ for a particular purpose or for its inherent or natural purpose","n. 使用, 习惯, 使用价值, 用法, 使用权
vt. 使用, 利用, 运用, 耗费
vi. 惯常",n:19/v:81,4,1,zk gk,87,92,use
used,used,'ju:st,a. employed in accomplishing something,"a. 使用过的, 二手的, 习惯的",j:100,1,1,zk cet4 cet6 ky,641,1828,used
useful,useful,'ju:sful,a. being of use or service,"a. 有用的, 有益的
[机] 有用的, 有效的",j:100,4,1,zk gk cet4 cet6 ky ielts,986,2026,useful
usual,usual,'ju:ʒuәl,a. occurring or encountered or experienced or observed frequently or in accordance with regular practice or procedure,"a. 平常的, 通常的",r:24/j:76,4,1,zk gk cet4 cet6 ky ielts,1473,2360,usual
vacation,vacation,vei'keiʃәn,"n. leisure time away from work devoted to rest or pleasure
n. the act of making something legally void
v. spend or take a vacation","n. 假期, 休假
[法] 假期, 停审期, 休庭期",v:6/n:94,2,1,zk gk cet4 cet6 ky toefl ielts,9542,2622,vacation
value,value,'vælju:,"n. a numerical quantity measured or assigned or computed
n. the quality (positive or negative) that renders something desirable or valuable
n. the amount (of money or goods or services) that is considered to be a fair equivalent for something else
n. relative darkness or lightness of a color","n. 价值, 价格, 购买力, 评价, 估价, 计算结果
vt. 评价, 估价, 重视
[计] 计算结果",v:8/n:92,5,1,zk gk cet4 cet6 ky ielts,367,499,value
vcd,vcd,,,[电] 可变电容二极体的简写,,0,0,zk gk,0,0,vcd
vegetable,vegetable,'vedʒәtәbl,"n. edible seeds or roots or stems or leaves or bulbs or tubers or nonsweet fruits of any of numerous herbaceous plant
n. any of various herbaceous plants cultivated for an edible part such as the fruit or the root of the beet or the leaf of spinach or the seeds of bean plants or the flower buds of broccoli or cauliflower","n. 蔬菜, 植物, 无精打采之人
a. 蔬菜的, 植物的",j:1/n:99,3,1,zk gk toefl ielts,2818,1934,vegetable
vehicle,vehicle,'vi:ikl,"n. a conveyance that transports people or objects
n. a medium for the expression or achievement of something
n. any substance that facilitates the use of a drug or pigment or other material that is mixed with it","n. 交通工具, 车辆, 传播媒介
[化] 载体; 运载体; 漆料",n:100,4,1,zk gk cet4 cet6 ky toefl ielts gre,1319,1293,vehicle
very,very,'veri,"s. precisely as stated
r. used as intensifiers; `real' is sometimes used informally for `really'; `rattling' is informal
r. precisely so","a. 真正的, 恰好的, 十足的, 特有的
adv. 非常, 完全",r:92/j:8,5,1,zk gk,80,105,very
victory,victory,'viktәri,n. a successful ending of a struggle or contest,"n. 胜利, 战胜, 克服",n:100,4,1,zk gk cet4 cet6 ky toefl,1514,1463,victory
video,video,'vidiәu,"n. the visible part of a television transmission
n. (computer science) the appearance of text and graphics on a video display","n. 影像, 电视
a. 图像的, 电视的",v:2/n:98,4,1,zk gk cet4 cet6 ky ielts,1271,1109,video
village,village,'vilidʒ,"n. a community of people smaller than a town
n. a settlement smaller than a town","n. 村庄
a. 乡村的, 村庄的",n:100,4,1,zk gk ielts,735,1245,village
violin,violin,.vaiә'lin,n. bowed stringed instrument that is the highest member of the violin family; this instrument has four strings and a hollow body and an unfretted fingerboard and is played with a bow,n. 小提琴,n:100,2,0,zk gk cet4 cet6 ky,7097,6665,violin
visit,visit,'vizit,"n. the act of going to see some person or place or thing for a short time
n. a meeting arranged by the visitor to see someone (such as a doctor or lawyer) for treatment or advice
n. the act of visiting in an official capacity (as for an inspection)
n. the act of going to see some person in a professional capacity","n. 拜访, 访问, 游览, 视察
vt. 拜访, 访问, 参观, 视察, 降临
vi. 访问, 参观, 闲谈",n:37/v:63,5,1,zk gk,867,905,visit
visitor,visitor,'vizitә,n. someone who visits,"n. 参观者, 游客, 访客
[法] 视察人, 检视人, 检查员",n:100,3,1,zk gk cet4 cet6 ky,1354,1698,visitor
voice,voice,vɒis,"n. the distinctive quality or pitch or condition of a person's speech
n. the sound made by the vibration of vocal folds modified by the resonance of the vocal tract
n. a sound suggestive of a vocal utterance
n. a means or agency by which something is expressed or communicated","n. 声音, 嗓音, 嗓子, 愿望, 发言权, 表达, 喉舌, 语态
vt. 表达, 吐露, 调音",v:5/n:95,4,1,zk gk cet4 cet6 ky,487,465,voice
volleyball,volleyball,'vɒlibɒ:l,"n. a game in which two teams hit an inflated ball over a high net using their hands
n. an inflated ball used in playing volleyball",n. 排球,n:100,1,0,zk gk cet4 cet6 ky,24975,7896,volleyball
wait,wait,weit,"n. the act of waiting (remaining inactive in one place while expecting something)
v. stay in one place and anticipate or expect something
v. wait before acting
v. serve as a waiter or waitress in a restaurant","n. 等待, 等候
vt. 等候, 期待, 延缓, 伺候, 推迟
vi. 等, 等候, 耽搁, 伺候用餐
[计] 等待",n:4/v:96,5,1,zk gk,463,400,wait
wake,wake,weik,"n. the wave that spreads behind a boat as it moves forward
n. a vigil held over a corpse the night before burial
v. be awake, be alert, be there
v. make aware of","vt. 叫醒, 激发
vi. 醒来, 醒着, 觉醒, 活跃起来
n. 守侯, 守夜, 尾迹, 痕迹",n:24/v:76,3,1,zk gk,2178,1764,wake
walk,walk,wɒ:k,"n. the act of traveling by foot
n. manner of walking
n. the act of walking somewhere
n. a path set aside for walking","n. 走, 散步, 步行, 行走的路程, 竞走, 散步场所
vi. 走路, 步行, 处世
vt. 走过, 遛, 使走, 护送...走",n:13/v:87,5,1,zk gk,458,358,walk
wall,wall,wɒ:l,"n. an architectural partition with a height and length greater than its thickness; used to divide or enclose an area or to support another structure
n. anything that suggests a wall in structure or function or effect
n. (anatomy) a layer (a lining or membrane) that encloses a structure
n. a difficult or awkward situation","n. 墙, 墙壁, 垣, 内壁, 分界物, 屏障
a. 墙的
vt. 给...建墙, 禁闭, 用墙围住
[计] 背景墙",v:1/n:99,5,1,zk gk ielts,577,571,wall
want,want,wɒnt,"v. have need of
v. hunt or look for; want for a particular reason
v. wish or demand the presence of
v. be without, lack; be deficient in","n. 需要的东西, 缺乏, 贫困, 需要
vt. 要, 希望, 应该, 缺少
vi. 生活困苦, 需要, 缺少",n:1/v:99,5,1,zk gk gre,94,83,want
war,war,wɒ:,"n. the waging of armed conflict against an enemy
n. a legal state created by a declaration of war and ended by official declaration during which the international rules of war apply
n. an active struggle between competing entities
n. a concerted campaign to end something that is injurious","n. 战争, 战争状态, 战术, 军事, 冲突, 斗争, 竞争
vi. 进行战争, 作战, 打仗, 战斗
a. 战争的, 战时用的",v:1/n:99,5,1,zk gk cet4 cet6 ky,304,349,war
warm,warm,wɒ:m,"v. get warm or warmer
v. make warm or warmer
a. having or producing a comfortable and agreeable degree of heat or imparting or maintaining heat
a. psychologically warm; friendly and responsive","a. 暖和的, 暖的, 温暖的, 热烈的, 兴奋的, 激烈的, 多情的, 色情的
vt. 使温暖, 弄热, 使兴奋, 使充满仇恨
vi. 变暖和, 变温暖, 取暖, 激动, 同情, 爱好
n. 暖, 保暖物",j:78/v:22,4,1,zk gk ielts,1353,1356,warm
warn,warn,wɒ:n,"v. notify of danger, potential harm, or risk
v. admonish or counsel in terms of someone's behavior
v. ask to go away
v. notify, usually in advance","vt. 警告, 提醒, 通知
vi. 发出警告",v:100,4,1,zk cet4 cet6 ky toefl,1512,1773,warn
wash,wash,wɒʃ,"n. a thin coat of water-base paint
n. the work of cleansing (usually with soap and water)
n. the dry bed of an intermittent stream (as at the bottom of a canyon)
n. a watercolor made by applying a series of monochrome washes one over the other","n. 洗, 洗涤, 冲洗, 洗的衣服, 冲积物, 洼地
vt. 洗, 洗涤, 洗清, 用水冲洗, 流过, 弄湿, 粉刷, 镀金属薄层于
vi. 洗涤, 洗澡, 被冲蚀, 漂浮",n:19/v:81,3,1,zk gk,1853,2143,wash
waste,waste,weist,"n. any materials unused and rejected as worthless or unwanted
n. useless or profitless activity; using or expending or consuming thoughtlessly or carelessly
n. (law) reduction in the value of an estate caused by act or neglect
v. spend thoughtlessly; throw away","n. 浪费, 废物, 损耗, 消耗, 荒地, 垃圾, 地面风化物
a. 废弃的, 荒芜的, 多余的
vt. 浪费, 消耗, 使荒芜
vi. 浪费, 消耗, 变消瘦",v:33/j:3/n:64,4,1,zk gk cet4 cet6 ky ielts gre,1624,1986,waste
watch,watch,wɒtʃ,"n. a small portable timepiece
n. a period of time (4 or 2 hours) during which some of a ship's crew are on duty
n. a purposeful surveillance to guard or observe
n. the period during which someone (especially a guard) is on duty","n. 观察, 手表, 看守, 守护, 监视, 值班人
vt. 看, 注视, 照顾, 看守, 守护, 监视
vi. 观看, 注视, 守侯",n:11/v:89,3,1,zk gk toefl,490,323,watch
water,water,'wɒ:tә,"n. binary compound that occurs at room temperature as a clear colorless odorless tasteless liquid; freezes into ice below 0 degrees centigrade and boils above 100 degrees centigrade; widely used as a solvent
n. once thought to be one of four elements composing the universe (Empedocles)
n. a liquid necessary for the life of most animals and plants
v. supply with water, as with channels or ditches or streams","n. 水, 雨水, 海水, 水位, 水面, 流水
vt. 给...浇水, 供以水, 注入水, 使湿
vi. 流泪, 流口水, 加水
a. 水的, 水上的, 水生的, 含水的",v:2/n:98,5,1,zk gk ielts,236,226,water
watermelon,watermelon,'wɒtә.melәn,"n. an African melon
n. large oblong or roundish melon with a hard green rind and sweet watery red or occasionally yellowish pulp",n. 西瓜,n:100,0,0,zk gk,36234,10944,watermelon
way,way,wei,"n. the condition of things generally
n. a course of conduct
n. any artifact consisting of a road or path affording passage from one place to another
n. a journey or passage","n. 路, 路线, 路途, 方法, 道路, 情形, 规模, 习惯, 行业, 方面
adv. 远远地, 非常",r:2/n:98,5,1,zk gk toefl,86,84,way
we,we,wi:,"pl.  of I
obj. The plural nominative case of the pronoun of the first
   person; the word with which a person in speaking or writing denotes a
   number or company of which he is one, as the subject of an action
   expressed by a verb.",pron. 我们,p:100,5,1,zk gk,26,24,we
weak,weak,wi:k,"a. wanting in physical strength
s. tending downward in price
s. deficient or lacking in some skill
s. (used of verbs) having standard (or regular) inflection","a. 不牢固的, 弱的, 虚弱的, 软弱的, 无力的, 无权力的, (论据等)不充分的
[经] 疲软的",j:100,4,1,zk gk cet4 cet6 ky,1990,2070,weak
wealth,wealth,welθ,"n. the state of being rich and affluent; having a plentiful supply of material goods and money
n. the quality of profuse abundance
n. an abundance of material possessions and resources
n. property that has economic utility: a monetary value or an exchange value","n. 财富, 资源, 财产, 丰富, 富裕, 大量
[经] 财富",n:100,3,1,zk gk cet4 cet6 ky ielts,2310,2559,wealth
wear,wear,wєә,"n. impairment resulting from long use
n. the act of having on your person as a covering or adornment
v. be dressed in
v. have on one's person","n. 穿着, 戴, 使用, 耗损, 服装, 耐久性
vt. 穿着, 戴, 留(须、发等), 呈现, 磨损, 磨成, 耗损, 使疲乏, 消磨
vi. 磨损, 变旧, 耐久, 渐变, 渐渐消失",n:3/v:97,4,1,zk gk toefl ielts,673,518,wear
weather,weather,'weðә,"n. the atmospheric conditions that comprise the state of the atmosphere in terms of temperature and wind and clouds and precipitation
v. face and withstand with courage
v. cause to slope
v. sail to the windward of","n. 天气, 气象, 处境
a. 迎风的
vt. 使受风吹雨打, 侵蚀, 使风化, 经受住
vi. 风化, 受侵蚀, 经受风雨",v:7/n:93,4,1,zk gk toefl ielts gre,1610,1614,weather
website,website,,n a computer connected to the internet that maintains a series of web pages on the World Wide Web,n. 网站（全球资讯网的主机站）,n:100,0,1,zk gk ielts,0,4950,website
Wednesday,wednesday,'wenzdi,n. the fourth day of the week; the third working day,n. 星期三,,4,1,zk gk ielts,1980,0,wednesday
week,week,wi:k,"n. any period of seven consecutive days
n. a period of seven consecutive days starting on Sunday","n. 星期, 周",n:100,5,1,zk gk,180,188,week
weekday,weekday,'wi:kdei,n. any day except Sunday (and sometimes except Saturday),"n. 周日, 平日
[计] 工作日",n:100,1,0,zk gk cet4 cet6 ky,11361,8312,weekday
weekend,weekend,'wi:kend,"n. a time period usually extending from Friday night through Sunday; more loosely defined as any period of successive days including one and only one Sunday
v. spend the weekend","n. 周末, 周末休假",n:100,4,1,zk gk ielts,1317,1193,weekend
weigh,weigh,wei,"v. have a certain weight
v. determine the weight of
v. to be oppressive or burdensome","vt. 称...重量, 衡量, 把...压弯, 考虑, 权衡, 起锚
vi. 称分量, 有意义, 重压, 起锚
n. 过秤, 称分量",v:100,3,1,zk gk cet4 cet6 ky,3088,2504,weigh
weight,weight,weit,"n. the vertical force exerted by a mass as a result of gravity
n. sports equipment used in calisthenic exercises and weightlifting; it is not attached to anything and is raised and lowered by use of the hands and arms
n. the relative importance granted to something
n. an artifact that is heavy","n. 重, 重量, 体重, 砝码, 重大, 影响, 力量
vt. 加重量于, 压迫, 使加权, 称重量
[计] 粗细",v:3/n:97,4,1,zk gk ielts,1056,954,weight
welcome,welcome,'welkәm,"n. the state of being welcome
n. a greeting or reception
v. accept gladly
v. bid welcome to; greet upon arrival","n. 欢迎, 欢迎词
a. 受欢迎的, 可随意的, 可喜的
vt. 欢迎, 接待
interj. 欢迎",n:9/j:21/v:70,4,1,zk gk,1647,1545,welcome
well,well,wel,"n. a deep hole or shaft dug or drilled to obtain water or oil or gas or brine
n. a cavity or vessel used to contain liquid
n. an abundant source
n. an open shaft through the floors of a building (as for a stairway)","n. 井, 泉水, 源泉, 好
v. 涌出
a. 健康的, 良好的, 适宜的, 恰当的
adv. 很好地, 适当地, 好意地, 很, 完全
interj. 好啦",i:12/r:86/v:2,2,1,zk gk toefl,84,100,well
west,west,west,"n. the countries of (originally) Europe and (now including) North America and South America
n. the cardinal compass point that is a 270 degrees
n. the region of the United States lying to the west of the Mississippi River
n. the direction corresponding to the westward cardinal compass point","n. 西方, 西部
a. 西方的, 向西的
adv. 向西, 自西方, 在西方",n:100,5,1,zk gk ielts,789,665,west
western,western,'westәn,"n. a film about life in the western United States during the period of exploration and development
n. a sandwich made from a western omelet
a. relating to or characteristic of the western parts of the world or the West as opposed to the eastern or oriental parts
a. of or characteristic of regions of the United States west of the Mississippi River","n. 西方人, 西部片, 西部小说
a. 向西方的, 来自西方的, 西方的, 西洋的, 西部的",j:99/n:1,0,1,zk gk ielts,1008,1079,western
wet,wet,wet,"v. cause to become wet
v. make one's bed or clothes wet by urinating
a. covered or soaked with a liquid such as water
a. containing moisture or volatile components","n. 湿气, 潮湿, 水分, 雨天
a. 湿的, 潮的, 搞错的, 下雨的, 反对禁酒的
vi. 变湿
vt. 使...湿",n:1/j:84/v:15,3,1,zk gk,2343,2471,wet
whale,whale,hweil,"n. any of the larger cetacean mammals having a streamlined body and breathing through a blowhole on the head
v. hunt for whales","n. 鲸
vi. 捕鲸
vt. 使惨败, 猛揍",n:100,2,0,zk gk cet4 cet6 ky toefl,4811,4232,whale
what,what,hwɒt,"pron., a., & adv. As an interrogative pronoun, used in asking
   questions regarding either persons or things; as, what is this? what
   did you say? what poem is this? what child is lost?
pron., a., & adv. As an exclamatory word: -- (a) Used absolutely
   or independently; -- often with a question following.
pron., a., & adv. Used adjectively, meaning how remarkable, or
   how great; as, what folly! what eloquence! what courage!
pron., a., & adv. Sometimes prefixed to adjectives in an
   adverbial sense, as nearly equivalent to how; as, what happy boys!
pron., a., & adv. As a relative pronoun
pron., a., & adv. Used substantively with the antecedent
   suppressed, equivalent to that which, or those [persons] who, or those
   [things] which; -- called a compound relative.
pron., a., & adv. Used adjectively, equivalent to the . . .
   which; the sort or kind of . . . which; rarely, the . . . on, or at,
   which.
pron., a., & adv. Used adverbially in a sense corresponding to
   the adjectival use; as, he picked what good fruit he saw.
pron., a., & adv. Whatever; whatsoever; what thing soever; --
   used indefinitely.
pron., a., & adv. Used adverbially, in part; partly; somewhat;
   -- with a following preposition, especially, with, and commonly with
   repetition.
n. Something; thing; stuff.
interrog. adv. Why? For what purpose? On what account?","pron. 什么
interj. 怎么, 多么
a. 什么的
adv. 到什么程度",d:100,5,1,zk gk,38,34,what
whatever,whatever,hwɒt'evә,s one or some or every or all without specification,pron. 无论什么,d:100,4,1,zk gk cet4 cet6 ky ielts,759,776,whatever
wheat,wheat,hwi:t,"n. annual or biennial grass having erect flower spikes and light brown grains
n. grains of common wheat; sometimes cooked whole or cracked as cereal; usually ground into flour",n. 小麦,n:100,2,0,zk gk cet4 cet6 ky toefl,5619,4479,wheat
wheel,wheel,hwi:l,"n. a simple machine consisting of a circular frame with spokes (or a solid disc) that can rotate on a shaft or axle (as in vehicles or other machines)
n. forces that provide energy and direction
n. a circular helm to control the rudder of a vessel
v. change directions as if revolving on a pivot","n. 轮子, 车轮, 轮, 方向盘, 旋转, 机构, 重要人物
vt. 使旋转, 转动, 使转向
vi. 旋转, 转弯, 盘旋",v:16/n:84,3,1,zk gk cet4 cet6 ky ielts,2175,1999,wheel
when,when,hwen,"adv. At what time; -- used interrogatively.
adv. At what time; at, during, or after the time that; at or
   just after, the moment that; -- used relatively.
adv. While; whereas; although; -- used in the manner of a
   conjunction to introduce a dependent adverbial sentence or clause,
   having a causal, conditional, or adversative relation to the principal
   proposition; as, he chose to turn highwayman when he might have
   continued an honest man; he removed the tree when it was the best in
   the grounds.
adv. Which time; then; -- used elliptically as a noun.","conj. 当...的时候
adv. 何时, 什么时候
pron. 什么时侯
n. 时间",c:71/r:29,5,1,zk gk,54,57,when
whenever,whenever,hwen'evә,adv. & conj. At whatever time.,"conj. 每当
adv. 不论何时, 每逢",r:100,3,1,zk gk cet4 cet6 ky,2572,2314,whenever
where,where,hwєә,"pron. & conj. Whether.
adv. At or in what place; hence, in what situation, position,
   or circumstances; -- used interrogatively.
adv. At or in which place; at the place in which; hence, in the
   case or instance in which; -- used relatively.
adv. To what or which place; hence, to what goal, result, or
   issue; whither; -- used interrogatively and relatively; as, where are
   you going?
conj. Whereas.
n. Place; situation.","adv. 在哪里
pron. 哪里
n. 地点",c:52/r:48,5,1,zk gk,131,169,where
whether,whether,'hweðә,"pron. Which (of two); which one (of two); -- used
   interrogatively and relatively.
conj. In case; if; -- used to introduce the first or two or
   more alternative clauses, the other or others being connected by or, or
   by or whether. When the second of two alternatives is the simple
   negative of the first it is sometimes only indicated by the particle
   not or no after the correlative, and sometimes it is omitted entirely
   as being distinctly implied in the whether of the first.","conj. 是否, 不论
pron. 两个中的哪一个",c:100,5,1,zk gk,265,321,whether
which,which,hwitʃ,"a. Of what sort or kind; what; what a; who.
a. A interrogative pronoun, used both substantively and
   adjectively, and in direct and indirect questions, to ask for, or refer
   to, an individual person or thing among several of a class; as, which
   man is it? which woman was it? which is the house? he asked which route
   he should take; which is best, to live or to die? See the Note under
   What, pron., 1.
pron. A relative pronoun, used esp. in referring to an
   antecedent noun or clause, but sometimes with reference to what is
   specified or implied in a sentence, or to a following noun or clause
   (generally involving a reference, however, to something which has
   preceded). It is used in all numbers and genders, and was formerly used
   of persons.
pron. A compound relative or indefinite pronoun, standing for
   any one which, whichever, that which, those which, the . . . which, and
   the like; as, take which you will.","pron. 哪一个, 那一个",d:100,5,1,zk gk,28,58,which
while,while,hwail,n. a period of indeterminate length (usually short) marked by some action or condition,"n. 一会儿, (一段)时间
conj. 当...的时候, 虽然
vt. 消磨",c:88/n:12,4,1,zk gk,173,153,while
white,white,hwait,"n. a member of the Caucasoid race
n. the quality or state of the achromatic color of greatest lightness (bearing the least resemblance to black)
n. United States jurist appointed chief justice of the United States Supreme Court in 1910 by President Taft; noted for his work on antitrust legislation (1845-1921)
n. Australian writer (1912-1990)","n. 白色, 洁白, 眼白, 白种人, 蛋白
a. 白色的, 纯洁的, 白种的, 苍白的, 空白的, 幸运的",j:91/n:9,5,1,zk gk,475,301,white
who,who,hu:,n a United Nations agency to coordinate international health activities and to help governments improve health services,pron. 谁,p:100,5,1,zk gk,45,38,who
whole,whole,hәul,"n. all of something including all its component elements or parts
n. an assemblage of parts that is regarded as a single entity
a. including all components without exception; being one unit or constituting the full amount or extent or duration; complete
a. (of siblings) having the same parents","n. 全部, 全体, 整体, 完全之体系
a. 所有的, 完整的, 完全的, 纯粹的",j:84/n:16,5,1,zk gk cet4 cet6 ky,452,467,whole
whom,whom,hu:m,pron. The objective case of who. See Who.,pron. 谁,p:100,4,1,zk gk,775,1018,whom
whose,whose,hu:z,"pron. The possessive case of who or which. See Who, and Which.",pron. 谁的,d:100,5,1,zk gk,501,527,whose
why,why,hwai,"n. the cause or intention underlying an action or situation, especially in the phrase `the whys and wherefores'","adv. 为什么
n. 原因, 理由",r:99/n:1,5,1,zk gk,169,158,why
wide,wide,waid,"a. having great (or a certain) extent from one side to the other
a. great in degree
s. having ample fabric
s. not on target","a. 宽的, 广阔的, 普遍的, 宽阔的, 广泛的, 一般的
adv. 广阔地, 遍及各处地, 广泛地
n. 大千世界",r:7/j:92/n:1,5,1,zk gk ielts,600,940,wide
wife,wife,waif,n. a married woman; a man's partner in marriage,"n. 妻子, 太太, 夫人
[法] 妻子, 已婚妇女",n:100,5,1,zk gk,531,466,wife
will,will,wil,"n. a fixed and persistent intent or purpose
n. a legal document declaring a person's wishes regarding the disposal of their property when they die
v. decree or ordain
v. determine by choice","n. 意志, 决心, 意愿, 意向, 干劲, 遗嘱
vt. 用意志的力量驱使, 决意, 愿意, 立遗嘱
vi. 下决心, 愿意
aux. 将, 愿意, 必须",n:3/v:97,4,1,zk gk,31,48,will
win,win,win,"n. a victory (as in a race or other competition)
v. be the winner in a contest or competition; be victorious","vt. 赢得, 打胜, 成功
vi. 获胜, 达到, 影响
n. 胜利, 赢, 收益",n:8/v:92,5,1,zk gk cet4 cet6 ky,388,361,win
wind,wind,wind,"n. air moving (sometimes with considerable force) from an area of high pressure to an area of low pressure
n. a tendency or force that influences events
n. breath
n. empty rhetoric or insincere or exaggerated talk","n. 风, 气息, 气味, 呼吸, 风声, 趋势, 空谈, 卷绕, 弯曲
vt. 使通风, 嗅出, 使喘气, 吹号角, 上发条, 缠绕, 包, 绞起, 吊起, 使弯曲, 使迂回
vi. 嗅出猎物, 吹响号角, 卷曲, 蜿蜒, 迂回, 缠绕",v:25/n:75,4,1,zk gk ielts,1179,1092,wind
window,window,'windәu,"n. a framework of wood or metal that contains a glass windowpane and is built into a wall or roof to admit light or air
n. a transparent opening in a vehicle that allow vision out of the sides or back; usually is capable of being opened
n. a transparent panel (as of an envelope) inserted in an otherwise opaque material
n. an opening that resembles a window in appearance or function","n. 窗户, 窗子, 窗口
vt. 给...开窗
[计] 窗口",n:100,4,1,zk gk ielts,517,607,window
windy,windy,'windi,"s. resembling the wind in speed, force, or variability","a. 多风的, 风强的, 腹胀的, 吹牛的",j:100,1,0,zk gk cet6 gre,9747,8867,windy
wine,wine,wain,"n. fermented juice (of grapes especially)
n. a red as dark as red wine
v. drink wine
v. treat to wine","n. 葡萄酒, 果酒, 暗红色
v. (请)喝酒",v:1/n:99,4,1,zk gk cet4 cet6 ky,1304,1449,wine
wing,wing,wiŋ,"n. a movable organ for flying (one of a pair)
n. one of the horizontal airfoils on either side of the fuselage of an airplane
n. a stage area out of sight of the audience
n. a unit of military aircraft","n. 翅膀, 翼, 机翼, 派别
vt. 给...装上翼, 飞过, 使飞, 空运, 增加...速度
vi. 飞行",v:3/n:97,4,1,zk gk cet4 cet6 ky ielts,1755,1889,wing
winner,winner,'winә,"n. the contestant who wins the contest
n. a gambler who wins a bet","n. 胜利者, 优胜者
[法] 取胜者",n:100,4,1,zk gk cet4 cet6,1790,1916,winner
winter,winter,'wintә,"n. the coldest season of the year; in the northern hemisphere it extends from the winter solstice to the vernal equinox
v. spend the winter","n. 冬季, 萧条期, 衰退期
a. 冬天的
vt. 使度过冬天
vi. 过冬",v:2/n:98,3,1,zk gk,1300,1244,winter
wise,wise,waiz,"n. a way of doing or being
n. United States Jewish leader (born in Hungary) (1874-1949)
n. United States religious leader (born in Bohemia) who united reform Jewish organizations in the United States (1819-1900)
a. having or prompted by wisdom or discernment","a. 明智的, 慎虑的, 聪明的, 博学的, 狡猾的, 机灵的
vi. 知道
vt. 教导, 告诉, 劝导
n. 方法, 方式
[计] 教育信息系统",j:100,3,1,zk gk cet4 cet6 ky ielts,3087,3234,wise
wish,wish,wiʃ,"n. a specific feeling of desire
n. an expression of some desire or inclination
n. the particular preference that you have
v. hope for; have a wish","n. 希望, 愿望, 祝愿, 命令, 请求
vt. 愿, 想要, 希望, 祝愿
vi. 希望",n:18/v:82,4,1,zk gk,586,1055,wish
with,with,wið,"n. See Withe.
prep. With denotes or expresses some situation or relation of
   nearness, proximity, association, connection, or the like.
prep. To denote a close or direct relation of opposition or
   hostility; -- equivalent to against.
prep. To denote association in respect of situation or
   environment; hence, among; in the company of.
prep. To denote a connection of friendship, support, alliance,
   assistance, countenance, etc.; hence, on the side of.
prep. To denote the accomplishment of cause, means, instrument,
   etc; -- sometimes equivalent to by.
prep. To denote association in thought, as for comparison or
   contrast.
prep. To denote simultaneous happening, or immediate succession
   or consequence.
prep. To denote having as a possession or an appendage; as, the
   firmament with its stars; a bride with a large fortune.","prep. 和...在一起, 以, 由于",i:100,5,1,zk gk,16,16,with
without,without,wi'ðaut,"prep. On or at the outside of; out of; not within; as,
   without doors.
prep. Out of the limits of; out of reach of; beyond.
prep. Not with; otherwise than with; in absence of,
   separation from, or destitution of; not with use or employment of;
   independently of; exclusively of; with omission; as, without labor;
   without damage.
conj. Unless; except; -- introducing a clause.
adv. On or art the outside; not on the inside; not within;
   outwardly; externally.
adv. Outside of the house; out of doors.","prep. 没有, 不, 在...之外
adv. 在外面, 户外
n. 外面, 外部",i:98/r:2,5,1,zk gk,188,218,without
wolf,wolf,wulf,"n. any of various predatory carnivorous canine mammals of North America and Eurasia that usually hunt in packs
n. Austrian composer (1860-1903)
n. German classical scholar who claimed that the Iliad and Odyssey were composed by several authors (1759-1824)
n. a man who is aggressive in making amorous advances to women","n. 狼, 残忍贪婪之人, 极度穷困
vt. 狼吞虎咽, 大吃",v:5/n:95,1,0,zk gk cet4 cet6 ky,5062,4150,wolf
woman,woman,'wumәn,"n. an adult female person (as opposed to a man)
n. a female person who plays a significant role (wife or mistress or girlfriend) in the life of a particular man","n. 女人, 妇女, 女仆
a. 女用的, 女性的, 妇女的
vt. 贬称...为女人, 使成女人腔",n:100,5,1,zk gk,130,111,woman
wonder,wonder,'wʌndә,"n. the feeling aroused by something strange and surprising
n. something that causes feelings of wonder
v. have a wish or desire to know something
v. place in doubt or express doubtful speculation","n. 奇迹, 惊奇, 惊愕
vt. 惊奇, 想知道
vi. 惊讶, 怀疑",n:19/j:1/v:80,4,1,zk gk cet4 cet6 ky toefl,815,790,wonder
wonderful,wonderful,'wʌndәful,s extraordinarily good or great; used especially as intensifiers,"a. 令人惊奇的, 奇妙的, 极好的",j:100,4,1,zk gk cet4 cet6 ky,1864,1405,wonderful
wood,wood,wud,"n. the hard fibrous lignified substance under the bark of trees
n. United States film actress (1938-1981)
n. English conductor (1869-1944)
n. English writer of novels about murders and thefts and forgeries (1814-1887)","n. 木材, 木制品
vt. 植林于, 给...添加木柴
vi. 收集木材",n:100,4,1,zk gk cet4 cet6 ky ielts,1414,1236,wood
word,word,wә:d,"n. a unit of language that native speakers can identify
n. a brief statement
n. a verbal command for action
n. a word is a string of bits stored in computer memory","n. 话, 消息, 词, 诺言, 命令
vt. 用言辞表达
[计] 字",v:1/n:99,5,1,zk gk,196,244,word
work,work,wә:k,"n. activity directed toward making or doing something
n. a product produced or accomplished through the effort or activity or agency of a person or thing
n. (physics) a manifestation of energy; the transfer of energy from one physical system to another expressed as the product of a force and the distance through which it moves a body in the direction of that force
v. exert oneself by doing mental or physical work for a purpose or out of necessity","n. 工作, 劳动, 职业, 行为, 功, 作品, 成果, 产品, 工程
vi. 工作, 劳动, 做, 运转, 起作用, 被加工
vt. 使工作, 使转动, 开动, 使用, 经营, 使逐渐变得, 造成",n:38/v:62,5,1,zk gk,125,117,work
worker,worker,'wә:kә,"n. a person who works at a specific occupation
n. sterile member of a colony of social insects that forages for food and cares for the larvae","n. 工人, 劳动者
[经] 工人, 劳工, 劳动者",n:100,5,1,zk gk ielts,544,573,worker
world,world,wә:ld,"n. people in general; especially a distinctive group of people with some shared interest
n. all of your experiences that determine how things appear to you
n. a part of the earth that can be considered separately
n. all of the living human inhabitants of the earth","n. 世界, 地球, 宇宙, 万物, 世人, 人间, 领域, 世事, 世故, 社会生活, 大量
[法] 世界, 地球, 世人",n:100,5,1,zk gk ielts,146,123,world
worry,worry,'wʌri,"n. a strong feeling of anxiety
v. be worried, concerned, anxious, troubled, or uneasy
v. be concerned with
v. disturb the peace of mind of; afflict with mental agitation or distress","n. 担心, 烦恼, 忧虑, 苦恼, 撕咬
vt. 使烦恼, 使焦虑, 使苦恼, 困扰, 折磨, 撕咬
vi. 烦恼, 担心, 撕咬",n:15/v:85,4,1,zk gk,1537,970,worry
worth,worth,wә:θ,"n. an indefinite quantity of something having a specified value
n. the quality that renders something desirable or valuable or useful
n. French couturier (born in England) regarded as the founder of Parisian haute couture; noted for introducing the bustle (1825-1895)
s. having a specified value","n. 价值, 财产
a. 值...的, 值得的",i:71/n:29,4,1,zk gk,975,1353,worth
would,would,wud,"imp. of Will
v. t. Commonly used as an auxiliary verb, either in the past
   tense or in the conditional or optative present. See 2d & 3d Will.
n. See 2d Weld.","aux. 将, 愿意",v:100,5,1,zk gk,34,41,would
wound,wound,wu:nd,"n. an injury to living tissue (especially an injury involving a cut or break in the skin)
n. a casualty to military personnel resulting from combat
n. a figurative injury (to your feelings or pride)
n. the act of inflicting a wound","n. 创伤, 伤口, 伤疤, 伤害, 痛苦
vt. 伤害, 损害, 使受伤
vi. 打伤, 伤害
wind的过去式和过去分词",v:38/n:62,4,1,zk gk cet4 cet6 ky,3399,3202,wound
write,write,rait,"v. produce a literary work
v. communicate or express by writing
v. communicate (with) in writing
v. communicate by letter","vt. 书写, 著述, 写, 写满, 写信给
vi. 写, 写字, 写信, 写作, 作曲
[计] 书写器",v:100,5,1,zk gk,211,228,write
wrong,wrong,rɒŋ,"n. that which is contrary to the principles of justice or law
n. any harm or injury resulting from a violation of a legal right
v. treat unjustly; do wrong to
a. contrary to conscience or morality or law","a. 错误的, 不正当的, 失常的
adv. 错误地",r:10/j:86/v:2/n:2,4,1,zk gk,672,655,wrong
yard,yard,jɑ:d,"n. a unit of length equal to 3 feet; defined as 91.44 centimeters; originally taken to be the average length of a stride
n. the enclosed land around a house or other building
n. a tract of land enclosed for particular activities (sometimes paved and usually associated with buildings)
n. a tract of land where logs are accumulated","n. 码, 庭院, 工场
[化] 堆置场",n:100,4,1,zk gk cet4 cet6 ky ielts,1370,1035,yard
year,year,jiә,"n. a period of time containing 365 (or 366) days
n. a period of time occupying a regular part of a calendar year that is used for some particular activity
n. the period of time that it takes for a planet (as, e.g., Earth or Mars) to make a complete revolution around the sun","n. 年, 年度, 年龄
[经] 年度",n:100,5,1,zk gk,56,54,year
yellow,yellow,'jelәu,"n. yellow color or pigment; the chromatic color resembling the hue of sunflowers or ripe lemons
v. turn yellow
s. of the color intermediate between green and orange in the color spectrum; of something resembling the color of an egg yolk
s. changed to a yellowish color by age","n. 黄色
a. 黄色的",j:92/v:1/n:7,3,1,zk gk ielts,2173,1665,yellow
yes,yes,jes,n. an affirmative,"adv. 是
n. 是, 同意
v. 同意",u:100,5,1,zk gk,144,258,yes
yesterday,yesterday,'jestәdi,"n. the day immediately before today
n. the recent past
r. on the day preceding today
r. in the recent past; only a short time ago","n. 昨天
adv. 昨天",r:100,5,1,zk gk,513,1505,yesterday
yet,yet,jet,"r. up to the present time
r. within an indefinite time or at an unspecified future time","adv. 还, 尚, 仍然, 已经, 然而
conj. 然而",r:100,5,1,zk gk,261,275,yet
you,you,ju:,"dat. & obj. The pronoun of the second person, in the nominative,
   dative, and objective case, indicating the person or persons addressed.
   See the Note under Ye.","pron. 你, 你们",p:100,5,1,zk gk,15,14,you
young,young,jʌŋ,"n. any immature animal
n. United States film and television actress (1913-2000)
n. United States civil rights leader (1921-1971)
n. British physicist and Egyptologist; he revived the wave theory of light and proposed a three-component theory of color vision; he also played an important role in deciphering the hieroglyphics on the Rosetta Stone (1773-1829)","a. 年轻的, 无经验的, 朝气蓬勃的
n. 青年们, 幼小动物, 崽",j:100,5,1,zk gk,228,234,young
your,your,juә,"pron. & a. The form of the possessive case of the personal
   pronoun you.","pron. 你的, 你们的",a:99/p:1,5,1,zk gk,66,69,your
yours,yours,juәz,pron. See the Note under Your.,"pron. 你的(东西), 你们的(东西)",p:100,3,1,zk gk,2133,3156,yours
yourself,yourself,juә'self,"pron. An emphasized or reflexive form of the pronoun of the
   second person; -- used as a subject commonly with you; as, you yourself
   shall see it; also, alone in the predicate, either in the nominative or
   objective case; as, you have injured yourself.",pron. 你自己,p:100,4,1,zk gk,932,915,yourself
yourselves,yourselves,"jɔ:'selvz,jjә-,jә-",pl.  of Yourself,pron. 你们自己,,0,0,zk gk,7931,0,yourselves
zebra,zebra,'zi:brә,n. any of several fleet black-and-white striped African equines,n. 斑马,n:100,1,0,zk gk cet4 cet6 ky,15998,13912,zebra
zero,zero,'ziәrәu,"n. a mathematical element that when added to another number yields the same number
n. the point on a scale from which positive or negative numerical quantities can be measured
n. the sight setting that will cause a projectile to hit the center of the target with no wind blowing
v. adjust (an instrument or device) to zero value","n. 零, 零点, 零度, 无, 乌有, 最低点
a. 零的, 没有的
vt. 调零, 对(炮火等)作协调校正
[计] 零",v:18/m:44/n:38,2,1,zk gk ielts,4296,4886,zero
zoo,zoo,zu:,n the facility where wild animals are housed for exhibition,n. 动物园,n:100,2,0,zk gk ielts,6119,6286,zoo
